# Desenio prints, read from desenio.com product pages (beta, link out only): id, artist, page, title, medium, category, image url, offers (JSON)
des-anna-morner-forest-pony	Anna Mörner	https://desenio.com/p/posters-prints/featured-artists/anna-morner/anna-morner-forest-pony-print/	Forest Pony	print	landscape	https://media.desenio.com/site_images/6a2184d466181b0a29495994_1389084423_pre0728_main_image.jpg?auto=compress%2Cformat&fit=max&w=640	[{"vendor":"desenio","url":"https://desenio.com/p/posters-prints/featured-artists/anna-morner/anna-morner-forest-pony-print/","price":70.95,"currency":"USD","framed":false,"w":20,"h":20}]
des-anna-morner-eon	Anna Mörner	https://desenio.com/p/posters-prints/featured-artists/anna-morner/anna-morner-eon-print/	Eon	print	abstract	https://media.desenio.com/site_images/6a2184e2c39dc7f605c9b1f2_623037742_pre0729-8.jpg?auto=compress%2Cformat&fit=max&w=640	[{"vendor":"desenio","url":"https://desenio.com/p/posters-prints/featured-artists/anna-morner/anna-morner-eon-print/","price":39,"currency":"USD","framed":false,"w":8,"h":12},{"vendor":"desenio","url":"https://desenio.com/p/posters-prints/featured-artists/anna-morner/anna-morner-eon-print/","price":55.95,"currency":"USD","framed":false,"w":12,"h":16},{"vendor":"desenio","url":"https://desenio.com/p/posters-prints/featured-artists/anna-morner/anna-morner-eon-print/","price":91.95,"currency":"USD","framed":false,"w":20,"h":28},{"vendor":"desenio","url":"https://desenio.com/p/posters-prints/featured-artists/anna-morner/anna-morner-eon-print/","price":107,"currency":"USD","framed":false,"w":28,"h":39},{"vendor":"desenio","url":"https://desenio.com/p/posters-prints/featured-artists/anna-morner/anna-morner-eon-print/","price":213,"currency":"USD","framed":false,"w":39,"h":59}]
des-tea-rudolf-ace-of-pink	Tea Rudolf	https://desenio.com/p/posters-prints/featured-artists/tea-rudolf/tea-rudolf-ace-of-pink-print/	Ace of Pink	print	abstract	https://media.desenio.com/site_images/6a2184bb3d8748eca5208890_923603818_pre0725-8.jpg?auto=compress%2Cformat&fit=max&w=640	[{"vendor":"desenio","url":"https://desenio.com/p/posters-prints/featured-artists/tea-rudolf/tea-rudolf-ace-of-pink-print/","price":39,"currency":"USD","framed":false,"w":8,"h":12},{"vendor":"desenio","url":"https://desenio.com/p/posters-prints/featured-artists/tea-rudolf/tea-rudolf-ace-of-pink-print/","price":55.95,"currency":"USD","framed":false,"w":12,"h":16},{"vendor":"desenio","url":"https://desenio.com/p/posters-prints/featured-artists/tea-rudolf/tea-rudolf-ace-of-pink-print/","price":70.95,"currency":"USD","framed":false,"w":16,"h":20},{"vendor":"desenio","url":"https://desenio.com/p/posters-prints/featured-artists/tea-rudolf/tea-rudolf-ace-of-pink-print/","price":91.95,"currency":"USD","framed":false,"w":20,"h":28}]
des-tea-rudolf-swans-martini	Tea Rudolf	https://desenio.com/p/posters-prints/featured-artists/tea-rudolf/tea-rudolf-swans-martini-print/	Swans Martini	print	drinks	https://media.desenio.com/site_images/6a2184aec39dc7f605c9b1e7_1469648909_pre0724-8.jpg?auto=compress%2Cformat&fit=max&w=640	[{"vendor":"desenio","url":"https://desenio.com/p/posters-prints/featured-artists/tea-rudolf/tea-rudolf-swans-martini-print/","price":39,"currency":"USD","framed":false,"w":8,"h":12},{"vendor":"desenio","url":"https://desenio.com/p/posters-prints/featured-artists/tea-rudolf/tea-rudolf-swans-martini-print/","price":55.95,"currency":"USD","framed":false,"w":12,"h":16},{"vendor":"desenio","url":"https://desenio.com/p/posters-prints/featured-artists/tea-rudolf/tea-rudolf-swans-martini-print/","price":70.95,"currency":"USD","framed":false,"w":16,"h":20},{"vendor":"desenio","url":"https://desenio.com/p/posters-prints/featured-artists/tea-rudolf/tea-rudolf-swans-martini-print/","price":70.95,"currency":"USD","framed":false,"w":20,"h":20},{"vendor":"desenio","url":"https://desenio.com/p/posters-prints/featured-artists/tea-rudolf/tea-rudolf-swans-martini-print/","price":91.95,"currency":"USD","framed":false,"w":20,"h":28},{"vendor":"desenio","url":"https://desenio.com/p/posters-prints/featured-artists/tea-rudolf/tea-rudolf-swans-martini-print/","price":107,"currency":"USD","framed":false,"w":28,"h":39}]
des-tea-rudolf-olive-singular	Tea Rudolf	https://desenio.com/p/posters-prints/featured-artists/tea-rudolf/tea-rudolf-olive-singular-print/	Olive Singular	print	abstract	https://media.desenio.com/site_images/6a21849d3fccd08c6490062c_1452461356_pre0723-8.jpg?auto=compress%2Cformat&fit=max&w=640	[{"vendor":"desenio","url":"https://desenio.com/p/posters-prints/featured-artists/tea-rudolf/tea-rudolf-olive-singular-print/","price":39,"currency":"USD","framed":false,"w":8,"h":12},{"vendor":"desenio","url":"https://desenio.com/p/posters-prints/featured-artists/tea-rudolf/tea-rudolf-olive-singular-print/","price":55.95,"currency":"USD","framed":false,"w":12,"h":16},{"vendor":"desenio","url":"https://desenio.com/p/posters-prints/featured-artists/tea-rudolf/tea-rudolf-olive-singular-print/","price":70.95,"currency":"USD","framed":false,"w":16,"h":20},{"vendor":"desenio","url":"https://desenio.com/p/posters-prints/featured-artists/tea-rudolf/tea-rudolf-olive-singular-print/","price":91.95,"currency":"USD","framed":false,"w":20,"h":28}]
des-anna-morner-chess	Anna Mörner	https://desenio.com/p/posters-prints/featured-artists/anna-morner/anna-morner-chess-print/	Chess	print	abstract	https://media.desenio.com/site_images/6a2184f2318e9b4d8e5073c4_1861638622_pre0730-8.jpg?auto=compress%2Cformat&fit=max&w=640	[{"vendor":"desenio","url":"https://desenio.com/p/posters-prints/featured-artists/anna-morner/anna-morner-chess-print/","price":39,"currency":"USD","framed":false,"w":8,"h":12},{"vendor":"desenio","url":"https://desenio.com/p/posters-prints/featured-artists/anna-morner/anna-morner-chess-print/","price":55.95,"currency":"USD","framed":false,"w":12,"h":16},{"vendor":"desenio","url":"https://desenio.com/p/posters-prints/featured-artists/anna-morner/anna-morner-chess-print/","price":91.95,"currency":"USD","framed":false,"w":20,"h":28},{"vendor":"desenio","url":"https://desenio.com/p/posters-prints/featured-artists/anna-morner/anna-morner-chess-print/","price":107,"currency":"USD","framed":false,"w":28,"h":39},{"vendor":"desenio","url":"https://desenio.com/p/posters-prints/featured-artists/anna-morner/anna-morner-chess-print/","price":213,"currency":"USD","framed":false,"w":39,"h":59}]
des-cleo-petra-hecate	Cleo Pètra	https://desenio.com/p/posters-prints/featured-artists/cleo-petra/cleo-petra-hecate-print/	Hecate	print	abstract	https://media.desenio.com/site_images/69a9a23ce603b0b6b8641940_1354331834_pre0693-8.jpg?auto=compress%2Cformat&fit=max&w=640	[{"vendor":"desenio","url":"https://desenio.com/p/posters-prints/featured-artists/cleo-petra/cleo-petra-hecate-print/","price":55.95,"currency":"USD","framed":false,"w":12,"h":16},{"vendor":"desenio","url":"https://desenio.com/p/posters-prints/featured-artists/cleo-petra/cleo-petra-hecate-print/","price":91.95,"currency":"USD","framed":false,"w":20,"h":28},{"vendor":"desenio","url":"https://desenio.com/p/posters-prints/featured-artists/cleo-petra/cleo-petra-hecate-print/","price":107,"currency":"USD","framed":false,"w":28,"h":39},{"vendor":"desenio","url":"https://desenio.com/p/posters-prints/featured-artists/cleo-petra/cleo-petra-hecate-print/","price":213,"currency":"USD","framed":false,"w":39,"h":59}]
des-kate-pottage-dancing-daisies	Kate Pottage	https://desenio.com/p/posters-prints/featured-artists/kate-pottage/kate-pottage-dancing-daisies-print/	Dancing Daisies	print	abstract	https://media.desenio.com/site_images/69cd10bc52531581fd0450d0_1393098770_pre0707-8.jpg?auto=compress%2Cformat&fit=max&w=640	[{"vendor":"desenio","url":"https://desenio.com/p/posters-prints/featured-artists/kate-pottage/kate-pottage-dancing-daisies-print/","price":55.95,"currency":"USD","framed":false,"w":12,"h":16},{"vendor":"desenio","url":"https://desenio.com/p/posters-prints/featured-artists/kate-pottage/kate-pottage-dancing-daisies-print/","price":91.95,"currency":"USD","framed":false,"w":20,"h":28},{"vendor":"desenio","url":"https://desenio.com/p/posters-prints/featured-artists/kate-pottage/kate-pottage-dancing-daisies-print/","price":107,"currency":"USD","framed":false,"w":28,"h":39}]
des-cleo-petra-gaia	Cleo Pètra	https://desenio.com/p/posters-prints/featured-artists/cleo-petra/cleo-petra-gaia-print/	Gaia	print	abstract	https://media.desenio.com/site_images/69a9a206a34cfca06c57c9af_1648400087_pre0690-8.jpg?auto=compress%2Cformat&fit=max&w=640	[{"vendor":"desenio","url":"https://desenio.com/p/posters-prints/featured-artists/cleo-petra/cleo-petra-gaia-print/","price":55.95,"currency":"USD","framed":false,"w":12,"h":16},{"vendor":"desenio","url":"https://desenio.com/p/posters-prints/featured-artists/cleo-petra/cleo-petra-gaia-print/","price":91.95,"currency":"USD","framed":false,"w":20,"h":28},{"vendor":"desenio","url":"https://desenio.com/p/posters-prints/featured-artists/cleo-petra/cleo-petra-gaia-print/","price":107,"currency":"USD","framed":false,"w":28,"h":39},{"vendor":"desenio","url":"https://desenio.com/p/posters-prints/featured-artists/cleo-petra/cleo-petra-gaia-print/","price":213,"currency":"USD","framed":false,"w":39,"h":59}]
des-cleo-petra-aion	Cleo Pètra	https://desenio.com/p/posters-prints/featured-artists/cleo-petra/cleo-petra-aion-print/	Aion	print	abstract	https://media.desenio.com/site_images/69a9a25b980cd941af6f5586_1824864950_pre0695-8.jpg?auto=compress%2Cformat&fit=max&w=640	[{"vendor":"desenio","url":"https://desenio.com/p/posters-prints/featured-artists/cleo-petra/cleo-petra-aion-print/","price":55.95,"currency":"USD","framed":false,"w":12,"h":16},{"vendor":"desenio","url":"https://desenio.com/p/posters-prints/featured-artists/cleo-petra/cleo-petra-aion-print/","price":91.95,"currency":"USD","framed":false,"w":20,"h":28},{"vendor":"desenio","url":"https://desenio.com/p/posters-prints/featured-artists/cleo-petra/cleo-petra-aion-print/","price":107,"currency":"USD","framed":false,"w":28,"h":39},{"vendor":"desenio","url":"https://desenio.com/p/posters-prints/featured-artists/cleo-petra/cleo-petra-aion-print/","price":213,"currency":"USD","framed":false,"w":39,"h":59}]
des-britney-turner-san-gimignano	Britney Turner	https://desenio.com/p/posters-prints/featured-artists/britney-turner/britney-turner-san-gimignano-print/	San Gimignano	print	abstract	https://media.desenio.com/site_images/69cd1103cdeb35ee0f1aaf48_447696035_pre0712-8.jpg?auto=compress%2Cformat&fit=max&w=640	[{"vendor":"desenio","url":"https://desenio.com/p/posters-prints/featured-artists/britney-turner/britney-turner-san-gimignano-print/","price":55.95,"currency":"USD","framed":false,"w":12,"h":16},{"vendor":"desenio","url":"https://desenio.com/p/posters-prints/featured-artists/britney-turner/britney-turner-san-gimignano-print/","price":91.95,"currency":"USD","framed":false,"w":20,"h":28},{"vendor":"desenio","url":"https://desenio.com/p/posters-prints/featured-artists/britney-turner/britney-turner-san-gimignano-print/","price":107,"currency":"USD","framed":false,"w":28,"h":39}]
des-britney-turner-golden-harvest	Britney Turner	https://desenio.com/p/posters-prints/featured-artists/britney-turner/britney-turner-golden-harvest-print/	Golden Harvest	print	abstract	https://media.desenio.com/site_images/69cd107213c926a725dae303_922942486_pre0701-8.jpg?auto=compress%2Cformat&fit=max&w=640	[{"vendor":"desenio","url":"https://desenio.com/p/posters-prints/featured-artists/britney-turner/britney-turner-golden-harvest-print/","price":55.95,"currency":"USD","framed":false,"w":12,"h":16},{"vendor":"desenio","url":"https://desenio.com/p/posters-prints/featured-artists/britney-turner/britney-turner-golden-harvest-print/","price":91.95,"currency":"USD","framed":false,"w":20,"h":28},{"vendor":"desenio","url":"https://desenio.com/p/posters-prints/featured-artists/britney-turner/britney-turner-golden-harvest-print/","price":213,"currency":"USD","framed":false,"w":39,"h":59}]
des-britney-turner-le-club-soleil	Britney Turner	https://desenio.com/p/posters-prints/featured-artists/britney-turner/britney-turner-le-club-soleil-print/	Le Club Soleil	print	abstract	https://media.desenio.com/site_images/69cd1080878a8520780cbef6_1804504286_pre0702-8.jpg?auto=compress%2Cformat&fit=max&w=640	[{"vendor":"desenio","url":"https://desenio.com/p/posters-prints/featured-artists/britney-turner/britney-turner-le-club-soleil-print/","price":55.95,"currency":"USD","framed":false,"w":12,"h":16},{"vendor":"desenio","url":"https://desenio.com/p/posters-prints/featured-artists/britney-turner/britney-turner-le-club-soleil-print/","price":91.95,"currency":"USD","framed":false,"w":20,"h":28},{"vendor":"desenio","url":"https://desenio.com/p/posters-prints/featured-artists/britney-turner/britney-turner-le-club-soleil-print/","price":213,"currency":"USD","framed":false,"w":39,"h":59}]
des-kate-pottage-warm-shadows	Kate Pottage	https://desenio.com/p/posters-prints/featured-artists/kate-pottage/kate-pottage-warm-shadows-print/	Warm Shadows	print	shadows	https://media.desenio.com/site_images/69cd10fb6856ff07c9ea6912_474121167_pre0711-8.jpg?auto=compress%2Cformat&fit=max&w=640	[{"vendor":"desenio","url":"https://desenio.com/p/posters-prints/featured-artists/kate-pottage/kate-pottage-warm-shadows-print/","price":55.95,"currency":"USD","framed":false,"w":12,"h":16},{"vendor":"desenio","url":"https://desenio.com/p/posters-prints/featured-artists/kate-pottage/kate-pottage-warm-shadows-print/","price":91.95,"currency":"USD","framed":false,"w":20,"h":28}]
des-kit-agar-cherries	Kit Agar	https://desenio.com/p/posters-prints/featured-artists/kit-agar/kit-agar-cherries-print/	Cherries	print	food	https://media.desenio.com/site_images/699c65ad3774fc761496c787_747836793_pre0682-8.jpg?auto=compress%2Cformat&fit=max&w=640	[{"vendor":"desenio","url":"https://desenio.com/p/posters-prints/featured-artists/kit-agar/kit-agar-cherries-print/","price":55.95,"currency":"USD","framed":false,"w":12,"h":16},{"vendor":"desenio","url":"https://desenio.com/p/posters-prints/featured-artists/kit-agar/kit-agar-cherries-print/","price":91.95,"currency":"USD","framed":false,"w":20,"h":28},{"vendor":"desenio","url":"https://desenio.com/p/posters-prints/featured-artists/kit-agar/kit-agar-cherries-print/","price":213,"currency":"USD","framed":false,"w":39,"h":59}]
des-kate-pottage-dancing-blooms	Kate Pottage	https://desenio.com/p/posters-prints/featured-artists/kate-pottage/kate-pottage-dancing-blooms-print/	Dancing Blooms	print	flowers	https://media.desenio.com/site_images/69cd10ac13c926a725dae307_753161666_pre0706-8.jpg?auto=compress%2Cformat&fit=max&w=640	[{"vendor":"desenio","url":"https://desenio.com/p/posters-prints/featured-artists/kate-pottage/kate-pottage-dancing-blooms-print/","price":55.95,"currency":"USD","framed":false,"w":12,"h":16},{"vendor":"desenio","url":"https://desenio.com/p/posters-prints/featured-artists/kate-pottage/kate-pottage-dancing-blooms-print/","price":91.95,"currency":"USD","framed":false,"w":20,"h":28}]
des-kit-agar-red-stockings	Kit Agar	https://desenio.com/p/posters-prints/featured-artists/kit-agar/kit-agar-red-stockings-print/	Red Stockings	print	abstract	https://media.desenio.com/site_images/699c65c0f0bed22d4ec1714f_1817254860_pre0683-8.jpg?auto=compress%2Cformat&fit=max&w=640	[{"vendor":"desenio","url":"https://desenio.com/p/posters-prints/featured-artists/kit-agar/kit-agar-red-stockings-print/","price":55.95,"currency":"USD","framed":false,"w":12,"h":16},{"vendor":"desenio","url":"https://desenio.com/p/posters-prints/featured-artists/kit-agar/kit-agar-red-stockings-print/","price":91.95,"currency":"USD","framed":false,"w":20,"h":28},{"vendor":"desenio","url":"https://desenio.com/p/posters-prints/featured-artists/kit-agar/kit-agar-red-stockings-print/","price":213,"currency":"USD","framed":false,"w":39,"h":59}]
des-agathe-marty-room-service	Agathe Marty	https://desenio.com/p/posters-prints/featured-artists/agathe-marty/agathe-marty-room-service-print/	Room Service	print	abstract	https://media.desenio.com/site_images/697b427f9053bb7fff5e8b0e_225231705_pre0677-8.jpg?auto=compress%2Cformat&fit=max&w=640	[{"vendor":"desenio","url":"https://desenio.com/p/posters-prints/featured-artists/agathe-marty/agathe-marty-room-service-print/","price":55.95,"currency":"USD","framed":false,"w":12,"h":16},{"vendor":"desenio","url":"https://desenio.com/p/posters-prints/featured-artists/agathe-marty/agathe-marty-room-service-print/","price":91.95,"currency":"USD","framed":false,"w":20,"h":28}]
des-agathe-marty-pool-party	Agathe Marty	https://desenio.com/p/posters-prints/featured-artists/agathe-marty/agathe-marty-pool-party-print/	Pool Party	print	pool	https://media.desenio.com/site_images/697b426a01e66e7f45f874ce_1321449893_pre0674-8.jpg?auto=compress%2Cformat&fit=max&w=640	[{"vendor":"desenio","url":"https://desenio.com/p/posters-prints/featured-artists/agathe-marty/agathe-marty-pool-party-print/","price":55.95,"currency":"USD","framed":false,"w":12,"h":16},{"vendor":"desenio","url":"https://desenio.com/p/posters-prints/featured-artists/agathe-marty/agathe-marty-pool-party-print/","price":91.95,"currency":"USD","framed":false,"w":20,"h":28}]
des-agathe-marty-bonjour-la-mer	Agathe Marty	https://desenio.com/p/posters-prints/featured-artists/agathe-marty/agathe-marty-bonjour-la-mer-print/	Bonjour la Mer	print	abstract	https://media.desenio.com/site_images/697b4f4f54e42aac5e2cb141_744451213_pre0672_main_image.jpg?auto=compress%2Cformat&fit=max&w=640	[{"vendor":"desenio","url":"https://desenio.com/p/posters-prints/featured-artists/agathe-marty/agathe-marty-bonjour-la-mer-print/","price":70.95,"currency":"USD","framed":false,"w":20,"h":20}]
des-studio-vreeken-aperol-pizza-party	Studio Vreeken	https://desenio.com/p/posters-prints/featured-artists/studio-vreeken/studio-vreeken-aperol-pizza-party-print/	Aperol Pizza Party	print	abstract	https://media.desenio.com/site_images/6938165ce90775ad993cf7bb_380262834_pre0657-8.jpg?auto=compress%2Cformat&fit=max&w=640	[{"vendor":"desenio","url":"https://desenio.com/p/posters-prints/featured-artists/studio-vreeken/studio-vreeken-aperol-pizza-party-print/","price":39,"currency":"USD","framed":false,"w":8,"h":12},{"vendor":"desenio","url":"https://desenio.com/p/posters-prints/featured-artists/studio-vreeken/studio-vreeken-aperol-pizza-party-print/","price":55.95,"currency":"USD","framed":false,"w":12,"h":16},{"vendor":"desenio","url":"https://desenio.com/p/posters-prints/featured-artists/studio-vreeken/studio-vreeken-aperol-pizza-party-print/","price":91.95,"currency":"USD","framed":false,"w":20,"h":28},{"vendor":"desenio","url":"https://desenio.com/p/posters-prints/featured-artists/studio-vreeken/studio-vreeken-aperol-pizza-party-print/","price":107,"currency":"USD","framed":false,"w":28,"h":39},{"vendor":"desenio","url":"https://desenio.com/p/posters-prints/featured-artists/studio-vreeken/studio-vreeken-aperol-pizza-party-print/","price":213,"currency":"USD","framed":false,"w":39,"h":59}]
des-studio-vreeken-banana-girl	Studio Vreeken	https://desenio.com/p/posters-prints/featured-artists/studio-vreeken/studio-vreeken-banana-girl-print/	Banana Girl	print	abstract	https://media.desenio.com/site_images/69381632e90775ad993cf6dc_130142591_pre0655-8.jpg?auto=compress%2Cformat&fit=max&w=640	[{"vendor":"desenio","url":"https://desenio.com/p/posters-prints/featured-artists/studio-vreeken/studio-vreeken-banana-girl-print/","price":55.95,"currency":"USD","framed":false,"w":12,"h":16},{"vendor":"desenio","url":"https://desenio.com/p/posters-prints/featured-artists/studio-vreeken/studio-vreeken-banana-girl-print/","price":91.95,"currency":"USD","framed":false,"w":20,"h":28},{"vendor":"desenio","url":"https://desenio.com/p/posters-prints/featured-artists/studio-vreeken/studio-vreeken-banana-girl-print/","price":213,"currency":"USD","framed":false,"w":39,"h":59}]
des-larsen-mcdowell-art-matchbook-collec	Larsen McDowell Art	https://desenio.com/p/posters-prints/featured-artists/larsen-mcdowell-art/larsen-mcdowell-art-matchbook-collection-no2-print/	Matchbook Collection No2	print	abstract	https://media.desenio.com/site_images/6938169dfa73f52799e1184a_1439656678_pre0662-8.jpg?auto=compress%2Cformat&fit=max&w=640	[{"vendor":"desenio","url":"https://desenio.com/p/posters-prints/featured-artists/larsen-mcdowell-art/larsen-mcdowell-art-matchbook-collection-no2-print/","price":39,"currency":"USD","framed":false,"w":8,"h":12},{"vendor":"desenio","url":"https://desenio.com/p/posters-prints/featured-artists/larsen-mcdowell-art/larsen-mcdowell-art-matchbook-collection-no2-print/","price":91.95,"currency":"USD","framed":false,"w":20,"h":28}]
des-larsen-mcdowell-art-la-fontaine-de-m	Larsen McDowell Art	https://desenio.com/p/posters-prints/featured-artists/larsen-mcdowell-art/larsen-mcdowell-art-la-fontaine-de-mars-print/	La Fontaine de Mars	print	abstract	https://media.desenio.com/site_images/693816a9f269a68f0aa8a3ea_772804218_pre0663-8.jpg?auto=compress%2Cformat&fit=max&w=640	[{"vendor":"desenio","url":"https://desenio.com/p/posters-prints/featured-artists/larsen-mcdowell-art/larsen-mcdowell-art-la-fontaine-de-mars-print/","price":39,"currency":"USD","framed":false,"w":8,"h":12},{"vendor":"desenio","url":"https://desenio.com/p/posters-prints/featured-artists/larsen-mcdowell-art/larsen-mcdowell-art-la-fontaine-de-mars-print/","price":91.95,"currency":"USD","framed":false,"w":20,"h":28}]
des-larsen-mcdowell-art-matchbook-collec-2	Larsen McDowell Art	https://desenio.com/p/posters-prints/featured-artists/larsen-mcdowell-art/larsen-mcdowell-art-matchbook-collection-no1-print/	Matchbook Collection No1	print	abstract	https://media.desenio.com/site_images/6938168e37a6eb87c1ef47e5_175170232_pre0660-8.jpg?auto=compress%2Cformat&fit=max&w=640	[{"vendor":"desenio","url":"https://desenio.com/p/posters-prints/featured-artists/larsen-mcdowell-art/larsen-mcdowell-art-matchbook-collection-no1-print/","price":39,"currency":"USD","framed":false,"w":8,"h":12},{"vendor":"desenio","url":"https://desenio.com/p/posters-prints/featured-artists/larsen-mcdowell-art/larsen-mcdowell-art-matchbook-collection-no1-print/","price":91.95,"currency":"USD","framed":false,"w":20,"h":28}]
des-studio-vreeken-cheers	Studio Vreeken	https://desenio.com/p/posters-prints/featured-artists/studio-vreeken/studio-vreeken-cheers-print/	Cheers	print	abstract	https://media.desenio.com/site_images/6938164325bfe567012b53e0_1630532544_pre0656-8.jpg?auto=compress%2Cformat&fit=max&w=640	[{"vendor":"desenio","url":"https://desenio.com/p/posters-prints/featured-artists/studio-vreeken/studio-vreeken-cheers-print/","price":55.95,"currency":"USD","framed":false,"w":12,"h":16},{"vendor":"desenio","url":"https://desenio.com/p/posters-prints/featured-artists/studio-vreeken/studio-vreeken-cheers-print/","price":70.95,"currency":"USD","framed":false,"w":16,"h":20},{"vendor":"desenio","url":"https://desenio.com/p/posters-prints/featured-artists/studio-vreeken/studio-vreeken-cheers-print/","price":91.95,"currency":"USD","framed":false,"w":20,"h":28},{"vendor":"desenio","url":"https://desenio.com/p/posters-prints/featured-artists/studio-vreeken/studio-vreeken-cheers-print/","price":107,"currency":"USD","framed":false,"w":28,"h":39},{"vendor":"desenio","url":"https://desenio.com/p/posters-prints/featured-artists/studio-vreeken/studio-vreeken-cheers-print/","price":213,"currency":"USD","framed":false,"w":39,"h":59}]
des-eden-kalif-dance-me-to-the-end-of-lo	Eden Kalif	https://desenio.com/p/posters-prints/featured-artists/eden-kalif/eden-kalif-dance-me-to-the-end-of-love-print/	Dance Me	print	abstract	https://media.desenio.com/site_images/68e3c560f67f06eb4dafcf4c_895316278_pre0635-8.jpg?auto=compress%2Cformat&fit=max&w=640	[{"vendor":"desenio","url":"https://desenio.com/p/posters-prints/featured-artists/eden-kalif/eden-kalif-dance-me-to-the-end-of-love-print/","price":55.95,"currency":"USD","framed":false,"w":12,"h":16},{"vendor":"desenio","url":"https://desenio.com/p/posters-prints/featured-artists/eden-kalif/eden-kalif-dance-me-to-the-end-of-love-print/","price":91.95,"currency":"USD","framed":false,"w":20,"h":28}]
des-eden-kalif-learn-to-fly	Eden Kalif	https://desenio.com/p/posters-prints/featured-artists/eden-kalif/eden-kalif-learn-to-fly-print/	Learn to Fly	print	abstract	https://media.desenio.com/site_images/68e3c57f112cc54e46511cef_1051651946_pre0637-8.jpg?auto=compress%2Cformat&fit=max&w=640	[{"vendor":"desenio","url":"https://desenio.com/p/posters-prints/featured-artists/eden-kalif/eden-kalif-learn-to-fly-print/","price":55.95,"currency":"USD","framed":false,"w":12,"h":16},{"vendor":"desenio","url":"https://desenio.com/p/posters-prints/featured-artists/eden-kalif/eden-kalif-learn-to-fly-print/","price":91.95,"currency":"USD","framed":false,"w":20,"h":28}]
des-eden-kalif-two-dancers	Eden Kalif	https://desenio.com/p/posters-prints/featured-artists/eden-kalif/eden-kalif-two-dancers-print/	Two Dancers	print	figure	https://media.desenio.com/site_images/68e3c570d584c14f1fbc3c30_926575187_pre0636-8.jpg?auto=compress%2Cformat&fit=max&w=640	[{"vendor":"desenio","url":"https://desenio.com/p/posters-prints/featured-artists/eden-kalif/eden-kalif-two-dancers-print/","price":55.95,"currency":"USD","framed":false,"w":12,"h":16},{"vendor":"desenio","url":"https://desenio.com/p/posters-prints/featured-artists/eden-kalif/eden-kalif-two-dancers-print/","price":91.95,"currency":"USD","framed":false,"w":20,"h":28}]
des-kh-studio-lucy-ii	KH Studio	https://desenio.com/p/posters-prints/featured-artists/kh-studio/kh-studio-lucy-ii-print/	Lucy II	print	abstract	https://media.desenio.com/site_images/685df25b8b7ca77dcb8afb27_1456712860_pre0608-8.jpg?auto=compress%2Cformat&fit=max&w=640	[{"vendor":"desenio","url":"https://desenio.com/p/posters-prints/featured-artists/kh-studio/kh-studio-lucy-ii-print/","price":55.95,"currency":"USD","framed":false,"w":12,"h":16},{"vendor":"desenio","url":"https://desenio.com/p/posters-prints/featured-artists/kh-studio/kh-studio-lucy-ii-print/","price":91.95,"currency":"USD","framed":false,"w":20,"h":28}]
des-kh-studio-its-chemical	KH Studio	https://desenio.com/p/posters-prints/featured-artists/kh-studio/kh-studio-its-chemical-print/	It's Chemical	print	abstract	https://media.desenio.com/site_images/685df256c19ab706442a2df2_2122385258_pre0607-8.jpg?auto=compress%2Cformat&fit=max&w=640	[{"vendor":"desenio","url":"https://desenio.com/p/posters-prints/featured-artists/kh-studio/kh-studio-its-chemical-print/","price":55.95,"currency":"USD","framed":false,"w":12,"h":16},{"vendor":"desenio","url":"https://desenio.com/p/posters-prints/featured-artists/kh-studio/kh-studio-its-chemical-print/","price":91.95,"currency":"USD","framed":false,"w":20,"h":28}]
des-kh-studio-take-my-love-take-it-down	KH Studio	https://desenio.com/p/posters-prints/art-prints/illustration-art/kh-studio-take-my-love-take-it-down-print/	Take My Love	print	abstract	https://media.desenio.com/site_images/685df298c19ab706442a2df8_261714700_pre0623-8.jpg?auto=compress%2Cformat&fit=max&w=640	[{"vendor":"desenio","url":"https://desenio.com/p/posters-prints/art-prints/illustration-art/kh-studio-take-my-love-take-it-down-print/","price":55.95,"currency":"USD","framed":false,"w":12,"h":16},{"vendor":"desenio","url":"https://desenio.com/p/posters-prints/art-prints/illustration-art/kh-studio-take-my-love-take-it-down-print/","price":91.95,"currency":"USD","framed":false,"w":20,"h":28}]
des-hannah-durham-peaches-and-cream	Hannah Durham	https://desenio.com/p/posters-prints/featured-artists/hannah-durham/hannah-durham-peaches-and-cream-print/	Peaches and Cream	print	abstract	https://media.desenio.com/site_images/685df2748fdef2fa155e1cc4_1487415683_pre0617-8.jpg?auto=compress%2Cformat&fit=max&w=640	[{"vendor":"desenio","url":"https://desenio.com/p/posters-prints/featured-artists/hannah-durham/hannah-durham-peaches-and-cream-print/","price":55.95,"currency":"USD","framed":false,"w":12,"h":16},{"vendor":"desenio","url":"https://desenio.com/p/posters-prints/featured-artists/hannah-durham/hannah-durham-peaches-and-cream-print/","price":91.95,"currency":"USD","framed":false,"w":20,"h":28}]
des-lauren-bencivengo-banana	Lauren Bencivengo	https://desenio.com/p/posters-prints/featured-artists/lauren-bencivengo/lauren-bencivengo-banana-print/	Banana	print	abstract	https://media.desenio.com/site_images/6814820a2bc0749f7e945e48_1362085426_pre0550_1.jpg?auto=compress%2Cformat&fit=max&w=640	[{"vendor":"desenio","url":"https://desenio.com/p/posters-prints/featured-artists/lauren-bencivengo/lauren-bencivengo-banana-print/","price":70.95,"currency":"USD","framed":false,"w":20,"h":20}]
des-hannah-durham-ceramic-mug-collector	Hannah Durham	https://desenio.com/p/posters-prints/featured-artists/hannah-durham/hannah-durham-ceramic-mug-collector-print/	Ceramic Mug Collector	print	objects	https://media.desenio.com/site_images/6846ec3eaba0672684ac4259_2122358485_pre0619-5.jpg?auto=compress%2Cformat&fit=max&w=640	[{"vendor":"desenio","url":"https://desenio.com/p/posters-prints/featured-artists/hannah-durham/hannah-durham-ceramic-mug-collector-print/","price":39,"currency":"USD","framed":false,"w":8,"h":12},{"vendor":"desenio","url":"https://desenio.com/p/posters-prints/featured-artists/hannah-durham/hannah-durham-ceramic-mug-collector-print/","price":55.95,"currency":"USD","framed":false,"w":12,"h":16}]
des-lauren-bencivengo-orange-and-hydrang	Lauren Bencivengo	https://desenio.com/p/posters-prints/featured-artists/lauren-bencivengo/lauren-bencivengo-orange-and-hydrangea-print/	Orange and Hydrangea	print	abstract	https://media.desenio.com/site_images/685df0ef01554c52e0ad7f83_2042628682_pre0551-8.jpg?auto=compress%2Cformat&fit=max&w=640	[{"vendor":"desenio","url":"https://desenio.com/p/posters-prints/featured-artists/lauren-bencivengo/lauren-bencivengo-orange-and-hydrangea-print/","price":55.95,"currency":"USD","framed":false,"w":12,"h":16},{"vendor":"desenio","url":"https://desenio.com/p/posters-prints/featured-artists/lauren-bencivengo/lauren-bencivengo-orange-and-hydrangea-print/","price":91.95,"currency":"USD","framed":false,"w":20,"h":28}]
des-hannah-durham-sunglasses-and-wine	Hannah Durham	https://desenio.com/p/posters-prints/featured-artists/hannah-durham/hannah-durham-sunglasses-and-wine-print/	Sunglasses and Wine	print	drinks	https://media.desenio.com/site_images/685df27a25faac641d4bdb86_1194777634_pre0618-8.jpg?auto=compress%2Cformat&fit=max&w=640	[{"vendor":"desenio","url":"https://desenio.com/p/posters-prints/featured-artists/hannah-durham/hannah-durham-sunglasses-and-wine-print/","price":55.95,"currency":"USD","framed":false,"w":12,"h":16},{"vendor":"desenio","url":"https://desenio.com/p/posters-prints/featured-artists/hannah-durham/hannah-durham-sunglasses-and-wine-print/","price":91.95,"currency":"USD","framed":false,"w":20,"h":28}]
des-lauren-bencivengo-checker-no-2	Lauren Bencivengo	https://desenio.com/p/posters-prints/featured-artists/lauren-bencivengo/lauren-bencivengo-checker-no-2-print/	Checker No. 2	print	abstract	https://media.desenio.com/site_images/681482054584c6d8be7a89d6_213321685_pre0548_1.jpg?auto=compress%2Cformat&fit=max&w=640	[{"vendor":"desenio","url":"https://desenio.com/p/posters-prints/featured-artists/lauren-bencivengo/lauren-bencivengo-checker-no-2-print/","price":70.95,"currency":"USD","framed":false,"w":20,"h":20}]
des-lucrecia-rey-caro-the-lovers	Lucrecia Rey Caro	https://desenio.com/p/posters-prints/featured-artists/lucrecia-rey-caro/lucrecia-rey-caro-the-lovers-print/	The Lovers	print	abstract	https://media.desenio.com/site_images/685df03d8eea7914f8588888_1100356340_pre0521-8.jpg?auto=compress%2Cformat&fit=max&w=640	[{"vendor":"desenio","url":"https://desenio.com/p/posters-prints/featured-artists/lucrecia-rey-caro/lucrecia-rey-caro-the-lovers-print/","price":55.95,"currency":"USD","framed":false,"w":12,"h":16},{"vendor":"desenio","url":"https://desenio.com/p/posters-prints/featured-artists/lucrecia-rey-caro/lucrecia-rey-caro-the-lovers-print/","price":70.95,"currency":"USD","framed":false,"w":16,"h":20},{"vendor":"desenio","url":"https://desenio.com/p/posters-prints/featured-artists/lucrecia-rey-caro/lucrecia-rey-caro-the-lovers-print/","price":91.95,"currency":"USD","framed":false,"w":20,"h":28}]
des-lucrecia-rey-caro-earth-horse	Lucrecia Rey Caro	https://desenio.com/p/posters-prints/featured-artists/lucrecia-rey-caro/lucrecia-rey-caro-earth-horse-print/	Earth Horse	print	horses	https://media.desenio.com/site_images/685df063ffceac2887883d49_459649613_pre0525-8.jpg?auto=compress%2Cformat&fit=max&w=640	[{"vendor":"desenio","url":"https://desenio.com/p/posters-prints/featured-artists/lucrecia-rey-caro/lucrecia-rey-caro-earth-horse-print/","price":39,"currency":"USD","framed":false,"w":8,"h":12},{"vendor":"desenio","url":"https://desenio.com/p/posters-prints/featured-artists/lucrecia-rey-caro/lucrecia-rey-caro-earth-horse-print/","price":55.95,"currency":"USD","framed":false,"w":12,"h":16},{"vendor":"desenio","url":"https://desenio.com/p/posters-prints/featured-artists/lucrecia-rey-caro/lucrecia-rey-caro-earth-horse-print/","price":91.95,"currency":"USD","framed":false,"w":20,"h":28},{"vendor":"desenio","url":"https://desenio.com/p/posters-prints/featured-artists/lucrecia-rey-caro/lucrecia-rey-caro-earth-horse-print/","price":107,"currency":"USD","framed":false,"w":28,"h":39}]
des-lucrecia-rey-caro-lines-of-the-soul	Lucrecia Rey Caro	https://desenio.com/p/posters-prints/featured-artists/lucrecia-rey-caro/lucrecia-rey-caro-lines-of-the-soul-print/	Lines of the Soul	print	lines	https://media.desenio.com/site_images/685df07a01554c52e0ad7f7f_128638552_pre0527-8.jpg?auto=compress%2Cformat&fit=max&w=640	[{"vendor":"desenio","url":"https://desenio.com/p/posters-prints/featured-artists/lucrecia-rey-caro/lucrecia-rey-caro-lines-of-the-soul-print/","price":39,"currency":"USD","framed":false,"w":8,"h":12},{"vendor":"desenio","url":"https://desenio.com/p/posters-prints/featured-artists/lucrecia-rey-caro/lucrecia-rey-caro-lines-of-the-soul-print/","price":55.95,"currency":"USD","framed":false,"w":12,"h":16},{"vendor":"desenio","url":"https://desenio.com/p/posters-prints/featured-artists/lucrecia-rey-caro/lucrecia-rey-caro-lines-of-the-soul-print/","price":91.95,"currency":"USD","framed":false,"w":20,"h":28}]
des-shatha-al-dafai-out-of-vase-blooms-8	Shatha Al Dafai	https://desenio.com/p/posters-prints/featured-artists/shatha-al-dafai/shatha-al-dafai-out-of-vase-blooms-8-print/	Out of Vase Blooms 8	print	flowers	https://media.desenio.com/site_images/67f915e019ffe1b4827f6b1f_1492203470_pre0533_main_image_DS.jpg?auto=compress%2Cformat&fit=max&w=640	[{"vendor":"desenio","url":"https://desenio.com/p/posters-prints/featured-artists/shatha-al-dafai/shatha-al-dafai-out-of-vase-blooms-8-print/","price":70.95,"currency":"USD","framed":false,"w":20,"h":20}]
des-lois-langenberg-pasta-and-wine-club	Loïs Langenberg	https://desenio.com/p/posters-prints/featured-artists/lois-langenberg/lois-langenberg-pasta-and-wine-club-print/	Pasta and Wine Club	print	drinks	https://media.desenio.com/site_images/685df0aac19ab706442a2de9_1444137664_pre0534-8.jpg?auto=compress%2Cformat&fit=max&w=640	[{"vendor":"desenio","url":"https://desenio.com/p/posters-prints/featured-artists/lois-langenberg/lois-langenberg-pasta-and-wine-club-print/","price":55.95,"currency":"USD","framed":false,"w":12,"h":16},{"vendor":"desenio","url":"https://desenio.com/p/posters-prints/featured-artists/lois-langenberg/lois-langenberg-pasta-and-wine-club-print/","price":91.95,"currency":"USD","framed":false,"w":20,"h":28},{"vendor":"desenio","url":"https://desenio.com/p/posters-prints/featured-artists/lois-langenberg/lois-langenberg-pasta-and-wine-club-print/","price":107,"currency":"USD","framed":false,"w":28,"h":39}]
des-shatha-al-dafai-out-of-vase-blooms-1	Shatha Al Dafai	https://desenio.com/p/posters-prints/featured-artists/shatha-al-dafai/shatha-al-dafai-out-of-vase-blooms-12-print/	Out of Vase Blooms 12	print	flowers	https://media.desenio.com/site_images/67f915e12605b062a6b85cc5_524397119_pre0536_main_image_DS.jpg?auto=compress%2Cformat&fit=max&w=640	[{"vendor":"desenio","url":"https://desenio.com/p/posters-prints/featured-artists/shatha-al-dafai/shatha-al-dafai-out-of-vase-blooms-12-print/","price":70.95,"currency":"USD","framed":false,"w":20,"h":20}]
des-mie-him-labyrinth-no2	Mie & Him	https://desenio.com/p/posters-prints/featured-artists/mie-him/mie-him-labyrinth-no2-print/	Labyrinth No2	print	abstract	https://media.desenio.com/site_images/685defff10fc5f881db64348_833482186_pre0512-8.jpg?auto=compress%2Cformat&fit=max&w=640	[{"vendor":"desenio","url":"https://desenio.com/p/posters-prints/featured-artists/mie-him/mie-him-labyrinth-no2-print/","price":55.95,"currency":"USD","framed":false,"w":12,"h":16},{"vendor":"desenio","url":"https://desenio.com/p/posters-prints/featured-artists/mie-him/mie-him-labyrinth-no2-print/","price":91.95,"currency":"USD","framed":false,"w":20,"h":28}]
des-mie-him-birds-and-flowers	Mie & Him	https://desenio.com/p/posters-prints/featured-artists/mie-him/mie-him-birds-and-flowers-print/	Birds and Flowers	print	flowers	https://media.desenio.com/site_images/685df020ffceac2887883d47_382332897_pre0517-8.jpg?auto=compress%2Cformat&fit=max&w=640	[{"vendor":"desenio","url":"https://desenio.com/p/posters-prints/featured-artists/mie-him/mie-him-birds-and-flowers-print/","price":55.95,"currency":"USD","framed":false,"w":12,"h":16},{"vendor":"desenio","url":"https://desenio.com/p/posters-prints/featured-artists/mie-him/mie-him-birds-and-flowers-print/","price":91.95,"currency":"USD","framed":false,"w":20,"h":28}]
des-mie-him-fruit	Mie & Him	https://desenio.com/p/posters-prints/featured-artists/mie-him/mie-him-fruit-print/	Fruit	print	food	https://media.desenio.com/site_images/685df01a01554c52e0ad7f7c_103681419_pre0516-8.jpg?auto=compress%2Cformat&fit=max&w=640	[{"vendor":"desenio","url":"https://desenio.com/p/posters-prints/featured-artists/mie-him/mie-him-fruit-print/","price":55.95,"currency":"USD","framed":false,"w":12,"h":16},{"vendor":"desenio","url":"https://desenio.com/p/posters-prints/featured-artists/mie-him/mie-him-fruit-print/","price":91.95,"currency":"USD","framed":false,"w":20,"h":28}]
des-shatha-al-dafai-out-of-vase-blooms-6	Shatha Al Dafai	https://desenio.com/p/posters-prints/featured-artists/shatha-al-dafai/shatha-al-dafai-out-of-vase-blooms-6-print/	Out of Vase Blooms 6	print	flowers	https://media.desenio.com/site_images/67f915e39ec589e3f8ce55aa_1399352348_pre0537_main_image_DS.jpg?auto=compress%2Cformat&fit=max&w=640	[{"vendor":"desenio","url":"https://desenio.com/p/posters-prints/featured-artists/shatha-al-dafai/shatha-al-dafai-out-of-vase-blooms-6-print/","price":70.95,"currency":"USD","framed":false,"w":20,"h":20}]
des-merel-takken-check-the-vase	Merel Takken	https://desenio.com/p/posters-prints/featured-artists/merel-takken/merel-takken-check-the-vase-print/	Check the Vase	print	objects	https://media.desenio.com/site_images/67f915da9f948f37adee97b8_728980111_pre0502_main_image_DS.jpg?auto=compress%2Cformat&fit=max&w=640	[{"vendor":"desenio","url":"https://desenio.com/p/posters-prints/featured-artists/merel-takken/merel-takken-check-the-vase-print/","price":55.95,"currency":"USD","framed":false,"w":12,"h":16}]
des-merel-takken-checkered-greenery	Merel Takken	https://desenio.com/p/posters-prints/featured-artists/merel-takken/merel-takken-checkered-greenery-print/	Checkered Greenery	print	abstract	https://media.desenio.com/site_images/685defca8b7ca77dcb8afb19_1061270916_pre0503-8.jpg?auto=compress%2Cformat&fit=max&w=640	[{"vendor":"desenio","url":"https://desenio.com/p/posters-prints/featured-artists/merel-takken/merel-takken-checkered-greenery-print/","price":55.95,"currency":"USD","framed":false,"w":12,"h":16},{"vendor":"desenio","url":"https://desenio.com/p/posters-prints/featured-artists/merel-takken/merel-takken-checkered-greenery-print/","price":91.95,"currency":"USD","framed":false,"w":20,"h":28}]
des-the-soulshine-co-woander-olive	The SoulShine Co.	https://desenio.com/p/posters-prints/featured-artists/the-soulshine-co/the-soulshine-co-woander-olive-print/	Woander Olive	print	abstract	https://media.desenio.com/site_images/685def9510fc5f881db64345_438094843_pre0493-8.jpg?auto=compress%2Cformat&fit=max&w=640	[{"vendor":"desenio","url":"https://desenio.com/p/posters-prints/featured-artists/the-soulshine-co/the-soulshine-co-woander-olive-print/","price":55.95,"currency":"USD","framed":false,"w":12,"h":16},{"vendor":"desenio","url":"https://desenio.com/p/posters-prints/featured-artists/the-soulshine-co/the-soulshine-co-woander-olive-print/","price":91.95,"currency":"USD","framed":false,"w":20,"h":28}]
des-silja-marie-kentsdottir-svalur	Silja-Marie Kentsdottir	https://desenio.com/p/posters-prints/featured-artists/silja-marie-kentsdottir/silja-marie-kentsdottir-svalur-print/	Svalur	print	abstract	https://media.desenio.com/site_images/685def7f25faac641d4bdb74_100598166_pre0490-8.jpg?auto=compress%2Cformat&fit=max&w=640	[{"vendor":"desenio","url":"https://desenio.com/p/posters-prints/featured-artists/silja-marie-kentsdottir/silja-marie-kentsdottir-svalur-print/","price":55.95,"currency":"USD","framed":false,"w":12,"h":16},{"vendor":"desenio","url":"https://desenio.com/p/posters-prints/featured-artists/silja-marie-kentsdottir/silja-marie-kentsdottir-svalur-print/","price":91.95,"currency":"USD","framed":false,"w":20,"h":28}]
des-merel-takken-botanical-collection-no	Merel Takken	https://desenio.com/p/posters-prints/featured-artists/merel-takken/merel-takken-botanical-collection-no1-print/	Botanical Collection No1	print	flowers	https://media.desenio.com/site_images/685defd1caacebb10a60d6ef_1320550183_pre0504-8.jpg?auto=compress%2Cformat&fit=max&w=640	[{"vendor":"desenio","url":"https://desenio.com/p/posters-prints/featured-artists/merel-takken/merel-takken-botanical-collection-no1-print/","price":55.95,"currency":"USD","framed":false,"w":12,"h":16},{"vendor":"desenio","url":"https://desenio.com/p/posters-prints/featured-artists/merel-takken/merel-takken-botanical-collection-no1-print/","price":91.95,"currency":"USD","framed":false,"w":20,"h":28}]
des-silja-marie-kentsdottir-freja	Silja-Marie Kentsdottir	https://desenio.com/p/posters-prints/featured-artists/silja-marie-kentsdottir/silja-marie-kentsdottir-freja-print/	Freja	print	abstract	https://media.desenio.com/site_images/685def79f50974a7ecb4af41_1136367966_pre0489-8.jpg?auto=compress%2Cformat&fit=max&w=640	[{"vendor":"desenio","url":"https://desenio.com/p/posters-prints/featured-artists/silja-marie-kentsdottir/silja-marie-kentsdottir-freja-print/","price":55.95,"currency":"USD","framed":false,"w":12,"h":16},{"vendor":"desenio","url":"https://desenio.com/p/posters-prints/featured-artists/silja-marie-kentsdottir/silja-marie-kentsdottir-freja-print/","price":91.95,"currency":"USD","framed":false,"w":20,"h":28}]
des-lauren-emmett-negroni	Lauren Emmett	https://desenio.com/p/posters-prints/featured-artists/lauren-emmett/lauren-emmett-negroni-print/	Negroni	print	drinks	https://media.desenio.com/site_images/685def05ffceac2887883d40_233001947_pre0471-8.jpg?auto=compress%2Cformat&fit=max&w=640	[{"vendor":"desenio","url":"https://desenio.com/p/posters-prints/featured-artists/lauren-emmett/lauren-emmett-negroni-print/","price":39,"currency":"USD","framed":false,"w":8,"h":12},{"vendor":"desenio","url":"https://desenio.com/p/posters-prints/featured-artists/lauren-emmett/lauren-emmett-negroni-print/","price":55.95,"currency":"USD","framed":false,"w":12,"h":16},{"vendor":"desenio","url":"https://desenio.com/p/posters-prints/featured-artists/lauren-emmett/lauren-emmett-negroni-print/","price":91.95,"currency":"USD","framed":false,"w":20,"h":28}]
des-lauren-emmett-spicy-marg	Lauren Emmett	https://desenio.com/p/posters-prints/featured-artists/lauren-emmett/lauren-emmett-spicy-marg-print/	Spicy Marg	print	abstract	https://media.desenio.com/site_images/685deefdcaacebb10a60d6e7_1328915583_pre0470-8.jpg?auto=compress%2Cformat&fit=max&w=640	[{"vendor":"desenio","url":"https://desenio.com/p/posters-prints/featured-artists/lauren-emmett/lauren-emmett-spicy-marg-print/","price":39,"currency":"USD","framed":false,"w":8,"h":12},{"vendor":"desenio","url":"https://desenio.com/p/posters-prints/featured-artists/lauren-emmett/lauren-emmett-spicy-marg-print/","price":55.95,"currency":"USD","framed":false,"w":12,"h":16},{"vendor":"desenio","url":"https://desenio.com/p/posters-prints/featured-artists/lauren-emmett/lauren-emmett-spicy-marg-print/","price":91.95,"currency":"USD","framed":false,"w":20,"h":28}]
des-cortney-herron-lemon-squeeze	Cortney Herron	https://desenio.com/p/posters-prints/featured-artists/cortney-herron/cortney-herron-lemon-squeeze-print/	Lemon Squeeze	print	food	https://media.desenio.com/site_images/67f915d319ffe1b4827f6b0e_1063463362_pre0483_main_image_DS.jpg?auto=compress%2Cformat&fit=max&w=640	[{"vendor":"desenio","url":"https://desenio.com/p/posters-prints/featured-artists/cortney-herron/cortney-herron-lemon-squeeze-print/","price":70.95,"currency":"USD","framed":false,"w":20,"h":20}]
des-cortney-herron-bloom	Cortney Herron	https://desenio.com/p/posters-prints/featured-artists/cortney-herron/cortney-herron-bloom-print/	Bloom	print	flowers	https://media.desenio.com/site_images/67f915d1741bf71197d79749_1164586534_pre0482_main_image_DS.jpg?auto=compress%2Cformat&fit=max&w=640	[{"vendor":"desenio","url":"https://desenio.com/p/posters-prints/featured-artists/cortney-herron/cortney-herron-bloom-print/","price":70.95,"currency":"USD","framed":false,"w":20,"h":20}]
des-silja-marie-kentsdottir-brekka	Silja-Marie Kentsdottir	https://desenio.com/p/posters-prints/featured-artists/silja-marie-kentsdottir/silja-marie-kentsdottir-brekka-print/	Brekka	print	abstract	https://media.desenio.com/site_images/685def71e70d4f9d69c2536f_1689944067_pre0488-8.jpg?auto=compress%2Cformat&fit=max&w=640	[{"vendor":"desenio","url":"https://desenio.com/p/posters-prints/featured-artists/silja-marie-kentsdottir/silja-marie-kentsdottir-brekka-print/","price":55.95,"currency":"USD","framed":false,"w":12,"h":16},{"vendor":"desenio","url":"https://desenio.com/p/posters-prints/featured-artists/silja-marie-kentsdottir/silja-marie-kentsdottir-brekka-print/","price":91.95,"currency":"USD","framed":false,"w":20,"h":28}]
des-rosanna-corfe-daffodil-vase	Rosanna Corfe	https://desenio.com/p/posters-prints/featured-artists/rosanna-corfe/rosanna-corfe-daffodil-vase-print/	Daffodil Vase	print	objects	https://media.desenio.com/site_images/685deed9190f00732d674284_777736437_pre0465-8.jpg?auto=compress%2Cformat&fit=max&w=640	[{"vendor":"desenio","url":"https://desenio.com/p/posters-prints/featured-artists/rosanna-corfe/rosanna-corfe-daffodil-vase-print/","price":55.95,"currency":"USD","framed":false,"w":12,"h":16},{"vendor":"desenio","url":"https://desenio.com/p/posters-prints/featured-artists/rosanna-corfe/rosanna-corfe-daffodil-vase-print/","price":91.95,"currency":"USD","framed":false,"w":20,"h":28}]
des-rosanna-corfe-swan-pond	Rosanna Corfe	https://desenio.com/p/posters-prints/featured-artists/rosanna-corfe/rosanna-corfe-swan-pond-print/	Swan Pond	print	abstract	https://media.desenio.com/site_images/685deef4c19ab706442a2de5_940082295_pre0469-8.jpg?auto=compress%2Cformat&fit=max&w=640	[{"vendor":"desenio","url":"https://desenio.com/p/posters-prints/featured-artists/rosanna-corfe/rosanna-corfe-swan-pond-print/","price":55.95,"currency":"USD","framed":false,"w":12,"h":16},{"vendor":"desenio","url":"https://desenio.com/p/posters-prints/featured-artists/rosanna-corfe/rosanna-corfe-swan-pond-print/","price":91.95,"currency":"USD","framed":false,"w":20,"h":28}]
des-lauren-emmett-espresso-martini	Lauren Emmett	https://desenio.com/p/posters-prints/featured-artists/lauren-emmett/lauren-emmett-espresso-martini-print/	Espresso Martini	print	drinks	https://media.desenio.com/site_images/685def0ee70d4f9d69c25369_1177024267_pre0472-8.jpg?auto=compress%2Cformat&fit=max&w=640	[{"vendor":"desenio","url":"https://desenio.com/p/posters-prints/featured-artists/lauren-emmett/lauren-emmett-espresso-martini-print/","price":39,"currency":"USD","framed":false,"w":8,"h":12},{"vendor":"desenio","url":"https://desenio.com/p/posters-prints/featured-artists/lauren-emmett/lauren-emmett-espresso-martini-print/","price":55.95,"currency":"USD","framed":false,"w":12,"h":16},{"vendor":"desenio","url":"https://desenio.com/p/posters-prints/featured-artists/lauren-emmett/lauren-emmett-espresso-martini-print/","price":91.95,"currency":"USD","framed":false,"w":20,"h":28}]
des-karolina-mila-panettone	Karolina Mila	https://desenio.com/p/posters-prints/featured-artists/karolina-mila/karolina-mila-panettone-print/	Panettone	print	abstract	https://media.desenio.com/site_images/685deeb98eea7914f858887d_1024138030_pre0460-8.jpg?auto=compress%2Cformat&fit=max&w=640	[{"vendor":"desenio","url":"https://desenio.com/p/posters-prints/featured-artists/karolina-mila/karolina-mila-panettone-print/","price":55.95,"currency":"USD","framed":false,"w":12,"h":16},{"vendor":"desenio","url":"https://desenio.com/p/posters-prints/featured-artists/karolina-mila/karolina-mila-panettone-print/","price":91.95,"currency":"USD","framed":false,"w":20,"h":28}]
des-rosanna-corfe-green-herons	Rosanna Corfe	https://desenio.com/p/posters-prints/featured-artists/rosanna-corfe/rosanna-corfe-green-herons-print/	Green Herons	print	abstract	https://media.desenio.com/site_images/685deed37da96c1a0bbfe2f3_1423274238_pre0464-8.jpg?auto=compress%2Cformat&fit=max&w=640	[{"vendor":"desenio","url":"https://desenio.com/p/posters-prints/featured-artists/rosanna-corfe/rosanna-corfe-green-herons-print/","price":55.95,"currency":"USD","framed":false,"w":12,"h":16},{"vendor":"desenio","url":"https://desenio.com/p/posters-prints/featured-artists/rosanna-corfe/rosanna-corfe-green-herons-print/","price":91.95,"currency":"USD","framed":false,"w":20,"h":28}]
des-karolina-mila-margherita	Karolina Mila	https://desenio.com/p/posters-prints/featured-artists/karolina-mila/karolina-mila-margherita-print/	Margherita	print	abstract	https://media.desenio.com/site_images/685deeccb02d55db5654c4fd_1675334899_pre0463-8.jpg?auto=compress%2Cformat&fit=max&w=640	[{"vendor":"desenio","url":"https://desenio.com/p/posters-prints/featured-artists/karolina-mila/karolina-mila-margherita-print/","price":55.95,"currency":"USD","framed":false,"w":12,"h":16},{"vendor":"desenio","url":"https://desenio.com/p/posters-prints/featured-artists/karolina-mila/karolina-mila-margherita-print/","price":91.95,"currency":"USD","framed":false,"w":20,"h":28}]
des-karolina-mila-fresh-soda	Karolina Mila	https://desenio.com/p/posters-prints/featured-artists/karolina-mila/karolina-mila-fresh-soda-print/	Fresh Soda	print	abstract	https://media.desenio.com/site_images/685deebf8b7ca77dcb8afb03_1842511784_pre0461-8.jpg?auto=compress%2Cformat&fit=max&w=640	[{"vendor":"desenio","url":"https://desenio.com/p/posters-prints/featured-artists/karolina-mila/karolina-mila-fresh-soda-print/","price":55.95,"currency":"USD","framed":false,"w":12,"h":16},{"vendor":"desenio","url":"https://desenio.com/p/posters-prints/featured-artists/karolina-mila/karolina-mila-fresh-soda-print/","price":91.95,"currency":"USD","framed":false,"w":20,"h":28}]
des-raissa-oltmanns-cheers	Raissa Oltmanns	https://desenio.com/p/posters-prints/featured-artists/raissa-oltmanns/raissa-oltmanns-cheers-print/	Cheers	print	abstract	https://media.desenio.com/site_images/685dee5d55f01038f8f48bdc_1482082356_pre0447-8.jpg?auto=compress%2Cformat&fit=max&w=640	[{"vendor":"desenio","url":"https://desenio.com/p/posters-prints/featured-artists/raissa-oltmanns/raissa-oltmanns-cheers-print/","price":55.95,"currency":"USD","framed":false,"w":12,"h":16},{"vendor":"desenio","url":"https://desenio.com/p/posters-prints/featured-artists/raissa-oltmanns/raissa-oltmanns-cheers-print/","price":91.95,"currency":"USD","framed":false,"w":20,"h":28}]
des-ivy-green-woman-lounging-on-the-bed	Ivy Green	https://desenio.com/p/posters-prints/featured-artists/ivy-green/ivy-green-woman-lounging-on-the-bed-print/	Woman Lounging on the Bed	print	figure	https://media.desenio.com/site_images/685dee8567fd6077b6f2f766_528339269_pre0453-8.jpg?auto=compress%2Cformat&fit=max&w=640	[{"vendor":"desenio","url":"https://desenio.com/p/posters-prints/featured-artists/ivy-green/ivy-green-woman-lounging-on-the-bed-print/","price":55.95,"currency":"USD","framed":false,"w":12,"h":16},{"vendor":"desenio","url":"https://desenio.com/p/posters-prints/featured-artists/ivy-green/ivy-green-woman-lounging-on-the-bed-print/","price":91.95,"currency":"USD","framed":false,"w":20,"h":28}]
des-raissa-oltmanns-free-your-mind	Raissa Oltmanns	https://desenio.com/p/posters-prints/featured-artists/raissa-oltmanns/raissa-oltmanns-free-your-mind-print/	Free Your Mind	print	abstract	https://media.desenio.com/site_images/685dee3d55f01038f8f48bd9_1162455822_pre0442-8.jpg?auto=compress%2Cformat&fit=max&w=640	[{"vendor":"desenio","url":"https://desenio.com/p/posters-prints/featured-artists/raissa-oltmanns/raissa-oltmanns-free-your-mind-print/","price":55.95,"currency":"USD","framed":false,"w":12,"h":16},{"vendor":"desenio","url":"https://desenio.com/p/posters-prints/featured-artists/raissa-oltmanns/raissa-oltmanns-free-your-mind-print/","price":91.95,"currency":"USD","framed":false,"w":20,"h":28}]
des-ivy-green-peches	Ivy Green	https://desenio.com/p/posters-prints/featured-artists/ivy-green/ivy-green-peches-print/	Peches	print	abstract	https://media.desenio.com/site_images/685dee9fcaacebb10a60d6de_1987517405_pre0457-8.jpg?auto=compress%2Cformat&fit=max&w=640	[{"vendor":"desenio","url":"https://desenio.com/p/posters-prints/featured-artists/ivy-green/ivy-green-peches-print/","price":55.95,"currency":"USD","framed":false,"w":12,"h":16},{"vendor":"desenio","url":"https://desenio.com/p/posters-prints/featured-artists/ivy-green/ivy-green-peches-print/","price":91.95,"currency":"USD","framed":false,"w":20,"h":28}]
des-jenny-liz-rome-dirty-gin-martini	Jenny Liz Rome	https://desenio.com/p/posters-prints/featured-artists/jenny-liz-rome/jenny-liz-rome-dirty-gin-martini-print/	Dirty Gin Martini	print	drinks	https://media.desenio.com/site_images/685dee0355f01038f8f48bd3_23011634_pre0435-8.jpg?auto=compress%2Cformat&fit=max&w=640	[{"vendor":"desenio","url":"https://desenio.com/p/posters-prints/featured-artists/jenny-liz-rome/jenny-liz-rome-dirty-gin-martini-print/","price":55.95,"currency":"USD","framed":false,"w":12,"h":16},{"vendor":"desenio","url":"https://desenio.com/p/posters-prints/featured-artists/jenny-liz-rome/jenny-liz-rome-dirty-gin-martini-print/","price":91.95,"currency":"USD","framed":false,"w":20,"h":28}]
des-ivy-green-citrons	Ivy Green	https://desenio.com/p/posters-prints/featured-artists/ivy-green/ivy-green-citrons-print/	Citrons	print	abstract	https://media.desenio.com/site_images/685dee8bc19ab706442a2de3_1067141881_pre0454-8.jpg?auto=compress%2Cformat&fit=max&w=640	[{"vendor":"desenio","url":"https://desenio.com/p/posters-prints/featured-artists/ivy-green/ivy-green-citrons-print/","price":55.95,"currency":"USD","framed":false,"w":12,"h":16},{"vendor":"desenio","url":"https://desenio.com/p/posters-prints/featured-artists/ivy-green/ivy-green-citrons-print/","price":91.95,"currency":"USD","framed":false,"w":20,"h":28}]
des-jenny-liz-rome-cosmopolitan	Jenny Liz Rome	https://desenio.com/p/posters-prints/featured-artists/jenny-liz-rome/jenny-liz-rome-cosmopolitan-print/	Cosmopolitan	print	abstract	https://media.desenio.com/site_images/685dee09caacebb10a60d6d9_1513087921_pre0436-8.jpg?auto=compress%2Cformat&fit=max&w=640	[{"vendor":"desenio","url":"https://desenio.com/p/posters-prints/featured-artists/jenny-liz-rome/jenny-liz-rome-cosmopolitan-print/","price":55.95,"currency":"USD","framed":false,"w":12,"h":16},{"vendor":"desenio","url":"https://desenio.com/p/posters-prints/featured-artists/jenny-liz-rome/jenny-liz-rome-cosmopolitan-print/","price":91.95,"currency":"USD","framed":false,"w":20,"h":28}]
des-jenny-liz-rome-howdy-partner	Jenny Liz Rome	https://desenio.com/p/posters-prints/featured-artists/jenny-liz-rome/jenny-liz-rome-howdy-partner-print/	Howdy Partner	print	abstract	https://media.desenio.com/site_images/685dee118fdef2fa155e1cae_1990732181_pre0437-8.jpg?auto=compress%2Cformat&fit=max&w=640	[{"vendor":"desenio","url":"https://desenio.com/p/posters-prints/featured-artists/jenny-liz-rome/jenny-liz-rome-howdy-partner-print/","price":55.95,"currency":"USD","framed":false,"w":12,"h":16},{"vendor":"desenio","url":"https://desenio.com/p/posters-prints/featured-artists/jenny-liz-rome/jenny-liz-rome-howdy-partner-print/","price":91.95,"currency":"USD","framed":false,"w":20,"h":28}]
des-rachel-joanis-sunday-morning	Rachel Joanis	https://desenio.com/p/posters-prints/featured-artists/rachel-joanis/rachel-joanis-sunday-morning-print/	Sunday Morning	print	abstract	https://media.desenio.com/site_images/685dedbc8b7ca77dcb8afaf6_112244782_pre0426-8.jpg?auto=compress%2Cformat&fit=max&w=640	[{"vendor":"desenio","url":"https://desenio.com/p/posters-prints/featured-artists/rachel-joanis/rachel-joanis-sunday-morning-print/","price":55.95,"currency":"USD","framed":false,"w":12,"h":16},{"vendor":"desenio","url":"https://desenio.com/p/posters-prints/featured-artists/rachel-joanis/rachel-joanis-sunday-morning-print/","price":91.95,"currency":"USD","framed":false,"w":20,"h":28}]
des-rachel-joanis-reading	Rachel Joanis	https://desenio.com/p/posters-prints/featured-artists/rachel-joanis/rachel-joanis-reading-print/	Reading	print	abstract	https://media.desenio.com/site_images/685dedca67fd6077b6f2f75e_427491268_pre0428-8.jpg?auto=compress%2Cformat&fit=max&w=640	[{"vendor":"desenio","url":"https://desenio.com/p/posters-prints/featured-artists/rachel-joanis/rachel-joanis-reading-print/","price":55.95,"currency":"USD","framed":false,"w":12,"h":16},{"vendor":"desenio","url":"https://desenio.com/p/posters-prints/featured-artists/rachel-joanis/rachel-joanis-reading-print/","price":91.95,"currency":"USD","framed":false,"w":20,"h":28}]
des-emily-daborn-pina-colada	Emily Daborn	https://desenio.com/p/posters-prints/featured-artists/emily-daborn/emily-daborn-pina-colada-print/	Piña Colada	print	abstract	https://media.desenio.com/site_images/685ded82caacebb10a60d6d1_1574433879_pre0420-8.jpg?auto=compress%2Cformat&fit=max&w=640	[{"vendor":"desenio","url":"https://desenio.com/p/posters-prints/featured-artists/emily-daborn/emily-daborn-pina-colada-print/","price":39,"currency":"USD","framed":false,"w":8,"h":12},{"vendor":"desenio","url":"https://desenio.com/p/posters-prints/featured-artists/emily-daborn/emily-daborn-pina-colada-print/","price":55.95,"currency":"USD","framed":false,"w":12,"h":16},{"vendor":"desenio","url":"https://desenio.com/p/posters-prints/featured-artists/emily-daborn/emily-daborn-pina-colada-print/","price":91.95,"currency":"USD","framed":false,"w":20,"h":28}]
des-rachel-joanis-poppies-in-handbag	Rachel Joanis	https://desenio.com/p/posters-prints/featured-artists/rachel-joanis/rachel-joanis-poppies-in-handbag-print/	Poppies in Handbag	print	abstract	https://media.desenio.com/site_images/685dedc38b7ca77dcb8afaf7_1599179556_pre0427-8.jpg?auto=compress%2Cformat&fit=max&w=640	[{"vendor":"desenio","url":"https://desenio.com/p/posters-prints/featured-artists/rachel-joanis/rachel-joanis-poppies-in-handbag-print/","price":55.95,"currency":"USD","framed":false,"w":12,"h":16},{"vendor":"desenio","url":"https://desenio.com/p/posters-prints/featured-artists/rachel-joanis/rachel-joanis-poppies-in-handbag-print/","price":91.95,"currency":"USD","framed":false,"w":20,"h":28}]
des-emily-daborn-aperol-spritz	Emily Daborn	https://desenio.com/p/posters-prints/featured-artists/emily-daborn/emily-daborn-aperol-spritz-print/	Aperol Spritz	print	drinks	https://media.desenio.com/site_images/685ded8d97bfddc5cb9dbd66_2131870097_pre0421-8.jpg?auto=compress%2Cformat&fit=max&w=640	[{"vendor":"desenio","url":"https://desenio.com/p/posters-prints/featured-artists/emily-daborn/emily-daborn-aperol-spritz-print/","price":39,"currency":"USD","framed":false,"w":8,"h":12},{"vendor":"desenio","url":"https://desenio.com/p/posters-prints/featured-artists/emily-daborn/emily-daborn-aperol-spritz-print/","price":55.95,"currency":"USD","framed":false,"w":12,"h":16},{"vendor":"desenio","url":"https://desenio.com/p/posters-prints/featured-artists/emily-daborn/emily-daborn-aperol-spritz-print/","price":91.95,"currency":"USD","framed":false,"w":20,"h":28}]
des-janet-hill-barmaids	Janet Hill	https://desenio.com/p/posters-prints/featured-artists/janet-hill/janet-hill-barmaids-print/	Barmaids	print	abstract	https://media.desenio.com/site_images/685decff8b7ca77dcb8afadb_1493659503_pre0404-8.jpg?auto=compress%2Cformat&fit=max&w=640	[{"vendor":"desenio","url":"https://desenio.com/p/posters-prints/featured-artists/janet-hill/janet-hill-barmaids-print/","price":55.95,"currency":"USD","framed":false,"w":12,"h":16},{"vendor":"desenio","url":"https://desenio.com/p/posters-prints/featured-artists/janet-hill/janet-hill-barmaids-print/","price":91.95,"currency":"USD","framed":false,"w":20,"h":28}]
des-adele-naidoo-anthuriums-in-bloom	Adele Naidoo	https://desenio.com/p/posters-prints/featured-artists/adele-naidoo/adele-naidoo-anthuriums-in-bloom-print/	Anthuriums in Bloom	print	flowers	https://media.desenio.com/site_images/685ded518b7ca77dcb8afae5_1474349475_pre0414-8.jpg?auto=compress%2Cformat&fit=max&w=640	[{"vendor":"desenio","url":"https://desenio.com/p/posters-prints/featured-artists/adele-naidoo/adele-naidoo-anthuriums-in-bloom-print/","price":55.95,"currency":"USD","framed":false,"w":12,"h":16},{"vendor":"desenio","url":"https://desenio.com/p/posters-prints/featured-artists/adele-naidoo/adele-naidoo-anthuriums-in-bloom-print/","price":91.95,"currency":"USD","framed":false,"w":20,"h":28}]
des-adele-naidoo-orchids-in-bloom	Adele Naidoo	https://desenio.com/p/posters-prints/featured-artists/adele-naidoo/adele-naidoo-orchids-in-bloom-print/	Orchids in Bloom	print	flowers	https://media.desenio.com/site_images/685ded5867fd6077b6f2f754_1211938745_pre0415-8.jpg?auto=compress%2Cformat&fit=max&w=640	[{"vendor":"desenio","url":"https://desenio.com/p/posters-prints/featured-artists/adele-naidoo/adele-naidoo-orchids-in-bloom-print/","price":55.95,"currency":"USD","framed":false,"w":12,"h":16},{"vendor":"desenio","url":"https://desenio.com/p/posters-prints/featured-artists/adele-naidoo/adele-naidoo-orchids-in-bloom-print/","price":91.95,"currency":"USD","framed":false,"w":20,"h":28}]
des-emily-daborn-mojito	Emily Daborn	https://desenio.com/p/posters-prints/featured-artists/emily-daborn/emily-daborn-mojito-print/	Mojito	print	abstract	https://media.desenio.com/site_images/685dedaa67fd6077b6f2f75d_1462977219_pre0424-8.jpg?auto=compress%2Cformat&fit=max&w=640	[{"vendor":"desenio","url":"https://desenio.com/p/posters-prints/featured-artists/emily-daborn/emily-daborn-mojito-print/","price":39,"currency":"USD","framed":false,"w":8,"h":12},{"vendor":"desenio","url":"https://desenio.com/p/posters-prints/featured-artists/emily-daborn/emily-daborn-mojito-print/","price":55.95,"currency":"USD","framed":false,"w":12,"h":16},{"vendor":"desenio","url":"https://desenio.com/p/posters-prints/featured-artists/emily-daborn/emily-daborn-mojito-print/","price":91.95,"currency":"USD","framed":false,"w":20,"h":28}]
des-adele-naidoo-flower-in-bloom	Adele Naidoo	https://desenio.com/p/posters-prints/featured-artists/adele-naidoo/adele-naidoo-flower-in-bloom-print/	Flower in Bloom	print	flowers	https://media.desenio.com/site_images/685ded75caacebb10a60d6d0_262859553_pre0419-8.jpg?auto=compress%2Cformat&fit=max&w=640	[{"vendor":"desenio","url":"https://desenio.com/p/posters-prints/featured-artists/adele-naidoo/adele-naidoo-flower-in-bloom-print/","price":55.95,"currency":"USD","framed":false,"w":12,"h":16},{"vendor":"desenio","url":"https://desenio.com/p/posters-prints/featured-artists/adele-naidoo/adele-naidoo-flower-in-bloom-print/","price":91.95,"currency":"USD","framed":false,"w":20,"h":28}]
des-janet-hill-champagne-shack	Janet Hill	https://desenio.com/p/posters-prints/featured-artists/janet-hill/janet-hill-champagne-shack-print/	Champagne Shack	print	drinks	https://media.desenio.com/site_images/685ded1097bfddc5cb9dbd4c_1790974510_pre0406-8.jpg?auto=compress%2Cformat&fit=max&w=640	[{"vendor":"desenio","url":"https://desenio.com/p/posters-prints/featured-artists/janet-hill/janet-hill-champagne-shack-print/","price":55.95,"currency":"USD","framed":false,"w":12,"h":16},{"vendor":"desenio","url":"https://desenio.com/p/posters-prints/featured-artists/janet-hill/janet-hill-champagne-shack-print/","price":91.95,"currency":"USD","framed":false,"w":20,"h":28}]
des-janet-hill-poolside	Janet Hill	https://desenio.com/p/posters-prints/featured-artists/janet-hill/janet-hill-poolside-print/	Poolside	print	pool	https://media.desenio.com/site_images/685ded078b7ca77dcb8afadd_792958677_pre0405-8.jpg?auto=compress%2Cformat&fit=max&w=640	[{"vendor":"desenio","url":"https://desenio.com/p/posters-prints/featured-artists/janet-hill/janet-hill-poolside-print/","price":55.95,"currency":"USD","framed":false,"w":12,"h":16},{"vendor":"desenio","url":"https://desenio.com/p/posters-prints/featured-artists/janet-hill/janet-hill-poolside-print/","price":91.95,"currency":"USD","framed":false,"w":20,"h":28}]
des-berenice-hernandez-maceta-beige	Berenice Hernandez	https://desenio.com/p/posters-prints/featured-artists/berenice-hernandez/berenice-hernandez-maceta-beige-print/	Maceta Beige	print	abstract	https://media.desenio.com/site_images/685decec55f01038f8f48bbe_1558405701_pre0401-8.jpg?auto=compress%2Cformat&fit=max&w=640	[{"vendor":"desenio","url":"https://desenio.com/p/posters-prints/featured-artists/berenice-hernandez/berenice-hernandez-maceta-beige-print/","price":55.95,"currency":"USD","framed":false,"w":12,"h":16},{"vendor":"desenio","url":"https://desenio.com/p/posters-prints/featured-artists/berenice-hernandez/berenice-hernandez-maceta-beige-print/","price":91.95,"currency":"USD","framed":false,"w":20,"h":28}]
des-berenice-hernandez-pedazos-de-planta	Berenice Hernandez	https://desenio.com/p/posters-prints/featured-artists/berenice-hernandez/berenice-hernandez-pedazos-de-plantas-iv-print/	Pedazos de Plantas IV	print	flowers	https://media.desenio.com/site_images/685dece555f01038f8f48bbc_108476727_pre0400-8.jpg?auto=compress%2Cformat&fit=max&w=640	[{"vendor":"desenio","url":"https://desenio.com/p/posters-prints/featured-artists/berenice-hernandez/berenice-hernandez-pedazos-de-plantas-iv-print/","price":55.95,"currency":"USD","framed":false,"w":12,"h":16},{"vendor":"desenio","url":"https://desenio.com/p/posters-prints/featured-artists/berenice-hernandez/berenice-hernandez-pedazos-de-plantas-iv-print/","price":91.95,"currency":"USD","framed":false,"w":20,"h":28}]
des-berenice-hernandez-azul	Berenice Hernandez	https://desenio.com/p/posters-prints/featured-artists/berenice-hernandez/berenice-hernandez-azul-print/	Azul	print	abstract	https://media.desenio.com/site_images/685decdd97bfddc5cb9dbd47_943975916_pre0399-8.jpg?auto=compress%2Cformat&fit=max&w=640	[{"vendor":"desenio","url":"https://desenio.com/p/posters-prints/featured-artists/berenice-hernandez/berenice-hernandez-azul-print/","price":55.95,"currency":"USD","framed":false,"w":12,"h":16},{"vendor":"desenio","url":"https://desenio.com/p/posters-prints/featured-artists/berenice-hernandez/berenice-hernandez-azul-print/","price":91.95,"currency":"USD","framed":false,"w":20,"h":28}]
des-lindsey-cherek-still-life-with-gumba	Lindsey Cherek	https://desenio.com/p/posters-prints/featured-artists/lindsey-cherek/lindsey-cherek-still-life-with-gumball-machine-print/	Still Life with Gumball Machine	print	objects	https://media.desenio.com/site_images/685dec7e97bfddc5cb9dbd40_1715130261_pre0386-8.jpg?auto=compress%2Cformat&fit=max&w=640	[{"vendor":"desenio","url":"https://desenio.com/p/posters-prints/featured-artists/lindsey-cherek/lindsey-cherek-still-life-with-gumball-machine-print/","price":55.95,"currency":"USD","framed":false,"w":12,"h":16},{"vendor":"desenio","url":"https://desenio.com/p/posters-prints/featured-artists/lindsey-cherek/lindsey-cherek-still-life-with-gumball-machine-print/","price":91.95,"currency":"USD","framed":false,"w":20,"h":28}]
des-laura-grondahl-out-of-sight-out-of-m	Laura Gröndahl	https://desenio.com/p/posters-prints/featured-artists/laura-grondahl/laura-grondahl-out-of-sight-out-of-mind-print/	Out of Sight	print	abstract	https://media.desenio.com/site_images/685decbf8fdef2fa155e1c8f_1931548772_pre0395-8.jpg?auto=compress%2Cformat&fit=max&w=640	[{"vendor":"desenio","url":"https://desenio.com/p/posters-prints/featured-artists/laura-grondahl/laura-grondahl-out-of-sight-out-of-mind-print/","price":55.95,"currency":"USD","framed":false,"w":12,"h":16},{"vendor":"desenio","url":"https://desenio.com/p/posters-prints/featured-artists/laura-grondahl/laura-grondahl-out-of-sight-out-of-mind-print/","price":91.95,"currency":"USD","framed":false,"w":20,"h":28}]
des-laura-grondahl-pink-flower	Laura Gröndahl	https://desenio.com/p/posters-prints/featured-artists/laura-grondahl/laura-grondahl-pink-flower-print/	Pink Flower	print	flowers	https://media.desenio.com/site_images/685decab8fdef2fa155e1c8d_821352032_pre0392-8.jpg?auto=compress%2Cformat&fit=max&w=640	[{"vendor":"desenio","url":"https://desenio.com/p/posters-prints/featured-artists/laura-grondahl/laura-grondahl-pink-flower-print/","price":55.95,"currency":"USD","framed":false,"w":12,"h":16},{"vendor":"desenio","url":"https://desenio.com/p/posters-prints/featured-artists/laura-grondahl/laura-grondahl-pink-flower-print/","price":91.95,"currency":"USD","framed":false,"w":20,"h":28}]
des-lindsey-cherek-still-life-with-fake-	Lindsey Cherek	https://desenio.com/p/posters-prints/featured-artists/lindsey-cherek/lindsey-cherek-still-life-with-fake-cake-print/	Still Life with Fake Cake	print	objects	https://media.desenio.com/site_images/685dec7697bfddc5cb9dbd3f_485245685_pre0385-8.jpg?auto=compress%2Cformat&fit=max&w=640	[{"vendor":"desenio","url":"https://desenio.com/p/posters-prints/featured-artists/lindsey-cherek/lindsey-cherek-still-life-with-fake-cake-print/","price":55.95,"currency":"USD","framed":false,"w":12,"h":16},{"vendor":"desenio","url":"https://desenio.com/p/posters-prints/featured-artists/lindsey-cherek/lindsey-cherek-still-life-with-fake-cake-print/","price":91.95,"currency":"USD","framed":false,"w":20,"h":28}]
des-laura-grondahl-so-many-ways	Laura Gröndahl	https://desenio.com/p/posters-prints/featured-artists/laura-grondahl/laura-grondahl-so-many-ways-print/	So Many Ways	print	abstract	https://media.desenio.com/site_images/685decb88b7ca77dcb8afad8_1843530010_pre0394-8.jpg?auto=compress%2Cformat&fit=max&w=640	[{"vendor":"desenio","url":"https://desenio.com/p/posters-prints/featured-artists/laura-grondahl/laura-grondahl-so-many-ways-print/","price":55.95,"currency":"USD","framed":false,"w":12,"h":16},{"vendor":"desenio","url":"https://desenio.com/p/posters-prints/featured-artists/laura-grondahl/laura-grondahl-so-many-ways-print/","price":91.95,"currency":"USD","framed":false,"w":20,"h":28}]
des-nephthys-foster-mon-cheri-no2	Nephthys Foster	https://desenio.com/p/posters-prints/featured-artists/nephthys-foster/nephthys-foster-mon-cheri-no2-print/	Mon Cheri No2	print	abstract	https://media.desenio.com/site_images/685d668bcaacebb10a60bbe2_1455705086_17907-8.jpg?auto=compress%2Cformat&fit=max&w=640	[{"vendor":"desenio","url":"https://desenio.com/p/posters-prints/featured-artists/nephthys-foster/nephthys-foster-mon-cheri-no2-print/","price":29.95,"currency":"USD","framed":false,"w":8,"h":12},{"vendor":"desenio","url":"https://desenio.com/p/posters-prints/featured-artists/nephthys-foster/nephthys-foster-mon-cheri-no2-print/","price":45.95,"currency":"USD","framed":false,"w":12,"h":16},{"vendor":"desenio","url":"https://desenio.com/p/posters-prints/featured-artists/nephthys-foster/nephthys-foster-mon-cheri-no2-print/","price":73.45,"currency":"USD","framed":false,"w":20,"h":28}]
des-sophia-novosel-the-waiting-girl	Sophia Novosel	https://desenio.com/p/posters-prints/featured-artists/sophia-novosel/sophia-novosel-the-waiting-girl-print/	The Waiting Girl	print	abstract	https://media.desenio.com/site_images/685dec5267fd6077b6f2f73e_123054821_pre0379-8.jpg?auto=compress%2Cformat&fit=max&w=640	[{"vendor":"desenio","url":"https://desenio.com/p/posters-prints/featured-artists/sophia-novosel/sophia-novosel-the-waiting-girl-print/","price":55.95,"currency":"USD","framed":false,"w":12,"h":16},{"vendor":"desenio","url":"https://desenio.com/p/posters-prints/featured-artists/sophia-novosel/sophia-novosel-the-waiting-girl-print/","price":91.95,"currency":"USD","framed":false,"w":20,"h":28}]
des-nephthys-foster-martini-party	Nephthys Foster	https://desenio.com/p/posters-prints/featured-artists/nephthys-foster/nephthys-foster-martini-party-print/	Martini Party	print	drinks	https://media.desenio.com/site_images/685dec6c67fd6077b6f2f740_220716234_pre0383-8.jpg?auto=compress%2Cformat&fit=max&w=640	[{"vendor":"desenio","url":"https://desenio.com/p/posters-prints/featured-artists/nephthys-foster/nephthys-foster-martini-party-print/","price":55.95,"currency":"USD","framed":false,"w":12,"h":16},{"vendor":"desenio","url":"https://desenio.com/p/posters-prints/featured-artists/nephthys-foster/nephthys-foster-martini-party-print/","price":91.95,"currency":"USD","framed":false,"w":20,"h":28}]
des-sophia-novosel-its-about-us	Sophia Novosel	https://desenio.com/p/posters-prints/featured-artists/sophia-novosel/sophia-novosel-its-about-us-print/	It's About Us	print	abstract	https://media.desenio.com/site_images/685dec5855f01038f8f48bb0_1958772547_pre0380-8.jpg?auto=compress%2Cformat&fit=max&w=640	[{"vendor":"desenio","url":"https://desenio.com/p/posters-prints/featured-artists/sophia-novosel/sophia-novosel-its-about-us-print/","price":55.95,"currency":"USD","framed":false,"w":12,"h":16},{"vendor":"desenio","url":"https://desenio.com/p/posters-prints/featured-artists/sophia-novosel/sophia-novosel-its-about-us-print/","price":91.95,"currency":"USD","framed":false,"w":20,"h":28}]
des-sophia-novosel-nous	Sophia Novosel	https://desenio.com/p/posters-prints/featured-artists/sophia-novosel/sophia-novosel-nous-print/	Nous	print	abstract	https://media.desenio.com/site_images/685dec498b7ca77dcb8afad5_2109500981_pre0378-8.jpg?auto=compress%2Cformat&fit=max&w=640	[{"vendor":"desenio","url":"https://desenio.com/p/posters-prints/featured-artists/sophia-novosel/sophia-novosel-nous-print/","price":55.95,"currency":"USD","framed":false,"w":12,"h":16},{"vendor":"desenio","url":"https://desenio.com/p/posters-prints/featured-artists/sophia-novosel/sophia-novosel-nous-print/","price":91.95,"currency":"USD","framed":false,"w":20,"h":28}]
des-eleanor-baker-sandys-in-austin	Eleanor Baker	https://desenio.com/p/posters-prints/featured-artists/eleanor-baker/eleanor-baker-sandys-in-austin-print/	Sandy's in Austin	print	abstract	https://media.desenio.com/site_images/685debf997bfddc5cb9dbd37_213692857_pre0366-8.jpg?auto=compress%2Cformat&fit=max&w=640	[{"vendor":"desenio","url":"https://desenio.com/p/posters-prints/featured-artists/eleanor-baker/eleanor-baker-sandys-in-austin-print/","price":55.95,"currency":"USD","framed":false,"w":12,"h":16},{"vendor":"desenio","url":"https://desenio.com/p/posters-prints/featured-artists/eleanor-baker/eleanor-baker-sandys-in-austin-print/","price":91.95,"currency":"USD","framed":false,"w":20,"h":28}]
des-karina-jambrak-freedom-bird	Karina Jambrak	https://desenio.com/p/posters-prints/featured-artists/karina-jambrak/karina-jambrak-freedom-bird-print/	Freedom Bird	print	abstract	https://media.desenio.com/site_images/685dec0697bfddc5cb9dbd39_903641980_pre0368-8.jpg?auto=compress%2Cformat&fit=max&w=640	[{"vendor":"desenio","url":"https://desenio.com/p/posters-prints/featured-artists/karina-jambrak/karina-jambrak-freedom-bird-print/","price":55.95,"currency":"USD","framed":false,"w":12,"h":16},{"vendor":"desenio","url":"https://desenio.com/p/posters-prints/featured-artists/karina-jambrak/karina-jambrak-freedom-bird-print/","price":91.95,"currency":"USD","framed":false,"w":20,"h":28}]
des-karina-jambrak-growth	Karina Jambrak	https://desenio.com/p/posters-prints/featured-artists/karina-jambrak/karina-jambrak-growth-print/	Growth	print	abstract	https://media.desenio.com/site_images/685dec0c8fdef2fa155e1c85_878431649_pre0369-8.jpg?auto=compress%2Cformat&fit=max&w=640	[{"vendor":"desenio","url":"https://desenio.com/p/posters-prints/featured-artists/karina-jambrak/karina-jambrak-growth-print/","price":55.95,"currency":"USD","framed":false,"w":12,"h":16},{"vendor":"desenio","url":"https://desenio.com/p/posters-prints/featured-artists/karina-jambrak/karina-jambrak-growth-print/","price":91.95,"currency":"USD","framed":false,"w":20,"h":28}]
des-eleanor-baker-sunrise-ride	Eleanor Baker	https://desenio.com/p/posters-prints/featured-artists/eleanor-baker/eleanor-baker-sunrise-ride-print/	Sunrise Ride	print	abstract	https://media.desenio.com/site_images/685debf397bfddc5cb9dbd35_2083416289_pre0365-8.jpg?auto=compress%2Cformat&fit=max&w=640	[{"vendor":"desenio","url":"https://desenio.com/p/posters-prints/featured-artists/eleanor-baker/eleanor-baker-sunrise-ride-print/","price":55.95,"currency":"USD","framed":false,"w":12,"h":16},{"vendor":"desenio","url":"https://desenio.com/p/posters-prints/featured-artists/eleanor-baker/eleanor-baker-sunrise-ride-print/","price":91.95,"currency":"USD","framed":false,"w":20,"h":28}]
des-eleanor-baker-hollywood-dream	Eleanor Baker	https://desenio.com/p/posters-prints/featured-artists/eleanor-baker/eleanor-baker-hollywood-dream-print/	Hollywood Dream	print	abstract	https://media.desenio.com/site_images/685debedcaacebb10a60d6b2_2102057796_pre0364-8.jpg?auto=compress%2Cformat&fit=max&w=640	[{"vendor":"desenio","url":"https://desenio.com/p/posters-prints/featured-artists/eleanor-baker/eleanor-baker-hollywood-dream-print/","price":55.95,"currency":"USD","framed":false,"w":12,"h":16},{"vendor":"desenio","url":"https://desenio.com/p/posters-prints/featured-artists/eleanor-baker/eleanor-baker-hollywood-dream-print/","price":91.95,"currency":"USD","framed":false,"w":20,"h":28}]
des-megan-galante-orchid-portrait	Megan Galante	https://desenio.com/p/posters-prints/aw23-trends/whimsical-wonderland/megan-galante-orchid-portrait-print/	Orchid Portrait	print	figure	https://media.desenio.com/site_images/685debac97bfddc5cb9dbd28_126619187_pre0355-8.jpg?auto=compress%2Cformat&fit=max&w=640	[{"vendor":"desenio","url":"https://desenio.com/p/posters-prints/aw23-trends/whimsical-wonderland/megan-galante-orchid-portrait-print/","price":55.95,"currency":"USD","framed":false,"w":12,"h":16},{"vendor":"desenio","url":"https://desenio.com/p/posters-prints/aw23-trends/whimsical-wonderland/megan-galante-orchid-portrait-print/","price":91.95,"currency":"USD","framed":false,"w":20,"h":28}]
des-megan-galante-clover-floral	Megan Galante	https://desenio.com/p/posters-prints/featured-artists/megan-galante/megan-galante-clover-floral-print/	Clover Floral	print	flowers	https://media.desenio.com/site_images/685debb297bfddc5cb9dbd29_782764210_pre0356-8.jpg?auto=compress%2Cformat&fit=max&w=640	[{"vendor":"desenio","url":"https://desenio.com/p/posters-prints/featured-artists/megan-galante/megan-galante-clover-floral-print/","price":55.95,"currency":"USD","framed":false,"w":12,"h":16},{"vendor":"desenio","url":"https://desenio.com/p/posters-prints/featured-artists/megan-galante/megan-galante-clover-floral-print/","price":91.95,"currency":"USD","framed":false,"w":20,"h":28}]
des-karina-jambrak-gala	Karina Jambrak	https://desenio.com/p/posters-prints/featured-artists/karina-jambrak/karina-jambrak-gala-print/	Gala	print	abstract	https://media.desenio.com/site_images/685dec138fdef2fa155e1c86_263728638_pre0370-8.jpg?auto=compress%2Cformat&fit=max&w=640	[{"vendor":"desenio","url":"https://desenio.com/p/posters-prints/featured-artists/karina-jambrak/karina-jambrak-gala-print/","price":55.95,"currency":"USD","framed":false,"w":12,"h":16},{"vendor":"desenio","url":"https://desenio.com/p/posters-prints/featured-artists/karina-jambrak/karina-jambrak-gala-print/","price":91.95,"currency":"USD","framed":false,"w":20,"h":28}]
des-megan-galante-california-poppy	Megan Galante	https://desenio.com/p/posters-prints/aw23-trends/whimsical-wonderland/megan-galante-california-poppy-print/	California Poppy	print	abstract	https://media.desenio.com/site_images/685deba58fdef2fa155e1c74_926122410_pre0354-8.jpg?auto=compress%2Cformat&fit=max&w=640	[{"vendor":"desenio","url":"https://desenio.com/p/posters-prints/aw23-trends/whimsical-wonderland/megan-galante-california-poppy-print/","price":55.95,"currency":"USD","framed":false,"w":12,"h":16},{"vendor":"desenio","url":"https://desenio.com/p/posters-prints/aw23-trends/whimsical-wonderland/megan-galante-california-poppy-print/","price":91.95,"currency":"USD","framed":false,"w":20,"h":28}]
des-britty-flynn-orange-vase	Britty Flynn	https://desenio.com/p/posters-prints/featured-artists/britty-flynn/britty-flynn-orange-vase-print/	Orange Vase	print	objects	https://media.desenio.com/site_images/685dbcf48fdef2fa155e160d_1952299477_PRE0334-8.jpg?auto=compress%2Cformat&fit=max&w=640	[{"vendor":"desenio","url":"https://desenio.com/p/posters-prints/featured-artists/britty-flynn/britty-flynn-orange-vase-print/","price":55.95,"currency":"USD","framed":false,"w":12,"h":16},{"vendor":"desenio","url":"https://desenio.com/p/posters-prints/featured-artists/britty-flynn/britty-flynn-orange-vase-print/","price":91.95,"currency":"USD","framed":false,"w":20,"h":28}]
des-britty-flynn-lobster	Britty Flynn	https://desenio.com/p/posters-prints/featured-artists/britty-flynn/britty-flynn-lobster-print/	Lobster	print	abstract	https://media.desenio.com/site_images/685dbcfbcaacebb10a60d096_542251519_PRE0335-8.jpg?auto=compress%2Cformat&fit=max&w=640	[{"vendor":"desenio","url":"https://desenio.com/p/posters-prints/featured-artists/britty-flynn/britty-flynn-lobster-print/","price":55.95,"currency":"USD","framed":false,"w":12,"h":16},{"vendor":"desenio","url":"https://desenio.com/p/posters-prints/featured-artists/britty-flynn/britty-flynn-lobster-print/","price":91.95,"currency":"USD","framed":false,"w":20,"h":28}]
des-richard-podgurski-ocean-dip	Richard Podgurski	https://desenio.com/p/posters-prints/featured-artists/richard-podgurski/richard-podgurski-ocean-dip-print/	Ocean Dip	print	coast	https://media.desenio.com/site_images/685dbd3c67fd6077b6f2f158_1723609021_PRE0344-8.jpg?auto=compress%2Cformat&fit=max&w=640	[{"vendor":"desenio","url":"https://desenio.com/p/posters-prints/featured-artists/richard-podgurski/richard-podgurski-ocean-dip-print/","price":55.95,"currency":"USD","framed":false,"w":12,"h":16},{"vendor":"desenio","url":"https://desenio.com/p/posters-prints/featured-artists/richard-podgurski/richard-podgurski-ocean-dip-print/","price":91.95,"currency":"USD","framed":false,"w":20,"h":28}]
des-britty-flynn-another-martini	Britty Flynn	https://desenio.com/p/posters-prints/featured-artists/britty-flynn/britty-flynn-another-martini-print/	Another Martini	print	drinks	https://media.desenio.com/site_images/685dbced55f01038f8f48528_436750251_PRE0333-8.jpg?auto=compress%2Cformat&fit=max&w=640	[{"vendor":"desenio","url":"https://desenio.com/p/posters-prints/featured-artists/britty-flynn/britty-flynn-another-martini-print/","price":55.95,"currency":"USD","framed":false,"w":12,"h":16},{"vendor":"desenio","url":"https://desenio.com/p/posters-prints/featured-artists/britty-flynn/britty-flynn-another-martini-print/","price":91.95,"currency":"USD","framed":false,"w":20,"h":28}]
des-rebecca-zwanzig-of-high-west-wild-ma	Rebecca Zwanzig	https://desenio.com/p/posters-prints/featured-artists/high-west-wild/rebecca-zwanzig-of-high-west-wild-maeve-print/	Maeve	print	abstract	https://media.desenio.com/site_images/685dbcb497bfddc5cb9db704_1432099001_PRE0325-8.jpg?auto=compress%2Cformat&fit=max&w=640	[{"vendor":"desenio","url":"https://desenio.com/p/posters-prints/featured-artists/high-west-wild/rebecca-zwanzig-of-high-west-wild-maeve-print/","price":55.95,"currency":"USD","framed":false,"w":12,"h":16},{"vendor":"desenio","url":"https://desenio.com/p/posters-prints/featured-artists/high-west-wild/rebecca-zwanzig-of-high-west-wild-maeve-print/","price":91.95,"currency":"USD","framed":false,"w":20,"h":28}]
des-richard-podgurski-paddle-battle	Richard Podgurski	https://desenio.com/p/posters-prints/featured-artists/richard-podgurski/richard-podgurski-paddle-battle-print/	Paddle Battle	print	abstract	https://media.desenio.com/site_images/685dbd4a55f01038f8f4852b_67761478_PRE0346-8.jpg?auto=compress%2Cformat&fit=max&w=640	[{"vendor":"desenio","url":"https://desenio.com/p/posters-prints/featured-artists/richard-podgurski/richard-podgurski-paddle-battle-print/","price":55.95,"currency":"USD","framed":false,"w":12,"h":16},{"vendor":"desenio","url":"https://desenio.com/p/posters-prints/featured-artists/richard-podgurski/richard-podgurski-paddle-battle-print/","price":91.95,"currency":"USD","framed":false,"w":20,"h":28}]
des-richard-podgurski-desert-beach	Richard Podgurski	https://desenio.com/p/posters-prints/featured-artists/richard-podgurski/richard-podgurski-desert-beach-print/	Desert Beach	print	beach	https://media.desenio.com/site_images/685dbd4397bfddc5cb9db713_1533615984_PRE0345-8.jpg?auto=compress%2Cformat&fit=max&w=640	[{"vendor":"desenio","url":"https://desenio.com/p/posters-prints/featured-artists/richard-podgurski/richard-podgurski-desert-beach-print/","price":55.95,"currency":"USD","framed":false,"w":12,"h":16},{"vendor":"desenio","url":"https://desenio.com/p/posters-prints/featured-artists/richard-podgurski/richard-podgurski-desert-beach-print/","price":91.95,"currency":"USD","framed":false,"w":20,"h":28}]
des-anna-brandt-ciel-du-mattina	Anna Brandt	https://desenio.com/p/posters-prints/featured-artists/anna-brandt/anna-brandt-ciel-du-mattina-print/	Ciel Du Mattina	print	abstract	https://media.desenio.com/site_images/685dbc808fdef2fa155e1608_797439827_PRE0319-8.jpg?auto=compress%2Cformat&fit=max&w=640	[{"vendor":"desenio","url":"https://desenio.com/p/posters-prints/featured-artists/anna-brandt/anna-brandt-ciel-du-mattina-print/","price":55.95,"currency":"USD","framed":false,"w":12,"h":16},{"vendor":"desenio","url":"https://desenio.com/p/posters-prints/featured-artists/anna-brandt/anna-brandt-ciel-du-mattina-print/","price":91.95,"currency":"USD","framed":false,"w":20,"h":28}]
des-anna-brandt-lavaux	Anna Brandt	https://desenio.com/p/posters-prints/featured-artists/anna-brandt/anna-brandt-lavaux-print/	Lavaux	print	abstract	https://media.desenio.com/site_images/685dbc7897bfddc5cb9db6fb_1129573958_PRE0318-8.jpg?auto=compress%2Cformat&fit=max&w=640	[{"vendor":"desenio","url":"https://desenio.com/p/posters-prints/featured-artists/anna-brandt/anna-brandt-lavaux-print/","price":55.95,"currency":"USD","framed":false,"w":12,"h":16},{"vendor":"desenio","url":"https://desenio.com/p/posters-prints/featured-artists/anna-brandt/anna-brandt-lavaux-print/","price":91.95,"currency":"USD","framed":false,"w":20,"h":28}]
des-rebecca-zwanzig-of-high-west-wild-pa	Rebecca Zwanzig	https://desenio.com/p/posters-prints/featured-artists/high-west-wild/rebecca-zwanzig-of-high-west-wild-paige-print/	Paige	print	abstract	https://media.desenio.com/site_images/685dbccb55f01038f8f48525_2083535994_PRE0329-8.jpg?auto=compress%2Cformat&fit=max&w=640	[{"vendor":"desenio","url":"https://desenio.com/p/posters-prints/featured-artists/high-west-wild/rebecca-zwanzig-of-high-west-wild-paige-print/","price":55.95,"currency":"USD","framed":false,"w":12,"h":16},{"vendor":"desenio","url":"https://desenio.com/p/posters-prints/featured-artists/high-west-wild/rebecca-zwanzig-of-high-west-wild-paige-print/","price":91.95,"currency":"USD","framed":false,"w":20,"h":28}]
des-tracie-andrews-jardin	Tracie Andrews	https://desenio.com/p/posters-prints/featured-artists/tracie-andrews/tracie-andrews-jardin-print/	Jardin	print	abstract	https://media.desenio.com/site_images/685df027caacebb10a60d6f2_1691458276_pre0518-8.jpg?auto=compress%2Cformat&fit=max&w=640	[{"vendor":"desenio","url":"https://desenio.com/p/posters-prints/featured-artists/tracie-andrews/tracie-andrews-jardin-print/","price":55.95,"currency":"USD","framed":false,"w":12,"h":16},{"vendor":"desenio","url":"https://desenio.com/p/posters-prints/featured-artists/tracie-andrews/tracie-andrews-jardin-print/","price":91.95,"currency":"USD","framed":false,"w":20,"h":28}]
des-anna-brandt-autunno	Anna Brandt	https://desenio.com/p/posters-prints/featured-artists/anna-brandt/anna-brandt-autunno-print/	Autunno	print	abstract	https://media.desenio.com/site_images/685dbc8955f01038f8f48521_1950599781_PRE0320-8.jpg?auto=compress%2Cformat&fit=max&w=640	[{"vendor":"desenio","url":"https://desenio.com/p/posters-prints/featured-artists/anna-brandt/anna-brandt-autunno-print/","price":55.95,"currency":"USD","framed":false,"w":12,"h":16},{"vendor":"desenio","url":"https://desenio.com/p/posters-prints/featured-artists/anna-brandt/anna-brandt-autunno-print/","price":91.95,"currency":"USD","framed":false,"w":20,"h":28}]
des-tracie-andrews-tetrad	Tracie Andrews	https://desenio.com/p/posters-prints/featured-artists/tracie-andrews/tracie-andrews-tetrad-print/	Tetrad	print	abstract	https://media.desenio.com/site_images/685df02d97bfddc5cb9dbd84_108163909_pre0519-8.jpg?auto=compress%2Cformat&fit=max&w=640	[{"vendor":"desenio","url":"https://desenio.com/p/posters-prints/featured-artists/tracie-andrews/tracie-andrews-tetrad-print/","price":55.95,"currency":"USD","framed":false,"w":12,"h":16},{"vendor":"desenio","url":"https://desenio.com/p/posters-prints/featured-artists/tracie-andrews/tracie-andrews-tetrad-print/","price":91.95,"currency":"USD","framed":false,"w":20,"h":28}]
des-the-print-republic-abstract-blue-lin	The Print Republic	https://desenio.com/p/posters-prints/featured-artists/the-print-republic/the-print-republic-abstract-blue-lines-print/	Abstract Blue Lines	print	lines	https://media.desenio.com/site_images/685dbc35caacebb10a60d087_594176406_PRE0310-8.jpg?auto=compress%2Cformat&fit=max&w=640	[{"vendor":"desenio","url":"https://desenio.com/p/posters-prints/featured-artists/the-print-republic/the-print-republic-abstract-blue-lines-print/","price":55.95,"currency":"USD","framed":false,"w":12,"h":16},{"vendor":"desenio","url":"https://desenio.com/p/posters-prints/featured-artists/the-print-republic/the-print-republic-abstract-blue-lines-print/","price":91.95,"currency":"USD","framed":false,"w":20,"h":28}]
des-the-print-republic-blue-still-life-p	The Print Republic	https://desenio.com/p/posters-prints/featured-artists/the-print-republic/the-print-republic-blue-still-life-print-no1-print/	Blue Still Life No1	print	objects	https://media.desenio.com/site_images/685dbc2767fd6077b6f2f140_221629402_PRE0308-8.jpg?auto=compress%2Cformat&fit=max&w=640	[{"vendor":"desenio","url":"https://desenio.com/p/posters-prints/featured-artists/the-print-republic/the-print-republic-blue-still-life-print-no1-print/","price":55.95,"currency":"USD","framed":false,"w":12,"h":16},{"vendor":"desenio","url":"https://desenio.com/p/posters-prints/featured-artists/the-print-republic/the-print-republic-blue-still-life-print-no1-print/","price":91.95,"currency":"USD","framed":false,"w":20,"h":28}]
des-the-print-republic-blue-still-life-p-2	The Print Republic	https://desenio.com/p/posters-prints/featured-artists/the-print-republic/the-print-republic-blue-still-life-print-no2-print/	Blue Still Life No2	print	objects	https://media.desenio.com/site_images/685dbc2e8fdef2fa155e15ff_911292608_PRE0309-8.jpg?auto=compress%2Cformat&fit=max&w=640	[{"vendor":"desenio","url":"https://desenio.com/p/posters-prints/featured-artists/the-print-republic/the-print-republic-blue-still-life-print-no2-print/","price":55.95,"currency":"USD","framed":false,"w":12,"h":16},{"vendor":"desenio","url":"https://desenio.com/p/posters-prints/featured-artists/the-print-republic/the-print-republic-blue-still-life-print-no2-print/","price":91.95,"currency":"USD","framed":false,"w":20,"h":28}]
des-van-gogh-river-bank-in-springtime	Vincent van Gogh	https://desenio.com/p/posters-prints/famous-painters/van-gogh/van-gogh-river-bank-in-springtime-print/	River Bank in Springtime	painting	water	https://media.desenio.com/site_images/685d6ff28fdef2fa155e051f_507236513_18167-8.jpg?auto=compress%2Cformat&fit=max&w=640	[{"vendor":"desenio","url":"https://desenio.com/p/posters-prints/famous-painters/van-gogh/van-gogh-river-bank-in-springtime-print/","price":17.97,"currency":"USD","framed":false,"w":8,"h":12},{"vendor":"desenio","url":"https://desenio.com/p/posters-prints/famous-painters/van-gogh/van-gogh-river-bank-in-springtime-print/","price":27.57,"currency":"USD","framed":false,"w":12,"h":16},{"vendor":"desenio","url":"https://desenio.com/p/posters-prints/famous-painters/van-gogh/van-gogh-river-bank-in-springtime-print/","price":32.37,"currency":"USD","framed":false,"w":16,"h":20},{"vendor":"desenio","url":"https://desenio.com/p/posters-prints/famous-painters/van-gogh/van-gogh-river-bank-in-springtime-print/","price":44.07,"currency":"USD","framed":false,"w":20,"h":28},{"vendor":"desenio","url":"https://desenio.com/p/posters-prints/famous-painters/van-gogh/van-gogh-river-bank-in-springtime-print/","price":58.8,"currency":"USD","framed":false,"w":28,"h":39}]
des-tracie-andrews-cyra	Tracie Andrews	https://desenio.com/p/posters-prints/featured-artists/tracie-andrews/tracie-andrews-cyra-print/	Cyra	print	abstract	https://media.desenio.com/site_images/68597f63227f10efd5fe4681_1844796219_11091-8.jpg?auto=compress%2Cformat&fit=max&w=640	[{"vendor":"desenio","url":"https://desenio.com/p/posters-prints/featured-artists/tracie-andrews/tracie-andrews-cyra-print/","price":55.95,"currency":"USD","framed":false,"w":12,"h":16},{"vendor":"desenio","url":"https://desenio.com/p/posters-prints/featured-artists/tracie-andrews/tracie-andrews-cyra-print/","price":70.95,"currency":"USD","framed":false,"w":16,"h":20},{"vendor":"desenio","url":"https://desenio.com/p/posters-prints/featured-artists/tracie-andrews/tracie-andrews-cyra-print/","price":91.95,"currency":"USD","framed":false,"w":20,"h":28},{"vendor":"desenio","url":"https://desenio.com/p/posters-prints/featured-artists/tracie-andrews/tracie-andrews-cyra-print/","price":107,"currency":"USD","framed":false,"w":28,"h":39}]
des-van-gogh-the-starry-night	Vincent van Gogh	https://desenio.com/p/posters-prints/famous-painters/van-gogh/van-gogh-the-starry-night-print/	The Starry Night	painting	abstract	https://media.desenio.com/site_images/685c3de79ba509224c947c66_1632526800_15952-8.jpg?auto=compress%2Cformat&fit=max&w=640	[{"vendor":"desenio","url":"https://desenio.com/p/posters-prints/famous-painters/van-gogh/van-gogh-the-starry-night-print/","price":17.97,"currency":"USD","framed":false,"w":8,"h":12},{"vendor":"desenio","url":"https://desenio.com/p/posters-prints/famous-painters/van-gogh/van-gogh-the-starry-night-print/","price":44.07,"currency":"USD","framed":false,"w":20,"h":28}]
des-monet-etretat-the-beach-and-the-fala	Claude Monet	https://desenio.com/p/posters-prints/famous-painters/monet-prints/monet-etretat-the-beach-and-the-falaise-damont-print/	Etretat, the Beach	painting	beach	https://media.desenio.com/site_images/685c46489ba509224c947d84_165905292_16192-8.jpg?auto=compress%2Cformat&fit=max&w=640	[{"vendor":"desenio","url":"https://desenio.com/p/posters-prints/famous-painters/monet-prints/monet-etretat-the-beach-and-the-falaise-damont-print/","price":17.97,"currency":"USD","framed":false,"w":8,"h":12},{"vendor":"desenio","url":"https://desenio.com/p/posters-prints/famous-painters/monet-prints/monet-etretat-the-beach-and-the-falaise-damont-print/","price":27.57,"currency":"USD","framed":false,"w":12,"h":16},{"vendor":"desenio","url":"https://desenio.com/p/posters-prints/famous-painters/monet-prints/monet-etretat-the-beach-and-the-falaise-damont-print/","price":32.37,"currency":"USD","framed":false,"w":16,"h":20},{"vendor":"desenio","url":"https://desenio.com/p/posters-prints/famous-painters/monet-prints/monet-etretat-the-beach-and-the-falaise-damont-print/","price":44.07,"currency":"USD","framed":false,"w":20,"h":28},{"vendor":"desenio","url":"https://desenio.com/p/posters-prints/famous-painters/monet-prints/monet-etretat-the-beach-and-the-falaise-damont-print/","price":58.8,"currency":"USD","framed":false,"w":28,"h":39}]
des-van-gogh-garden-at-arles	Vincent van Gogh	https://desenio.com/p/posters-prints/famous-painters/van-gogh/van-gogh-garden-at-arles-print/	Garden at Arles	painting	abstract	https://media.desenio.com/site_images/685d6d469ba509224c94bdf1_1709395799_18101-8.jpg?auto=compress%2Cformat&fit=max&w=640	[{"vendor":"desenio","url":"https://desenio.com/p/posters-prints/famous-painters/van-gogh/van-gogh-garden-at-arles-print/","price":17.97,"currency":"USD","framed":false,"w":8,"h":12},{"vendor":"desenio","url":"https://desenio.com/p/posters-prints/famous-painters/van-gogh/van-gogh-garden-at-arles-print/","price":27.57,"currency":"USD","framed":false,"w":12,"h":16},{"vendor":"desenio","url":"https://desenio.com/p/posters-prints/famous-painters/van-gogh/van-gogh-garden-at-arles-print/","price":32.37,"currency":"USD","framed":false,"w":16,"h":20},{"vendor":"desenio","url":"https://desenio.com/p/posters-prints/famous-painters/van-gogh/van-gogh-garden-at-arles-print/","price":44.07,"currency":"USD","framed":false,"w":20,"h":28},{"vendor":"desenio","url":"https://desenio.com/p/posters-prints/famous-painters/van-gogh/van-gogh-garden-at-arles-print/","price":58.8,"currency":"USD","framed":false,"w":28,"h":39}]
des-monet-bridge-over-a-pond-of-water-li	Claude Monet	https://desenio.com/p/posters-prints/famous-painters/monet-prints/monet-bridge-over-a-pond-of-water-lilies-print/	Bridge over Water Lilies	painting	water	https://media.desenio.com/site_images/685c3d91fc772173309908e9_1814870163_15945-8.jpg?auto=compress%2Cformat&fit=max&w=640	[{"vendor":"desenio","url":"https://desenio.com/p/posters-prints/famous-painters/monet-prints/monet-bridge-over-a-pond-of-water-lilies-print/","price":17.97,"currency":"USD","framed":false,"w":8,"h":12},{"vendor":"desenio","url":"https://desenio.com/p/posters-prints/famous-painters/monet-prints/monet-bridge-over-a-pond-of-water-lilies-print/","price":27.57,"currency":"USD","framed":false,"w":12,"h":16},{"vendor":"desenio","url":"https://desenio.com/p/posters-prints/famous-painters/monet-prints/monet-bridge-over-a-pond-of-water-lilies-print/","price":32.37,"currency":"USD","framed":false,"w":16,"h":20},{"vendor":"desenio","url":"https://desenio.com/p/posters-prints/famous-painters/monet-prints/monet-bridge-over-a-pond-of-water-lilies-print/","price":44.07,"currency":"USD","framed":false,"w":20,"h":28},{"vendor":"desenio","url":"https://desenio.com/p/posters-prints/famous-painters/monet-prints/monet-bridge-over-a-pond-of-water-lilies-print/","price":58.8,"currency":"USD","framed":false,"w":28,"h":39}]
des-william-morris-willow-bough	William Morris	https://desenio.com/p/posters-prints/famous-painters/william-morris/william-morris-willow-bough-print/	Willow Bough	painting	abstract	https://media.desenio.com/site_images/685c436efc772173309909e7_462395153_16099-8.jpg?auto=compress%2Cformat&fit=max&w=640	[{"vendor":"desenio","url":"https://desenio.com/p/posters-prints/famous-painters/william-morris/william-morris-willow-bough-print/","price":17.97,"currency":"USD","framed":false,"w":8,"h":12},{"vendor":"desenio","url":"https://desenio.com/p/posters-prints/famous-painters/william-morris/william-morris-willow-bough-print/","price":27.57,"currency":"USD","framed":false,"w":12,"h":16},{"vendor":"desenio","url":"https://desenio.com/p/posters-prints/famous-painters/william-morris/william-morris-willow-bough-print/","price":32.37,"currency":"USD","framed":false,"w":16,"h":20},{"vendor":"desenio","url":"https://desenio.com/p/posters-prints/famous-painters/william-morris/william-morris-willow-bough-print/","price":44.07,"currency":"USD","framed":false,"w":20,"h":28},{"vendor":"desenio","url":"https://desenio.com/p/posters-prints/famous-painters/william-morris/william-morris-willow-bough-print/","price":58.8,"currency":"USD","framed":false,"w":28,"h":39},{"vendor":"desenio","url":"https://desenio.com/p/posters-prints/famous-painters/william-morris/william-morris-willow-bough-print/","price":127.8,"currency":"USD","framed":false,"w":39,"h":59}]
des-matisse-the-plane-tree	Henri Matisse	https://desenio.com/p/posters-prints/famous-painters/matisse/matisse-the-plane-tree-print/	The Plane Tree	painting	graphic	https://media.desenio.com/site_images/685d85168fdef2fa155e0a30_178203174_18681-8.jpg?auto=compress%2Cformat&fit=max&w=640	[{"vendor":"desenio","url":"https://desenio.com/p/posters-prints/famous-painters/matisse/matisse-the-plane-tree-print/","price":27.57,"currency":"USD","framed":false,"w":12,"h":16},{"vendor":"desenio","url":"https://desenio.com/p/posters-prints/famous-painters/matisse/matisse-the-plane-tree-print/","price":44.07,"currency":"USD","framed":false,"w":20,"h":28}]
des-matisse-open-window	Henri Matisse	https://desenio.com/p/posters-prints/famous-painters/matisse/matisse-open-window-print/	Open Window	painting	graphic	https://media.desenio.com/site_images/685d6d89caacebb10a60bd3f_2039105516_18110-8.jpg?auto=compress%2Cformat&fit=max&w=640	[{"vendor":"desenio","url":"https://desenio.com/p/posters-prints/famous-painters/matisse/matisse-open-window-print/","price":27.57,"currency":"USD","framed":false,"w":12,"h":16},{"vendor":"desenio","url":"https://desenio.com/p/posters-prints/famous-painters/matisse/matisse-open-window-print/","price":44.07,"currency":"USD","framed":false,"w":20,"h":28}]
des-monet-poppy-fields-near-argenteuil	Claude Monet	https://desenio.com/p/posters-prints/famous-painters/monet-prints/monet-poppy-fields-near-argenteuil-print/	Poppy Fields near Argenteuil	painting	landscape	https://media.desenio.com/site_images/685d7d409ba509224c94c1c0_1851692519_18460-8.jpg?auto=compress%2Cformat&fit=max&w=640	[{"vendor":"desenio","url":"https://desenio.com/p/posters-prints/famous-painters/monet-prints/monet-poppy-fields-near-argenteuil-print/","price":17.97,"currency":"USD","framed":false,"w":8,"h":12},{"vendor":"desenio","url":"https://desenio.com/p/posters-prints/famous-painters/monet-prints/monet-poppy-fields-near-argenteuil-print/","price":27.57,"currency":"USD","framed":false,"w":12,"h":16},{"vendor":"desenio","url":"https://desenio.com/p/posters-prints/famous-painters/monet-prints/monet-poppy-fields-near-argenteuil-print/","price":32.37,"currency":"USD","framed":false,"w":16,"h":20},{"vendor":"desenio","url":"https://desenio.com/p/posters-prints/famous-painters/monet-prints/monet-poppy-fields-near-argenteuil-print/","price":44.07,"currency":"USD","framed":false,"w":20,"h":28}]
des-bauhaus-ausstellung	Bauhaus	https://desenio.com/p/posters-prints/famous-painters/bauhaus/bauhaus-ausstellung-print/	Bauhaus Ausstellung	painting	architecture	https://media.desenio.com/site_images/685c969e8b7ca77dcb8ab2d6_479462517_17851-8.jpg?auto=compress%2Cformat&fit=max&w=640	[{"vendor":"desenio","url":"https://desenio.com/p/posters-prints/famous-painters/bauhaus/bauhaus-ausstellung-print/","price":17.97,"currency":"USD","framed":false,"w":8,"h":12},{"vendor":"desenio","url":"https://desenio.com/p/posters-prints/famous-painters/bauhaus/bauhaus-ausstellung-print/","price":44.07,"currency":"USD","framed":false,"w":20,"h":28}]
des-matisse-blue-nude-ii	Henri Matisse	https://desenio.com/p/posters-prints/famous-painters/matisse/matisse-blue-nude-ii-print/	Blue Nude II	painting	graphic	https://media.desenio.com/site_images/685d6d6a67fd6077b6f2de6f_692912786_18106-8.jpg?auto=compress%2Cformat&fit=max&w=640	[{"vendor":"desenio","url":"https://desenio.com/p/posters-prints/famous-painters/matisse/matisse-blue-nude-ii-print/","price":27.57,"currency":"USD","framed":false,"w":12,"h":16},{"vendor":"desenio","url":"https://desenio.com/p/posters-prints/famous-painters/matisse/matisse-blue-nude-ii-print/","price":44.07,"currency":"USD","framed":false,"w":20,"h":28},{"vendor":"desenio","url":"https://desenio.com/p/posters-prints/famous-painters/matisse/matisse-blue-nude-ii-print/","price":58.8,"currency":"USD","framed":false,"w":28,"h":39}]
des-william-morris-cray	William Morris	https://desenio.com/p/posters-prints/aw23-trends/whimsical-wonderland/william-morris-cray-print/	Cray	painting	abstract	https://media.desenio.com/site_images/685d808f8fdef2fa155e09a2_824409865_18556-8.jpg?auto=compress%2Cformat&fit=max&w=640	[{"vendor":"desenio","url":"https://desenio.com/p/posters-prints/aw23-trends/whimsical-wonderland/william-morris-cray-print/","price":17.97,"currency":"USD","framed":false,"w":8,"h":12},{"vendor":"desenio","url":"https://desenio.com/p/posters-prints/aw23-trends/whimsical-wonderland/william-morris-cray-print/","price":27.57,"currency":"USD","framed":false,"w":12,"h":16},{"vendor":"desenio","url":"https://desenio.com/p/posters-prints/aw23-trends/whimsical-wonderland/william-morris-cray-print/","price":44.07,"currency":"USD","framed":false,"w":20,"h":28}]
des-william-morris-willow-bough-no2	William Morris	https://desenio.com/p/posters-prints/famous-painters/william-morris/william-morris-willow-bough-no2-print/	Willow Bough No2	painting	abstract	https://media.desenio.com/site_images/685d676ccaacebb10a60bc08_475704620_17934-8.jpg?auto=compress%2Cformat&fit=max&w=640	[{"vendor":"desenio","url":"https://desenio.com/p/posters-prints/famous-painters/william-morris/william-morris-willow-bough-no2-print/","price":17.97,"currency":"USD","framed":false,"w":8,"h":12},{"vendor":"desenio","url":"https://desenio.com/p/posters-prints/famous-painters/william-morris/william-morris-willow-bough-no2-print/","price":27.57,"currency":"USD","framed":false,"w":12,"h":16},{"vendor":"desenio","url":"https://desenio.com/p/posters-prints/famous-painters/william-morris/william-morris-willow-bough-no2-print/","price":32.37,"currency":"USD","framed":false,"w":16,"h":20},{"vendor":"desenio","url":"https://desenio.com/p/posters-prints/famous-painters/william-morris/william-morris-willow-bough-no2-print/","price":44.07,"currency":"USD","framed":false,"w":20,"h":28},{"vendor":"desenio","url":"https://desenio.com/p/posters-prints/famous-painters/william-morris/william-morris-willow-bough-no2-print/","price":58.8,"currency":"USD","framed":false,"w":28,"h":39}]
des-bauhaus-exhibition	Bauhaus	https://desenio.com/p/posters-prints/famous-painters/bauhaus/bauhaus-exhibition-print/	Bauhaus Exhibition	painting	architecture	https://media.desenio.com/site_images/685c968a8fdef2fa155dd76b_1673442120_17849-8.jpg?auto=compress%2Cformat&fit=max&w=640	[{"vendor":"desenio","url":"https://desenio.com/p/posters-prints/famous-painters/bauhaus/bauhaus-exhibition-print/","price":17.97,"currency":"USD","framed":false,"w":8,"h":12},{"vendor":"desenio","url":"https://desenio.com/p/posters-prints/famous-painters/bauhaus/bauhaus-exhibition-print/","price":27.57,"currency":"USD","framed":false,"w":12,"h":16},{"vendor":"desenio","url":"https://desenio.com/p/posters-prints/famous-painters/bauhaus/bauhaus-exhibition-print/","price":44.07,"currency":"USD","framed":false,"w":20,"h":28},{"vendor":"desenio","url":"https://desenio.com/p/posters-prints/famous-painters/bauhaus/bauhaus-exhibition-print/","price":58.8,"currency":"USD","framed":false,"w":28,"h":39}]
des-bauhaus-circles	Bauhaus	https://desenio.com/p/posters-prints/famous-painters/bauhaus/bauhaus-circles-print/	Bauhaus Circles	painting	architecture	https://media.desenio.com/site_images/685b347a20f7978d2595cbd8_1889222041_14743-8.jpg?auto=compress%2Cformat&fit=max&w=640	[{"vendor":"desenio","url":"https://desenio.com/p/posters-prints/famous-painters/bauhaus/bauhaus-circles-print/","price":27.57,"currency":"USD","framed":false,"w":12,"h":16},{"vendor":"desenio","url":"https://desenio.com/p/posters-prints/famous-painters/bauhaus/bauhaus-circles-print/","price":44.07,"currency":"USD","framed":false,"w":20,"h":28},{"vendor":"desenio","url":"https://desenio.com/p/posters-prints/famous-painters/bauhaus/bauhaus-circles-print/","price":127.8,"currency":"USD","framed":false,"w":39,"h":59}]
des-hokusai-the-great-wave-landscape	Katsushika Hokusai	https://desenio.com/p/posters-prints/famous-painters/hokusai/hokusai-the-great-wave-landscape-print/	The Great Wave	painting	coast	https://media.desenio.com/site_images/685c3e585bc2e6c81f1cbf14_563891567_15962-8.jpg?auto=compress%2Cformat&fit=max&w=640	[{"vendor":"desenio","url":"https://desenio.com/p/posters-prints/famous-painters/hokusai/hokusai-the-great-wave-landscape-print/","price":17.97,"currency":"USD","framed":false,"w":8,"h":12},{"vendor":"desenio","url":"https://desenio.com/p/posters-prints/famous-painters/hokusai/hokusai-the-great-wave-landscape-print/","price":27.57,"currency":"USD","framed":false,"w":12,"h":16},{"vendor":"desenio","url":"https://desenio.com/p/posters-prints/famous-painters/hokusai/hokusai-the-great-wave-landscape-print/","price":32.37,"currency":"USD","framed":false,"w":16,"h":20},{"vendor":"desenio","url":"https://desenio.com/p/posters-prints/famous-painters/hokusai/hokusai-the-great-wave-landscape-print/","price":44.07,"currency":"USD","framed":false,"w":20,"h":28},{"vendor":"desenio","url":"https://desenio.com/p/posters-prints/famous-painters/hokusai/hokusai-the-great-wave-landscape-print/","price":58.8,"currency":"USD","framed":false,"w":28,"h":39}]
des-print-the-ten-largest-childhood-no2-	Hilma af Klint	https://desenio.com/p/posters-prints/famous-painters/hilma-af-klint/print-the-ten-largest-childhood-no2-by-hilma-af-klint/	The Ten Largest, Childhood No2	painting	abstract	https://media.desenio.com/site_images/685c3d52fc772173309908e5_88127683_15940-8.jpg?auto=compress%2Cformat&fit=max&w=640	[{"vendor":"desenio","url":"https://desenio.com/p/posters-prints/famous-painters/hilma-af-klint/print-the-ten-largest-childhood-no2-by-hilma-af-klint/","price":17.97,"currency":"USD","framed":false,"w":8,"h":12},{"vendor":"desenio","url":"https://desenio.com/p/posters-prints/famous-painters/hilma-af-klint/print-the-ten-largest-childhood-no2-by-hilma-af-klint/","price":27.57,"currency":"USD","framed":false,"w":12,"h":16},{"vendor":"desenio","url":"https://desenio.com/p/posters-prints/famous-painters/hilma-af-klint/print-the-ten-largest-childhood-no2-by-hilma-af-klint/","price":32.37,"currency":"USD","framed":false,"w":16,"h":20},{"vendor":"desenio","url":"https://desenio.com/p/posters-prints/famous-painters/hilma-af-klint/print-the-ten-largest-childhood-no2-by-hilma-af-klint/","price":44.07,"currency":"USD","framed":false,"w":20,"h":28},{"vendor":"desenio","url":"https://desenio.com/p/posters-prints/famous-painters/hilma-af-klint/print-the-ten-largest-childhood-no2-by-hilma-af-klint/","price":58.8,"currency":"USD","framed":false,"w":28,"h":39},{"vendor":"desenio","url":"https://desenio.com/p/posters-prints/famous-painters/hilma-af-klint/print-the-ten-largest-childhood-no2-by-hilma-af-klint/","price":127.8,"currency":"USD","framed":false,"w":39,"h":59}]
des-hokusai-yoro-waterfall-in-mino-provi	Katsushika Hokusai	https://desenio.com/p/posters-prints/famous-painters/hokusai/hokusai-yoro-waterfall-in-mino-province-print/	Yoro Waterfall	painting	water	https://media.desenio.com/site_images/685c617a8b7ca77dcb8aa81d_1315632765_16725-8.jpg?auto=compress%2Cformat&fit=max&w=640	[{"vendor":"desenio","url":"https://desenio.com/p/posters-prints/famous-painters/hokusai/hokusai-yoro-waterfall-in-mino-province-print/","price":17.97,"currency":"USD","framed":false,"w":8,"h":12},{"vendor":"desenio","url":"https://desenio.com/p/posters-prints/famous-painters/hokusai/hokusai-yoro-waterfall-in-mino-province-print/","price":27.57,"currency":"USD","framed":false,"w":12,"h":16},{"vendor":"desenio","url":"https://desenio.com/p/posters-prints/famous-painters/hokusai/hokusai-yoro-waterfall-in-mino-province-print/","price":44.07,"currency":"USD","framed":false,"w":20,"h":28}]
des-print-the-ten-largest-no1-childhood-	Hilma af Klint	https://desenio.com/p/posters-prints/famous-painters/hilma-af-klint/print-the-ten-largest-no1-childhood-by-hilma-af-klint/	The Ten Largest, Childhood No1	painting	abstract	https://media.desenio.com/site_images/685c6ed767fd6077b6f2a87e_1994891364_17009-8.jpg?auto=compress%2Cformat&fit=max&w=640	[{"vendor":"desenio","url":"https://desenio.com/p/posters-prints/famous-painters/hilma-af-klint/print-the-ten-largest-no1-childhood-by-hilma-af-klint/","price":17.97,"currency":"USD","framed":false,"w":8,"h":12},{"vendor":"desenio","url":"https://desenio.com/p/posters-prints/famous-painters/hilma-af-klint/print-the-ten-largest-no1-childhood-by-hilma-af-klint/","price":58.8,"currency":"USD","framed":false,"w":28,"h":39}]
des-hokusai-kirifuri-waterfall-at-kuroka	Katsushika Hokusai	https://desenio.com/p/posters-prints/famous-painters/hokusai/hokusai-kirifuri-waterfall-at-kurokami-mountain-in-shimotsuke-print/	Kirifuri Waterfall	painting	water	https://media.desenio.com/site_images/685c6187cfde1217aabdbcf7_454296265_16726-8.jpg?auto=compress%2Cformat&fit=max&w=640	[{"vendor":"desenio","url":"https://desenio.com/p/posters-prints/famous-painters/hokusai/hokusai-kirifuri-waterfall-at-kurokami-mountain-in-shimotsuke-print/","price":17.97,"currency":"USD","framed":false,"w":8,"h":12},{"vendor":"desenio","url":"https://desenio.com/p/posters-prints/famous-painters/hokusai/hokusai-kirifuri-waterfall-at-kurokami-mountain-in-shimotsuke-print/","price":27.57,"currency":"USD","framed":false,"w":12,"h":16}]
des-print-the-ten-largest-adulthood-no7-	Hilma af Klint	https://desenio.com/p/posters-prints/famous-painters/hilma-af-klint/print-the-ten-largest-adulthood-no7-by-hilma-af-klint/	The Ten Largest, Adulthood No7	painting	abstract	https://media.desenio.com/site_images/685c3d40690d8af12d51ac35_1781561612_15939-8.jpg?auto=compress%2Cformat&fit=max&w=640	[{"vendor":"desenio","url":"https://desenio.com/p/posters-prints/famous-painters/hilma-af-klint/print-the-ten-largest-adulthood-no7-by-hilma-af-klint/","price":27.57,"currency":"USD","framed":false,"w":12,"h":16},{"vendor":"desenio","url":"https://desenio.com/p/posters-prints/famous-painters/hilma-af-klint/print-the-ten-largest-adulthood-no7-by-hilma-af-klint/","price":32.37,"currency":"USD","framed":false,"w":16,"h":20},{"vendor":"desenio","url":"https://desenio.com/p/posters-prints/famous-painters/hilma-af-klint/print-the-ten-largest-adulthood-no7-by-hilma-af-klint/","price":44.07,"currency":"USD","framed":false,"w":20,"h":28},{"vendor":"desenio","url":"https://desenio.com/p/posters-prints/famous-painters/hilma-af-klint/print-the-ten-largest-adulthood-no7-by-hilma-af-klint/","price":58.8,"currency":"USD","framed":false,"w":28,"h":39},{"vendor":"desenio","url":"https://desenio.com/p/posters-prints/famous-painters/hilma-af-klint/print-the-ten-largest-adulthood-no7-by-hilma-af-klint/","price":127.8,"currency":"USD","framed":false,"w":39,"h":59}]
des-paul-klee-untitled	Paul Klee	https://desenio.com/p/posters-prints/famous-painters/paul-klee/paul-klee-untitled-print/	Untitled	painting	abstract	https://media.desenio.com/site_images/685c6c038b7ca77dcb8aaadc_400588270_16925-8.jpg?auto=compress%2Cformat&fit=max&w=640	[{"vendor":"desenio","url":"https://desenio.com/p/posters-prints/famous-painters/paul-klee/paul-klee-untitled-print/","price":17.97,"currency":"USD","framed":false,"w":8,"h":12},{"vendor":"desenio","url":"https://desenio.com/p/posters-prints/famous-painters/paul-klee/paul-klee-untitled-print/","price":27.57,"currency":"USD","framed":false,"w":12,"h":16},{"vendor":"desenio","url":"https://desenio.com/p/posters-prints/famous-painters/paul-klee/paul-klee-untitled-print/","price":32.37,"currency":"USD","framed":false,"w":16,"h":20},{"vendor":"desenio","url":"https://desenio.com/p/posters-prints/famous-painters/paul-klee/paul-klee-untitled-print/","price":44.07,"currency":"USD","framed":false,"w":20,"h":28},{"vendor":"desenio","url":"https://desenio.com/p/posters-prints/famous-painters/paul-klee/paul-klee-untitled-print/","price":58.8,"currency":"USD","framed":false,"w":28,"h":39}]
des-paul-klee-movement-of-vaulted-chambe	Paul Klee	https://desenio.com/p/posters-prints/famous-painters/paul-klee/paul-klee-movement-of-vaulted-chambers-print/	Movement of Vaulted Chambers	painting	abstract	https://media.desenio.com/site_images/685c3e139ba509224c947c69_39113935_15956-8.jpg?auto=compress%2Cformat&fit=max&w=640	[{"vendor":"desenio","url":"https://desenio.com/p/posters-prints/famous-painters/paul-klee/paul-klee-movement-of-vaulted-chambers-print/","price":27.57,"currency":"USD","framed":false,"w":12,"h":16},{"vendor":"desenio","url":"https://desenio.com/p/posters-prints/famous-painters/paul-klee/paul-klee-movement-of-vaulted-chambers-print/","price":32.37,"currency":"USD","framed":false,"w":16,"h":20},{"vendor":"desenio","url":"https://desenio.com/p/posters-prints/famous-painters/paul-klee/paul-klee-movement-of-vaulted-chambers-print/","price":44.07,"currency":"USD","framed":false,"w":20,"h":28},{"vendor":"desenio","url":"https://desenio.com/p/posters-prints/famous-painters/paul-klee/paul-klee-movement-of-vaulted-chambers-print/","price":58.8,"currency":"USD","framed":false,"w":28,"h":39}]
des-paul-klee-blossoming	Paul Klee	https://desenio.com/p/posters-prints/famous-painters/paul-klee/paul-klee-blossoming-print/	Blossoming	painting	abstract	https://media.desenio.com/site_images/685d799e8b7ca77dcb8ae59e_1901748676_18340-8.jpg?auto=compress%2Cformat&fit=max&w=640	[{"vendor":"desenio","url":"https://desenio.com/p/posters-prints/famous-painters/paul-klee/paul-klee-blossoming-print/","price":27.57,"currency":"USD","framed":false,"w":12,"h":16},{"vendor":"desenio","url":"https://desenio.com/p/posters-prints/famous-painters/paul-klee/paul-klee-blossoming-print/","price":44.07,"currency":"USD","framed":false,"w":20,"h":28}]
des-rousseau-the-equatorial-jungle	Henri Rousseau	https://desenio.com/p/posters-prints/famous-painters/rousseau/rousseau-the-equatorial-jungle-print/	The Equatorial Jungle	painting	abstract	https://media.desenio.com/site_images/685c3dc18b7ca77dcb8aa0af_1437577199_15949-8.jpg?auto=compress%2Cformat&fit=max&w=640	[{"vendor":"desenio","url":"https://desenio.com/p/posters-prints/famous-painters/rousseau/rousseau-the-equatorial-jungle-print/","price":27.57,"currency":"USD","framed":false,"w":12,"h":16},{"vendor":"desenio","url":"https://desenio.com/p/posters-prints/famous-painters/rousseau/rousseau-the-equatorial-jungle-print/","price":32.37,"currency":"USD","framed":false,"w":16,"h":20},{"vendor":"desenio","url":"https://desenio.com/p/posters-prints/famous-painters/rousseau/rousseau-the-equatorial-jungle-print/","price":44.07,"currency":"USD","framed":false,"w":20,"h":28},{"vendor":"desenio","url":"https://desenio.com/p/posters-prints/famous-painters/rousseau/rousseau-the-equatorial-jungle-print/","price":58.8,"currency":"USD","framed":false,"w":28,"h":39}]
des-rousseau-the-dream	Henri Rousseau	https://desenio.com/p/posters-prints/famous-painters/rousseau/rousseau-the-dream-print/	The Dream	painting	abstract	https://media.desenio.com/site_images/685c61c98fdef2fa155dcc41_532219485_16732-8.jpg?auto=compress%2Cformat&fit=max&w=640	[{"vendor":"desenio","url":"https://desenio.com/p/posters-prints/famous-painters/rousseau/rousseau-the-dream-print/","price":17.97,"currency":"USD","framed":false,"w":8,"h":12},{"vendor":"desenio","url":"https://desenio.com/p/posters-prints/famous-painters/rousseau/rousseau-the-dream-print/","price":27.57,"currency":"USD","framed":false,"w":12,"h":16},{"vendor":"desenio","url":"https://desenio.com/p/posters-prints/famous-painters/rousseau/rousseau-the-dream-print/","price":44.07,"currency":"USD","framed":false,"w":20,"h":28}]
des-carl-larsson-the-lazy-corner	Carl Larsson	https://desenio.com/p/posters-prints/famous-painters/carl-larsson-the-lazy-corner-print/	The Lazy Corner	painting	abstract	https://media.desenio.com/site_images/685d8f778fdef2fa155e0cf3_134154209_19020-8.jpg?auto=compress%2Cformat&fit=max&w=640	[{"vendor":"desenio","url":"https://desenio.com/p/posters-prints/famous-painters/carl-larsson-the-lazy-corner-print/","price":27.57,"currency":"USD","framed":false,"w":12,"h":16},{"vendor":"desenio","url":"https://desenio.com/p/posters-prints/famous-painters/carl-larsson-the-lazy-corner-print/","price":44.07,"currency":"USD","framed":false,"w":20,"h":28}]
des-rousseau-in-a-tropical-forest-strugg	Henri Rousseau	https://desenio.com/p/posters-prints/famous-painters/rousseau/rousseau-in-a-tropical-forest-struggle-between-tiger-and-bull-print/	In a Tropical Forest	painting	landscape	https://media.desenio.com/site_images/685c61c0690d8af12d51b415_388315820_16731-8.jpg?auto=compress%2Cformat&fit=max&w=640	[{"vendor":"desenio","url":"https://desenio.com/p/posters-prints/famous-painters/rousseau/rousseau-in-a-tropical-forest-struggle-between-tiger-and-bull-print/","price":17.97,"currency":"USD","framed":false,"w":8,"h":12},{"vendor":"desenio","url":"https://desenio.com/p/posters-prints/famous-painters/rousseau/rousseau-in-a-tropical-forest-struggle-between-tiger-and-bull-print/","price":27.57,"currency":"USD","framed":false,"w":12,"h":16},{"vendor":"desenio","url":"https://desenio.com/p/posters-prints/famous-painters/rousseau/rousseau-in-a-tropical-forest-struggle-between-tiger-and-bull-print/","price":44.07,"currency":"USD","framed":false,"w":20,"h":28}]
des-carl-larsson-lisbeth-fishing	Carl Larsson	https://desenio.com/p/posters-prints/famous-painters/carl-larsson-lisbeth-fishing-print/	Lisbeth Fishing	painting	abstract	https://media.desenio.com/site_images/685d8f85caacebb10a60c6a5_1825067334_19022-8.jpg?auto=compress%2Cformat&fit=max&w=640	[{"vendor":"desenio","url":"https://desenio.com/p/posters-prints/famous-painters/carl-larsson-lisbeth-fishing-print/","price":27.57,"currency":"USD","framed":false,"w":12,"h":16},{"vendor":"desenio","url":"https://desenio.com/p/posters-prints/famous-painters/carl-larsson-lisbeth-fishing-print/","price":44.07,"currency":"USD","framed":false,"w":20,"h":28}]
des-edvard-munch-alfa-and-omega	Edvard Munch	https://desenio.com/p/posters-prints/famous-painters/edvard-munch-alfa-and-omega-print/	Alfa and Omega	painting	abstract	https://media.desenio.com/site_images/685d83338b7ca77dcb8ae87f_1798995630_18640-8.jpg?auto=compress%2Cformat&fit=max&w=640	[{"vendor":"desenio","url":"https://desenio.com/p/posters-prints/famous-painters/edvard-munch-alfa-and-omega-print/","price":13.78,"currency":"USD","framed":false,"w":12,"h":16}]
des-edvard-munch-solenintro	Edvard Munch	https://desenio.com/p/posters-prints/famous-painters/edvard-munch-solenintro-print/	Solenintro	painting	abstract	https://media.desenio.com/site_images/685d833a8b7ca77dcb8ae880_2112762549_18641-8.jpg?auto=compress%2Cformat&fit=max&w=640	[{"vendor":"desenio","url":"https://desenio.com/p/posters-prints/famous-painters/edvard-munch-solenintro-print/","price":27.57,"currency":"USD","framed":false,"w":12,"h":16},{"vendor":"desenio","url":"https://desenio.com/p/posters-prints/famous-painters/edvard-munch-solenintro-print/","price":44.07,"currency":"USD","framed":false,"w":20,"h":28}]
des-gustav-klimt-the-kiss	Gustav Klimt	https://desenio.com/p/posters-prints/gustav-klimt-the-kiss-print/	The Kiss	painting	abstract	https://media.desenio.com/site_images/685c3e279ba509224c947c6c_397422793_15958-8.jpg?auto=compress%2Cformat&fit=max&w=640	[{"vendor":"desenio","url":"https://desenio.com/p/posters-prints/gustav-klimt-the-kiss-print/","price":27.57,"currency":"USD","framed":false,"w":12,"h":16},{"vendor":"desenio","url":"https://desenio.com/p/posters-prints/gustav-klimt-the-kiss-print/","price":44.07,"currency":"USD","framed":false,"w":20,"h":28}]
des-gustav-klimt-farm-garden-with-sunflo	Gustav Klimt	https://desenio.com/p/posters-prints/famous-painters/gustav-klimt-farm-garden-with-sunflowers-print/	Farm Garden with Sunflowers	painting	flowers	https://media.desenio.com/site_images/685c7b544197455f402eea4c_1442632255_17333-8.jpg?auto=compress%2Cformat&fit=max&w=640	[{"vendor":"desenio","url":"https://desenio.com/p/posters-prints/famous-painters/gustav-klimt-farm-garden-with-sunflowers-print/","price":17.97,"currency":"USD","framed":false,"w":8,"h":12},{"vendor":"desenio","url":"https://desenio.com/p/posters-prints/famous-painters/gustav-klimt-farm-garden-with-sunflowers-print/","price":27.57,"currency":"USD","framed":false,"w":12,"h":16},{"vendor":"desenio","url":"https://desenio.com/p/posters-prints/famous-painters/gustav-klimt-farm-garden-with-sunflowers-print/","price":44.07,"currency":"USD","framed":false,"w":20,"h":28}]
des-edvard-munch-the-scream	Edvard Munch	https://desenio.com/p/posters-prints/famous-painters/edvard-munch-the-scream-print/	The Scream	painting	abstract	https://media.desenio.com/site_images/685c50728b7ca77dcb8aa4e2_1638421780_16465-8.jpg?auto=compress%2Cformat&fit=max&w=640	[{"vendor":"desenio","url":"https://desenio.com/p/posters-prints/famous-painters/edvard-munch-the-scream-print/","price":44.07,"currency":"USD","framed":false,"w":20,"h":28}]
des-gustav-klimt-pear-tree	Gustav Klimt	https://desenio.com/p/posters-prints/famous-painters/gustav-klimt-pear-tree-print/	Pear Tree	painting	abstract	https://media.desenio.com/site_images/685c7b5e4197455f402eea50_1960022314_17334-8.jpg?auto=compress%2Cformat&fit=max&w=640	[{"vendor":"desenio","url":"https://desenio.com/p/posters-prints/famous-painters/gustav-klimt-pear-tree-print/","price":17.97,"currency":"USD","framed":false,"w":8,"h":12},{"vendor":"desenio","url":"https://desenio.com/p/posters-prints/famous-painters/gustav-klimt-pear-tree-print/","price":27.57,"currency":"USD","framed":false,"w":12,"h":16},{"vendor":"desenio","url":"https://desenio.com/p/posters-prints/famous-painters/gustav-klimt-pear-tree-print/","price":44.07,"currency":"USD","framed":false,"w":20,"h":28}]
des-kamisaka-sekka-ocean-waves-from-momo	Kamisaka Sekka	https://desenio.com/p/posters-prints/nature/seas-oceans/kamisaka-sekka-ocean-waves-from-momoyogusa-print/	Ocean Waves	painting	coast	https://media.desenio.com/site_images/685d7b068b7ca77dcb8ae5e5_19415635_18385-8.jpg?auto=compress%2Cformat&fit=max&w=640	[{"vendor":"desenio","url":"https://desenio.com/p/posters-prints/nature/seas-oceans/kamisaka-sekka-ocean-waves-from-momoyogusa-print/","price":27.57,"currency":"USD","framed":false,"w":12,"h":16},{"vendor":"desenio","url":"https://desenio.com/p/posters-prints/nature/seas-oceans/kamisaka-sekka-ocean-waves-from-momoyogusa-print/","price":44.07,"currency":"USD","framed":false,"w":20,"h":28}]
des-carl-larsson-karin-by-the-shore	Carl Larsson	https://desenio.com/p/posters-prints/famous-painters/carl-larsson-karin-by-the-shore-print/	Karin by the Shore	painting	abstract	https://media.desenio.com/site_images/685d8f7e9ba509224c94c689_1581222717_19021-8.jpg?auto=compress%2Cformat&fit=max&w=640	[{"vendor":"desenio","url":"https://desenio.com/p/posters-prints/famous-painters/carl-larsson-karin-by-the-shore-print/","price":27.57,"currency":"USD","framed":false,"w":12,"h":16}]
des-kandinsky-upward	Wassily Kandinsky	https://desenio.com/p/posters-prints/kandinsky-upward-print/	Upward	painting	abstract	https://media.desenio.com/site_images/685c6bf58fdef2fa155dceee_2010890719_16924-8.jpg?auto=compress%2Cformat&fit=max&w=640	[{"vendor":"desenio","url":"https://desenio.com/p/posters-prints/kandinsky-upward-print/","price":27.57,"currency":"USD","framed":false,"w":12,"h":16},{"vendor":"desenio","url":"https://desenio.com/p/posters-prints/kandinsky-upward-print/","price":44.07,"currency":"USD","framed":false,"w":20,"h":28}]
des-ohara-koson-blossoming-cherry-on-a-m	Ohara Koson	https://desenio.com/p/posters-prints/ohara-koson-blossoming-cherry-on-a-moonlit-night-print/	Cherry on a Moonlit Night	painting	moon	https://media.desenio.com/site_images/685c619a690d8af12d51b413_332965338_16728-8.jpg?auto=compress%2Cformat&fit=max&w=640	[{"vendor":"desenio","url":"https://desenio.com/p/posters-prints/ohara-koson-blossoming-cherry-on-a-moonlit-night-print/","price":17.97,"currency":"USD","framed":false,"w":8,"h":12},{"vendor":"desenio","url":"https://desenio.com/p/posters-prints/ohara-koson-blossoming-cherry-on-a-moonlit-night-print/","price":44.07,"currency":"USD","framed":false,"w":20,"h":28}]
des-kamisaka-sekka-flowers-of-a-hundred-	Kamisaka Sekka	https://desenio.com/p/posters-prints/kamisaka-sekka-flowers-of-a-hundred-worlds-momoyogusa-print/	Flowers of a Hundred Worlds	painting	flowers	https://media.desenio.com/site_images/685c61ab67fd6077b6f2a526_789767167_16729-8.jpg?auto=compress%2Cformat&fit=max&w=640	[{"vendor":"desenio","url":"https://desenio.com/p/posters-prints/kamisaka-sekka-flowers-of-a-hundred-worlds-momoyogusa-print/","price":17.97,"currency":"USD","framed":false,"w":8,"h":12},{"vendor":"desenio","url":"https://desenio.com/p/posters-prints/kamisaka-sekka-flowers-of-a-hundred-worlds-momoyogusa-print/","price":27.57,"currency":"USD","framed":false,"w":12,"h":16},{"vendor":"desenio","url":"https://desenio.com/p/posters-prints/kamisaka-sekka-flowers-of-a-hundred-worlds-momoyogusa-print/","price":44.07,"currency":"USD","framed":false,"w":20,"h":28},{"vendor":"desenio","url":"https://desenio.com/p/posters-prints/kamisaka-sekka-flowers-of-a-hundred-worlds-momoyogusa-print/","price":58.8,"currency":"USD","framed":false,"w":28,"h":39}]
des-kandinsky-squares-with-concentric-ci	Wassily Kandinsky	https://desenio.com/p/posters-prints/aw23-trends/retro-dreamscape/kandinsky-squares-with-concentric-circles-print/	Squares with Concentric Circles	painting	graphic	https://media.desenio.com/site_images/685d80fa67fd6077b6f2e402_438618834_18569-8.jpg?auto=compress%2Cformat&fit=max&w=640	[{"vendor":"desenio","url":"https://desenio.com/p/posters-prints/aw23-trends/retro-dreamscape/kandinsky-squares-with-concentric-circles-print/","price":27.57,"currency":"USD","framed":false,"w":12,"h":16},{"vendor":"desenio","url":"https://desenio.com/p/posters-prints/aw23-trends/retro-dreamscape/kandinsky-squares-with-concentric-circles-print/","price":44.07,"currency":"USD","framed":false,"w":20,"h":28}]
des-kamisaka-sekka-cranes-from-momoyogus	Kamisaka Sekka	https://desenio.com/p/posters-prints/kamisaka-sekka-cranes-from-momoyogusa-print/	Cranes	painting	abstract	https://media.desenio.com/site_images/685c6d6067fd6077b6f2a84d_686854462_16961-8.jpg?auto=compress%2Cformat&fit=max&w=640	[{"vendor":"desenio","url":"https://desenio.com/p/posters-prints/kamisaka-sekka-cranes-from-momoyogusa-print/","price":17.97,"currency":"USD","framed":false,"w":8,"h":12},{"vendor":"desenio","url":"https://desenio.com/p/posters-prints/kamisaka-sekka-cranes-from-momoyogusa-print/","price":27.57,"currency":"USD","framed":false,"w":12,"h":16},{"vendor":"desenio","url":"https://desenio.com/p/posters-prints/kamisaka-sekka-cranes-from-momoyogusa-print/","price":44.07,"currency":"USD","framed":false,"w":20,"h":28},{"vendor":"desenio","url":"https://desenio.com/p/posters-prints/kamisaka-sekka-cranes-from-momoyogusa-print/","price":58.8,"currency":"USD","framed":false,"w":28,"h":39}]
des-kandinsky-variegation-in-the-triangl	Wassily Kandinsky	https://desenio.com/p/posters-prints/kandinsky-variegation-in-the-triangle-print/	Variegation in the Triangle	painting	abstract	https://media.desenio.com/site_images/685c3da65bc2e6c81f1cbefc_1303184377_15947-8.jpg?auto=compress%2Cformat&fit=max&w=640	[{"vendor":"desenio","url":"https://desenio.com/p/posters-prints/kandinsky-variegation-in-the-triangle-print/","price":27.57,"currency":"USD","framed":false,"w":12,"h":16},{"vendor":"desenio","url":"https://desenio.com/p/posters-prints/kandinsky-variegation-in-the-triangle-print/","price":44.07,"currency":"USD","framed":false,"w":20,"h":28}]
des-maxime-rokus-spying-no1	Maxime Rokus	https://desenio.com/p/posters-prints/featured-artists/maxime-rokus/maxime-rokus-spying-no1-print/	Spying No1	print	abstract	https://media.desenio.com/site_images/685df11fe70d4f9d69c2537f_870105701_pre0556-8.jpg?auto=compress%2Cformat&fit=max&w=640	[{"vendor":"desenio","url":"https://desenio.com/p/posters-prints/featured-artists/maxime-rokus/maxime-rokus-spying-no1-print/","price":55.95,"currency":"USD","framed":false,"w":12,"h":16},{"vendor":"desenio","url":"https://desenio.com/p/posters-prints/featured-artists/maxime-rokus/maxime-rokus-spying-no1-print/","price":91.95,"currency":"USD","framed":false,"w":20,"h":28},{"vendor":"desenio","url":"https://desenio.com/p/posters-prints/featured-artists/maxime-rokus/maxime-rokus-spying-no1-print/","price":107,"currency":"USD","framed":false,"w":28,"h":39}]
des-sissan-richardt-zebra-robe	Sissan Richardt	https://desenio.com/p/posters-prints/featured-artists/sissan-richardt/sissan-richardt-zebra-robe-print/	Zebra Robe	print	abstract	https://media.desenio.com/site_images/685df17c190f00732d674295_1049575845_pre0571-8.jpg?auto=compress%2Cformat&fit=max&w=640	[{"vendor":"desenio","url":"https://desenio.com/p/posters-prints/featured-artists/sissan-richardt/sissan-richardt-zebra-robe-print/","price":55.95,"currency":"USD","framed":false,"w":12,"h":16},{"vendor":"desenio","url":"https://desenio.com/p/posters-prints/featured-artists/sissan-richardt/sissan-richardt-zebra-robe-print/","price":91.95,"currency":"USD","framed":false,"w":20,"h":28}]
des-leo-gestel-two-bathing-women-and-a-b	Leo Gestel	https://desenio.com/p/posters-prints/art-prints/abstract-art/leo-gestel-two-bathing-women-and-a-bridge-figure-print/	Two Bathing Women	painting	figure	https://media.desenio.com/site_images/685da93d3345aa4bbd116f96_1184947896_19706-8.jpg?auto=compress%2Cformat&fit=max&w=640	[{"vendor":"desenio","url":"https://desenio.com/p/posters-prints/art-prints/abstract-art/leo-gestel-two-bathing-women-and-a-bridge-figure-print/","price":27.57,"currency":"USD","framed":false,"w":12,"h":16},{"vendor":"desenio","url":"https://desenio.com/p/posters-prints/art-prints/abstract-art/leo-gestel-two-bathing-women-and-a-bridge-figure-print/","price":44.07,"currency":"USD","framed":false,"w":20,"h":28},{"vendor":"desenio","url":"https://desenio.com/p/posters-prints/art-prints/abstract-art/leo-gestel-two-bathing-women-and-a-bridge-figure-print/","price":58.8,"currency":"USD","framed":false,"w":28,"h":39}]
des-taguchi-tomoki-yatsuo-no-tsubaki-gre	Taguchi Tomoki	https://desenio.com/p/posters-prints/taguchi-tomoki-yatsuo-no-tsubaki-green-print/	Yatsuo no Tsubaki Green	painting	abstract	https://media.desenio.com/site_images/685d6f4c8fdef2fa155e0484_805258010_18156-8.jpg?auto=compress%2Cformat&fit=max&w=640	[{"vendor":"desenio","url":"https://desenio.com/p/posters-prints/taguchi-tomoki-yatsuo-no-tsubaki-green-print/","price":17.97,"currency":"USD","framed":false,"w":8,"h":12},{"vendor":"desenio","url":"https://desenio.com/p/posters-prints/taguchi-tomoki-yatsuo-no-tsubaki-green-print/","price":27.57,"currency":"USD","framed":false,"w":12,"h":16},{"vendor":"desenio","url":"https://desenio.com/p/posters-prints/taguchi-tomoki-yatsuo-no-tsubaki-green-print/","price":44.07,"currency":"USD","framed":false,"w":20,"h":28}]
des-la-poire-green-coat	La Poire	https://desenio.com/p/posters-prints/featured-artists/la-poire/la-poire-green-coat-print/	Green Coat	print	abstract	https://media.desenio.com/site_images/685c8bca67fd6077b6f2ad34_640037680_17613-8.jpg?auto=compress%2Cformat&fit=max&w=640	[{"vendor":"desenio","url":"https://desenio.com/p/posters-prints/featured-artists/la-poire/la-poire-green-coat-print/","price":29.95,"currency":"USD","framed":false,"w":8,"h":12},{"vendor":"desenio","url":"https://desenio.com/p/posters-prints/featured-artists/la-poire/la-poire-green-coat-print/","price":45.95,"currency":"USD","framed":false,"w":12,"h":16},{"vendor":"desenio","url":"https://desenio.com/p/posters-prints/featured-artists/la-poire/la-poire-green-coat-print/","price":53.95,"currency":"USD","framed":false,"w":16,"h":20},{"vendor":"desenio","url":"https://desenio.com/p/posters-prints/featured-artists/la-poire/la-poire-green-coat-print/","price":73.45,"currency":"USD","framed":false,"w":20,"h":28},{"vendor":"desenio","url":"https://desenio.com/p/posters-prints/featured-artists/la-poire/la-poire-green-coat-print/","price":98,"currency":"USD","framed":false,"w":28,"h":39}]
des-la-poire-pear-coat	La Poire	https://desenio.com/p/posters-prints/featured-artists/la-poire/la-poire-pear-coat-print/	Pear Coat	print	abstract	https://media.desenio.com/site_images/685c8bdd8fdef2fa155dd473_1849283471_17615-8.jpg?auto=compress%2Cformat&fit=max&w=640	[{"vendor":"desenio","url":"https://desenio.com/p/posters-prints/featured-artists/la-poire/la-poire-pear-coat-print/","price":29.95,"currency":"USD","framed":false,"w":8,"h":12},{"vendor":"desenio","url":"https://desenio.com/p/posters-prints/featured-artists/la-poire/la-poire-pear-coat-print/","price":45.95,"currency":"USD","framed":false,"w":12,"h":16},{"vendor":"desenio","url":"https://desenio.com/p/posters-prints/featured-artists/la-poire/la-poire-pear-coat-print/","price":73.45,"currency":"USD","framed":false,"w":20,"h":28}]
des-watanabe-seitei-pink-sky	Watanabe Seitei	https://desenio.com/p/posters-prints/watanabe-seitei-pink-sky-print/	Pink Sky	painting	sky	https://media.desenio.com/site_images/685c4cb45bc2e6c81f1cc294_440255280_16362-8.jpg?auto=compress%2Cformat&fit=max&w=640	[{"vendor":"desenio","url":"https://desenio.com/p/posters-prints/watanabe-seitei-pink-sky-print/","price":44.07,"currency":"USD","framed":false,"w":20,"h":28}]
des-la-poire-turquoise-coat	La Poire	https://desenio.com/p/posters-prints/featured-artists/la-poire/la-poire-turquoise-coat-print/	Turquoise Coat	print	abstract	https://media.desenio.com/site_images/685dba248b7ca77dcb8af460_2067827697_PRE0233-8.jpg?auto=compress%2Cformat&fit=max&w=640	[{"vendor":"desenio","url":"https://desenio.com/p/posters-prints/featured-artists/la-poire/la-poire-turquoise-coat-print/","price":55.95,"currency":"USD","framed":false,"w":12,"h":16},{"vendor":"desenio","url":"https://desenio.com/p/posters-prints/featured-artists/la-poire/la-poire-turquoise-coat-print/","price":91.95,"currency":"USD","framed":false,"w":20,"h":28}]
des-taguchi-tomoki-yatsuo-no-tsubaki	Taguchi Tomoki	https://desenio.com/p/posters-prints/famous-painters/taguchi-tomoki-yatsuo-no-tsubaki-print/	Yatsuo no Tsubaki	painting	abstract	https://media.desenio.com/site_images/685c6d499ba509224c94860b_1568315609_16958-8.jpg?auto=compress%2Cformat&fit=max&w=640	[{"vendor":"desenio","url":"https://desenio.com/p/posters-prints/famous-painters/taguchi-tomoki-yatsuo-no-tsubaki-print/","price":17.97,"currency":"USD","framed":false,"w":8,"h":12},{"vendor":"desenio","url":"https://desenio.com/p/posters-prints/famous-painters/taguchi-tomoki-yatsuo-no-tsubaki-print/","price":27.57,"currency":"USD","framed":false,"w":12,"h":16},{"vendor":"desenio","url":"https://desenio.com/p/posters-prints/famous-painters/taguchi-tomoki-yatsuo-no-tsubaki-print/","price":44.07,"currency":"USD","framed":false,"w":20,"h":28}]
des-utagawa-kuniyoshi-fuji-no-yukei	Utagawa Kuniyoshi	https://desenio.com/p/posters-prints/famous-painters/utagawa-kuniyoshi-fuji-no-yukei-print/	Fuji no Yukei	painting	abstract	https://media.desenio.com/site_images/685c727f690d8af12d51b72a_706859762_17109-8.jpg?auto=compress%2Cformat&fit=max&w=640	[{"vendor":"desenio","url":"https://desenio.com/p/posters-prints/famous-painters/utagawa-kuniyoshi-fuji-no-yukei-print/","price":17.97,"currency":"USD","framed":false,"w":8,"h":12},{"vendor":"desenio","url":"https://desenio.com/p/posters-prints/famous-painters/utagawa-kuniyoshi-fuji-no-yukei-print/","price":27.57,"currency":"USD","framed":false,"w":12,"h":16},{"vendor":"desenio","url":"https://desenio.com/p/posters-prints/famous-painters/utagawa-kuniyoshi-fuji-no-yukei-print/","price":32.37,"currency":"USD","framed":false,"w":16,"h":20},{"vendor":"desenio","url":"https://desenio.com/p/posters-prints/famous-painters/utagawa-kuniyoshi-fuji-no-yukei-print/","price":44.07,"currency":"USD","framed":false,"w":20,"h":28},{"vendor":"desenio","url":"https://desenio.com/p/posters-prints/famous-painters/utagawa-kuniyoshi-fuji-no-yukei-print/","price":58.8,"currency":"USD","framed":false,"w":28,"h":39}]
des-george-bellows-dempsey-and-firpo	George Bellows	https://desenio.com/p/posters-prints/famous-painters/all-famous-painters-prints/george-bellows-dempsey-and-firpo-print/	Dempsey and Firpo	painting	abstract	https://media.desenio.com/site_images/6a7aca5f752f0a0a6ce112a2_2123181907_PS53392-8.jpg?auto=compress%2Cformat&fit=max&w=640	[{"vendor":"desenio","url":"https://desenio.com/p/posters-prints/famous-painters/all-famous-painters-prints/george-bellows-dempsey-and-firpo-print/","price":45.95,"currency":"USD","framed":false,"w":12,"h":16},{"vendor":"desenio","url":"https://desenio.com/p/posters-prints/famous-painters/all-famous-painters-prints/george-bellows-dempsey-and-firpo-print/","price":73.45,"currency":"USD","framed":false,"w":20,"h":28}]
des-maarten-leon-holiday-in-a-glass-no1	Maarten Leon	https://desenio.com/p/posters-prints/featured-artists/maarten-leon/maarten-leon-holiday-in-a-glass-no1-print/	Holiday in a Glass No1	print	abstract	https://media.desenio.com/site_images/685dbb8ecaacebb10a60d07a_285788282_PRE0282-8.jpg?auto=compress%2Cformat&fit=max&w=640	[{"vendor":"desenio","url":"https://desenio.com/p/posters-prints/featured-artists/maarten-leon/maarten-leon-holiday-in-a-glass-no1-print/","price":39,"currency":"USD","framed":false,"w":8,"h":12},{"vendor":"desenio","url":"https://desenio.com/p/posters-prints/featured-artists/maarten-leon/maarten-leon-holiday-in-a-glass-no1-print/","price":55.95,"currency":"USD","framed":false,"w":12,"h":16},{"vendor":"desenio","url":"https://desenio.com/p/posters-prints/featured-artists/maarten-leon/maarten-leon-holiday-in-a-glass-no1-print/","price":91.95,"currency":"USD","framed":false,"w":20,"h":28}]
des-maarten-leon-holiday-in-a-glass-no2	Maarten Leon	https://desenio.com/p/posters-prints/featured-artists/maarten-leon/maarten-leon-holiday-in-a-glass-no2-print/	Holiday in a Glass No2	print	abstract	https://media.desenio.com/site_images/685dbb988b7ca77dcb8af47a_1579676924_PRE0283-8.jpg?auto=compress%2Cformat&fit=max&w=640	[{"vendor":"desenio","url":"https://desenio.com/p/posters-prints/featured-artists/maarten-leon/maarten-leon-holiday-in-a-glass-no2-print/","price":39,"currency":"USD","framed":false,"w":8,"h":12},{"vendor":"desenio","url":"https://desenio.com/p/posters-prints/featured-artists/maarten-leon/maarten-leon-holiday-in-a-glass-no2-print/","price":55.95,"currency":"USD","framed":false,"w":12,"h":16},{"vendor":"desenio","url":"https://desenio.com/p/posters-prints/featured-artists/maarten-leon/maarten-leon-holiday-in-a-glass-no2-print/","price":91.95,"currency":"USD","framed":false,"w":20,"h":28}]
des-ekaterina-zagorska-ocean-drive-party	Ekaterina Zagorska	https://desenio.com/p/posters-prints/featured-artists/ekaterina-zagorska/ekaterina-zagorska-ocean-drive-party-print/	Ocean Drive Party	print	coast	https://media.desenio.com/site_images/685dbc198fdef2fa155e15fd_809804733_PRE0306-8.jpg?auto=compress%2Cformat&fit=max&w=640	[{"vendor":"desenio","url":"https://desenio.com/p/posters-prints/featured-artists/ekaterina-zagorska/ekaterina-zagorska-ocean-drive-party-print/","price":55.95,"currency":"USD","framed":false,"w":12,"h":16},{"vendor":"desenio","url":"https://desenio.com/p/posters-prints/featured-artists/ekaterina-zagorska/ekaterina-zagorska-ocean-drive-party-print/","price":91.95,"currency":"USD","framed":false,"w":20,"h":28}]
des-ekaterina-zagorska-its-always-limonc	Ekaterina Zagorska	https://desenio.com/p/posters-prints/featured-artists/ekaterina-zagorska/ekaterina-zagorska-its-always-limoncello-time-print/	Always Limoncello Time	print	abstract	https://media.desenio.com/site_images/685dbbff8b7ca77dcb8af487_1224830290_PRE0302-8.jpg?auto=compress%2Cformat&fit=max&w=640	[{"vendor":"desenio","url":"https://desenio.com/p/posters-prints/featured-artists/ekaterina-zagorska/ekaterina-zagorska-its-always-limoncello-time-print/","price":55.95,"currency":"USD","framed":false,"w":12,"h":16},{"vendor":"desenio","url":"https://desenio.com/p/posters-prints/featured-artists/ekaterina-zagorska/ekaterina-zagorska-its-always-limoncello-time-print/","price":91.95,"currency":"USD","framed":false,"w":20,"h":28}]
des-ekaterina-zagorska-italian-dream	Ekaterina Zagorska	https://desenio.com/p/posters-prints/featured-artists/ekaterina-zagorska/ekaterina-zagorska-italian-dream-print/	Italian Dream	print	abstract	https://media.desenio.com/site_images/685dbc0c8b7ca77dcb8af488_1150320083_PRE0304-8.jpg?auto=compress%2Cformat&fit=max&w=640	[{"vendor":"desenio","url":"https://desenio.com/p/posters-prints/featured-artists/ekaterina-zagorska/ekaterina-zagorska-italian-dream-print/","price":55.95,"currency":"USD","framed":false,"w":12,"h":16},{"vendor":"desenio","url":"https://desenio.com/p/posters-prints/featured-artists/ekaterina-zagorska/ekaterina-zagorska-italian-dream-print/","price":91.95,"currency":"USD","framed":false,"w":20,"h":28}]
des-coco-de-paris-fashion-cat	Coco De Paris	https://desenio.com/p/posters-prints/coco-de-paris-fashion-cat-print/	Fashion Cat	print	city	https://media.desenio.com/site_images/685d6af39ba509224c94bd66_2090573219_18037-8.jpg?auto=compress%2Cformat&fit=max&w=640	[{"vendor":"desenio","url":"https://desenio.com/p/posters-prints/coco-de-paris-fashion-cat-print/","price":45.95,"currency":"USD","framed":false,"w":12,"h":16},{"vendor":"desenio","url":"https://desenio.com/p/posters-prints/coco-de-paris-fashion-cat-print/","price":73.45,"currency":"USD","framed":false,"w":20,"h":28}]
des-kate-birch-lemons	Kate Birch	https://desenio.com/p/posters-prints/kate-birch-lemons-print/	Lemons	print	food	https://media.desenio.com/site_images/67f87dea0f16dacb0b285085_1614551494_PRE0290_main_image_DS.jpg?auto=compress%2Cformat&fit=max&w=640	[{"vendor":"desenio","url":"https://desenio.com/p/posters-prints/kate-birch-lemons-print/","price":70.95,"currency":"USD","framed":false,"w":20,"h":20}]
des-kate-birch-cocktail-with-cherry	Kate Birch	https://desenio.com/p/posters-prints/kate-birch-cocktail-with-cherry-print/	Cocktail with Cherry	print	food	https://media.desenio.com/site_images/67f87debb6994f1dcf8fa2bc_1362380697_PRE0291_main_image_DS.jpg?auto=compress%2Cformat&fit=max&w=640	[{"vendor":"desenio","url":"https://desenio.com/p/posters-prints/kate-birch-cocktail-with-cherry-print/","price":70.95,"currency":"USD","framed":false,"w":20,"h":20}]
des-coco-de-paris-rabbit-vintage-man	Coco De Paris	https://desenio.com/p/posters-prints/coco-de-paris-rabbit-vintage-man-print/	Rabbit Vintage Man	print	city	https://media.desenio.com/site_images/685dbbe255f01038f8f48505_521469721_PRE0298-8.jpg?auto=compress%2Cformat&fit=max&w=640	[{"vendor":"desenio","url":"https://desenio.com/p/posters-prints/coco-de-paris-rabbit-vintage-man-print/","price":55.95,"currency":"USD","framed":false,"w":12,"h":16},{"vendor":"desenio","url":"https://desenio.com/p/posters-prints/coco-de-paris-rabbit-vintage-man-print/","price":91.95,"currency":"USD","framed":false,"w":20,"h":28}]
des-coco-de-paris-french-bulldog-with-ap	Coco De Paris	https://desenio.com/p/posters-prints/featured-artists/coco-de-paris/coco-de-paris-french-bulldog-with-apple-print/	French Bulldog with Apple	print	city	https://media.desenio.com/site_images/685dbbe98fdef2fa155e15fa_431215833_PRE0299-8.jpg?auto=compress%2Cformat&fit=max&w=640	[{"vendor":"desenio","url":"https://desenio.com/p/posters-prints/featured-artists/coco-de-paris/coco-de-paris-french-bulldog-with-apple-print/","price":55.95,"currency":"USD","framed":false,"w":12,"h":16},{"vendor":"desenio","url":"https://desenio.com/p/posters-prints/featured-artists/coco-de-paris/coco-de-paris-french-bulldog-with-apple-print/","price":91.95,"currency":"USD","framed":false,"w":20,"h":28}]
des-thao-courtial-hanbury-garden-no1	Thao Courtial	https://desenio.com/p/posters-prints/featured-artists/thao-courtial/thao-courtial-hanbury-garden-no1-print/	Hanbury Garden No1	print	abstract	https://media.desenio.com/site_images/685dbb6ccaacebb10a60d079_990482563_PRE0278-8.jpg?auto=compress%2Cformat&fit=max&w=640	[{"vendor":"desenio","url":"https://desenio.com/p/posters-prints/featured-artists/thao-courtial/thao-courtial-hanbury-garden-no1-print/","price":45.95,"currency":"USD","framed":false,"w":12,"h":16},{"vendor":"desenio","url":"https://desenio.com/p/posters-prints/featured-artists/thao-courtial/thao-courtial-hanbury-garden-no1-print/","price":73.45,"currency":"USD","framed":false,"w":20,"h":28}]
des-mrs-mighetto-miss-ida	Mrs Mighetto	https://desenio.com/p/posters-prints/mrs-mighetto-miss-ida-print/	Miss Ida	print	abstract	https://media.desenio.com/site_images/685db4c197bfddc5cb9db534_1548866962_CO0066-8.jpg?auto=compress%2Cformat&fit=max&w=640	[{"vendor":"desenio","url":"https://desenio.com/p/posters-prints/mrs-mighetto-miss-ida-print/","price":73.95,"currency":"USD","framed":false,"w":12,"h":16},{"vendor":"desenio","url":"https://desenio.com/p/posters-prints/mrs-mighetto-miss-ida-print/","price":97.95,"currency":"USD","framed":false,"w":20,"h":28}]
des-thao-courtial-mallorca-no2	Thao Courtial	https://desenio.com/p/posters-prints/featured-artists/thao-courtial/thao-courtial-mallorca-no2-print/	Mallorca No2	print	abstract	https://media.desenio.com/site_images/685dbb65caacebb10a60d078_873296622_PRE0277-8.jpg?auto=compress%2Cformat&fit=max&w=640	[{"vendor":"desenio","url":"https://desenio.com/p/posters-prints/featured-artists/thao-courtial/thao-courtial-mallorca-no2-print/","price":45.95,"currency":"USD","framed":false,"w":12,"h":16},{"vendor":"desenio","url":"https://desenio.com/p/posters-prints/featured-artists/thao-courtial/thao-courtial-mallorca-no2-print/","price":73.45,"currency":"USD","framed":false,"w":20,"h":28}]
des-mrs-mighetto-miss-maja	Mrs Mighetto	https://desenio.com/p/posters-prints/mrs-mighetto-miss-maja-print/	Miss Maja	print	abstract	https://media.desenio.com/site_images/685db4c98b7ca77dcb8af313_1839359036_CO0067-8.jpg?auto=compress%2Cformat&fit=max&w=640	[{"vendor":"desenio","url":"https://desenio.com/p/posters-prints/mrs-mighetto-miss-maja-print/","price":73.95,"currency":"USD","framed":false,"w":12,"h":16},{"vendor":"desenio","url":"https://desenio.com/p/posters-prints/mrs-mighetto-miss-maja-print/","price":97.95,"currency":"USD","framed":false,"w":20,"h":28}]
des-thao-courtial-hanbury-garden-no2	Thao Courtial	https://desenio.com/p/posters-prints/featured-artists/thao-courtial/thao-courtial-hanbury-garden-no2-print/	Hanbury Garden No2	print	abstract	https://media.desenio.com/site_images/685dbb738b7ca77dcb8af477_1062743479_PRE0279-8.jpg?auto=compress%2Cformat&fit=max&w=640	[{"vendor":"desenio","url":"https://desenio.com/p/posters-prints/featured-artists/thao-courtial/thao-courtial-hanbury-garden-no2-print/","price":45.95,"currency":"USD","framed":false,"w":12,"h":16},{"vendor":"desenio","url":"https://desenio.com/p/posters-prints/featured-artists/thao-courtial/thao-courtial-hanbury-garden-no2-print/","price":73.45,"currency":"USD","framed":false,"w":20,"h":28}]
des-little-detroit-puzzles	Little Detroit	https://desenio.com/p/posters-prints/featured-artists/little-detroit/little-detroit-puzzles-print/	Puzzles	print	abstract	https://media.desenio.com/site_images/685dbabd67fd6077b6f2f120_1828922991_PRE0254-8.jpg?auto=compress%2Cformat&fit=max&w=640	[{"vendor":"desenio","url":"https://desenio.com/p/posters-prints/featured-artists/little-detroit/little-detroit-puzzles-print/","price":45.95,"currency":"USD","framed":false,"w":12,"h":16},{"vendor":"desenio","url":"https://desenio.com/p/posters-prints/featured-artists/little-detroit/little-detroit-puzzles-print/","price":73.45,"currency":"USD","framed":false,"w":20,"h":28}]
des-little-detroit-stribes-n-lines	Little Detroit	https://desenio.com/p/posters-prints/featured-artists/little-detroit/little-detroit-stribes-n-lines-print/	Stripes and Lines	print	lines	https://media.desenio.com/site_images/685dbac38b7ca77dcb8af468_1936435079_PRE0255-8.jpg?auto=compress%2Cformat&fit=max&w=640	[{"vendor":"desenio","url":"https://desenio.com/p/posters-prints/featured-artists/little-detroit/little-detroit-stribes-n-lines-print/","price":45.95,"currency":"USD","framed":false,"w":12,"h":16},{"vendor":"desenio","url":"https://desenio.com/p/posters-prints/featured-artists/little-detroit/little-detroit-stribes-n-lines-print/","price":73.45,"currency":"USD","framed":false,"w":20,"h":28}]
des-little-detroit-sirius	Little Detroit	https://desenio.com/p/posters-prints/featured-artists/little-detroit/little-detroit-sirius-print/	Sirius	print	abstract	https://media.desenio.com/site_images/685dbaca97bfddc5cb9db6da_1115733889_PRE0256-8.jpg?auto=compress%2Cformat&fit=max&w=640	[{"vendor":"desenio","url":"https://desenio.com/p/posters-prints/featured-artists/little-detroit/little-detroit-sirius-print/","price":45.95,"currency":"USD","framed":false,"w":12,"h":16},{"vendor":"desenio","url":"https://desenio.com/p/posters-prints/featured-artists/little-detroit/little-detroit-sirius-print/","price":73.45,"currency":"USD","framed":false,"w":20,"h":28}]
des-isabelle-vandeplassche-table-cloth-w	Isabelle Vandeplassche	https://desenio.com/p/posters-prints/featured-artists/isabelle-vandeplassche/isabelle-vandeplassche-table-cloth-with-matches-print/	Table Cloth with Matches	print	abstract	https://media.desenio.com/site_images/685dba4a97bfddc5cb9db6c7_1861813412_PRE0237-8.jpg?auto=compress%2Cformat&fit=max&w=640	[{"vendor":"desenio","url":"https://desenio.com/p/posters-prints/featured-artists/isabelle-vandeplassche/isabelle-vandeplassche-table-cloth-with-matches-print/","price":55.95,"currency":"USD","framed":false,"w":12,"h":16},{"vendor":"desenio","url":"https://desenio.com/p/posters-prints/featured-artists/isabelle-vandeplassche/isabelle-vandeplassche-table-cloth-with-matches-print/","price":91.95,"currency":"USD","framed":false,"w":20,"h":28}]
des-isabelle-vandeplassche-still-life-wi	Isabelle Vandeplassche	https://desenio.com/p/posters-prints/featured-artists/isabelle-vandeplassche/isabelle-vandeplassche-still-life-with-fish-print/	Still Life with Fish	print	objects	https://media.desenio.com/site_images/685dba40caacebb10a60d04a_1572303616_PRE0236-8.jpg?auto=compress%2Cformat&fit=max&w=640	[{"vendor":"desenio","url":"https://desenio.com/p/posters-prints/featured-artists/isabelle-vandeplassche/isabelle-vandeplassche-still-life-with-fish-print/","price":39,"currency":"USD","framed":false,"w":8,"h":12},{"vendor":"desenio","url":"https://desenio.com/p/posters-prints/featured-artists/isabelle-vandeplassche/isabelle-vandeplassche-still-life-with-fish-print/","price":55.95,"currency":"USD","framed":false,"w":12,"h":16},{"vendor":"desenio","url":"https://desenio.com/p/posters-prints/featured-artists/isabelle-vandeplassche/isabelle-vandeplassche-still-life-with-fish-print/","price":91.95,"currency":"USD","framed":false,"w":20,"h":28}]
des-isabelle-vandeplassche-oysters-and-o	Isabelle Vandeplassche	https://desenio.com/p/posters-prints/featured-artists/isabelle-vandeplassche/isabelle-vandeplassche-oysters-and-olives-print/	Oysters and Olives	print	abstract	https://media.desenio.com/site_images/685dba3797bfddc5cb9db6c5_1531700461_PRE0235-8.jpg?auto=compress%2Cformat&fit=max&w=640	[{"vendor":"desenio","url":"https://desenio.com/p/posters-prints/featured-artists/isabelle-vandeplassche/isabelle-vandeplassche-oysters-and-olives-print/","price":39,"currency":"USD","framed":false,"w":8,"h":12},{"vendor":"desenio","url":"https://desenio.com/p/posters-prints/featured-artists/isabelle-vandeplassche/isabelle-vandeplassche-oysters-and-olives-print/","price":55.95,"currency":"USD","framed":false,"w":12,"h":16},{"vendor":"desenio","url":"https://desenio.com/p/posters-prints/featured-artists/isabelle-vandeplassche/isabelle-vandeplassche-oysters-and-olives-print/","price":91.95,"currency":"USD","framed":false,"w":20,"h":28}]
des-sissan-richardt-la-marche	Sissan Richardt	https://desenio.com/p/posters-prints/featured-artists/sissan-richardt/sissan-richardt-la-marche-print/	La Marche	print	abstract	https://media.desenio.com/site_images/685dba578fdef2fa155e15d2_1378820403_PRE0239-8.jpg?auto=compress%2Cformat&fit=max&w=640	[{"vendor":"desenio","url":"https://desenio.com/p/posters-prints/featured-artists/sissan-richardt/sissan-richardt-la-marche-print/","price":45.95,"currency":"USD","framed":false,"w":12,"h":16},{"vendor":"desenio","url":"https://desenio.com/p/posters-prints/featured-artists/sissan-richardt/sissan-richardt-la-marche-print/","price":73.45,"currency":"USD","framed":false,"w":20,"h":28}]
des-sissan-richardt-les-montagnes	Sissan Richardt	https://desenio.com/p/posters-prints/featured-artists/sissan-richardt/sissan-richardt-les-montagnes-print/	Les Montagnes	print	abstract	https://media.desenio.com/site_images/685dba518fdef2fa155e15d1_1361630127_PRE0238-8.jpg?auto=compress%2Cformat&fit=max&w=640	[{"vendor":"desenio","url":"https://desenio.com/p/posters-prints/featured-artists/sissan-richardt/sissan-richardt-les-montagnes-print/","price":45.95,"currency":"USD","framed":false,"w":12,"h":16},{"vendor":"desenio","url":"https://desenio.com/p/posters-prints/featured-artists/sissan-richardt/sissan-richardt-les-montagnes-print/","price":73.45,"currency":"USD","framed":false,"w":20,"h":28}]
des-marco-marella-dry-flowers	Marco Marella	https://desenio.com/p/posters-prints/featured-artists/marco-marella/marco-marella-dry-flowers-print/	Dry Flowers	print	flowers	https://media.desenio.com/site_images/685dba79caacebb10a60d051_1943212254_PRE0246-8.jpg?auto=compress%2Cformat&fit=max&w=640	[{"vendor":"desenio","url":"https://desenio.com/p/posters-prints/featured-artists/marco-marella/marco-marella-dry-flowers-print/","price":39,"currency":"USD","framed":false,"w":8,"h":12},{"vendor":"desenio","url":"https://desenio.com/p/posters-prints/featured-artists/marco-marella/marco-marella-dry-flowers-print/","price":55.95,"currency":"USD","framed":false,"w":12,"h":16},{"vendor":"desenio","url":"https://desenio.com/p/posters-prints/featured-artists/marco-marella/marco-marella-dry-flowers-print/","price":91.95,"currency":"USD","framed":false,"w":20,"h":28}]
des-marco-marella-blue-vase	Marco Marella	https://desenio.com/p/posters-prints/featured-artists/marco-marella/marco-marella-blue-vase-print/	Blue Vase	print	objects	https://media.desenio.com/site_images/67f87de2282bd995f4ac1a66_296750716_PRE0245_main_image_DS.jpg?auto=compress%2Cformat&fit=max&w=640	[{"vendor":"desenio","url":"https://desenio.com/p/posters-prints/featured-artists/marco-marella/marco-marella-blue-vase-print/","price":70.95,"currency":"USD","framed":false,"w":20,"h":20}]
des-we-made-something-nice-the-gyoza	We Made Something Nice	https://desenio.com/p/posters-prints/featured-artists/we-made-something-nice/we-made-something-nice-the-gyoza-print/	The Gyoza	print	abstract	https://media.desenio.com/site_images/685dba96caacebb10a60d054_2125048897_PRE0250-8.jpg?auto=compress%2Cformat&fit=max&w=640	[{"vendor":"desenio","url":"https://desenio.com/p/posters-prints/featured-artists/we-made-something-nice/we-made-something-nice-the-gyoza-print/","price":39,"currency":"USD","framed":false,"w":8,"h":12},{"vendor":"desenio","url":"https://desenio.com/p/posters-prints/featured-artists/we-made-something-nice/we-made-something-nice-the-gyoza-print/","price":55.95,"currency":"USD","framed":false,"w":12,"h":16}]
des-marco-marella-still-life-with-blue-g	Marco Marella	https://desenio.com/p/posters-prints/featured-artists/marco-marella/marco-marella-still-life-with-blue-glass-vases-print/	Blue Glass Vases	print	objects	https://media.desenio.com/site_images/685dba6f97bfddc5cb9db6c9_351127039_PRE0244-8.jpg?auto=compress%2Cformat&fit=max&w=640	[{"vendor":"desenio","url":"https://desenio.com/p/posters-prints/featured-artists/marco-marella/marco-marella-still-life-with-blue-glass-vases-print/","price":55.95,"currency":"USD","framed":false,"w":12,"h":16},{"vendor":"desenio","url":"https://desenio.com/p/posters-prints/featured-artists/marco-marella/marco-marella-still-life-with-blue-glass-vases-print/","price":91.95,"currency":"USD","framed":false,"w":20,"h":28}]
des-we-made-something-nice-the-negroni	We Made Something Nice	https://desenio.com/p/posters-prints/featured-artists/we-made-something-nice/we-made-something-nice-the-negroni-print/	The Negroni	print	drinks	https://media.desenio.com/site_images/685dbaab8b7ca77dcb8af467_1473792684_PRE0252-8.jpg?auto=compress%2Cformat&fit=max&w=640	[{"vendor":"desenio","url":"https://desenio.com/p/posters-prints/featured-artists/we-made-something-nice/we-made-something-nice-the-negroni-print/","price":39,"currency":"USD","framed":false,"w":8,"h":12},{"vendor":"desenio","url":"https://desenio.com/p/posters-prints/featured-artists/we-made-something-nice/we-made-something-nice-the-negroni-print/","price":55.95,"currency":"USD","framed":false,"w":12,"h":16},{"vendor":"desenio","url":"https://desenio.com/p/posters-prints/featured-artists/we-made-something-nice/we-made-something-nice-the-negroni-print/","price":91.95,"currency":"USD","framed":false,"w":20,"h":28}]
des-we-made-something-nice-the-ramen	We Made Something Nice	https://desenio.com/p/posters-prints/featured-artists/we-made-something-nice/we-made-something-nice-the-ramen-print/	The Ramen	print	abstract	https://media.desenio.com/site_images/685dbaa397bfddc5cb9db6d3_1705787494_PRE0251-8.jpg?auto=compress%2Cformat&fit=max&w=640	[{"vendor":"desenio","url":"https://desenio.com/p/posters-prints/featured-artists/we-made-something-nice/we-made-something-nice-the-ramen-print/","price":39,"currency":"USD","framed":false,"w":8,"h":12},{"vendor":"desenio","url":"https://desenio.com/p/posters-prints/featured-artists/we-made-something-nice/we-made-something-nice-the-ramen-print/","price":55.95,"currency":"USD","framed":false,"w":12,"h":16}]
des-dan-hobday-grosvenor	Dan Hobday	https://desenio.com/p/posters-prints/featured-artists/dan-hobday/dan-hobday-grosvenor-print/	Grosvenor	print	abstract	https://media.desenio.com/site_images/685df0d401554c52e0ad7f81_1886379541_pre0541-8.jpg?auto=compress%2Cformat&fit=max&w=640	[{"vendor":"desenio","url":"https://desenio.com/p/posters-prints/featured-artists/dan-hobday/dan-hobday-grosvenor-print/","price":55.95,"currency":"USD","framed":false,"w":12,"h":16},{"vendor":"desenio","url":"https://desenio.com/p/posters-prints/featured-artists/dan-hobday/dan-hobday-grosvenor-print/","price":91.95,"currency":"USD","framed":false,"w":20,"h":28},{"vendor":"desenio","url":"https://desenio.com/p/posters-prints/featured-artists/dan-hobday/dan-hobday-grosvenor-print/","price":107,"currency":"USD","framed":false,"w":28,"h":39}]
des-dan-hobday-squared-abstract	Dan Hobday	https://desenio.com/p/posters-prints/featured-artists/dan-hobday/dan-hobday-squared-abstract-print/	Squared Abstract	print	abstract	https://media.desenio.com/site_images/685df0db8fdef2fa155e1cbc_1056479881_pre0542-8.jpg?auto=compress%2Cformat&fit=max&w=640	[{"vendor":"desenio","url":"https://desenio.com/p/posters-prints/featured-artists/dan-hobday/dan-hobday-squared-abstract-print/","price":55.95,"currency":"USD","framed":false,"w":12,"h":16},{"vendor":"desenio","url":"https://desenio.com/p/posters-prints/featured-artists/dan-hobday/dan-hobday-squared-abstract-print/","price":91.95,"currency":"USD","framed":false,"w":20,"h":28}]
des-katharina-puritscher-window-with-a-v	Katharina Puritscher	https://desenio.com/p/posters-prints/featured-artists/katharina-puritscher/katharina-puritscher-window-with-a-view-print/	Window With a View	print	abstract	https://media.desenio.com/site_images/685db9d4caacebb10a60d03c_1742031639_PRE0223-8.jpg?auto=compress%2Cformat&fit=max&w=640	[{"vendor":"desenio","url":"https://desenio.com/p/posters-prints/featured-artists/katharina-puritscher/katharina-puritscher-window-with-a-view-print/","price":91.95,"currency":"USD","framed":false,"w":20,"h":28}]
des-dan-hobday-heights	Dan Hobday	https://desenio.com/p/posters-prints/featured-artists/dan-hobday/dan-hobday-heights-print/	Heights	print	abstract	https://media.desenio.com/site_images/685df0bc10fc5f881db64355_1919095346_pre0538-8.jpg?auto=compress%2Cformat&fit=max&w=640	[{"vendor":"desenio","url":"https://desenio.com/p/posters-prints/featured-artists/dan-hobday/dan-hobday-heights-print/","price":55.95,"currency":"USD","framed":false,"w":12,"h":16},{"vendor":"desenio","url":"https://desenio.com/p/posters-prints/featured-artists/dan-hobday/dan-hobday-heights-print/","price":91.95,"currency":"USD","framed":false,"w":20,"h":28}]
des-katharina-puritscher-golden-hour-bui	Katharina Puritscher	https://desenio.com/p/posters-prints/featured-artists/katharina-puritscher/katharina-puritscher-golden-hour-building-print/	Golden Hour Building	print	architecture	https://media.desenio.com/site_images/685db9dd97bfddc5cb9db6b7_1268969891_PRE0224-8.jpg?auto=compress%2Cformat&fit=max&w=640	[{"vendor":"desenio","url":"https://desenio.com/p/posters-prints/featured-artists/katharina-puritscher/katharina-puritscher-golden-hour-building-print/","price":39,"currency":"USD","framed":false,"w":8,"h":12},{"vendor":"desenio","url":"https://desenio.com/p/posters-prints/featured-artists/katharina-puritscher/katharina-puritscher-golden-hour-building-print/","price":55.95,"currency":"USD","framed":false,"w":12,"h":16},{"vendor":"desenio","url":"https://desenio.com/p/posters-prints/featured-artists/katharina-puritscher/katharina-puritscher-golden-hour-building-print/","price":91.95,"currency":"USD","framed":false,"w":20,"h":28}]
des-katharina-puritscher-wild-bloom	Katharina Puritscher	https://desenio.com/p/posters-prints/featured-artists/katharina-puritscher/katharina-puritscher-wild-bloom-print/	Wild Bloom	print	flowers	https://media.desenio.com/site_images/685dba038b7ca77dcb8af45a_982236946_PRE0228-8.jpg?auto=compress%2Cformat&fit=max&w=640	[{"vendor":"desenio","url":"https://desenio.com/p/posters-prints/featured-artists/katharina-puritscher/katharina-puritscher-wild-bloom-print/","price":39,"currency":"USD","framed":false,"w":8,"h":12},{"vendor":"desenio","url":"https://desenio.com/p/posters-prints/featured-artists/katharina-puritscher/katharina-puritscher-wild-bloom-print/","price":55.95,"currency":"USD","framed":false,"w":12,"h":16},{"vendor":"desenio","url":"https://desenio.com/p/posters-prints/featured-artists/katharina-puritscher/katharina-puritscher-wild-bloom-print/","price":91.95,"currency":"USD","framed":false,"w":20,"h":28}]
des-julia-hallstrom-hjort-frutti-di-mare	Julia Hallström Hjort	https://desenio.com/p/posters-prints/featured-artists/julia-hallstrom-hjort/julia-hallstrom-hjort-frutti-di-mare-illustration-print/	Frutti di Mare	print	abstract	https://media.desenio.com/site_images/685db8ee6938583ba8275d8f_1650429_PRE0195-8.jpg?auto=compress%2Cformat&fit=max&w=640	[{"vendor":"desenio","url":"https://desenio.com/p/posters-prints/featured-artists/julia-hallstrom-hjort/julia-hallstrom-hjort-frutti-di-mare-illustration-print/","price":39,"currency":"USD","framed":false,"w":8,"h":12},{"vendor":"desenio","url":"https://desenio.com/p/posters-prints/featured-artists/julia-hallstrom-hjort/julia-hallstrom-hjort-frutti-di-mare-illustration-print/","price":55.95,"currency":"USD","framed":false,"w":12,"h":16},{"vendor":"desenio","url":"https://desenio.com/p/posters-prints/featured-artists/julia-hallstrom-hjort/julia-hallstrom-hjort-frutti-di-mare-illustration-print/","price":91.95,"currency":"USD","framed":false,"w":20,"h":28}]
des-julia-hallstrom-hjort-pont-des-arts	Julia Hallström Hjort	https://desenio.com/p/posters-prints/featured-artists/julia-hallstrom-hjort/julia-hallstrom-hjort-pont-des-arts-print/	Pont des Arts	print	abstract	https://media.desenio.com/site_images/685db9103f92e20646f1995b_1483425073_PRE0199-8.jpg?auto=compress%2Cformat&fit=max&w=640	[{"vendor":"desenio","url":"https://desenio.com/p/posters-prints/featured-artists/julia-hallstrom-hjort/julia-hallstrom-hjort-pont-des-arts-print/","price":39,"currency":"USD","framed":false,"w":8,"h":12},{"vendor":"desenio","url":"https://desenio.com/p/posters-prints/featured-artists/julia-hallstrom-hjort/julia-hallstrom-hjort-pont-des-arts-print/","price":55.95,"currency":"USD","framed":false,"w":12,"h":16},{"vendor":"desenio","url":"https://desenio.com/p/posters-prints/featured-artists/julia-hallstrom-hjort/julia-hallstrom-hjort-pont-des-arts-print/","price":91.95,"currency":"USD","framed":false,"w":20,"h":28}]
des-kristian-gallagher-twilight-blue-and	Kristian Gallagher	https://desenio.com/p/posters-prints/featured-artists/kristian-gallagher/kristian-gallagher-twilight-blue-and-metallic-gold-sunrise-print/	Twilight Blue and Gold Sunrise	print	abstract	https://media.desenio.com/site_images/685db9458b7ca77dcb8af448_1088486741_PRE0204-8.jpg?auto=compress%2Cformat&fit=max&w=640	[{"vendor":"desenio","url":"https://desenio.com/p/posters-prints/featured-artists/kristian-gallagher/kristian-gallagher-twilight-blue-and-metallic-gold-sunrise-print/","price":39,"currency":"USD","framed":false,"w":8,"h":12},{"vendor":"desenio","url":"https://desenio.com/p/posters-prints/featured-artists/kristian-gallagher/kristian-gallagher-twilight-blue-and-metallic-gold-sunrise-print/","price":55.95,"currency":"USD","framed":false,"w":12,"h":16},{"vendor":"desenio","url":"https://desenio.com/p/posters-prints/featured-artists/kristian-gallagher/kristian-gallagher-twilight-blue-and-metallic-gold-sunrise-print/","price":91.95,"currency":"USD","framed":false,"w":20,"h":28}]
des-julia-hallstrom-hjort-oyster-festiva	Julia Hallström Hjort	https://desenio.com/p/posters-prints/featured-artists/julia-hallstrom-hjort/julia-hallstrom-hjort-oyster-festival-print/	Oyster Festival	print	abstract	https://media.desenio.com/site_images/685db8f697bfddc5cb9db6ad_2038676073_PRE0196-8.jpg?auto=compress%2Cformat&fit=max&w=640	[{"vendor":"desenio","url":"https://desenio.com/p/posters-prints/featured-artists/julia-hallstrom-hjort/julia-hallstrom-hjort-oyster-festival-print/","price":55.95,"currency":"USD","framed":false,"w":12,"h":16},{"vendor":"desenio","url":"https://desenio.com/p/posters-prints/featured-artists/julia-hallstrom-hjort/julia-hallstrom-hjort-oyster-festival-print/","price":91.95,"currency":"USD","framed":false,"w":20,"h":28}]
des-kristian-gallagher-metallic-gold-pal	Kristian Gallagher	https://desenio.com/p/posters-prints/featured-artists/kristian-gallagher/kristian-gallagher-metallic-gold-palm-leaf-print/	Gold Palm Leaf	print	flowers	https://media.desenio.com/site_images/685db94ecaacebb10a60d021_1685485146_PRE0205-8.jpg?auto=compress%2Cformat&fit=max&w=640	[{"vendor":"desenio","url":"https://desenio.com/p/posters-prints/featured-artists/kristian-gallagher/kristian-gallagher-metallic-gold-palm-leaf-print/","price":39,"currency":"USD","framed":false,"w":8,"h":12},{"vendor":"desenio","url":"https://desenio.com/p/posters-prints/featured-artists/kristian-gallagher/kristian-gallagher-metallic-gold-palm-leaf-print/","price":55.95,"currency":"USD","framed":false,"w":12,"h":16},{"vendor":"desenio","url":"https://desenio.com/p/posters-prints/featured-artists/kristian-gallagher/kristian-gallagher-metallic-gold-palm-leaf-print/","price":91.95,"currency":"USD","framed":false,"w":20,"h":28}]
des-kristian-gallagher-summer-fern	Kristian Gallagher	https://desenio.com/p/posters-prints/featured-artists/kristian-gallagher/kristian-gallagher-summer-fern-print/	Summer Fern	print	flowers	https://media.desenio.com/site_images/685db97367fd6077b6f2f100_1915178055_PRE0209-8.jpg?auto=compress%2Cformat&fit=max&w=640	[{"vendor":"desenio","url":"https://desenio.com/p/posters-prints/featured-artists/kristian-gallagher/kristian-gallagher-summer-fern-print/","price":39,"currency":"USD","framed":false,"w":8,"h":12},{"vendor":"desenio","url":"https://desenio.com/p/posters-prints/featured-artists/kristian-gallagher/kristian-gallagher-summer-fern-print/","price":55.95,"currency":"USD","framed":false,"w":12,"h":16},{"vendor":"desenio","url":"https://desenio.com/p/posters-prints/featured-artists/kristian-gallagher/kristian-gallagher-summer-fern-print/","price":91.95,"currency":"USD","framed":false,"w":20,"h":28}]
des-hanna-kl-stacked	Hanna KL	https://desenio.com/p/posters-prints/featured-artists/hanna-kl/hanna-kl-stacked-print/	Stacked	print	abstract	https://media.desenio.com/site_images/685db886e909f459d7324fdd_452286732_PRE0182-8.jpg?auto=compress%2Cformat&fit=max&w=640	[{"vendor":"desenio","url":"https://desenio.com/p/posters-prints/featured-artists/hanna-kl/hanna-kl-stacked-print/","price":39,"currency":"USD","framed":false,"w":8,"h":12},{"vendor":"desenio","url":"https://desenio.com/p/posters-prints/featured-artists/hanna-kl/hanna-kl-stacked-print/","price":55.95,"currency":"USD","framed":false,"w":12,"h":16},{"vendor":"desenio","url":"https://desenio.com/p/posters-prints/featured-artists/hanna-kl/hanna-kl-stacked-print/","price":91.95,"currency":"USD","framed":false,"w":20,"h":28}]
des-hanna-kl-cirque-de-jardin	Hanna KL	https://desenio.com/p/posters-prints/featured-artists/hanna-kl/hanna-kl-cirque-de-jardin-print/	Cirque de Jardin	print	abstract	https://media.desenio.com/site_images/685db8a03f92e20646f19955_988934533_PRE0185-8.jpg?auto=compress%2Cformat&fit=max&w=640	[{"vendor":"desenio","url":"https://desenio.com/p/posters-prints/featured-artists/hanna-kl/hanna-kl-cirque-de-jardin-print/","price":39,"currency":"USD","framed":false,"w":8,"h":12},{"vendor":"desenio","url":"https://desenio.com/p/posters-prints/featured-artists/hanna-kl/hanna-kl-cirque-de-jardin-print/","price":55.95,"currency":"USD","framed":false,"w":12,"h":16},{"vendor":"desenio","url":"https://desenio.com/p/posters-prints/featured-artists/hanna-kl/hanna-kl-cirque-de-jardin-print/","price":91.95,"currency":"USD","framed":false,"w":20,"h":28}]
des-maxime-rokus-hats-together	Maxime Rokus	https://desenio.com/p/posters-prints/featured-artists/maxime-rokus/maxime-rokus-hats-together-print/	Hats Together	print	abstract	https://media.desenio.com/site_images/685db8dde909f459d7324ff7_695897266_PRE0193-8.jpg?auto=compress%2Cformat&fit=max&w=640	[{"vendor":"desenio","url":"https://desenio.com/p/posters-prints/featured-artists/maxime-rokus/maxime-rokus-hats-together-print/","price":39,"currency":"USD","framed":false,"w":8,"h":12},{"vendor":"desenio","url":"https://desenio.com/p/posters-prints/featured-artists/maxime-rokus/maxime-rokus-hats-together-print/","price":55.95,"currency":"USD","framed":false,"w":12,"h":16},{"vendor":"desenio","url":"https://desenio.com/p/posters-prints/featured-artists/maxime-rokus/maxime-rokus-hats-together-print/","price":91.95,"currency":"USD","framed":false,"w":20,"h":28}]
des-hanna-kl-venice-canals	Hanna KL	https://desenio.com/p/posters-prints/featured-artists/hanna-kl/hanna-kl-venice-canals-print/	Venice Canals	print	abstract	https://media.desenio.com/site_images/685db88f55f01038f8f484b4_1537092772_PRE0183-8.jpg?auto=compress%2Cformat&fit=max&w=640	[{"vendor":"desenio","url":"https://desenio.com/p/posters-prints/featured-artists/hanna-kl/hanna-kl-venice-canals-print/","price":39,"currency":"USD","framed":false,"w":8,"h":12},{"vendor":"desenio","url":"https://desenio.com/p/posters-prints/featured-artists/hanna-kl/hanna-kl-venice-canals-print/","price":55.95,"currency":"USD","framed":false,"w":12,"h":16},{"vendor":"desenio","url":"https://desenio.com/p/posters-prints/featured-artists/hanna-kl/hanna-kl-venice-canals-print/","price":91.95,"currency":"USD","framed":false,"w":20,"h":28}]
des-maxime-rokus-still-life-jug	Maxime Rokus	https://desenio.com/p/posters-prints/featured-artists/maxime-rokus/maxime-rokus-still-life-jug-print/	Still Life Jug	print	objects	https://media.desenio.com/site_images/685db8cb8b7ca77dcb8af43e_47149269_PRE0191-8.jpg?auto=compress%2Cformat&fit=max&w=640	[{"vendor":"desenio","url":"https://desenio.com/p/posters-prints/featured-artists/maxime-rokus/maxime-rokus-still-life-jug-print/","price":39,"currency":"USD","framed":false,"w":8,"h":12},{"vendor":"desenio","url":"https://desenio.com/p/posters-prints/featured-artists/maxime-rokus/maxime-rokus-still-life-jug-print/","price":55.95,"currency":"USD","framed":false,"w":12,"h":16},{"vendor":"desenio","url":"https://desenio.com/p/posters-prints/featured-artists/maxime-rokus/maxime-rokus-still-life-jug-print/","price":91.95,"currency":"USD","framed":false,"w":20,"h":28}]
des-sylvia-takken-calm	Sylvia Takken	https://desenio.com/p/posters-prints/featured-artists/sylvia-takken/sylvia-takken-calm-print/	Calm	print	abstract	https://media.desenio.com/site_images/685db83ccaacebb10a60cfe7_27178238_PRE0174-8.jpg?auto=compress%2Cformat&fit=max&w=640	[{"vendor":"desenio","url":"https://desenio.com/p/posters-prints/featured-artists/sylvia-takken/sylvia-takken-calm-print/","price":39,"currency":"USD","framed":false,"w":8,"h":12},{"vendor":"desenio","url":"https://desenio.com/p/posters-prints/featured-artists/sylvia-takken/sylvia-takken-calm-print/","price":55.95,"currency":"USD","framed":false,"w":12,"h":16},{"vendor":"desenio","url":"https://desenio.com/p/posters-prints/featured-artists/sylvia-takken/sylvia-takken-calm-print/","price":91.95,"currency":"USD","framed":false,"w":20,"h":28}]
des-sylvia-takken-in-bloom-20	Sylvia Takken	https://desenio.com/p/posters-prints/featured-artists/sylvia-takken/sylvia-takken-in-bloom-20-print/	In Bloom	print	flowers	https://media.desenio.com/site_images/685db833072d3564bd0b1d0c_1409869697_PRE0173-8.jpg?auto=compress%2Cformat&fit=max&w=640	[{"vendor":"desenio","url":"https://desenio.com/p/posters-prints/featured-artists/sylvia-takken/sylvia-takken-in-bloom-20-print/","price":39,"currency":"USD","framed":false,"w":8,"h":12},{"vendor":"desenio","url":"https://desenio.com/p/posters-prints/featured-artists/sylvia-takken/sylvia-takken-in-bloom-20-print/","price":55.95,"currency":"USD","framed":false,"w":12,"h":16},{"vendor":"desenio","url":"https://desenio.com/p/posters-prints/featured-artists/sylvia-takken/sylvia-takken-in-bloom-20-print/","price":91.95,"currency":"USD","framed":false,"w":20,"h":28}]
des-arty-guava-lay-hoon-the-garden	Lay Hoon	https://desenio.com/p/posters-prints/featured-artists/arty-guava-lay-hoon/arty-guava-lay-hoon-the-garden-print/	The Garden	print	abstract	https://media.desenio.com/site_images/685deb0655f01038f8f48b90_1529939841_pre0150-8.jpg?auto=compress%2Cformat&fit=max&w=640	[{"vendor":"desenio","url":"https://desenio.com/p/posters-prints/featured-artists/arty-guava-lay-hoon/arty-guava-lay-hoon-the-garden-print/","price":55.95,"currency":"USD","framed":false,"w":12,"h":16},{"vendor":"desenio","url":"https://desenio.com/p/posters-prints/featured-artists/arty-guava-lay-hoon/arty-guava-lay-hoon-the-garden-print/","price":91.95,"currency":"USD","framed":false,"w":20,"h":28}]
des-arty-guava-lay-hoon-lazy-days	Lay Hoon	https://desenio.com/p/posters-prints/featured-artists/arty-guava-lay-hoon/arty-guava-lay-hoon-lazy-days-print/	Lazy Days	print	abstract	https://media.desenio.com/site_images/685deb14caacebb10a60d6a2_1637347999_pre0152-8.jpg?auto=compress%2Cformat&fit=max&w=640	[{"vendor":"desenio","url":"https://desenio.com/p/posters-prints/featured-artists/arty-guava-lay-hoon/arty-guava-lay-hoon-lazy-days-print/","price":55.95,"currency":"USD","framed":false,"w":12,"h":16}]
des-arty-guava-lay-hoon-balancing-fruits	Lay Hoon	https://desenio.com/p/posters-prints/featured-artists/arty-guava-lay-hoon/arty-guava-lay-hoon-balancing-fruits-print/	Balancing Fruits	print	food	https://media.desenio.com/site_images/685deb0d97bfddc5cb9dbd21_335974493_pre0151-8.jpg?auto=compress%2Cformat&fit=max&w=640	[{"vendor":"desenio","url":"https://desenio.com/p/posters-prints/featured-artists/arty-guava-lay-hoon/arty-guava-lay-hoon-balancing-fruits-print/","price":55.95,"currency":"USD","framed":false,"w":12,"h":16},{"vendor":"desenio","url":"https://desenio.com/p/posters-prints/featured-artists/arty-guava-lay-hoon/arty-guava-lay-hoon-balancing-fruits-print/","price":91.95,"currency":"USD","framed":false,"w":20,"h":28}]
des-giselle-dekel-bubble-bath	Giselle Dekel	https://desenio.com/p/posters-prints/featured-artists/giselle-dekel/giselle-dekel-bubble-bath-print/	Bubble Bath	print	abstract	https://media.desenio.com/site_images/685deb36caacebb10a60d6a3_1076814188_pre0157-8.jpg?auto=compress%2Cformat&fit=max&w=640	[{"vendor":"desenio","url":"https://desenio.com/p/posters-prints/featured-artists/giselle-dekel/giselle-dekel-bubble-bath-print/","price":55.95,"currency":"USD","framed":false,"w":12,"h":16}]
des-sandra-poliakov-calm-woman-portrait	Sandra Poliakov	https://desenio.com/p/posters-prints/featured-artists/sandra-poliakov/sandra-poliakov-calm-woman-portrait-print/	Calm Woman Portrait	print	figure	https://media.desenio.com/site_images/685deb7d8b7ca77dcb8afac6_420226120_pre0167-8.jpg?auto=compress%2Cformat&fit=max&w=640	[{"vendor":"desenio","url":"https://desenio.com/p/posters-prints/featured-artists/sandra-poliakov/sandra-poliakov-calm-woman-portrait-print/","price":55.95,"currency":"USD","framed":false,"w":12,"h":16},{"vendor":"desenio","url":"https://desenio.com/p/posters-prints/featured-artists/sandra-poliakov/sandra-poliakov-calm-woman-portrait-print/","price":91.95,"currency":"USD","framed":false,"w":20,"h":28}]
des-giselle-dekel-coffee-ladies	Giselle Dekel	https://desenio.com/p/posters-prints/featured-artists/giselle-dekel/giselle-dekel-coffee-ladies-print/	Coffee Ladies	print	coffee	https://media.desenio.com/site_images/685deb5ecaacebb10a60d6a9_1683650836_pre0162-8.jpg?auto=compress%2Cformat&fit=max&w=640	[{"vendor":"desenio","url":"https://desenio.com/p/posters-prints/featured-artists/giselle-dekel/giselle-dekel-coffee-ladies-print/","price":55.95,"currency":"USD","framed":false,"w":12,"h":16},{"vendor":"desenio","url":"https://desenio.com/p/posters-prints/featured-artists/giselle-dekel/giselle-dekel-coffee-ladies-print/","price":91.95,"currency":"USD","framed":false,"w":20,"h":28}]
des-giselle-dekel-pink-meditation	Giselle Dekel	https://desenio.com/p/posters-prints/featured-artists/giselle-dekel/giselle-dekel-pink-meditation-print/	Pink Meditation	print	abstract	https://media.desenio.com/site_images/685deb3d55f01038f8f48b94_1253663051_pre0158-8.jpg?auto=compress%2Cformat&fit=max&w=640	[{"vendor":"desenio","url":"https://desenio.com/p/posters-prints/featured-artists/giselle-dekel/giselle-dekel-pink-meditation-print/","price":55.95,"currency":"USD","framed":false,"w":12,"h":16},{"vendor":"desenio","url":"https://desenio.com/p/posters-prints/featured-artists/giselle-dekel/giselle-dekel-pink-meditation-print/","price":91.95,"currency":"USD","framed":false,"w":20,"h":28}]
des-jaron-su-subtropical-therapy	Jaron Su	https://desenio.com/p/posters-prints/featured-artists/jaron-su/jaron-su-subtropical-therapy-print/	Subtropical Therapy	print	abstract	https://media.desenio.com/site_images/685db7a7072d3564bd0b1cef_477849506_PRE0127-8.jpg?auto=compress%2Cformat&fit=max&w=640	[{"vendor":"desenio","url":"https://desenio.com/p/posters-prints/featured-artists/jaron-su/jaron-su-subtropical-therapy-print/","price":45.95,"currency":"USD","framed":false,"w":12,"h":16},{"vendor":"desenio","url":"https://desenio.com/p/posters-prints/featured-artists/jaron-su/jaron-su-subtropical-therapy-print/","price":73.45,"currency":"USD","framed":false,"w":20,"h":28}]
des-laura-page-sagittarius-reading	Laura Page	https://desenio.com/p/posters-prints/featured-artists/laura-page/laura-page-sagittarius-reading-print/	Sagittarius Reading	print	abstract	https://media.desenio.com/site_images/685db7e09416060110712a1d_1109355822_PRE0136-8.jpg?auto=compress%2Cformat&fit=max&w=640	[{"vendor":"desenio","url":"https://desenio.com/p/posters-prints/featured-artists/laura-page/laura-page-sagittarius-reading-print/","price":45.95,"currency":"USD","framed":false,"w":12,"h":16},{"vendor":"desenio","url":"https://desenio.com/p/posters-prints/featured-artists/laura-page/laura-page-sagittarius-reading-print/","price":73.45,"currency":"USD","framed":false,"w":20,"h":28}]
des-sandra-poliakov-sun-power	Sandra Poliakov	https://desenio.com/p/posters-prints/featured-artists/sandra-poliakov/sandra-poliakov-sun-power-print/	Sun Power	print	abstract	https://media.desenio.com/site_images/685deb718fdef2fa155e1c71_602265759_pre0165-8.jpg?auto=compress%2Cformat&fit=max&w=640	[{"vendor":"desenio","url":"https://desenio.com/p/posters-prints/featured-artists/sandra-poliakov/sandra-poliakov-sun-power-print/","price":91.95,"currency":"USD","framed":false,"w":20,"h":28}]
des-sandra-poliakov-morning-garden	Sandra Poliakov	https://desenio.com/p/posters-prints/featured-artists/sandra-poliakov/sandra-poliakov-morning-garden-print/	Morning Garden	print	abstract	https://media.desenio.com/site_images/685deb778b7ca77dcb8afac5_65106063_pre0166-8.jpg?auto=compress%2Cformat&fit=max&w=640	[{"vendor":"desenio","url":"https://desenio.com/p/posters-prints/featured-artists/sandra-poliakov/sandra-poliakov-morning-garden-print/","price":55.95,"currency":"USD","framed":false,"w":12,"h":16},{"vendor":"desenio","url":"https://desenio.com/p/posters-prints/featured-artists/sandra-poliakov/sandra-poliakov-morning-garden-print/","price":91.95,"currency":"USD","framed":false,"w":20,"h":28}]
des-jaron-su-aiqinhai	Jaron Su	https://desenio.com/p/posters-prints/featured-artists/jaron-su/jaron-su-aiqinhai-print/	Aiqinhai	print	abstract	https://media.desenio.com/site_images/685db79a6938583ba8275d3c_1577571346_PRE0125-8.jpg?auto=compress%2Cformat&fit=max&w=640	[{"vendor":"desenio","url":"https://desenio.com/p/posters-prints/featured-artists/jaron-su/jaron-su-aiqinhai-print/","price":45.95,"currency":"USD","framed":false,"w":12,"h":16},{"vendor":"desenio","url":"https://desenio.com/p/posters-prints/featured-artists/jaron-su/jaron-su-aiqinhai-print/","price":73.45,"currency":"USD","framed":false,"w":20,"h":28}]
des-leigh-viner-artsy-peonies-no1	Leigh Viner	https://desenio.com/p/posters-prints/featured-artists/leigh-viner/leigh-viner-artsy-peonies-no1-print/	Artsy Peonies No1	print	abstract	https://media.desenio.com/site_images/685dead48b7ca77dcb8afaba_1851469230_pre0116-8.jpg?auto=compress%2Cformat&fit=max&w=640	[{"vendor":"desenio","url":"https://desenio.com/p/posters-prints/featured-artists/leigh-viner/leigh-viner-artsy-peonies-no1-print/","price":45.95,"currency":"USD","framed":false,"w":12,"h":16},{"vendor":"desenio","url":"https://desenio.com/p/posters-prints/featured-artists/leigh-viner/leigh-viner-artsy-peonies-no1-print/","price":73.45,"currency":"USD","framed":false,"w":20,"h":28}]
des-laura-page-italian-girl	Laura Page	https://desenio.com/p/posters-prints/featured-artists/laura-page/laura-page-italian-girl-print/	Italian Girl	print	abstract	https://media.desenio.com/site_images/685db7d98fdef2fa155e1581_1626470064_PRE0135-8.jpg?auto=compress%2Cformat&fit=max&w=640	[{"vendor":"desenio","url":"https://desenio.com/p/posters-prints/featured-artists/laura-page/laura-page-italian-girl-print/","price":45.95,"currency":"USD","framed":false,"w":12,"h":16}]
des-jaron-su-flower-thief	Jaron Su	https://desenio.com/p/posters-prints/featured-artists/jaron-su/jaron-su-flower-thief-print/	Flower Thief	print	flowers	https://media.desenio.com/site_images/685db7b455f01038f8f4846c_533740763_PRE0129-8.jpg?auto=compress%2Cformat&fit=max&w=640	[{"vendor":"desenio","url":"https://desenio.com/p/posters-prints/featured-artists/jaron-su/jaron-su-flower-thief-print/","price":45.95,"currency":"USD","framed":false,"w":12,"h":16},{"vendor":"desenio","url":"https://desenio.com/p/posters-prints/featured-artists/jaron-su/jaron-su-flower-thief-print/","price":73.45,"currency":"USD","framed":false,"w":20,"h":28}]
des-leigh-viner-palm-in-color	Leigh Viner	https://desenio.com/p/posters-prints/featured-artists/leigh-viner/leigh-viner-palm-in-color-print/	Palm in Color	print	abstract	https://media.desenio.com/site_images/685deac567fd6077b6f2f721_1473112195_pre0114-8.jpg?auto=compress%2Cformat&fit=max&w=640	[{"vendor":"desenio","url":"https://desenio.com/p/posters-prints/featured-artists/leigh-viner/leigh-viner-palm-in-color-print/","price":45.95,"currency":"USD","framed":false,"w":12,"h":16},{"vendor":"desenio","url":"https://desenio.com/p/posters-prints/featured-artists/leigh-viner/leigh-viner-palm-in-color-print/","price":73.45,"currency":"USD","framed":false,"w":20,"h":28}]
des-laura-page-swedish-cafe	Laura Page	https://desenio.com/p/posters-prints/featured-artists/laura-page/laura-page-swedish-cafe-print/	Swedish Cafe	print	coffee	https://media.desenio.com/site_images/685db7e6e909f459d7324fa7_945287030_PRE0137-8.jpg?auto=compress%2Cformat&fit=max&w=640	[{"vendor":"desenio","url":"https://desenio.com/p/posters-prints/featured-artists/laura-page/laura-page-swedish-cafe-print/","price":45.95,"currency":"USD","framed":false,"w":12,"h":16},{"vendor":"desenio","url":"https://desenio.com/p/posters-prints/featured-artists/laura-page/laura-page-swedish-cafe-print/","price":73.45,"currency":"USD","framed":false,"w":20,"h":28}]
des-sofia-larsson-center-of-attention	Sofia Larsson	https://desenio.com/p/posters-prints/featured-artists/sofia-larsson/sofia-larsson-center-of-attention-print/	Center of Attention	painting	abstract	https://media.desenio.com/site_images/685dea7d55f01038f8f48b87_649339813_pre0104-8.jpg?auto=compress%2Cformat&fit=max&w=640	[{"vendor":"desenio","url":"https://desenio.com/p/posters-prints/featured-artists/sofia-larsson/sofia-larsson-center-of-attention-print/","price":45.95,"currency":"USD","framed":false,"w":12,"h":16},{"vendor":"desenio","url":"https://desenio.com/p/posters-prints/featured-artists/sofia-larsson/sofia-larsson-center-of-attention-print/","price":73.45,"currency":"USD","framed":false,"w":20,"h":28}]
des-leigh-viner-insouciant	Leigh Viner	https://desenio.com/p/posters-prints/featured-artists/leigh-viner/leigh-viner-insouciant-print/	Insouciant	print	abstract	https://media.desenio.com/site_images/685deaac67fd6077b6f2f71e_1550751222_pre0111-8.jpg?auto=compress%2Cformat&fit=max&w=640	[{"vendor":"desenio","url":"https://desenio.com/p/posters-prints/featured-artists/leigh-viner/leigh-viner-insouciant-print/","price":45.95,"currency":"USD","framed":false,"w":12,"h":16},{"vendor":"desenio","url":"https://desenio.com/p/posters-prints/featured-artists/leigh-viner/leigh-viner-insouciant-print/","price":73.45,"currency":"USD","framed":false,"w":20,"h":28}]
des-heather-perry-artsy-leopard	Heather Perry	https://desenio.com/p/posters-prints/heather-perry-artsy-leopard-print/	Artsy Leopard	print	abstract	https://media.desenio.com/site_images/685de9db52aae0cfacffbfb3_851319948_pre0082-8.jpg?auto=compress%2Cformat&fit=max&w=640	[{"vendor":"desenio","url":"https://desenio.com/p/posters-prints/heather-perry-artsy-leopard-print/","price":39,"currency":"USD","framed":false,"w":8,"h":12},{"vendor":"desenio","url":"https://desenio.com/p/posters-prints/heather-perry-artsy-leopard-print/","price":55.95,"currency":"USD","framed":false,"w":12,"h":16},{"vendor":"desenio","url":"https://desenio.com/p/posters-prints/heather-perry-artsy-leopard-print/","price":70.95,"currency":"USD","framed":false,"w":16,"h":20},{"vendor":"desenio","url":"https://desenio.com/p/posters-prints/heather-perry-artsy-leopard-print/","price":91.95,"currency":"USD","framed":false,"w":20,"h":28},{"vendor":"desenio","url":"https://desenio.com/p/posters-prints/heather-perry-artsy-leopard-print/","price":107,"currency":"USD","framed":false,"w":28,"h":39},{"vendor":"desenio","url":"https://desenio.com/p/posters-prints/heather-perry-artsy-leopard-print/","price":213,"currency":"USD","framed":false,"w":39,"h":59}]
des-heather-perry-artsy-lion	Heather Perry	https://desenio.com/p/posters-prints/heather-perry-artsy-lion-print/	Artsy Lion	print	abstract	https://media.desenio.com/site_images/685de9c98b7ca77dcb8afa9f_402877301_pre0081-8.jpg?auto=compress%2Cformat&fit=max&w=640	[{"vendor":"desenio","url":"https://desenio.com/p/posters-prints/heather-perry-artsy-lion-print/","price":39,"currency":"USD","framed":false,"w":8,"h":12},{"vendor":"desenio","url":"https://desenio.com/p/posters-prints/heather-perry-artsy-lion-print/","price":70.95,"currency":"USD","framed":false,"w":16,"h":20},{"vendor":"desenio","url":"https://desenio.com/p/posters-prints/heather-perry-artsy-lion-print/","price":91.95,"currency":"USD","framed":false,"w":20,"h":28},{"vendor":"desenio","url":"https://desenio.com/p/posters-prints/heather-perry-artsy-lion-print/","price":107,"currency":"USD","framed":false,"w":28,"h":39},{"vendor":"desenio","url":"https://desenio.com/p/posters-prints/heather-perry-artsy-lion-print/","price":213,"currency":"USD","framed":false,"w":39,"h":59}]
des-spacefrog-designs-bond-ii	SpaceFrog Designs	https://desenio.com/p/posters-prints/featured-artists/spacefrog-designs/spacefrog-designs-bond-ii-print/	Bond II	print	abstract	https://media.desenio.com/site_images/685b1a0667a76f972c742428_1703809202_14194-8.jpg?auto=compress%2Cformat&fit=max&w=640	[{"vendor":"desenio","url":"https://desenio.com/p/posters-prints/featured-artists/spacefrog-designs/spacefrog-designs-bond-ii-print/","price":29.95,"currency":"USD","framed":false,"w":8,"h":12},{"vendor":"desenio","url":"https://desenio.com/p/posters-prints/featured-artists/spacefrog-designs/spacefrog-designs-bond-ii-print/","price":45.95,"currency":"USD","framed":false,"w":12,"h":16},{"vendor":"desenio","url":"https://desenio.com/p/posters-prints/featured-artists/spacefrog-designs/spacefrog-designs-bond-ii-print/","price":53.95,"currency":"USD","framed":false,"w":20,"h":20},{"vendor":"desenio","url":"https://desenio.com/p/posters-prints/featured-artists/spacefrog-designs/spacefrog-designs-bond-ii-print/","price":73.45,"currency":"USD","framed":false,"w":20,"h":28},{"vendor":"desenio","url":"https://desenio.com/p/posters-prints/featured-artists/spacefrog-designs/spacefrog-designs-bond-ii-print/","price":98,"currency":"USD","framed":false,"w":28,"h":39}]
des-spacefrog-designs-amber-dusk	SpaceFrog Designs	https://desenio.com/p/posters-prints/featured-artists/spacefrog-designs/spacefrog-designs-amber-dusk-print/	Amber Dusk	print	abstract	https://media.desenio.com/site_images/685b19f320f7978d2595c749_1534266406_14193-8.jpg?auto=compress%2Cformat&fit=max&w=640	[{"vendor":"desenio","url":"https://desenio.com/p/posters-prints/featured-artists/spacefrog-designs/spacefrog-designs-amber-dusk-print/","price":29.95,"currency":"USD","framed":false,"w":8,"h":12},{"vendor":"desenio","url":"https://desenio.com/p/posters-prints/featured-artists/spacefrog-designs/spacefrog-designs-amber-dusk-print/","price":45.95,"currency":"USD","framed":false,"w":12,"h":16},{"vendor":"desenio","url":"https://desenio.com/p/posters-prints/featured-artists/spacefrog-designs/spacefrog-designs-amber-dusk-print/","price":53.95,"currency":"USD","framed":false,"w":20,"h":20},{"vendor":"desenio","url":"https://desenio.com/p/posters-prints/featured-artists/spacefrog-designs/spacefrog-designs-amber-dusk-print/","price":73.45,"currency":"USD","framed":false,"w":20,"h":28},{"vendor":"desenio","url":"https://desenio.com/p/posters-prints/featured-artists/spacefrog-designs/spacefrog-designs-amber-dusk-print/","price":98,"currency":"USD","framed":false,"w":28,"h":39}]
des-heather-perry-artsy-blue-tiger	Heather Perry	https://desenio.com/p/posters-prints/featured-artists/heather-perry/heather-perry-artsy-blue-tiger-print/	Artsy Blue Tiger	print	abstract	https://media.desenio.com/site_images/685de9b852aae0cfacffbfab_261084895_pre0080-8.jpg?auto=compress%2Cformat&fit=max&w=640	[{"vendor":"desenio","url":"https://desenio.com/p/posters-prints/featured-artists/heather-perry/heather-perry-artsy-blue-tiger-print/","price":45.95,"currency":"USD","framed":false,"w":12,"h":16},{"vendor":"desenio","url":"https://desenio.com/p/posters-prints/featured-artists/heather-perry/heather-perry-artsy-blue-tiger-print/","price":73.45,"currency":"USD","framed":false,"w":20,"h":28}]
des-spacefrog-designs-elegant-flight	SpaceFrog Designs	https://desenio.com/p/posters-prints/featured-artists/spacefrog-designs/spacefrog-designs-elegant-flight-print/	Elegant Flight	print	abstract	https://media.desenio.com/site_images/685b1a1fb9cc5cbf16082a3e_727089651_14196-8.jpg?auto=compress%2Cformat&fit=max&w=640	[{"vendor":"desenio","url":"https://desenio.com/p/posters-prints/featured-artists/spacefrog-designs/spacefrog-designs-elegant-flight-print/","price":29.95,"currency":"USD","framed":false,"w":8,"h":12},{"vendor":"desenio","url":"https://desenio.com/p/posters-prints/featured-artists/spacefrog-designs/spacefrog-designs-elegant-flight-print/","price":45.95,"currency":"USD","framed":false,"w":12,"h":16},{"vendor":"desenio","url":"https://desenio.com/p/posters-prints/featured-artists/spacefrog-designs/spacefrog-designs-elegant-flight-print/","price":53.95,"currency":"USD","framed":false,"w":20,"h":20},{"vendor":"desenio","url":"https://desenio.com/p/posters-prints/featured-artists/spacefrog-designs/spacefrog-designs-elegant-flight-print/","price":73.45,"currency":"USD","framed":false,"w":20,"h":28},{"vendor":"desenio","url":"https://desenio.com/p/posters-prints/featured-artists/spacefrog-designs/spacefrog-designs-elegant-flight-print/","price":98,"currency":"USD","framed":false,"w":28,"h":39}]
des-jonas-loose-tennis-giraffe	Jonas Loose	https://desenio.com/p/posters-prints/featured-artists/jonas-loose/jonas-loose-tennis-giraffe-print/	Tennis Giraffe	print	tennis	https://media.desenio.com/site_images/68597d26ae7bb3fe3e425d23_1372309997_11020-8.jpg?auto=compress%2Cformat&fit=max&w=640	[{"vendor":"desenio","url":"https://desenio.com/p/posters-prints/featured-artists/jonas-loose/jonas-loose-tennis-giraffe-print/","price":29.95,"currency":"USD","framed":false,"w":8,"h":12},{"vendor":"desenio","url":"https://desenio.com/p/posters-prints/featured-artists/jonas-loose/jonas-loose-tennis-giraffe-print/","price":45.95,"currency":"USD","framed":false,"w":12,"h":16},{"vendor":"desenio","url":"https://desenio.com/p/posters-prints/featured-artists/jonas-loose/jonas-loose-tennis-giraffe-print/","price":73.45,"currency":"USD","framed":false,"w":20,"h":28}]
des-jonas-loose-sneaker-flamingo	Jonas Loose	https://desenio.com/p/posters-prints/featured-artists/jonas-loose/jonas-loose-sneaker-flamingo-print/	Sneaker Flamingo	print	abstract	https://media.desenio.com/site_images/685ae9c701a18ab3773ec0c3_1501796377_12942-8.jpg?auto=compress%2Cformat&fit=max&w=640	[{"vendor":"desenio","url":"https://desenio.com/p/posters-prints/featured-artists/jonas-loose/jonas-loose-sneaker-flamingo-print/","price":29.95,"currency":"USD","framed":false,"w":8,"h":12},{"vendor":"desenio","url":"https://desenio.com/p/posters-prints/featured-artists/jonas-loose/jonas-loose-sneaker-flamingo-print/","price":45.95,"currency":"USD","framed":false,"w":12,"h":16},{"vendor":"desenio","url":"https://desenio.com/p/posters-prints/featured-artists/jonas-loose/jonas-loose-sneaker-flamingo-print/","price":73.45,"currency":"USD","framed":false,"w":20,"h":28}]
des-sabina-fenn-still-life-with-coffee	Sabina Fenn	https://desenio.com/p/posters-prints/featured-artists/sabina-fenn/sabina-fenn-still-life-with-coffee-print/	Still Life with Coffee	print	coffee	https://media.desenio.com/site_images/685c76249ba509224c94886f_1838477874_17207-8.jpg?auto=compress%2Cformat&fit=max&w=640	[{"vendor":"desenio","url":"https://desenio.com/p/posters-prints/featured-artists/sabina-fenn/sabina-fenn-still-life-with-coffee-print/","price":45.95,"currency":"USD","framed":false,"w":12,"h":16},{"vendor":"desenio","url":"https://desenio.com/p/posters-prints/featured-artists/sabina-fenn/sabina-fenn-still-life-with-coffee-print/","price":73.45,"currency":"USD","framed":false,"w":20,"h":28}]
des-sabina-fenn-vacation-still-life	Sabina Fenn	https://desenio.com/p/posters-prints/featured-artists/sabina-fenn/sabina-fenn-vacation-still-life-print/	Vacation Still Life	print	objects	https://media.desenio.com/site_images/685c762b9ba509224c948870_808581966_17208-8.jpg?auto=compress%2Cformat&fit=max&w=640	[{"vendor":"desenio","url":"https://desenio.com/p/posters-prints/featured-artists/sabina-fenn/sabina-fenn-vacation-still-life-print/","price":45.95,"currency":"USD","framed":false,"w":12,"h":16},{"vendor":"desenio","url":"https://desenio.com/p/posters-prints/featured-artists/sabina-fenn/sabina-fenn-vacation-still-life-print/","price":73.45,"currency":"USD","framed":false,"w":20,"h":28}]
des-sabina-fenn-madame-fleur	Sabina Fenn	https://desenio.com/p/posters-prints/featured-artists/sabina-fenn/sabina-fenn-madame-fleur-print/	Madame Fleur	print	abstract	https://media.desenio.com/site_images/685b238867a76f972c742692_154412384_14487-8.jpg?auto=compress%2Cformat&fit=max&w=640	[{"vendor":"desenio","url":"https://desenio.com/p/posters-prints/featured-artists/sabina-fenn/sabina-fenn-madame-fleur-print/","price":45.95,"currency":"USD","framed":false,"w":12,"h":16},{"vendor":"desenio","url":"https://desenio.com/p/posters-prints/featured-artists/sabina-fenn/sabina-fenn-madame-fleur-print/","price":73.45,"currency":"USD","framed":false,"w":20,"h":28}]
