# House of Spoils prints, read from houseofspoils.com (beta, link out only): id, artist, page, title, medium, category, image url, offers (JSON)
hos-kurt-arrigo-marigold	Kurt Arrigo	https://houseofspoils.com/products/kurt-arrigo-marigold	Marigold	photo	film	https://cdn.shopify.com/s/files/1/0115/7385/4270/files/KA12.jpg?width=560	[{"vendor":"houseofspoils","url":"https://houseofspoils.com/products/kurt-arrigo-marigold?variant=43147390058558","price":225.0,"currency":"USD","framed":true,"w":14.5,"h":18.5,"label":"Small"},{"vendor":"houseofspoils","url":"https://houseofspoils.com/products/kurt-arrigo-marigold?variant=43147390189630","price":400.0,"currency":"USD","framed":true,"w":19.5,"h":26.0,"label":"Medium"},{"vendor":"houseofspoils","url":"https://houseofspoils.com/products/kurt-arrigo-marigold?variant=43147390320702","price":590.0,"currency":"USD","framed":true,"w":24.5,"h":33.5,"label":"Large"},{"vendor":"houseofspoils","url":"https://houseofspoils.com/products/kurt-arrigo-marigold?variant=43147390451774","price":1050.0,"currency":"USD","framed":true,"w":31.5,"h":44.0,"label":"Giant"},{"vendor":"houseofspoils","url":"https://houseofspoils.com/products/kurt-arrigo-marigold?variant=43147390582846","price":1975.0,"currency":"USD","framed":true,"w":39.5,"h":56.0,"label":"Collector"},{"vendor":"houseofspoils","url":"https://houseofspoils.com/products/kurt-arrigo-marigold?variant=43147390713918","price":3450.0,"currency":"USD","framed":true,"w":46.0,"h":66.0,"label":"Exhibition"}]
hos-kurt-arrigo-j-class-ranger	Kurt Arrigo	https://houseofspoils.com/products/kurt-arrigo-j-class-ranger	J Class Ranger	photo	film	https://cdn.shopify.com/s/files/1/0115/7385/4270/files/KA11.jpg?width=560	[{"vendor":"houseofspoils","url":"https://houseofspoils.com/products/kurt-arrigo-j-class-ranger?variant=43146735976510","price":225.0,"currency":"USD","framed":true,"w":14.5,"h":18.5,"label":"Small"},{"vendor":"houseofspoils","url":"https://houseofspoils.com/products/kurt-arrigo-j-class-ranger?variant=43146736107582","price":400.0,"currency":"USD","framed":true,"w":19.5,"h":26.0,"label":"Medium"},{"vendor":"houseofspoils","url":"https://houseofspoils.com/products/kurt-arrigo-j-class-ranger?variant=43146736238654","price":590.0,"currency":"USD","framed":true,"w":24.5,"h":33.5,"label":"Large"},{"vendor":"houseofspoils","url":"https://houseofspoils.com/products/kurt-arrigo-j-class-ranger?variant=43146736369726","price":1050.0,"currency":"USD","framed":true,"w":31.5,"h":44.0,"label":"Giant"},{"vendor":"houseofspoils","url":"https://houseofspoils.com/products/kurt-arrigo-j-class-ranger?variant=43146736500798","price":1975.0,"currency":"USD","framed":true,"w":39.5,"h":56.0,"label":"Collector"},{"vendor":"houseofspoils","url":"https://houseofspoils.com/products/kurt-arrigo-j-class-ranger?variant=43146736631870","price":3450.0,"currency":"USD","framed":true,"w":46.0,"h":66.0,"label":"Exhibition"}]
hos-kurt-arrigo-blus-highway	Kurt Arrigo	https://houseofspoils.com/products/kurt-arrigo-blus-highway	Blus Highway	photo	film	https://cdn.shopify.com/s/files/1/0115/7385/4270/files/KA10_0692c5f4-4f8f-489e-ac7d-a272926d579d.jpg?width=560	[{"vendor":"houseofspoils","url":"https://houseofspoils.com/products/kurt-arrigo-blus-highway?variant=43146708156478","price":225.0,"currency":"USD","framed":true,"w":18.5,"h":14.5,"label":"Small"},{"vendor":"houseofspoils","url":"https://houseofspoils.com/products/kurt-arrigo-blus-highway?variant=43146708287550","price":400.0,"currency":"USD","framed":true,"w":26.0,"h":19.5,"label":"Medium"},{"vendor":"houseofspoils","url":"https://houseofspoils.com/products/kurt-arrigo-blus-highway?variant=43146708418622","price":590.0,"currency":"USD","framed":true,"w":33.5,"h":24.5,"label":"Large"},{"vendor":"houseofspoils","url":"https://houseofspoils.com/products/kurt-arrigo-blus-highway?variant=43146708549694","price":1050.0,"currency":"USD","framed":true,"w":44.0,"h":31.5,"label":"Giant"},{"vendor":"houseofspoils","url":"https://houseofspoils.com/products/kurt-arrigo-blus-highway?variant=43146708680766","price":1975.0,"currency":"USD","framed":true,"w":56.0,"h":39.5,"label":"Collector"},{"vendor":"houseofspoils","url":"https://houseofspoils.com/products/kurt-arrigo-blus-highway?variant=43146708811838","price":3450.0,"currency":"USD","framed":true,"w":66.0,"h":46.0,"label":"Exhibition"}]
hos-kurt-arrigo-atlantic-calling	Kurt Arrigo	https://houseofspoils.com/products/kurt-arrigo-atlantic-calling	Atlantic Calling	photo	film	https://cdn.shopify.com/s/files/1/0115/7385/4270/files/KA09.jpg?width=560	[{"vendor":"houseofspoils","url":"https://houseofspoils.com/products/kurt-arrigo-atlantic-calling?variant=43146722115646","price":225.0,"currency":"USD","framed":true,"w":14.5,"h":18.5,"label":"Small"},{"vendor":"houseofspoils","url":"https://houseofspoils.com/products/kurt-arrigo-atlantic-calling?variant=43146722246718","price":400.0,"currency":"USD","framed":true,"w":19.5,"h":26.0,"label":"Medium"},{"vendor":"houseofspoils","url":"https://houseofspoils.com/products/kurt-arrigo-atlantic-calling?variant=43146722377790","price":590.0,"currency":"USD","framed":true,"w":24.5,"h":33.5,"label":"Large"},{"vendor":"houseofspoils","url":"https://houseofspoils.com/products/kurt-arrigo-atlantic-calling?variant=43146722508862","price":1050.0,"currency":"USD","framed":true,"w":31.5,"h":44.0,"label":"Giant"},{"vendor":"houseofspoils","url":"https://houseofspoils.com/products/kurt-arrigo-atlantic-calling?variant=43146722639934","price":1975.0,"currency":"USD","framed":true,"w":39.5,"h":56.0,"label":"Collector"},{"vendor":"houseofspoils","url":"https://houseofspoils.com/products/kurt-arrigo-atlantic-calling?variant=43146722771006","price":3450.0,"currency":"USD","framed":true,"w":46.0,"h":66.0,"label":"Exhibition"}]
hos-matt-power-lookout	Matt Power	https://houseofspoils.com/products/matt-power-lookout	Lookout	photo	film	https://cdn.shopify.com/s/files/1/0115/7385/4270/files/MP07.jpg?width=560	[{"vendor":"houseofspoils","url":"https://houseofspoils.com/products/matt-power-lookout?variant=42933698920510","price":225.0,"currency":"USD","framed":true,"w":14.5,"h":18.5,"label":"Small"},{"vendor":"houseofspoils","url":"https://houseofspoils.com/products/matt-power-lookout?variant=42933699051582","price":400.0,"currency":"USD","framed":true,"w":19.5,"h":26.0,"label":"Medium"},{"vendor":"houseofspoils","url":"https://houseofspoils.com/products/matt-power-lookout?variant=42933699182654","price":590.0,"currency":"USD","framed":true,"w":24.5,"h":33.5,"label":"Large"},{"vendor":"houseofspoils","url":"https://houseofspoils.com/products/matt-power-lookout?variant=42933699313726","price":1050.0,"currency":"USD","framed":true,"w":31.5,"h":44.0,"label":"Giant"},{"vendor":"houseofspoils","url":"https://houseofspoils.com/products/matt-power-lookout?variant=42933699444798","price":1975.0,"currency":"USD","framed":true,"w":39.5,"h":56.0,"label":"Collector"},{"vendor":"houseofspoils","url":"https://houseofspoils.com/products/matt-power-lookout?variant=42933699575870","price":3450.0,"currency":"USD","framed":true,"w":46.0,"h":66.0,"label":"Exhibition"}]
hos-maxime-delestre-finish-line	Maxime Delestre	https://houseofspoils.com/products/maxime-delestre-finish-line	Finish Line	photo	film	https://cdn.shopify.com/s/files/1/0115/7385/4270/files/MD03.jpg?width=560	[{"vendor":"houseofspoils","url":"https://houseofspoils.com/products/maxime-delestre-finish-line?variant=42933695742014","price":225.0,"currency":"USD","framed":true,"w":14.5,"h":18.5,"label":"Small"},{"vendor":"houseofspoils","url":"https://houseofspoils.com/products/maxime-delestre-finish-line?variant=42933695873086","price":400.0,"currency":"USD","framed":true,"w":19.5,"h":26.0,"label":"Medium"},{"vendor":"houseofspoils","url":"https://houseofspoils.com/products/maxime-delestre-finish-line?variant=42933696004158","price":590.0,"currency":"USD","framed":true,"w":24.5,"h":33.5,"label":"Large"},{"vendor":"houseofspoils","url":"https://houseofspoils.com/products/maxime-delestre-finish-line?variant=42933696135230","price":1050.0,"currency":"USD","framed":true,"w":31.5,"h":44.0,"label":"Giant"},{"vendor":"houseofspoils","url":"https://houseofspoils.com/products/maxime-delestre-finish-line?variant=42933696266302","price":1975.0,"currency":"USD","framed":true,"w":39.5,"h":56.0,"label":"Collector"},{"vendor":"houseofspoils","url":"https://houseofspoils.com/products/maxime-delestre-finish-line?variant=42933696397374","price":3450.0,"currency":"USD","framed":true,"w":46.0,"h":66.0,"label":"Exhibition"}]
hos-dylan-decker-campo-di-positano	Dylan Decker	https://houseofspoils.com/products/dylan-decker-campo-di-positano	Campo di Positano	photo	film	https://cdn.shopify.com/s/files/1/0115/7385/4270/files/DLD03.jpg?width=560	[{"vendor":"houseofspoils","url":"https://houseofspoils.com/products/dylan-decker-campo-di-positano?variant=42933690269758","price":225.0,"currency":"USD","framed":true,"w":18.5,"h":14.5,"label":"Small"},{"vendor":"houseofspoils","url":"https://houseofspoils.com/products/dylan-decker-campo-di-positano?variant=42933690400830","price":400.0,"currency":"USD","framed":true,"w":26.0,"h":19.5,"label":"Medium"},{"vendor":"houseofspoils","url":"https://houseofspoils.com/products/dylan-decker-campo-di-positano?variant=42933690531902","price":590.0,"currency":"USD","framed":true,"w":33.5,"h":24.5,"label":"Large"},{"vendor":"houseofspoils","url":"https://houseofspoils.com/products/dylan-decker-campo-di-positano?variant=42933690662974","price":1050.0,"currency":"USD","framed":true,"w":44.0,"h":31.5,"label":"Giant"},{"vendor":"houseofspoils","url":"https://houseofspoils.com/products/dylan-decker-campo-di-positano?variant=42933690794046","price":1975.0,"currency":"USD","framed":true,"w":56.0,"h":39.5,"label":"Collector"},{"vendor":"houseofspoils","url":"https://houseofspoils.com/products/dylan-decker-campo-di-positano?variant=42933690925118","price":3450.0,"currency":"USD","framed":true,"w":66.0,"h":46.0,"label":"Exhibition"}]
hos-thaddeus-james-the-long-way-home	Thaddeus James	https://houseofspoils.com/products/thaddeus-james-the-long-way-home	The Long Way Home	photo	film	https://cdn.shopify.com/s/files/1/0115/7385/4270/files/TJ01.jpg?width=560	[{"vendor":"houseofspoils","url":"https://houseofspoils.com/products/thaddeus-james-the-long-way-home?variant=42933675753534","price":225.0,"currency":"USD","framed":true,"w":18.5,"h":14.5,"label":"Small"},{"vendor":"houseofspoils","url":"https://houseofspoils.com/products/thaddeus-james-the-long-way-home?variant=42933675884606","price":400.0,"currency":"USD","framed":true,"w":26.0,"h":19.5,"label":"Medium"},{"vendor":"houseofspoils","url":"https://houseofspoils.com/products/thaddeus-james-the-long-way-home?variant=42933676015678","price":590.0,"currency":"USD","framed":true,"w":33.5,"h":24.5,"label":"Large"},{"vendor":"houseofspoils","url":"https://houseofspoils.com/products/thaddeus-james-the-long-way-home?variant=42933676146750","price":1050.0,"currency":"USD","framed":true,"w":44.0,"h":31.5,"label":"Giant"},{"vendor":"houseofspoils","url":"https://houseofspoils.com/products/thaddeus-james-the-long-way-home?variant=42933676277822","price":1975.0,"currency":"USD","framed":true,"w":56.0,"h":39.5,"label":"Collector"},{"vendor":"houseofspoils","url":"https://houseofspoils.com/products/thaddeus-james-the-long-way-home?variant=42933676408894","price":3450.0,"currency":"USD","framed":true,"w":66.0,"h":46.0,"label":"Exhibition"}]
hos-carlos-ferrara-salty-flights	Carlos Ferrara	https://houseofspoils.com/products/carlos-ferrara-salty-flights	Salty Flights	photo	film	https://cdn.shopify.com/s/files/1/0115/7385/4270/files/CF01.jpg?width=560	[{"vendor":"houseofspoils","url":"https://houseofspoils.com/products/carlos-ferrara-salty-flights?variant=42685614129214","price":225.0,"currency":"USD","framed":true,"w":18.5,"h":14.5,"label":"Small"},{"vendor":"houseofspoils","url":"https://houseofspoils.com/products/carlos-ferrara-salty-flights?variant=42685614260286","price":400.0,"currency":"USD","framed":true,"w":26.0,"h":19.5,"label":"Medium"},{"vendor":"houseofspoils","url":"https://houseofspoils.com/products/carlos-ferrara-salty-flights?variant=42685614391358","price":590.0,"currency":"USD","framed":true,"w":33.5,"h":24.5,"label":"Large"},{"vendor":"houseofspoils","url":"https://houseofspoils.com/products/carlos-ferrara-salty-flights?variant=42685614522430","price":1050.0,"currency":"USD","framed":true,"w":44.0,"h":31.5,"label":"Giant"},{"vendor":"houseofspoils","url":"https://houseofspoils.com/products/carlos-ferrara-salty-flights?variant=42685614653502","price":1975.0,"currency":"USD","framed":true,"w":56.0,"h":39.5,"label":"Collector"},{"vendor":"houseofspoils","url":"https://houseofspoils.com/products/carlos-ferrara-salty-flights?variant=42685614784574","price":3450.0,"currency":"USD","framed":true,"w":66.0,"h":46.0,"label":"Exhibition"}]
hos-marc-llewellyn-unmanned-surf-craft	Marc Llewellyn	https://houseofspoils.com/products/marc-llewellyn-unmanned-surf-craft	Unmanned Surf Craft	photo	film	https://cdn.shopify.com/s/files/1/0115/7385/4270/files/MY01.jpg?width=560	[{"vendor":"houseofspoils","url":"https://houseofspoils.com/products/marc-llewellyn-unmanned-surf-craft?variant=42730460315710","price":225.0,"currency":"USD","framed":true,"w":18.5,"h":14.5,"label":"Small"},{"vendor":"houseofspoils","url":"https://houseofspoils.com/products/marc-llewellyn-unmanned-surf-craft?variant=42730460446782","price":400.0,"currency":"USD","framed":true,"w":26.0,"h":19.5,"label":"Medium"},{"vendor":"houseofspoils","url":"https://houseofspoils.com/products/marc-llewellyn-unmanned-surf-craft?variant=42730460577854","price":590.0,"currency":"USD","framed":true,"w":33.5,"h":24.5,"label":"Large"},{"vendor":"houseofspoils","url":"https://houseofspoils.com/products/marc-llewellyn-unmanned-surf-craft?variant=42730460708926","price":1050.0,"currency":"USD","framed":true,"w":44.0,"h":31.5,"label":"Giant"},{"vendor":"houseofspoils","url":"https://houseofspoils.com/products/marc-llewellyn-unmanned-surf-craft?variant=42730460839998","price":1975.0,"currency":"USD","framed":true,"w":56.0,"h":39.5,"label":"Collector"},{"vendor":"houseofspoils","url":"https://houseofspoils.com/products/marc-llewellyn-unmanned-surf-craft?variant=42730460971070","price":3450.0,"currency":"USD","framed":true,"w":66.0,"h":46.0,"label":"Exhibition"}]
hos-carlos-ferrara-turquoise-crowds	Carlos Ferrara	https://houseofspoils.com/products/carlos-ferrara-turquoise-crowds	Turquoise Crowds	photo	film	https://cdn.shopify.com/s/files/1/0115/7385/4270/files/CF02.jpg?width=560	[{"vendor":"houseofspoils","url":"https://houseofspoils.com/products/carlos-ferrara-turquoise-crowds?variant=42685596008510","price":225.0,"currency":"USD","framed":true,"w":14.5,"h":18.5,"label":"Small"},{"vendor":"houseofspoils","url":"https://houseofspoils.com/products/carlos-ferrara-turquoise-crowds?variant=42685596139582","price":400.0,"currency":"USD","framed":true,"w":19.5,"h":26.0,"label":"Medium"},{"vendor":"houseofspoils","url":"https://houseofspoils.com/products/carlos-ferrara-turquoise-crowds?variant=42685596270654","price":590.0,"currency":"USD","framed":true,"w":24.5,"h":33.5,"label":"Large"},{"vendor":"houseofspoils","url":"https://houseofspoils.com/products/carlos-ferrara-turquoise-crowds?variant=42685596401726","price":1050.0,"currency":"USD","framed":true,"w":31.5,"h":44.0,"label":"Giant"},{"vendor":"houseofspoils","url":"https://houseofspoils.com/products/carlos-ferrara-turquoise-crowds?variant=42685596532798","price":1975.0,"currency":"USD","framed":true,"w":39.5,"h":56.0,"label":"Collector"},{"vendor":"houseofspoils","url":"https://houseofspoils.com/products/carlos-ferrara-turquoise-crowds?variant=42685596663870","price":3450.0,"currency":"USD","framed":true,"w":46.0,"h":66.0,"label":"Exhibition"}]
hos-michiel-annaert-fastness	Michiel Annaert	https://houseofspoils.com/products/michiel-annaert-fastness	Fastness	photo	film	https://cdn.shopify.com/s/files/1/0115/7385/4270/files/MT01.jpg?width=560	[{"vendor":"houseofspoils","url":"https://houseofspoils.com/products/michiel-annaert-fastness?variant=42730478272574","price":225.0,"currency":"USD","framed":true,"w":18.5,"h":14.5,"label":"Small"},{"vendor":"houseofspoils","url":"https://houseofspoils.com/products/michiel-annaert-fastness?variant=42730478403646","price":400.0,"currency":"USD","framed":true,"w":26.0,"h":19.5,"label":"Medium"},{"vendor":"houseofspoils","url":"https://houseofspoils.com/products/michiel-annaert-fastness?variant=42730478534718","price":590.0,"currency":"USD","framed":true,"w":33.5,"h":24.5,"label":"Large"},{"vendor":"houseofspoils","url":"https://houseofspoils.com/products/michiel-annaert-fastness?variant=42730478665790","price":1050.0,"currency":"USD","framed":true,"w":44.0,"h":31.5,"label":"Giant"},{"vendor":"houseofspoils","url":"https://houseofspoils.com/products/michiel-annaert-fastness?variant=42730478796862","price":1975.0,"currency":"USD","framed":true,"w":56.0,"h":39.5,"label":"Collector"},{"vendor":"houseofspoils","url":"https://houseofspoils.com/products/michiel-annaert-fastness?variant=42730478927934","price":3450.0,"currency":"USD","framed":true,"w":66.0,"h":46.0,"label":"Exhibition"}]
hos-diego-marin-dreams-are-essentially-s	Diego Marin	https://houseofspoils.com/products/diego-marin-dreams-are-essentially-silent	Dreams Are Essentially Silent	photo	film	https://cdn.shopify.com/s/files/1/0115/7385/4270/files/DR01.jpg?width=560	[{"vendor":"houseofspoils","url":"https://houseofspoils.com/products/diego-marin-dreams-are-essentially-silent?variant=42685540958270","price":225.0,"currency":"USD","framed":true,"w":14.5,"h":18.5,"label":"Small"},{"vendor":"houseofspoils","url":"https://houseofspoils.com/products/diego-marin-dreams-are-essentially-silent?variant=42685541089342","price":400.0,"currency":"USD","framed":true,"w":19.5,"h":26.0,"label":"Medium"},{"vendor":"houseofspoils","url":"https://houseofspoils.com/products/diego-marin-dreams-are-essentially-silent?variant=42685541220414","price":590.0,"currency":"USD","framed":true,"w":24.5,"h":33.5,"label":"Large"},{"vendor":"houseofspoils","url":"https://houseofspoils.com/products/diego-marin-dreams-are-essentially-silent?variant=42685541351486","price":1050.0,"currency":"USD","framed":true,"w":31.5,"h":44.0,"label":"Giant"},{"vendor":"houseofspoils","url":"https://houseofspoils.com/products/diego-marin-dreams-are-essentially-silent?variant=42685541482558","price":1975.0,"currency":"USD","framed":true,"w":39.5,"h":56.0,"label":"Collector"},{"vendor":"houseofspoils","url":"https://houseofspoils.com/products/diego-marin-dreams-are-essentially-silent?variant=42685541613630","price":3450.0,"currency":"USD","framed":true,"w":46.0,"h":66.0,"label":"Exhibition"}]
hos-valentin-groell-sip-of-summer	Valentin Groell	https://houseofspoils.com/products/valentin-groell-sip-of-summer	Sip of Summer	photo	film	https://cdn.shopify.com/s/files/1/0115/7385/4270/files/VG01.jpg?width=560	[{"vendor":"houseofspoils","url":"https://houseofspoils.com/products/valentin-groell-sip-of-summer?variant=42730514579518","price":225.0,"currency":"USD","framed":true,"w":18.5,"h":14.5,"label":"Small"},{"vendor":"houseofspoils","url":"https://houseofspoils.com/products/valentin-groell-sip-of-summer?variant=42730514710590","price":400.0,"currency":"USD","framed":true,"w":26.0,"h":19.5,"label":"Medium"},{"vendor":"houseofspoils","url":"https://houseofspoils.com/products/valentin-groell-sip-of-summer?variant=42730514841662","price":590.0,"currency":"USD","framed":true,"w":33.5,"h":24.5,"label":"Large"},{"vendor":"houseofspoils","url":"https://houseofspoils.com/products/valentin-groell-sip-of-summer?variant=42730514972734","price":1050.0,"currency":"USD","framed":true,"w":44.0,"h":31.5,"label":"Giant"},{"vendor":"houseofspoils","url":"https://houseofspoils.com/products/valentin-groell-sip-of-summer?variant=42730515103806","price":1975.0,"currency":"USD","framed":true,"w":56.0,"h":39.5,"label":"Collector"},{"vendor":"houseofspoils","url":"https://houseofspoils.com/products/valentin-groell-sip-of-summer?variant=42730515234878","price":3450.0,"currency":"USD","framed":true,"w":66.0,"h":46.0,"label":"Exhibition"}]
hos-olivia-van-dyke-take-me-higher	Olivia Van Dyke	https://houseofspoils.com/products/olivia-van-dyke-take-me-higher	Take Me Higher	photo	film	https://cdn.shopify.com/s/files/1/0115/7385/4270/files/OV04.jpg?width=560	[{"vendor":"houseofspoils","url":"https://houseofspoils.com/products/olivia-van-dyke-take-me-higher?variant=42730520444990","price":225.0,"currency":"USD","framed":true,"w":14.5,"h":18.5,"label":"Small"},{"vendor":"houseofspoils","url":"https://houseofspoils.com/products/olivia-van-dyke-take-me-higher?variant=42730520576062","price":400.0,"currency":"USD","framed":true,"w":19.5,"h":26.0,"label":"Medium"},{"vendor":"houseofspoils","url":"https://houseofspoils.com/products/olivia-van-dyke-take-me-higher?variant=42730520707134","price":590.0,"currency":"USD","framed":true,"w":24.5,"h":33.5,"label":"Large"},{"vendor":"houseofspoils","url":"https://houseofspoils.com/products/olivia-van-dyke-take-me-higher?variant=42730520838206","price":1050.0,"currency":"USD","framed":true,"w":31.5,"h":44.0,"label":"Giant"},{"vendor":"houseofspoils","url":"https://houseofspoils.com/products/olivia-van-dyke-take-me-higher?variant=42730520969278","price":1975.0,"currency":"USD","framed":true,"w":39.5,"h":56.0,"label":"Collector"},{"vendor":"houseofspoils","url":"https://houseofspoils.com/products/olivia-van-dyke-take-me-higher?variant=42730521100350","price":3450.0,"currency":"USD","framed":true,"w":46.0,"h":66.0,"label":"Exhibition"}]
hos-matt-power-blue-bird	Matt Power	https://houseofspoils.com/products/matt-power-blue-bird	Blue Bird	photo	film	https://cdn.shopify.com/s/files/1/0115/7385/4270/files/MP06.jpg?width=560	[{"vendor":"houseofspoils","url":"https://houseofspoils.com/products/matt-power-blue-bird?variant=42518031171646","price":225.0,"currency":"USD","framed":true,"w":14.5,"h":18.5,"label":"Small"},{"vendor":"houseofspoils","url":"https://houseofspoils.com/products/matt-power-blue-bird?variant=42518031302718","price":400.0,"currency":"USD","framed":true,"w":19.5,"h":26.0,"label":"Medium"},{"vendor":"houseofspoils","url":"https://houseofspoils.com/products/matt-power-blue-bird?variant=42518031433790","price":590.0,"currency":"USD","framed":true,"w":24.5,"h":33.5,"label":"Large"},{"vendor":"houseofspoils","url":"https://houseofspoils.com/products/matt-power-blue-bird?variant=42518031564862","price":1050.0,"currency":"USD","framed":true,"w":31.5,"h":44.0,"label":"Giant"},{"vendor":"houseofspoils","url":"https://houseofspoils.com/products/matt-power-blue-bird?variant=42518031695934","price":1975.0,"currency":"USD","framed":true,"w":39.5,"h":56.0,"label":"Collector"},{"vendor":"houseofspoils","url":"https://houseofspoils.com/products/matt-power-blue-bird?variant=42518031827006","price":3450.0,"currency":"USD","framed":true,"w":46.0,"h":66.0,"label":"Exhibition"}]
hos-michael-woolery-skate-paris-ii	Michael Woolery	https://houseofspoils.com/products/michael-woolery-skate-paris-ii	Skate Paris II	photo	film	https://cdn.shopify.com/s/files/1/0115/7385/4270/files/MW06_e18e0178-a47f-4246-a3e2-8811cb8ddbf7.jpg?width=560	[{"vendor":"houseofspoils","url":"https://houseofspoils.com/products/michael-woolery-skate-paris-ii?variant=42519051993150","price":225.0,"currency":"USD","framed":true,"w":14.5,"h":18.5,"label":"Small"},{"vendor":"houseofspoils","url":"https://houseofspoils.com/products/michael-woolery-skate-paris-ii?variant=42519052124222","price":400.0,"currency":"USD","framed":true,"w":19.5,"h":26.0,"label":"Medium"},{"vendor":"houseofspoils","url":"https://houseofspoils.com/products/michael-woolery-skate-paris-ii?variant=42519052255294","price":590.0,"currency":"USD","framed":true,"w":24.5,"h":33.5,"label":"Large"},{"vendor":"houseofspoils","url":"https://houseofspoils.com/products/michael-woolery-skate-paris-ii?variant=42519052386366","price":1050.0,"currency":"USD","framed":true,"w":31.5,"h":44.0,"label":"Giant"},{"vendor":"houseofspoils","url":"https://houseofspoils.com/products/michael-woolery-skate-paris-ii?variant=42519052517438","price":1975.0,"currency":"USD","framed":true,"w":39.5,"h":56.0,"label":"Collector"},{"vendor":"houseofspoils","url":"https://houseofspoils.com/products/michael-woolery-skate-paris-ii?variant=42519052648510","price":3450.0,"currency":"USD","framed":true,"w":46.0,"h":66.0,"label":"Exhibition"}]
hos-michael-woolery-halfway	Michael Woolery	https://houseofspoils.com/products/michael-woolery-halfway	Off Piste	photo	film	https://cdn.shopify.com/s/files/1/0115/7385/4270/files/MW07.jpg?width=560	[{"vendor":"houseofspoils","url":"https://houseofspoils.com/products/michael-woolery-halfway?variant=42519031054398","price":225.0,"currency":"USD","framed":true,"w":14.5,"h":18.5,"label":"Small"},{"vendor":"houseofspoils","url":"https://houseofspoils.com/products/michael-woolery-halfway?variant=42519031185470","price":400.0,"currency":"USD","framed":true,"w":19.5,"h":26.0,"label":"Medium"},{"vendor":"houseofspoils","url":"https://houseofspoils.com/products/michael-woolery-halfway?variant=42519031316542","price":590.0,"currency":"USD","framed":true,"w":24.5,"h":33.5,"label":"Large"},{"vendor":"houseofspoils","url":"https://houseofspoils.com/products/michael-woolery-halfway?variant=42519031447614","price":1050.0,"currency":"USD","framed":true,"w":31.5,"h":44.0,"label":"Giant"},{"vendor":"houseofspoils","url":"https://houseofspoils.com/products/michael-woolery-halfway?variant=42519031578686","price":1975.0,"currency":"USD","framed":true,"w":39.5,"h":56.0,"label":"Collector"},{"vendor":"houseofspoils","url":"https://houseofspoils.com/products/michael-woolery-halfway?variant=42519031709758","price":3450.0,"currency":"USD","framed":true,"w":46.0,"h":66.0,"label":"Exhibition"}]
hos-marcus-lloyd-negroni-at-35-000ft	Marcus Lloyd	https://houseofspoils.com/products/marcus-lloyd-negroni-at-35-000ft	Negroni at 35,000ft	photo	film	https://cdn.shopify.com/s/files/1/0115/7385/4270/files/ML06_1.jpg?width=560	[{"vendor":"houseofspoils","url":"https://houseofspoils.com/products/marcus-lloyd-negroni-at-35-000ft?variant=42480830054462","price":225.0,"currency":"USD","framed":true,"w":14.5,"h":18.5,"label":"Small"},{"vendor":"houseofspoils","url":"https://houseofspoils.com/products/marcus-lloyd-negroni-at-35-000ft?variant=42480830185534","price":400.0,"currency":"USD","framed":true,"w":19.5,"h":26.0,"label":"Medium"},{"vendor":"houseofspoils","url":"https://houseofspoils.com/products/marcus-lloyd-negroni-at-35-000ft?variant=42480830316606","price":590.0,"currency":"USD","framed":true,"w":24.5,"h":33.5,"label":"Large"},{"vendor":"houseofspoils","url":"https://houseofspoils.com/products/marcus-lloyd-negroni-at-35-000ft?variant=42480830447678","price":1050.0,"currency":"USD","framed":true,"w":31.5,"h":44.0,"label":"Giant"},{"vendor":"houseofspoils","url":"https://houseofspoils.com/products/marcus-lloyd-negroni-at-35-000ft?variant=42480830578750","price":1975.0,"currency":"USD","framed":true,"w":39.5,"h":56.0,"label":"Collector"},{"vendor":"houseofspoils","url":"https://houseofspoils.com/products/marcus-lloyd-negroni-at-35-000ft?variant=42480830709822","price":3450.0,"currency":"USD","framed":true,"w":46.0,"h":66.0,"label":"Exhibition"}]
hos-alexandru-costin-winds-of-change-ii	Alexandru Costin	https://houseofspoils.com/products/alexandru-costin-winds-of-change-ii	Winds of Change II	photo	film	https://cdn.shopify.com/s/files/1/0115/7385/4270/files/AC29.jpg?width=560	[{"vendor":"houseofspoils","url":"https://houseofspoils.com/products/alexandru-costin-winds-of-change-ii?variant=42480663920702","price":225.0,"currency":"USD","framed":true,"w":18.5,"h":14.5,"label":"Small"},{"vendor":"houseofspoils","url":"https://houseofspoils.com/products/alexandru-costin-winds-of-change-ii?variant=42480664051774","price":400.0,"currency":"USD","framed":true,"w":26.0,"h":19.5,"label":"Medium"},{"vendor":"houseofspoils","url":"https://houseofspoils.com/products/alexandru-costin-winds-of-change-ii?variant=42480664182846","price":590.0,"currency":"USD","framed":true,"w":33.5,"h":24.5,"label":"Large"},{"vendor":"houseofspoils","url":"https://houseofspoils.com/products/alexandru-costin-winds-of-change-ii?variant=42480664313918","price":1050.0,"currency":"USD","framed":true,"w":44.0,"h":31.5,"label":"Giant"},{"vendor":"houseofspoils","url":"https://houseofspoils.com/products/alexandru-costin-winds-of-change-ii?variant=42480664444990","price":1975.0,"currency":"USD","framed":true,"w":56.0,"h":39.5,"label":"Collector"},{"vendor":"houseofspoils","url":"https://houseofspoils.com/products/alexandru-costin-winds-of-change-ii?variant=42480664576062","price":3450.0,"currency":"USD","framed":true,"w":66.0,"h":46.0,"label":"Exhibition"}]
hos-nikki-brand-blue-dawn	Nikki Brand	https://houseofspoils.com/products/nikki-brand-blue-dawn	Blue Dawn	photo	film	https://cdn.shopify.com/s/files/1/0115/7385/4270/files/NB13_1.jpg?width=560	[{"vendor":"houseofspoils","url":"https://houseofspoils.com/products/nikki-brand-blue-dawn?variant=42480535961662","price":225.0,"currency":"USD","framed":true,"w":18.5,"h":14.5,"label":"Small"},{"vendor":"houseofspoils","url":"https://houseofspoils.com/products/nikki-brand-blue-dawn?variant=42480536092734","price":400.0,"currency":"USD","framed":true,"w":26.0,"h":19.5,"label":"Medium"},{"vendor":"houseofspoils","url":"https://houseofspoils.com/products/nikki-brand-blue-dawn?variant=42480536223806","price":590.0,"currency":"USD","framed":true,"w":33.5,"h":24.5,"label":"Large"},{"vendor":"houseofspoils","url":"https://houseofspoils.com/products/nikki-brand-blue-dawn?variant=42480536354878","price":1050.0,"currency":"USD","framed":true,"w":44.0,"h":31.5,"label":"Giant"},{"vendor":"houseofspoils","url":"https://houseofspoils.com/products/nikki-brand-blue-dawn?variant=42480536485950","price":1975.0,"currency":"USD","framed":true,"w":56.0,"h":39.5,"label":"Collector"},{"vendor":"houseofspoils","url":"https://houseofspoils.com/products/nikki-brand-blue-dawn?variant=42480536617022","price":3450.0,"currency":"USD","framed":true,"w":66.0,"h":46.0,"label":"Exhibition"}]
hos-nikki-brand-lightly-salted	Nikki Brand	https://houseofspoils.com/products/nikki-brand-lightly-salted	Lightly Salted	photo	film	https://cdn.shopify.com/s/files/1/0115/7385/4270/files/NB12_1.png?width=560	[{"vendor":"houseofspoils","url":"https://houseofspoils.com/products/nikki-brand-lightly-salted?variant=42480511909950","price":225.0,"currency":"USD","framed":true,"w":18.5,"h":14.5,"label":"Small"},{"vendor":"houseofspoils","url":"https://houseofspoils.com/products/nikki-brand-lightly-salted?variant=42480512041022","price":400.0,"currency":"USD","framed":true,"w":26.0,"h":19.5,"label":"Medium"},{"vendor":"houseofspoils","url":"https://houseofspoils.com/products/nikki-brand-lightly-salted?variant=42480512172094","price":590.0,"currency":"USD","framed":true,"w":33.5,"h":24.5,"label":"Large"},{"vendor":"houseofspoils","url":"https://houseofspoils.com/products/nikki-brand-lightly-salted?variant=42480512303166","price":1050.0,"currency":"USD","framed":true,"w":44.0,"h":31.5,"label":"Giant"},{"vendor":"houseofspoils","url":"https://houseofspoils.com/products/nikki-brand-lightly-salted?variant=42480512434238","price":1975.0,"currency":"USD","framed":true,"w":56.0,"h":39.5,"label":"Collector"},{"vendor":"houseofspoils","url":"https://houseofspoils.com/products/nikki-brand-lightly-salted?variant=42480512565310","price":3450.0,"currency":"USD","framed":true,"w":66.0,"h":46.0,"label":"Exhibition"}]
hos-marcela-velozo-mystique	Marcela Velozo	https://houseofspoils.com/products/marcela-velozo-mystique	Mystique	photo	film	https://cdn.shopify.com/s/files/1/0115/7385/4270/files/MV02_1.jpg?width=560	[{"vendor":"houseofspoils","url":"https://houseofspoils.com/products/marcela-velozo-mystique?variant=42389474902078","price":225.0,"currency":"USD","framed":true,"w":18.5,"h":14.5,"label":"Small"},{"vendor":"houseofspoils","url":"https://houseofspoils.com/products/marcela-velozo-mystique?variant=42389475033150","price":400.0,"currency":"USD","framed":true,"w":26.0,"h":19.5,"label":"Medium"},{"vendor":"houseofspoils","url":"https://houseofspoils.com/products/marcela-velozo-mystique?variant=42389475164222","price":590.0,"currency":"USD","framed":true,"w":33.5,"h":24.5,"label":"Large"},{"vendor":"houseofspoils","url":"https://houseofspoils.com/products/marcela-velozo-mystique?variant=42389475295294","price":1050.0,"currency":"USD","framed":true,"w":44.0,"h":31.5,"label":"Giant"},{"vendor":"houseofspoils","url":"https://houseofspoils.com/products/marcela-velozo-mystique?variant=42389475426366","price":1975.0,"currency":"USD","framed":true,"w":56.0,"h":39.5,"label":"Collector"},{"vendor":"houseofspoils","url":"https://houseofspoils.com/products/marcela-velozo-mystique?variant=42389475557438","price":3450.0,"currency":"USD","framed":true,"w":66.0,"h":46.0,"label":"Exhibition"}]
hos-danny-franzreb-alicante-beach	Danny Franzreb	https://houseofspoils.com/products/danny-franzreb-alicante-beach	Alicante Beach	photo	film	https://cdn.shopify.com/s/files/1/0115/7385/4270/files/DF08_3.jpg?width=560	[{"vendor":"houseofspoils","url":"https://houseofspoils.com/products/danny-franzreb-alicante-beach?variant=42388693778494","price":225.0,"currency":"USD","framed":true,"w":18.5,"h":14.5,"label":"Small"},{"vendor":"houseofspoils","url":"https://houseofspoils.com/products/danny-franzreb-alicante-beach?variant=42388693909566","price":400.0,"currency":"USD","framed":true,"w":26.0,"h":19.5,"label":"Medium"},{"vendor":"houseofspoils","url":"https://houseofspoils.com/products/danny-franzreb-alicante-beach?variant=42388694040638","price":590.0,"currency":"USD","framed":true,"w":33.5,"h":24.5,"label":"Large"},{"vendor":"houseofspoils","url":"https://houseofspoils.com/products/danny-franzreb-alicante-beach?variant=42388694171710","price":1050.0,"currency":"USD","framed":true,"w":44.0,"h":31.5,"label":"Giant"},{"vendor":"houseofspoils","url":"https://houseofspoils.com/products/danny-franzreb-alicante-beach?variant=42388694302782","price":1975.0,"currency":"USD","framed":true,"w":56.0,"h":39.5,"label":"Collector"},{"vendor":"houseofspoils","url":"https://houseofspoils.com/products/danny-franzreb-alicante-beach?variant=42388694433854","price":3450.0,"currency":"USD","framed":true,"w":66.0,"h":46.0,"label":"Exhibition"}]
hos-danny-franzreb-balconies-iii	Danny Franzreb	https://houseofspoils.com/products/danny-franzreb-balconies-iii	Balconies-III	photo	film	https://cdn.shopify.com/s/files/1/0115/7385/4270/files/DF09_3.jpg?width=560	[{"vendor":"houseofspoils","url":"https://houseofspoils.com/products/danny-franzreb-balconies-iii?variant=42388731232318","price":225.0,"currency":"USD","framed":true,"w":18.5,"h":14.5,"label":"Small"},{"vendor":"houseofspoils","url":"https://houseofspoils.com/products/danny-franzreb-balconies-iii?variant=42388731363390","price":400.0,"currency":"USD","framed":true,"w":26.0,"h":19.5,"label":"Medium"},{"vendor":"houseofspoils","url":"https://houseofspoils.com/products/danny-franzreb-balconies-iii?variant=42388731494462","price":590.0,"currency":"USD","framed":true,"w":33.5,"h":24.5,"label":"Large"},{"vendor":"houseofspoils","url":"https://houseofspoils.com/products/danny-franzreb-balconies-iii?variant=42388731625534","price":1050.0,"currency":"USD","framed":true,"w":44.0,"h":31.5,"label":"Giant"},{"vendor":"houseofspoils","url":"https://houseofspoils.com/products/danny-franzreb-balconies-iii?variant=42388731756606","price":1975.0,"currency":"USD","framed":true,"w":56.0,"h":39.5,"label":"Collector"},{"vendor":"houseofspoils","url":"https://houseofspoils.com/products/danny-franzreb-balconies-iii?variant=42388731887678","price":3450.0,"currency":"USD","framed":true,"w":66.0,"h":46.0,"label":"Exhibition"}]
hos-danny-franzreb-levante-beach-ii	Danny Franzreb	https://houseofspoils.com/products/danny-franzreb-levante-beach-ii	Levante-Beach-II	photo	film	https://cdn.shopify.com/s/files/1/0115/7385/4270/files/DF10_3.jpg?width=560	[{"vendor":"houseofspoils","url":"https://houseofspoils.com/products/danny-franzreb-levante-beach-ii?variant=42388735590462","price":225.0,"currency":"USD","framed":true,"w":18.5,"h":14.5,"label":"Small"},{"vendor":"houseofspoils","url":"https://houseofspoils.com/products/danny-franzreb-levante-beach-ii?variant=42388735721534","price":400.0,"currency":"USD","framed":true,"w":26.0,"h":19.5,"label":"Medium"},{"vendor":"houseofspoils","url":"https://houseofspoils.com/products/danny-franzreb-levante-beach-ii?variant=42388735852606","price":590.0,"currency":"USD","framed":true,"w":33.5,"h":24.5,"label":"Large"},{"vendor":"houseofspoils","url":"https://houseofspoils.com/products/danny-franzreb-levante-beach-ii?variant=42388735983678","price":1050.0,"currency":"USD","framed":true,"w":44.0,"h":31.5,"label":"Giant"},{"vendor":"houseofspoils","url":"https://houseofspoils.com/products/danny-franzreb-levante-beach-ii?variant=42388736114750","price":1975.0,"currency":"USD","framed":true,"w":56.0,"h":39.5,"label":"Collector"},{"vendor":"houseofspoils","url":"https://houseofspoils.com/products/danny-franzreb-levante-beach-ii?variant=42388736245822","price":3450.0,"currency":"USD","framed":true,"w":66.0,"h":46.0,"label":"Exhibition"}]
hos-monti-smith-the-line	Monti Smith	https://houseofspoils.com/products/monti-smith-the-line	The Line	photo	film	https://cdn.shopify.com/s/files/1/0115/7385/4270/files/MS09_2.jpg?width=560	[{"vendor":"houseofspoils","url":"https://houseofspoils.com/products/monti-smith-the-line?variant=42389437481022","price":225.0,"currency":"USD","framed":true,"w":18.5,"h":14.5,"label":"Small"},{"vendor":"houseofspoils","url":"https://houseofspoils.com/products/monti-smith-the-line?variant=42389437612094","price":400.0,"currency":"USD","framed":true,"w":26.0,"h":19.5,"label":"Medium"},{"vendor":"houseofspoils","url":"https://houseofspoils.com/products/monti-smith-the-line?variant=42389437743166","price":590.0,"currency":"USD","framed":true,"w":33.5,"h":24.5,"label":"Large"},{"vendor":"houseofspoils","url":"https://houseofspoils.com/products/monti-smith-the-line?variant=42389437874238","price":1050.0,"currency":"USD","framed":true,"w":44.0,"h":31.5,"label":"Giant"},{"vendor":"houseofspoils","url":"https://houseofspoils.com/products/monti-smith-the-line?variant=42389438005310","price":1975.0,"currency":"USD","framed":true,"w":56.0,"h":39.5,"label":"Collector"},{"vendor":"houseofspoils","url":"https://houseofspoils.com/products/monti-smith-the-line?variant=42389438136382","price":3450.0,"currency":"USD","framed":true,"w":66.0,"h":46.0,"label":"Exhibition"}]
hos-monti-smith-the-red-bonneville	Monti Smith	https://houseofspoils.com/products/monti-smith-the-red-bonneville	The Red Bonneville	photo	film	https://cdn.shopify.com/s/files/1/0115/7385/4270/files/MS08_2.jpg?width=560	[{"vendor":"houseofspoils","url":"https://houseofspoils.com/products/monti-smith-the-red-bonneville?variant=42388742996030","price":225.0,"currency":"USD","framed":true,"w":18.5,"h":14.5,"label":"Small"},{"vendor":"houseofspoils","url":"https://houseofspoils.com/products/monti-smith-the-red-bonneville?variant=42388743127102","price":400.0,"currency":"USD","framed":true,"w":26.0,"h":19.5,"label":"Medium"},{"vendor":"houseofspoils","url":"https://houseofspoils.com/products/monti-smith-the-red-bonneville?variant=42388743258174","price":590.0,"currency":"USD","framed":true,"w":33.5,"h":24.5,"label":"Large"},{"vendor":"houseofspoils","url":"https://houseofspoils.com/products/monti-smith-the-red-bonneville?variant=42388743389246","price":1050.0,"currency":"USD","framed":true,"w":44.0,"h":31.5,"label":"Giant"},{"vendor":"houseofspoils","url":"https://houseofspoils.com/products/monti-smith-the-red-bonneville?variant=42388743520318","price":1975.0,"currency":"USD","framed":true,"w":56.0,"h":39.5,"label":"Collector"},{"vendor":"houseofspoils","url":"https://houseofspoils.com/products/monti-smith-the-red-bonneville?variant=42388743651390","price":3450.0,"currency":"USD","framed":true,"w":66.0,"h":46.0,"label":"Exhibition"}]
hos-matt-power-sundown	Matt Power	https://houseofspoils.com/products/matt-power-sundown	Sundown	photo	film	https://cdn.shopify.com/s/files/1/0115/7385/4270/files/MP04_1.jpg?width=560	[{"vendor":"houseofspoils","url":"https://houseofspoils.com/products/matt-power-sundown?variant=42389439840318","price":225.0,"currency":"USD","framed":true,"w":18.5,"h":14.5,"label":"Small"},{"vendor":"houseofspoils","url":"https://houseofspoils.com/products/matt-power-sundown?variant=42389439971390","price":400.0,"currency":"USD","framed":true,"w":26.0,"h":19.5,"label":"Medium"},{"vendor":"houseofspoils","url":"https://houseofspoils.com/products/matt-power-sundown?variant=42389440102462","price":590.0,"currency":"USD","framed":true,"w":33.5,"h":24.5,"label":"Large"},{"vendor":"houseofspoils","url":"https://houseofspoils.com/products/matt-power-sundown?variant=42389440233534","price":1050.0,"currency":"USD","framed":true,"w":44.0,"h":31.5,"label":"Giant"},{"vendor":"houseofspoils","url":"https://houseofspoils.com/products/matt-power-sundown?variant=42389440364606","price":1975.0,"currency":"USD","framed":true,"w":56.0,"h":39.5,"label":"Collector"},{"vendor":"houseofspoils","url":"https://houseofspoils.com/products/matt-power-sundown?variant=42389440495678","price":3450.0,"currency":"USD","framed":true,"w":66.0,"h":46.0,"label":"Exhibition"}]
hos-marcela-velozo-tropicana	Marcela Velozo	https://houseofspoils.com/products/marcela-velozo-tropicana	Tropicana	photo	film	https://cdn.shopify.com/s/files/1/0115/7385/4270/files/MV01_1.jpg?width=560	[{"vendor":"houseofspoils","url":"https://houseofspoils.com/products/marcela-velozo-tropicana?variant=42389477752894","price":225.0,"currency":"USD","framed":true,"w":14.5,"h":18.5,"label":"Small"},{"vendor":"houseofspoils","url":"https://houseofspoils.com/products/marcela-velozo-tropicana?variant=42389477883966","price":400.0,"currency":"USD","framed":true,"w":19.5,"h":26.0,"label":"Medium"},{"vendor":"houseofspoils","url":"https://houseofspoils.com/products/marcela-velozo-tropicana?variant=42389478015038","price":590.0,"currency":"USD","framed":true,"w":24.5,"h":33.5,"label":"Large"},{"vendor":"houseofspoils","url":"https://houseofspoils.com/products/marcela-velozo-tropicana?variant=42389478146110","price":1050.0,"currency":"USD","framed":true,"w":31.5,"h":44.0,"label":"Giant"},{"vendor":"houseofspoils","url":"https://houseofspoils.com/products/marcela-velozo-tropicana?variant=42389478277182","price":1975.0,"currency":"USD","framed":true,"w":39.5,"h":56.0,"label":"Collector"},{"vendor":"houseofspoils","url":"https://houseofspoils.com/products/marcela-velozo-tropicana?variant=42389478408254","price":3450.0,"currency":"USD","framed":true,"w":46.0,"h":66.0,"label":"Exhibition"}]
hos-matt-power-portal	Matt Power	https://houseofspoils.com/products/matt-power-portal	Portal	photo	film	https://cdn.shopify.com/s/files/1/0115/7385/4270/files/MP05.jpg?width=560	[{"vendor":"houseofspoils","url":"https://houseofspoils.com/products/matt-power-portal?variant=42389884043326","price":225.0,"currency":"USD","framed":true,"w":14.5,"h":18.5,"label":"Small"},{"vendor":"houseofspoils","url":"https://houseofspoils.com/products/matt-power-portal?variant=42389884174398","price":400.0,"currency":"USD","framed":true,"w":19.5,"h":26.0,"label":"Medium"},{"vendor":"houseofspoils","url":"https://houseofspoils.com/products/matt-power-portal?variant=42389884305470","price":590.0,"currency":"USD","framed":true,"w":24.5,"h":33.5,"label":"Large"},{"vendor":"houseofspoils","url":"https://houseofspoils.com/products/matt-power-portal?variant=42389884436542","price":1050.0,"currency":"USD","framed":true,"w":31.5,"h":44.0,"label":"Giant"},{"vendor":"houseofspoils","url":"https://houseofspoils.com/products/matt-power-portal?variant=42389884567614","price":1975.0,"currency":"USD","framed":true,"w":39.5,"h":56.0,"label":"Collector"},{"vendor":"houseofspoils","url":"https://houseofspoils.com/products/matt-power-portal?variant=42389884698686","price":3450.0,"currency":"USD","framed":true,"w":46.0,"h":66.0,"label":"Exhibition"}]
hos-fabrizio-daloisio-golfers-paradise	Fabrizio D'Aloisio	https://houseofspoils.com/products/fabrizio-daloisio-golfers-paradise	Golfers Paradise	photo	film	https://cdn.shopify.com/s/files/1/0115/7385/4270/files/FA15.jpg?width=560	[{"vendor":"houseofspoils","url":"https://houseofspoils.com/products/fabrizio-daloisio-golfers-paradise?variant=42303420235838","price":225.0,"currency":"USD","framed":true,"w":14.5,"h":18.5,"label":"Small"},{"vendor":"houseofspoils","url":"https://houseofspoils.com/products/fabrizio-daloisio-golfers-paradise?variant=42303420366910","price":400.0,"currency":"USD","framed":true,"w":19.5,"h":26.0,"label":"Medium"},{"vendor":"houseofspoils","url":"https://houseofspoils.com/products/fabrizio-daloisio-golfers-paradise?variant=42303420497982","price":590.0,"currency":"USD","framed":true,"w":24.5,"h":33.5,"label":"Large"},{"vendor":"houseofspoils","url":"https://houseofspoils.com/products/fabrizio-daloisio-golfers-paradise?variant=42303420629054","price":1050.0,"currency":"USD","framed":true,"w":31.5,"h":44.0,"label":"Giant"},{"vendor":"houseofspoils","url":"https://houseofspoils.com/products/fabrizio-daloisio-golfers-paradise?variant=42303420760126","price":1975.0,"currency":"USD","framed":true,"w":39.5,"h":56.0,"label":"Collector"},{"vendor":"houseofspoils","url":"https://houseofspoils.com/products/fabrizio-daloisio-golfers-paradise?variant=42303420891198","price":3450.0,"currency":"USD","framed":true,"w":46.0,"h":66.0,"label":"Exhibition"}]
hos-fabrizio-daloisio-refuel	Fabrizio D'Aloisio	https://houseofspoils.com/products/fabrizio-daloisio-refuel	Refuel	photo	film	https://cdn.shopify.com/s/files/1/0115/7385/4270/files/FA14.jpg?width=560	[{"vendor":"houseofspoils","url":"https://houseofspoils.com/products/fabrizio-daloisio-refuel?variant=42302997397566","price":225.0,"currency":"USD","framed":true,"w":14.5,"h":18.5,"label":"Small"},{"vendor":"houseofspoils","url":"https://houseofspoils.com/products/fabrizio-daloisio-refuel?variant=42302997528638","price":400.0,"currency":"USD","framed":true,"w":19.5,"h":26.0,"label":"Medium"},{"vendor":"houseofspoils","url":"https://houseofspoils.com/products/fabrizio-daloisio-refuel?variant=42302997659710","price":590.0,"currency":"USD","framed":true,"w":24.5,"h":33.5,"label":"Large"},{"vendor":"houseofspoils","url":"https://houseofspoils.com/products/fabrizio-daloisio-refuel?variant=42302997790782","price":1050.0,"currency":"USD","framed":true,"w":31.5,"h":44.0,"label":"Giant"},{"vendor":"houseofspoils","url":"https://houseofspoils.com/products/fabrizio-daloisio-refuel?variant=42302997921854","price":1975.0,"currency":"USD","framed":true,"w":39.5,"h":56.0,"label":"Collector"},{"vendor":"houseofspoils","url":"https://houseofspoils.com/products/fabrizio-daloisio-refuel?variant=42302998052926","price":3450.0,"currency":"USD","framed":true,"w":46.0,"h":66.0,"label":"Exhibition"}]
hos-fabrizio-daloisio-valet-parking	Fabrizio D'Aloisio	https://houseofspoils.com/products/fabrizio-daloisio-valet-parking	Valet Parking	photo	film	https://cdn.shopify.com/s/files/1/0115/7385/4270/files/FA13.jpg?width=560	[{"vendor":"houseofspoils","url":"https://houseofspoils.com/products/fabrizio-daloisio-valet-parking?variant=42302974197822","price":225.0,"currency":"USD","framed":true,"w":14.5,"h":18.5,"label":"Small"},{"vendor":"houseofspoils","url":"https://houseofspoils.com/products/fabrizio-daloisio-valet-parking?variant=42302974328894","price":400.0,"currency":"USD","framed":true,"w":19.5,"h":26.0,"label":"Medium"},{"vendor":"houseofspoils","url":"https://houseofspoils.com/products/fabrizio-daloisio-valet-parking?variant=42302974459966","price":590.0,"currency":"USD","framed":true,"w":24.5,"h":33.5,"label":"Large"},{"vendor":"houseofspoils","url":"https://houseofspoils.com/products/fabrizio-daloisio-valet-parking?variant=42302974591038","price":1050.0,"currency":"USD","framed":true,"w":31.5,"h":44.0,"label":"Giant"},{"vendor":"houseofspoils","url":"https://houseofspoils.com/products/fabrizio-daloisio-valet-parking?variant=42302974722110","price":1975.0,"currency":"USD","framed":true,"w":39.5,"h":56.0,"label":"Collector"},{"vendor":"houseofspoils","url":"https://houseofspoils.com/products/fabrizio-daloisio-valet-parking?variant=42302974853182","price":3450.0,"currency":"USD","framed":true,"w":46.0,"h":66.0,"label":"Exhibition"}]
hos-jared-chambers-kittitas	Jared Chambers	https://houseofspoils.com/products/jared-chambers-kittitas	Kittitas	photo	film	https://cdn.shopify.com/s/files/1/0115/7385/4270/files/JC10_1.jpg?width=560	[{"vendor":"houseofspoils","url":"https://houseofspoils.com/products/jared-chambers-kittitas?variant=42130573721662","price":225.0,"currency":"USD","framed":true,"w":18.5,"h":14.5,"label":"Small"},{"vendor":"houseofspoils","url":"https://houseofspoils.com/products/jared-chambers-kittitas?variant=42130573852734","price":400.0,"currency":"USD","framed":true,"w":26.0,"h":19.5,"label":"Medium"},{"vendor":"houseofspoils","url":"https://houseofspoils.com/products/jared-chambers-kittitas?variant=42130573983806","price":590.0,"currency":"USD","framed":true,"w":33.5,"h":24.5,"label":"Large"},{"vendor":"houseofspoils","url":"https://houseofspoils.com/products/jared-chambers-kittitas?variant=42130574114878","price":1050.0,"currency":"USD","framed":true,"w":44.0,"h":31.5,"label":"Giant"},{"vendor":"houseofspoils","url":"https://houseofspoils.com/products/jared-chambers-kittitas?variant=42130574245950","price":1975.0,"currency":"USD","framed":true,"w":56.0,"h":39.5,"label":"Collector"},{"vendor":"houseofspoils","url":"https://houseofspoils.com/products/jared-chambers-kittitas?variant=42130574377022","price":3450.0,"currency":"USD","framed":true,"w":66.0,"h":46.0,"label":"Exhibition"}]
hos-clint-robert-cuixmala	Clint Robert	https://houseofspoils.com/products/clint-robert-cuixmala	Cuixmala	photo	film	https://cdn.shopify.com/s/files/1/0115/7385/4270/files/CR18.jpg?width=560	[{"vendor":"houseofspoils","url":"https://houseofspoils.com/products/clint-robert-cuixmala?variant=42130588074046","price":225.0,"currency":"USD","framed":true,"w":18.5,"h":14.5,"label":"Small"},{"vendor":"houseofspoils","url":"https://houseofspoils.com/products/clint-robert-cuixmala?variant=42130588205118","price":400.0,"currency":"USD","framed":true,"w":26.0,"h":19.5,"label":"Medium"},{"vendor":"houseofspoils","url":"https://houseofspoils.com/products/clint-robert-cuixmala?variant=42130588336190","price":590.0,"currency":"USD","framed":true,"w":33.5,"h":24.5,"label":"Large"},{"vendor":"houseofspoils","url":"https://houseofspoils.com/products/clint-robert-cuixmala?variant=42130588467262","price":1050.0,"currency":"USD","framed":true,"w":44.0,"h":31.5,"label":"Giant"},{"vendor":"houseofspoils","url":"https://houseofspoils.com/products/clint-robert-cuixmala?variant=42130588598334","price":1975.0,"currency":"USD","framed":true,"w":56.0,"h":39.5,"label":"Collector"},{"vendor":"houseofspoils","url":"https://houseofspoils.com/products/clint-robert-cuixmala?variant=42130588729406","price":3450.0,"currency":"USD","framed":true,"w":66.0,"h":46.0,"label":"Exhibition"}]
hos-matt-power-desolate-shores	Matt Power	https://houseofspoils.com/products/matt-power-desolate-shores	Desolate Shores	photo	film	https://cdn.shopify.com/s/files/1/0115/7385/4270/files/MP03.jpg?width=560	[{"vendor":"houseofspoils","url":"https://houseofspoils.com/products/matt-power-desolate-shores?variant=42130559172670","price":225.0,"currency":"USD","framed":true,"w":18.5,"h":14.5,"label":"Small"},{"vendor":"houseofspoils","url":"https://houseofspoils.com/products/matt-power-desolate-shores?variant=42130559303742","price":400.0,"currency":"USD","framed":true,"w":26.0,"h":19.5,"label":"Medium"},{"vendor":"houseofspoils","url":"https://houseofspoils.com/products/matt-power-desolate-shores?variant=42130559434814","price":590.0,"currency":"USD","framed":true,"w":33.5,"h":24.5,"label":"Large"},{"vendor":"houseofspoils","url":"https://houseofspoils.com/products/matt-power-desolate-shores?variant=42130559565886","price":1050.0,"currency":"USD","framed":true,"w":44.0,"h":31.5,"label":"Giant"},{"vendor":"houseofspoils","url":"https://houseofspoils.com/products/matt-power-desolate-shores?variant=42130559696958","price":1975.0,"currency":"USD","framed":true,"w":56.0,"h":39.5,"label":"Collector"},{"vendor":"houseofspoils","url":"https://houseofspoils.com/products/matt-power-desolate-shores?variant=42130559828030","price":3450.0,"currency":"USD","framed":true,"w":66.0,"h":46.0,"label":"Exhibition"}]
hos-matt-power-mirror-palms	Matt Power	https://houseofspoils.com/products/matt-power-mirror-palms	Mirror Palms	photo	film	https://cdn.shopify.com/s/files/1/0115/7385/4270/files/MP02.jpg?width=560	[{"vendor":"houseofspoils","url":"https://houseofspoils.com/products/matt-power-mirror-palms?variant=42130540888126","price":225.0,"currency":"USD","framed":true,"w":14.5,"h":18.5,"label":"Small"},{"vendor":"houseofspoils","url":"https://houseofspoils.com/products/matt-power-mirror-palms?variant=42130541019198","price":400.0,"currency":"USD","framed":true,"w":19.5,"h":26.0,"label":"Medium"},{"vendor":"houseofspoils","url":"https://houseofspoils.com/products/matt-power-mirror-palms?variant=42130541150270","price":590.0,"currency":"USD","framed":true,"w":24.5,"h":33.5,"label":"Large"},{"vendor":"houseofspoils","url":"https://houseofspoils.com/products/matt-power-mirror-palms?variant=42130541281342","price":1050.0,"currency":"USD","framed":true,"w":31.5,"h":44.0,"label":"Giant"},{"vendor":"houseofspoils","url":"https://houseofspoils.com/products/matt-power-mirror-palms?variant=42130541412414","price":1975.0,"currency":"USD","framed":true,"w":39.5,"h":56.0,"label":"Collector"},{"vendor":"houseofspoils","url":"https://houseofspoils.com/products/matt-power-mirror-palms?variant=42130541543486","price":3450.0,"currency":"USD","framed":true,"w":46.0,"h":66.0,"label":"Exhibition"}]
hos-beau-simmons-riding-the-range	Beau Simmons	https://houseofspoils.com/products/beau-simmons-riding-the-range	Riding The Range	photo	film	https://cdn.shopify.com/s/files/1/0115/7385/4270/files/BS39.jpg?width=560	[{"vendor":"houseofspoils","url":"https://houseofspoils.com/products/beau-simmons-riding-the-range?variant=42129938317374","price":225.0,"currency":"USD","framed":true,"w":14.5,"h":18.5,"label":"Small"},{"vendor":"houseofspoils","url":"https://houseofspoils.com/products/beau-simmons-riding-the-range?variant=42129938448446","price":400.0,"currency":"USD","framed":true,"w":19.5,"h":26.0,"label":"Medium"},{"vendor":"houseofspoils","url":"https://houseofspoils.com/products/beau-simmons-riding-the-range?variant=42129938579518","price":590.0,"currency":"USD","framed":true,"w":24.5,"h":33.5,"label":"Large"},{"vendor":"houseofspoils","url":"https://houseofspoils.com/products/beau-simmons-riding-the-range?variant=42129938710590","price":1050.0,"currency":"USD","framed":true,"w":31.5,"h":44.0,"label":"Giant"},{"vendor":"houseofspoils","url":"https://houseofspoils.com/products/beau-simmons-riding-the-range?variant=42129938841662","price":1975.0,"currency":"USD","framed":true,"w":39.5,"h":56.0,"label":"Collector"},{"vendor":"houseofspoils","url":"https://houseofspoils.com/products/beau-simmons-riding-the-range?variant=42129938972734","price":3450.0,"currency":"USD","framed":true,"w":46.0,"h":66.0,"label":"Exhibition"}]
hos-nick-green-great-white	Nick Green	https://houseofspoils.com/products/nick-green-great-white	Great White	photo	film	https://cdn.shopify.com/s/files/1/0115/7385/4270/files/NG13_1.jpg?width=560	[{"vendor":"houseofspoils","url":"https://houseofspoils.com/products/nick-green-great-white?variant=42030814920766","price":225.0,"currency":"USD","framed":true,"w":18.5,"h":14.5,"label":"Small"},{"vendor":"houseofspoils","url":"https://houseofspoils.com/products/nick-green-great-white?variant=42030815051838","price":400.0,"currency":"USD","framed":true,"w":26.0,"h":19.5,"label":"Medium"},{"vendor":"houseofspoils","url":"https://houseofspoils.com/products/nick-green-great-white?variant=42030815182910","price":590.0,"currency":"USD","framed":true,"w":33.5,"h":24.5,"label":"Large"},{"vendor":"houseofspoils","url":"https://houseofspoils.com/products/nick-green-great-white?variant=42030815313982","price":1050.0,"currency":"USD","framed":true,"w":44.0,"h":31.5,"label":"Giant"},{"vendor":"houseofspoils","url":"https://houseofspoils.com/products/nick-green-great-white?variant=42030815445054","price":1975.0,"currency":"USD","framed":true,"w":56.0,"h":39.5,"label":"Collector"},{"vendor":"houseofspoils","url":"https://houseofspoils.com/products/nick-green-great-white?variant=42030815576126","price":3450.0,"currency":"USD","framed":true,"w":66.0,"h":46.0,"label":"Exhibition"}]
hos-natalie-obradovich-al-fresco	Natalie Obradovich	https://houseofspoils.com/products/natalie-obradovich-al-fresco	Al Fresco	photo	film	https://cdn.shopify.com/s/files/1/0115/7385/4270/files/NO41_1.jpg?width=560	[{"vendor":"houseofspoils","url":"https://houseofspoils.com/products/natalie-obradovich-al-fresco?variant=42030811775038","price":225.0,"currency":"USD","framed":true,"w":18.5,"h":14.5,"label":"Small"},{"vendor":"houseofspoils","url":"https://houseofspoils.com/products/natalie-obradovich-al-fresco?variant=42030811906110","price":400.0,"currency":"USD","framed":true,"w":26.0,"h":19.5,"label":"Medium"},{"vendor":"houseofspoils","url":"https://houseofspoils.com/products/natalie-obradovich-al-fresco?variant=42030812037182","price":590.0,"currency":"USD","framed":true,"w":33.5,"h":24.5,"label":"Large"},{"vendor":"houseofspoils","url":"https://houseofspoils.com/products/natalie-obradovich-al-fresco?variant=42030812168254","price":1050.0,"currency":"USD","framed":true,"w":44.0,"h":31.5,"label":"Giant"},{"vendor":"houseofspoils","url":"https://houseofspoils.com/products/natalie-obradovich-al-fresco?variant=42030812299326","price":1975.0,"currency":"USD","framed":true,"w":56.0,"h":39.5,"label":"Collector"},{"vendor":"houseofspoils","url":"https://houseofspoils.com/products/natalie-obradovich-al-fresco?variant=42030812430398","price":3450.0,"currency":"USD","framed":true,"w":66.0,"h":46.0,"label":"Exhibition"}]
hos-cnatalie-obradovich-como	Natalie Obradovich	https://houseofspoils.com/products/cnatalie-obradovich-como	Como	photo	film	https://cdn.shopify.com/s/files/1/0115/7385/4270/files/NO42_1.jpg?width=560	[{"vendor":"houseofspoils","url":"https://houseofspoils.com/products/cnatalie-obradovich-como?variant=42030836744254","price":225.0,"currency":"USD","framed":true,"w":14.5,"h":18.5,"label":"Small"},{"vendor":"houseofspoils","url":"https://houseofspoils.com/products/cnatalie-obradovich-como?variant=42030836875326","price":400.0,"currency":"USD","framed":true,"w":19.5,"h":26.0,"label":"Medium"},{"vendor":"houseofspoils","url":"https://houseofspoils.com/products/cnatalie-obradovich-como?variant=42030837006398","price":590.0,"currency":"USD","framed":true,"w":24.5,"h":33.5,"label":"Large"},{"vendor":"houseofspoils","url":"https://houseofspoils.com/products/cnatalie-obradovich-como?variant=42030837137470","price":1050.0,"currency":"USD","framed":true,"w":31.5,"h":44.0,"label":"Giant"},{"vendor":"houseofspoils","url":"https://houseofspoils.com/products/cnatalie-obradovich-como?variant=42030837268542","price":1975.0,"currency":"USD","framed":true,"w":39.5,"h":56.0,"label":"Collector"},{"vendor":"houseofspoils","url":"https://houseofspoils.com/products/cnatalie-obradovich-como?variant=42030837399614","price":3450.0,"currency":"USD","framed":true,"w":46.0,"h":66.0,"label":"Exhibition"}]
hos-vincent-perraud-down-the-hill	Vincent Perraud	https://houseofspoils.com/products/vincent-perraud-down-the-hill	Down The Hill	photo	film	https://cdn.shopify.com/s/files/1/0115/7385/4270/files/VP33_1.jpg?width=560	[{"vendor":"houseofspoils","url":"https://houseofspoils.com/products/vincent-perraud-down-the-hill?variant=42030832844862","price":225.0,"currency":"USD","framed":true,"w":18.5,"h":14.5,"label":"Small"},{"vendor":"houseofspoils","url":"https://houseofspoils.com/products/vincent-perraud-down-the-hill?variant=42030832975934","price":400.0,"currency":"USD","framed":true,"w":26.0,"h":19.5,"label":"Medium"},{"vendor":"houseofspoils","url":"https://houseofspoils.com/products/vincent-perraud-down-the-hill?variant=42030833107006","price":590.0,"currency":"USD","framed":true,"w":33.5,"h":24.5,"label":"Large"},{"vendor":"houseofspoils","url":"https://houseofspoils.com/products/vincent-perraud-down-the-hill?variant=42030833238078","price":1050.0,"currency":"USD","framed":true,"w":44.0,"h":31.5,"label":"Giant"},{"vendor":"houseofspoils","url":"https://houseofspoils.com/products/vincent-perraud-down-the-hill?variant=42030833369150","price":1975.0,"currency":"USD","framed":true,"w":56.0,"h":39.5,"label":"Collector"},{"vendor":"houseofspoils","url":"https://houseofspoils.com/products/vincent-perraud-down-the-hill?variant=42030833500222","price":3450.0,"currency":"USD","framed":true,"w":66.0,"h":46.0,"label":"Exhibition"}]
hos-thomas-lodin-ruthless-ii	Thomas Lodin	https://houseofspoils.com/products/thomas-lodin-ruthless-ii	Ruthless	photo	film	https://cdn.shopify.com/s/files/1/0115/7385/4270/files/TL12_1.jpg?width=560	[{"vendor":"houseofspoils","url":"https://houseofspoils.com/products/thomas-lodin-ruthless-ii?variant=42030827503678","price":225.0,"currency":"USD","framed":true,"w":18.5,"h":14.5,"label":"Small"},{"vendor":"houseofspoils","url":"https://houseofspoils.com/products/thomas-lodin-ruthless-ii?variant=42030827634750","price":400.0,"currency":"USD","framed":true,"w":26.0,"h":19.5,"label":"Medium"},{"vendor":"houseofspoils","url":"https://houseofspoils.com/products/thomas-lodin-ruthless-ii?variant=42030827765822","price":590.0,"currency":"USD","framed":true,"w":33.5,"h":24.5,"label":"Large"},{"vendor":"houseofspoils","url":"https://houseofspoils.com/products/thomas-lodin-ruthless-ii?variant=42030827896894","price":1050.0,"currency":"USD","framed":true,"w":44.0,"h":31.5,"label":"Giant"},{"vendor":"houseofspoils","url":"https://houseofspoils.com/products/thomas-lodin-ruthless-ii?variant=42030828027966","price":1975.0,"currency":"USD","framed":true,"w":56.0,"h":39.5,"label":"Collector"},{"vendor":"houseofspoils","url":"https://houseofspoils.com/products/thomas-lodin-ruthless-ii?variant=42030828159038","price":3450.0,"currency":"USD","framed":true,"w":66.0,"h":46.0,"label":"Exhibition"}]
hos-nick-green-the-one	Nick Green	https://houseofspoils.com/products/nick-green-the-one	The One	photo	film	https://cdn.shopify.com/s/files/1/0115/7385/4270/files/NG12_17befb93-e1c9-46e6-bc25-a8a26fab0165.jpg?width=560	[{"vendor":"houseofspoils","url":"https://houseofspoils.com/products/nick-green-the-one?variant=41879296081982","price":225.0,"currency":"USD","framed":true,"w":18.5,"h":14.5,"label":"Small"},{"vendor":"houseofspoils","url":"https://houseofspoils.com/products/nick-green-the-one?variant=41879296213054","price":400.0,"currency":"USD","framed":true,"w":26.0,"h":19.5,"label":"Medium"},{"vendor":"houseofspoils","url":"https://houseofspoils.com/products/nick-green-the-one?variant=41879296344126","price":590.0,"currency":"USD","framed":true,"w":33.5,"h":24.5,"label":"Large"},{"vendor":"houseofspoils","url":"https://houseofspoils.com/products/nick-green-the-one?variant=41879296475198","price":1050.0,"currency":"USD","framed":true,"w":44.0,"h":31.5,"label":"Giant"},{"vendor":"houseofspoils","url":"https://houseofspoils.com/products/nick-green-the-one?variant=41879296606270","price":1975.0,"currency":"USD","framed":true,"w":56.0,"h":39.5,"label":"Collector"},{"vendor":"houseofspoils","url":"https://houseofspoils.com/products/nick-green-the-one?variant=41879296737342","price":3450.0,"currency":"USD","framed":true,"w":66.0,"h":46.0,"label":"Exhibition"}]
hos-aaron-brimhall-horsche	Aaron Brimhall	https://houseofspoils.com/products/aaron-brimhall-horsche	Horsche	photo	film	https://cdn.shopify.com/s/files/1/0115/7385/4270/files/AB08.jpg?width=560	[{"vendor":"houseofspoils","url":"https://houseofspoils.com/products/aaron-brimhall-horsche?variant=41879279140926","price":225.0,"currency":"USD","framed":true,"w":18.5,"h":14.5,"label":"Small"},{"vendor":"houseofspoils","url":"https://houseofspoils.com/products/aaron-brimhall-horsche?variant=41879279271998","price":400.0,"currency":"USD","framed":true,"w":26.0,"h":19.5,"label":"Medium"},{"vendor":"houseofspoils","url":"https://houseofspoils.com/products/aaron-brimhall-horsche?variant=41879279403070","price":590.0,"currency":"USD","framed":true,"w":33.5,"h":24.5,"label":"Large"},{"vendor":"houseofspoils","url":"https://houseofspoils.com/products/aaron-brimhall-horsche?variant=41879279534142","price":1050.0,"currency":"USD","framed":true,"w":44.0,"h":31.5,"label":"Giant"},{"vendor":"houseofspoils","url":"https://houseofspoils.com/products/aaron-brimhall-horsche?variant=41879279665214","price":1975.0,"currency":"USD","framed":true,"w":56.0,"h":39.5,"label":"Collector"},{"vendor":"houseofspoils","url":"https://houseofspoils.com/products/aaron-brimhall-horsche?variant=41879279796286","price":3450.0,"currency":"USD","framed":true,"w":66.0,"h":46.0,"label":"Exhibition"}]
hos-matt-power-lucid-dreaming	Matt Power	https://houseofspoils.com/products/matt-power-lucid-dreaming	Inner Vision	photo	film	https://cdn.shopify.com/s/files/1/0115/7385/4270/files/MP01.jpg?width=560	[{"vendor":"houseofspoils","url":"https://houseofspoils.com/products/matt-power-lucid-dreaming?variant=41879262429246","price":225.0,"currency":"USD","framed":true,"w":14.5,"h":18.5,"label":"Small"},{"vendor":"houseofspoils","url":"https://houseofspoils.com/products/matt-power-lucid-dreaming?variant=41879262560318","price":400.0,"currency":"USD","framed":true,"w":19.5,"h":26.0,"label":"Medium"},{"vendor":"houseofspoils","url":"https://houseofspoils.com/products/matt-power-lucid-dreaming?variant=41879262691390","price":590.0,"currency":"USD","framed":true,"w":24.5,"h":33.5,"label":"Large"},{"vendor":"houseofspoils","url":"https://houseofspoils.com/products/matt-power-lucid-dreaming?variant=41879262822462","price":1050.0,"currency":"USD","framed":true,"w":31.5,"h":44.0,"label":"Giant"},{"vendor":"houseofspoils","url":"https://houseofspoils.com/products/matt-power-lucid-dreaming?variant=41879262953534","price":1975.0,"currency":"USD","framed":true,"w":39.5,"h":56.0,"label":"Collector"},{"vendor":"houseofspoils","url":"https://houseofspoils.com/products/matt-power-lucid-dreaming?variant=41879263084606","price":3400.0,"currency":"USD","framed":true,"w":46.0,"h":66.0,"label":"Exhibition"}]
hos-emily-abay-poolside-reverie	Emily Abay	https://houseofspoils.com/products/emily-abay-poolside-reverie	Poolside Reverie	photo	film	https://cdn.shopify.com/s/files/1/0115/7385/4270/files/EA22_39e20aaa-05d4-4a7b-afc3-02f60f0c8e63.jpg?width=560	[{"vendor":"houseofspoils","url":"https://houseofspoils.com/products/emily-abay-poolside-reverie?variant=41701013225534","price":225.0,"currency":"USD","framed":true,"w":14.5,"h":18.5,"label":"Small"},{"vendor":"houseofspoils","url":"https://houseofspoils.com/products/emily-abay-poolside-reverie?variant=41701013356606","price":400.0,"currency":"USD","framed":true,"w":19.5,"h":26.0,"label":"Medium"},{"vendor":"houseofspoils","url":"https://houseofspoils.com/products/emily-abay-poolside-reverie?variant=41701013487678","price":590.0,"currency":"USD","framed":true,"w":24.5,"h":33.5,"label":"Large"},{"vendor":"houseofspoils","url":"https://houseofspoils.com/products/emily-abay-poolside-reverie?variant=41701013618750","price":1050.0,"currency":"USD","framed":true,"w":31.5,"h":44.0,"label":"Giant"},{"vendor":"houseofspoils","url":"https://houseofspoils.com/products/emily-abay-poolside-reverie?variant=41701013749822","price":1975.0,"currency":"USD","framed":true,"w":39.5,"h":56.0,"label":"Collector"},{"vendor":"houseofspoils","url":"https://houseofspoils.com/products/emily-abay-poolside-reverie?variant=41701013880894","price":3450.0,"currency":"USD","framed":true,"w":46.0,"h":66.0,"label":"Exhibition"}]
hos-maxime-delestre-cooper-surf	Maxime Delestre	https://houseofspoils.com/products/maxime-delestre-cooper-surf	Beach Bound	photo	film	https://cdn.shopify.com/s/files/1/0115/7385/4270/files/MD02.jpg?width=560	[{"vendor":"houseofspoils","url":"https://houseofspoils.com/products/maxime-delestre-cooper-surf?variant=41770796286014","price":225.0,"currency":"USD","framed":true,"w":14.5,"h":18.5,"label":"Small"},{"vendor":"houseofspoils","url":"https://houseofspoils.com/products/maxime-delestre-cooper-surf?variant=41770796417086","price":400.0,"currency":"USD","framed":true,"w":19.5,"h":26.0,"label":"Medium"},{"vendor":"houseofspoils","url":"https://houseofspoils.com/products/maxime-delestre-cooper-surf?variant=41770796548158","price":590.0,"currency":"USD","framed":true,"w":24.5,"h":33.5,"label":"Large"},{"vendor":"houseofspoils","url":"https://houseofspoils.com/products/maxime-delestre-cooper-surf?variant=41770796679230","price":1050.0,"currency":"USD","framed":true,"w":31.5,"h":44.0,"label":"Giant"},{"vendor":"houseofspoils","url":"https://houseofspoils.com/products/maxime-delestre-cooper-surf?variant=41770796810302","price":1975.0,"currency":"USD","framed":true,"w":39.5,"h":56.0,"label":"Collector"},{"vendor":"houseofspoils","url":"https://houseofspoils.com/products/maxime-delestre-cooper-surf?variant=41770796941374","price":3450.0,"currency":"USD","framed":true,"w":46.0,"h":66.0,"label":"Exhibition"}]
hos-thomas-lodin-backdoor	Thomas Lodin	https://houseofspoils.com/products/thomas-lodin-backdoor	Backdoor	photo	film	https://cdn.shopify.com/s/files/1/0115/7385/4270/files/TL05_110bfc18-0312-4006-a533-8f1b52116da4.jpg?width=560	[{"vendor":"houseofspoils","url":"https://houseofspoils.com/products/thomas-lodin-backdoor?variant=41830551781438","price":225.0,"currency":"USD","framed":true,"w":18.5,"h":14.5,"label":"Small"},{"vendor":"houseofspoils","url":"https://houseofspoils.com/products/thomas-lodin-backdoor?variant=41830551912510","price":400.0,"currency":"USD","framed":true,"w":26.0,"h":19.5,"label":"Medium"},{"vendor":"houseofspoils","url":"https://houseofspoils.com/products/thomas-lodin-backdoor?variant=41830552043582","price":590.0,"currency":"USD","framed":true,"w":33.5,"h":24.5,"label":"Large"},{"vendor":"houseofspoils","url":"https://houseofspoils.com/products/thomas-lodin-backdoor?variant=41830552174654","price":1050.0,"currency":"USD","framed":true,"w":44.0,"h":31.5,"label":"Giant"},{"vendor":"houseofspoils","url":"https://houseofspoils.com/products/thomas-lodin-backdoor?variant=41830552305726","price":1975.0,"currency":"USD","framed":true,"w":56.0,"h":39.5,"label":"Collector"},{"vendor":"houseofspoils","url":"https://houseofspoils.com/products/thomas-lodin-backdoor?variant=41830552436798","price":3450.0,"currency":"USD","framed":true,"w":66.0,"h":46.0,"label":"Exhibition"}]
hos-thomas-lodin-malibu-calling	Thomas Lodin	https://houseofspoils.com/products/thomas-lodin-malibu-calling	Malibu Calling	photo	film	https://cdn.shopify.com/s/files/1/0115/7385/4270/files/TL08_b701cbb2-ea48-4bd1-b0b6-2752ff9ff4b2.jpg?width=560	[{"vendor":"houseofspoils","url":"https://houseofspoils.com/products/thomas-lodin-malibu-calling?variant=41832436858942","price":225.0,"currency":"USD","framed":true,"w":18.5,"h":14.5,"label":"Small"},{"vendor":"houseofspoils","url":"https://houseofspoils.com/products/thomas-lodin-malibu-calling?variant=41832436990014","price":400.0,"currency":"USD","framed":true,"w":26.0,"h":19.5,"label":"Medium"},{"vendor":"houseofspoils","url":"https://houseofspoils.com/products/thomas-lodin-malibu-calling?variant=41832437121086","price":590.0,"currency":"USD","framed":true,"w":33.5,"h":24.5,"label":"Large"},{"vendor":"houseofspoils","url":"https://houseofspoils.com/products/thomas-lodin-malibu-calling?variant=41832437252158","price":1050.0,"currency":"USD","framed":true,"w":44.0,"h":31.5,"label":"Giant"},{"vendor":"houseofspoils","url":"https://houseofspoils.com/products/thomas-lodin-malibu-calling?variant=41832437383230","price":1975.0,"currency":"USD","framed":true,"w":56.0,"h":39.5,"label":"Collector"},{"vendor":"houseofspoils","url":"https://houseofspoils.com/products/thomas-lodin-malibu-calling?variant=41832437514302","price":3450.0,"currency":"USD","framed":true,"w":66.0,"h":46.0,"label":"Exhibition"}]
hos-thomas-lodin-how-high-the-moon	Thomas Lodin	https://houseofspoils.com/products/thomas-lodin-how-high-the-moon	How High The Moon	photo	film	https://cdn.shopify.com/s/files/1/0115/7385/4270/files/TL06_910a2ea9-3332-458a-9b5b-86e901610a8f.jpg?width=560	[{"vendor":"houseofspoils","url":"https://houseofspoils.com/products/thomas-lodin-how-high-the-moon?variant=41832435482686","price":225.0,"currency":"USD","framed":true,"w":18.5,"h":14.5,"label":"Small"},{"vendor":"houseofspoils","url":"https://houseofspoils.com/products/thomas-lodin-how-high-the-moon?variant=41832435613758","price":400.0,"currency":"USD","framed":true,"w":26.0,"h":19.5,"label":"Medium"},{"vendor":"houseofspoils","url":"https://houseofspoils.com/products/thomas-lodin-how-high-the-moon?variant=41832435744830","price":590.0,"currency":"USD","framed":true,"w":33.5,"h":24.5,"label":"Large"},{"vendor":"houseofspoils","url":"https://houseofspoils.com/products/thomas-lodin-how-high-the-moon?variant=41832435875902","price":1050.0,"currency":"USD","framed":true,"w":44.0,"h":31.5,"label":"Giant"},{"vendor":"houseofspoils","url":"https://houseofspoils.com/products/thomas-lodin-how-high-the-moon?variant=41832436006974","price":1975.0,"currency":"USD","framed":true,"w":56.0,"h":39.5,"label":"Collector"},{"vendor":"houseofspoils","url":"https://houseofspoils.com/products/thomas-lodin-how-high-the-moon?variant=41832436138046","price":3450.0,"currency":"USD","framed":true,"w":66.0,"h":46.0,"label":"Exhibition"}]
hos-thomas-lodin-two-is-a-crowd	Thomas Lodin	https://houseofspoils.com/products/thomas-lodin-two-is-a-crowd	Two Is A Crowd	photo	film	https://cdn.shopify.com/s/files/1/0115/7385/4270/files/TL07_708f5071-cd93-49d5-9abf-91cf2651bb24.jpg?width=560	[{"vendor":"houseofspoils","url":"https://houseofspoils.com/products/thomas-lodin-two-is-a-crowd?variant=41832438235198","price":225.0,"currency":"USD","framed":true,"w":18.5,"h":14.5,"label":"Small"},{"vendor":"houseofspoils","url":"https://houseofspoils.com/products/thomas-lodin-two-is-a-crowd?variant=41832438366270","price":400.0,"currency":"USD","framed":true,"w":26.0,"h":19.5,"label":"Medium"},{"vendor":"houseofspoils","url":"https://houseofspoils.com/products/thomas-lodin-two-is-a-crowd?variant=41832438497342","price":590.0,"currency":"USD","framed":true,"w":33.5,"h":24.5,"label":"Large"},{"vendor":"houseofspoils","url":"https://houseofspoils.com/products/thomas-lodin-two-is-a-crowd?variant=41832438628414","price":1050.0,"currency":"USD","framed":true,"w":44.0,"h":31.5,"label":"Giant"},{"vendor":"houseofspoils","url":"https://houseofspoils.com/products/thomas-lodin-two-is-a-crowd?variant=41832438759486","price":1975.0,"currency":"USD","framed":true,"w":56.0,"h":39.5,"label":"Collector"},{"vendor":"houseofspoils","url":"https://houseofspoils.com/products/thomas-lodin-two-is-a-crowd?variant=41832438890558","price":3450.0,"currency":"USD","framed":true,"w":66.0,"h":46.0,"label":"Exhibition"}]
hos-thomas-lodin-ruthless	Thomas Lodin	https://houseofspoils.com/products/thomas-lodin-ruthless	Ruthless II	photo	film	https://cdn.shopify.com/s/files/1/0115/7385/4270/files/TL10_3cbd7728-6f83-4cd8-9351-30a953f463ab.jpg?width=560	[{"vendor":"houseofspoils","url":"https://houseofspoils.com/products/thomas-lodin-ruthless?variant=41832441774142","price":225.0,"currency":"USD","framed":true,"w":18.5,"h":14.5,"label":"Small"},{"vendor":"houseofspoils","url":"https://houseofspoils.com/products/thomas-lodin-ruthless?variant=41832441905214","price":400.0,"currency":"USD","framed":true,"w":26.0,"h":19.5,"label":"Medium"},{"vendor":"houseofspoils","url":"https://houseofspoils.com/products/thomas-lodin-ruthless?variant=41832442036286","price":590.0,"currency":"USD","framed":true,"w":33.5,"h":24.5,"label":"Large"},{"vendor":"houseofspoils","url":"https://houseofspoils.com/products/thomas-lodin-ruthless?variant=41832442167358","price":1050.0,"currency":"USD","framed":true,"w":44.0,"h":31.5,"label":"Giant"},{"vendor":"houseofspoils","url":"https://houseofspoils.com/products/thomas-lodin-ruthless?variant=41832442298430","price":1975.0,"currency":"USD","framed":true,"w":56.0,"h":39.5,"label":"Collector"},{"vendor":"houseofspoils","url":"https://houseofspoils.com/products/thomas-lodin-ruthless?variant=41832442429502","price":3450.0,"currency":"USD","framed":true,"w":66.0,"h":46.0,"label":"Exhibition"}]
hos-thomas-lodin-classic-cote-des-basque	Thomas Lodin	https://houseofspoils.com/products/thomas-lodin-classic-cote-des-basques	Classic, Cote Des Basques	photo	film	https://cdn.shopify.com/s/files/1/0115/7385/4270/files/TL11_07ca431b-90ac-4da0-8b2a-2363e83a8448.jpg?width=560	[{"vendor":"houseofspoils","url":"https://houseofspoils.com/products/thomas-lodin-classic-cote-des-basques?variant=41832444526654","price":225.0,"currency":"USD","framed":true,"w":14.5,"h":18.5,"label":"Small"},{"vendor":"houseofspoils","url":"https://houseofspoils.com/products/thomas-lodin-classic-cote-des-basques?variant=41832444657726","price":400.0,"currency":"USD","framed":true,"w":19.5,"h":26.0,"label":"Medium"},{"vendor":"houseofspoils","url":"https://houseofspoils.com/products/thomas-lodin-classic-cote-des-basques?variant=41832444788798","price":590.0,"currency":"USD","framed":true,"w":24.5,"h":33.5,"label":"Large"},{"vendor":"houseofspoils","url":"https://houseofspoils.com/products/thomas-lodin-classic-cote-des-basques?variant=41832444919870","price":1050.0,"currency":"USD","framed":true,"w":31.5,"h":44.0,"label":"Giant"},{"vendor":"houseofspoils","url":"https://houseofspoils.com/products/thomas-lodin-classic-cote-des-basques?variant=41832445050942","price":1975.0,"currency":"USD","framed":true,"w":39.5,"h":56.0,"label":"Collector"},{"vendor":"houseofspoils","url":"https://houseofspoils.com/products/thomas-lodin-classic-cote-des-basques?variant=41832445182014","price":3450.0,"currency":"USD","framed":true,"w":46.0,"h":66.0,"label":"Exhibition"}]
hos-cooper-norland-dune	Cooper Norland	https://houseofspoils.com/products/cooper-norland-dune	Dune	photo	film	https://cdn.shopify.com/s/files/1/0115/7385/4270/files/CN02_18d9a197-c98c-4ddd-8625-a735633a4c2d.jpg?width=560	[{"vendor":"houseofspoils","url":"https://houseofspoils.com/products/cooper-norland-dune?variant=41832443150398","price":225.0,"currency":"USD","framed":true,"w":14.5,"h":18.5,"label":"Small"},{"vendor":"houseofspoils","url":"https://houseofspoils.com/products/cooper-norland-dune?variant=41832443281470","price":400.0,"currency":"USD","framed":true,"w":19.5,"h":26.0,"label":"Medium"},{"vendor":"houseofspoils","url":"https://houseofspoils.com/products/cooper-norland-dune?variant=41832443412542","price":590.0,"currency":"USD","framed":true,"w":24.5,"h":33.5,"label":"Large"},{"vendor":"houseofspoils","url":"https://houseofspoils.com/products/cooper-norland-dune?variant=41832443543614","price":1050.0,"currency":"USD","framed":true,"w":31.5,"h":44.0,"label":"Giant"},{"vendor":"houseofspoils","url":"https://houseofspoils.com/products/cooper-norland-dune?variant=41832443674686","price":1975.0,"currency":"USD","framed":true,"w":39.5,"h":56.0,"label":"Collector"},{"vendor":"houseofspoils","url":"https://houseofspoils.com/products/cooper-norland-dune?variant=41832443805758","price":3450.0,"currency":"USD","framed":true,"w":46.0,"h":66.0,"label":"Exhibition"}]
hos-cameron-hammond-windsurfers	Cameron Hammond	https://houseofspoils.com/products/cameron-hammond-windsurfers	Windsurfers	photo	film	https://cdn.shopify.com/s/files/1/0115/7385/4270/files/CH21.jpg?width=560	[{"vendor":"houseofspoils","url":"https://houseofspoils.com/products/cameron-hammond-windsurfers?variant=41700934221886","price":225.0,"currency":"USD","framed":true,"w":18.5,"h":14.5,"label":"Small"},{"vendor":"houseofspoils","url":"https://houseofspoils.com/products/cameron-hammond-windsurfers?variant=41700934352958","price":400.0,"currency":"USD","framed":true,"w":26.0,"h":19.5,"label":"Medium"},{"vendor":"houseofspoils","url":"https://houseofspoils.com/products/cameron-hammond-windsurfers?variant=41700934484030","price":590.0,"currency":"USD","framed":true,"w":33.5,"h":24.5,"label":"Large"},{"vendor":"houseofspoils","url":"https://houseofspoils.com/products/cameron-hammond-windsurfers?variant=41700934615102","price":1050.0,"currency":"USD","framed":true,"w":44.0,"h":31.5,"label":"Giant"},{"vendor":"houseofspoils","url":"https://houseofspoils.com/products/cameron-hammond-windsurfers?variant=41700934746174","price":1975.0,"currency":"USD","framed":true,"w":56.0,"h":39.5,"label":"Collector"},{"vendor":"houseofspoils","url":"https://houseofspoils.com/products/cameron-hammond-windsurfers?variant=41700934877246","price":3450.0,"currency":"USD","framed":true,"w":66.0,"h":46.0,"label":"Exhibition"}]
hos-olivia-van-dyke-tune-in	Olivia Van Dyke	https://houseofspoils.com/products/olivia-van-dyke-tune-in	Tune In	photo	film	https://cdn.shopify.com/s/files/1/0115/7385/4270/files/OV03.jpg?width=560	[{"vendor":"houseofspoils","url":"https://houseofspoils.com/products/olivia-van-dyke-tune-in?variant=41770807951422","price":225.0,"currency":"USD","framed":true,"w":14.5,"h":18.5,"label":"Small"},{"vendor":"houseofspoils","url":"https://houseofspoils.com/products/olivia-van-dyke-tune-in?variant=41770808082494","price":400.0,"currency":"USD","framed":true,"w":19.5,"h":26.0,"label":"Medium"},{"vendor":"houseofspoils","url":"https://houseofspoils.com/products/olivia-van-dyke-tune-in?variant=41770808213566","price":590.0,"currency":"USD","framed":true,"w":24.5,"h":33.5,"label":"Large"},{"vendor":"houseofspoils","url":"https://houseofspoils.com/products/olivia-van-dyke-tune-in?variant=41770808344638","price":1050.0,"currency":"USD","framed":true,"w":31.5,"h":44.0,"label":"Giant"},{"vendor":"houseofspoils","url":"https://houseofspoils.com/products/olivia-van-dyke-tune-in?variant=41770808475710","price":1975.0,"currency":"USD","framed":true,"w":39.5,"h":56.0,"label":"Collector"},{"vendor":"houseofspoils","url":"https://houseofspoils.com/products/olivia-van-dyke-tune-in?variant=41770808606782","price":3450.0,"currency":"USD","framed":true,"w":46.0,"h":66.0,"label":"Exhibition"}]
hos-emily-abay-velvet-sun	Emily Abay	https://houseofspoils.com/products/emily-abay-velvet-sun	Velvet Sun	photo	film	https://cdn.shopify.com/s/files/1/0115/7385/4270/files/EA23.jpg?width=560	[{"vendor":"houseofspoils","url":"https://houseofspoils.com/products/emily-abay-velvet-sun?variant=41701004116030","price":225.0,"currency":"USD","framed":true,"w":18.5,"h":14.5,"label":"Small"},{"vendor":"houseofspoils","url":"https://houseofspoils.com/products/emily-abay-velvet-sun?variant=41701004247102","price":400.0,"currency":"USD","framed":true,"w":26.0,"h":19.5,"label":"Medium"},{"vendor":"houseofspoils","url":"https://houseofspoils.com/products/emily-abay-velvet-sun?variant=41701004378174","price":590.0,"currency":"USD","framed":true,"w":33.5,"h":24.5,"label":"Large"},{"vendor":"houseofspoils","url":"https://houseofspoils.com/products/emily-abay-velvet-sun?variant=41701004509246","price":1050.0,"currency":"USD","framed":true,"w":44.0,"h":31.5,"label":"Giant"},{"vendor":"houseofspoils","url":"https://houseofspoils.com/products/emily-abay-velvet-sun?variant=41701004640318","price":1975.0,"currency":"USD","framed":true,"w":56.0,"h":39.5,"label":"Collector"},{"vendor":"houseofspoils","url":"https://houseofspoils.com/products/emily-abay-velvet-sun?variant=41701004771390","price":3450.0,"currency":"USD","framed":true,"w":66.0,"h":46.0,"label":"Exhibition"}]
hos-dylan-decker-tetons	Dylan Decker	https://houseofspoils.com/products/dylan-decker-tetons	Tetons	photo	film	https://cdn.shopify.com/s/files/1/0115/7385/4270/files/DLD02.jpg?width=560	[{"vendor":"houseofspoils","url":"https://houseofspoils.com/products/dylan-decker-tetons?variant=41770791764030","price":225.0,"currency":"USD","framed":true,"w":14.5,"h":18.5,"label":"Small"},{"vendor":"houseofspoils","url":"https://houseofspoils.com/products/dylan-decker-tetons?variant=41770791895102","price":400.0,"currency":"USD","framed":true,"w":19.5,"h":26.0,"label":"Medium"},{"vendor":"houseofspoils","url":"https://houseofspoils.com/products/dylan-decker-tetons?variant=41770792026174","price":590.0,"currency":"USD","framed":true,"w":24.5,"h":33.5,"label":"Large"},{"vendor":"houseofspoils","url":"https://houseofspoils.com/products/dylan-decker-tetons?variant=41770792157246","price":1050.0,"currency":"USD","framed":true,"w":31.5,"h":44.0,"label":"Giant"},{"vendor":"houseofspoils","url":"https://houseofspoils.com/products/dylan-decker-tetons?variant=41770792288318","price":1975.0,"currency":"USD","framed":true,"w":39.5,"h":56.0,"label":"Collector"},{"vendor":"houseofspoils","url":"https://houseofspoils.com/products/dylan-decker-tetons?variant=41770792419390","price":3450.0,"currency":"USD","framed":true,"w":46.0,"h":66.0,"label":"Exhibition"}]
hos-ted-gushue-villa-melzi	Ted Gushue	https://houseofspoils.com/products/ted-gushue-villa-melzi	Villa Melzi	photo	film	https://cdn.shopify.com/s/files/1/0115/7385/4270/files/TG06.jpg?width=560	[{"vendor":"houseofspoils","url":"https://houseofspoils.com/products/ted-gushue-villa-melzi?variant=40038374113342","price":225.0,"currency":"USD","framed":true,"w":18.5,"h":14.5,"label":"Small"},{"vendor":"houseofspoils","url":"https://houseofspoils.com/products/ted-gushue-villa-melzi?variant=41591929307198","price":400.0,"currency":"USD","framed":true,"w":26.0,"h":19.5,"label":"Medium"},{"vendor":"houseofspoils","url":"https://houseofspoils.com/products/ted-gushue-villa-melzi?variant=41591929438270","price":590.0,"currency":"USD","framed":true,"w":33.5,"h":24.5,"label":"Large"},{"vendor":"houseofspoils","url":"https://houseofspoils.com/products/ted-gushue-villa-melzi?variant=41591929569342","price":1050.0,"currency":"USD","framed":true,"w":44.0,"h":31.5,"label":"Giant"},{"vendor":"houseofspoils","url":"https://houseofspoils.com/products/ted-gushue-villa-melzi?variant=41591929700414","price":1975.0,"currency":"USD","framed":true,"w":56.0,"h":39.5,"label":"Collector"},{"vendor":"houseofspoils","url":"https://houseofspoils.com/products/ted-gushue-villa-melzi?variant=41591929831486","price":3450.0,"currency":"USD","framed":true,"w":66.0,"h":46.0,"label":"Exhibition"}]
hos-cameron-hammond-hydroplane	Cameron Hammond	https://houseofspoils.com/products/cameron-hammond-hydroplane	Hydroplane Dip	photo	film	https://cdn.shopify.com/s/files/1/0115/7385/4270/files/CH22.jpg?width=560	[{"vendor":"houseofspoils","url":"https://houseofspoils.com/products/cameron-hammond-hydroplane?variant=41701008605246","price":225.0,"currency":"USD","framed":true,"w":14.5,"h":18.5,"label":"Small"},{"vendor":"houseofspoils","url":"https://houseofspoils.com/products/cameron-hammond-hydroplane?variant=41701008736318","price":400.0,"currency":"USD","framed":true,"w":19.5,"h":26.0,"label":"Medium"},{"vendor":"houseofspoils","url":"https://houseofspoils.com/products/cameron-hammond-hydroplane?variant=41701008867390","price":590.0,"currency":"USD","framed":true,"w":24.5,"h":33.5,"label":"Large"},{"vendor":"houseofspoils","url":"https://houseofspoils.com/products/cameron-hammond-hydroplane?variant=41701008998462","price":1050.0,"currency":"USD","framed":true,"w":31.5,"h":44.0,"label":"Giant"},{"vendor":"houseofspoils","url":"https://houseofspoils.com/products/cameron-hammond-hydroplane?variant=41701009129534","price":1975.0,"currency":"USD","framed":true,"w":39.5,"h":56.0,"label":"Collector"},{"vendor":"houseofspoils","url":"https://houseofspoils.com/products/cameron-hammond-hydroplane?variant=41701009260606","price":3450.0,"currency":"USD","framed":true,"w":46.0,"h":66.0,"label":"Exhibition"}]
hos-fabrizio-daloisio-poolside-in-st-mor	Fabrizio D'Aloisio	https://houseofspoils.com/products/fabrizio-daloisio-poolside-in-st-moritz	Poolside in St. Moritz	photo	film	https://cdn.shopify.com/s/files/1/0115/7385/4270/files/FA09.png?width=560	[{"vendor":"houseofspoils","url":"https://houseofspoils.com/products/fabrizio-daloisio-poolside-in-st-moritz?variant=40255741493310","price":225.0,"currency":"USD","framed":true,"w":14.5,"h":18.5,"label":"Small"},{"vendor":"houseofspoils","url":"https://houseofspoils.com/products/fabrizio-daloisio-poolside-in-st-moritz?variant=41592578965566","price":400.0,"currency":"USD","framed":true,"w":19.5,"h":26.0,"label":"Medium"},{"vendor":"houseofspoils","url":"https://houseofspoils.com/products/fabrizio-daloisio-poolside-in-st-moritz?variant=41592579096638","price":590.0,"currency":"USD","framed":true,"w":24.5,"h":33.5,"label":"Large"},{"vendor":"houseofspoils","url":"https://houseofspoils.com/products/fabrizio-daloisio-poolside-in-st-moritz?variant=41592579227710","price":1050.0,"currency":"USD","framed":true,"w":31.5,"h":44.0,"label":"Giant"},{"vendor":"houseofspoils","url":"https://houseofspoils.com/products/fabrizio-daloisio-poolside-in-st-moritz?variant=41592579358782","price":1975.0,"currency":"USD","framed":true,"w":39.5,"h":56.0,"label":"Collector"},{"vendor":"houseofspoils","url":"https://houseofspoils.com/products/fabrizio-daloisio-poolside-in-st-moritz?variant=41592579489854","price":3450.0,"currency":"USD","framed":true,"w":46.0,"h":66.0,"label":"Exhibition"}]
hos-beau-simmons-in-the-saddle	Beau Simmons	https://houseofspoils.com/products/beau-simmons-in-the-saddle	In The Saddle	photo	film	https://cdn.shopify.com/s/files/1/0115/7385/4270/files/BS36.jpg?width=560	[{"vendor":"houseofspoils","url":"https://houseofspoils.com/products/beau-simmons-in-the-saddle?variant=41637604753470","price":225.0,"currency":"USD","framed":true,"w":18.5,"h":14.5,"label":"Small"},{"vendor":"houseofspoils","url":"https://houseofspoils.com/products/beau-simmons-in-the-saddle?variant=41637604884542","price":400.0,"currency":"USD","framed":true,"w":26.0,"h":19.5,"label":"Medium"},{"vendor":"houseofspoils","url":"https://houseofspoils.com/products/beau-simmons-in-the-saddle?variant=41637605015614","price":590.0,"currency":"USD","framed":true,"w":33.5,"h":24.5,"label":"Large"},{"vendor":"houseofspoils","url":"https://houseofspoils.com/products/beau-simmons-in-the-saddle?variant=41637605146686","price":1050.0,"currency":"USD","framed":true,"w":44.0,"h":31.5,"label":"Giant"},{"vendor":"houseofspoils","url":"https://houseofspoils.com/products/beau-simmons-in-the-saddle?variant=41637605277758","price":1975.0,"currency":"USD","framed":true,"w":56.0,"h":39.5,"label":"Collector"},{"vendor":"houseofspoils","url":"https://houseofspoils.com/products/beau-simmons-in-the-saddle?variant=41637605408830","price":3450.0,"currency":"USD","framed":true,"w":66.0,"h":46.0,"label":"Exhibition"}]
hos-riley-harper-caribbean-shade	Riley Harper	https://houseofspoils.com/products/riley-harper-caribbean-shade	Caribbean Shade	photo	film	https://cdn.shopify.com/s/files/1/0115/7385/4270/files/RH53.jpg?width=560	[{"vendor":"houseofspoils","url":"https://houseofspoils.com/products/riley-harper-caribbean-shade?variant=41637608521790","price":225.0,"currency":"USD","framed":true,"w":18.5,"h":14.5,"label":"Small"},{"vendor":"houseofspoils","url":"https://houseofspoils.com/products/riley-harper-caribbean-shade?variant=41637608652862","price":400.0,"currency":"USD","framed":true,"w":26.0,"h":19.5,"label":"Medium"},{"vendor":"houseofspoils","url":"https://houseofspoils.com/products/riley-harper-caribbean-shade?variant=41637608783934","price":590.0,"currency":"USD","framed":true,"w":33.5,"h":24.5,"label":"Large"},{"vendor":"houseofspoils","url":"https://houseofspoils.com/products/riley-harper-caribbean-shade?variant=41637608915006","price":1050.0,"currency":"USD","framed":true,"w":44.0,"h":31.5,"label":"Giant"},{"vendor":"houseofspoils","url":"https://houseofspoils.com/products/riley-harper-caribbean-shade?variant=41637609046078","price":1975.0,"currency":"USD","framed":true,"w":56.0,"h":39.5,"label":"Collector"},{"vendor":"houseofspoils","url":"https://houseofspoils.com/products/riley-harper-caribbean-shade?variant=41637609177150","price":3450.0,"currency":"USD","framed":true,"w":66.0,"h":46.0,"label":"Exhibition"}]
hos-beau-simmons-the-buckaroo	Beau Simmons	https://houseofspoils.com/products/beau-simmons-the-buckaroo	The Buckaroo	photo	film	https://cdn.shopify.com/s/files/1/0115/7385/4270/files/BS37.jpg?width=560	[{"vendor":"houseofspoils","url":"https://houseofspoils.com/products/beau-simmons-the-buckaroo?variant=41637651087422","price":225.0,"currency":"USD","framed":true,"w":14.5,"h":18.5,"label":"Small"},{"vendor":"houseofspoils","url":"https://houseofspoils.com/products/beau-simmons-the-buckaroo?variant=41637651218494","price":400.0,"currency":"USD","framed":true,"w":19.5,"h":26.0,"label":"Medium"},{"vendor":"houseofspoils","url":"https://houseofspoils.com/products/beau-simmons-the-buckaroo?variant=41637651349566","price":590.0,"currency":"USD","framed":true,"w":24.5,"h":33.5,"label":"Large"},{"vendor":"houseofspoils","url":"https://houseofspoils.com/products/beau-simmons-the-buckaroo?variant=41637651480638","price":1050.0,"currency":"USD","framed":true,"w":31.5,"h":44.0,"label":"Giant"},{"vendor":"houseofspoils","url":"https://houseofspoils.com/products/beau-simmons-the-buckaroo?variant=41637651611710","price":1975.0,"currency":"USD","framed":true,"w":39.5,"h":56.0,"label":"Collector"},{"vendor":"houseofspoils","url":"https://houseofspoils.com/products/beau-simmons-the-buckaroo?variant=41637651742782","price":3450.0,"currency":"USD","framed":true,"w":46.0,"h":66.0,"label":"Exhibition"}]
hos-beau-simmons-arizona-sun	Beau Simmons	https://houseofspoils.com/products/beau-simmons-arizona-sun	Arizona Sun	photo	film	https://cdn.shopify.com/s/files/1/0115/7385/4270/files/BS35_a47b6e51-2d6f-4602-bf4f-6d2b46169785.jpg?width=560	[{"vendor":"houseofspoils","url":"https://houseofspoils.com/products/beau-simmons-arizona-sun?variant=41637594988606","price":225.0,"currency":"USD","framed":true,"w":18.5,"h":14.5,"label":"Small"},{"vendor":"houseofspoils","url":"https://houseofspoils.com/products/beau-simmons-arizona-sun?variant=41637595119678","price":400.0,"currency":"USD","framed":true,"w":26.0,"h":19.5,"label":"Medium"},{"vendor":"houseofspoils","url":"https://houseofspoils.com/products/beau-simmons-arizona-sun?variant=41637595250750","price":590.0,"currency":"USD","framed":true,"w":33.5,"h":24.5,"label":"Large"},{"vendor":"houseofspoils","url":"https://houseofspoils.com/products/beau-simmons-arizona-sun?variant=41637595381822","price":1050.0,"currency":"USD","framed":true,"w":44.0,"h":31.5,"label":"Giant"},{"vendor":"houseofspoils","url":"https://houseofspoils.com/products/beau-simmons-arizona-sun?variant=41637595512894","price":1975.0,"currency":"USD","framed":true,"w":56.0,"h":39.5,"label":"Collector"},{"vendor":"houseofspoils","url":"https://houseofspoils.com/products/beau-simmons-arizona-sun?variant=41637595643966","price":3450.0,"currency":"USD","framed":true,"w":66.0,"h":46.0,"label":"Exhibition"}]
hos-john-lucarelli-vending-machine	John Lucarelli	https://houseofspoils.com/products/john-lucarelli-vending-machine	Vending Machine	photo	film	https://cdn.shopify.com/s/files/1/0115/7385/4270/files/JL02.jpg?width=560	[{"vendor":"houseofspoils","url":"https://houseofspoils.com/products/john-lucarelli-vending-machine?variant=41616446423102","price":225.0,"currency":"USD","framed":true,"w":18.5,"h":14.5,"label":"Small"},{"vendor":"houseofspoils","url":"https://houseofspoils.com/products/john-lucarelli-vending-machine?variant=41616446554174","price":400.0,"currency":"USD","framed":true,"w":26.0,"h":19.5,"label":"Medium"},{"vendor":"houseofspoils","url":"https://houseofspoils.com/products/john-lucarelli-vending-machine?variant=41616446685246","price":590.0,"currency":"USD","framed":true,"w":33.5,"h":24.5,"label":"Large"},{"vendor":"houseofspoils","url":"https://houseofspoils.com/products/john-lucarelli-vending-machine?variant=41616446816318","price":1050.0,"currency":"USD","framed":true,"w":44.0,"h":31.5,"label":"Giant"},{"vendor":"houseofspoils","url":"https://houseofspoils.com/products/john-lucarelli-vending-machine?variant=41616446947390","price":1975.0,"currency":"USD","framed":true,"w":56.0,"h":39.5,"label":"Collector"},{"vendor":"houseofspoils","url":"https://houseofspoils.com/products/john-lucarelli-vending-machine?variant=41616447078462","price":3450.0,"currency":"USD","framed":true,"w":66.0,"h":46.0,"label":"Exhibition"}]
hos-alexandru-costin-ocean-blue	Alexandru Costin	https://houseofspoils.com/products/alexandru-costin-ocean-blue	Ocean Blue	photo	film	https://cdn.shopify.com/s/files/1/0115/7385/4270/files/AC28.jpg?width=560	[{"vendor":"houseofspoils","url":"https://houseofspoils.com/products/alexandru-costin-ocean-blue?variant=41616441344062","price":225.0,"currency":"USD","framed":true,"w":18.5,"h":14.5,"label":"Small"},{"vendor":"houseofspoils","url":"https://houseofspoils.com/products/alexandru-costin-ocean-blue?variant=41616441475134","price":400.0,"currency":"USD","framed":true,"w":26.0,"h":19.5,"label":"Medium"},{"vendor":"houseofspoils","url":"https://houseofspoils.com/products/alexandru-costin-ocean-blue?variant=41616441606206","price":590.0,"currency":"USD","framed":true,"w":33.5,"h":24.5,"label":"Large"},{"vendor":"houseofspoils","url":"https://houseofspoils.com/products/alexandru-costin-ocean-blue?variant=41616441737278","price":1050.0,"currency":"USD","framed":true,"w":44.0,"h":31.5,"label":"Giant"},{"vendor":"houseofspoils","url":"https://houseofspoils.com/products/alexandru-costin-ocean-blue?variant=41616441868350","price":1975.0,"currency":"USD","framed":true,"w":56.0,"h":39.5,"label":"Collector"},{"vendor":"houseofspoils","url":"https://houseofspoils.com/products/alexandru-costin-ocean-blue?variant=41616441999422","price":3450.0,"currency":"USD","framed":true,"w":66.0,"h":46.0,"label":"Exhibition"}]
hos-vincent-perraud-fog	Vincent Perraud	https://houseofspoils.com/products/vincent-perraud-fog	Fog	photo	film	https://cdn.shopify.com/s/files/1/0115/7385/4270/files/VP32_1.jpg?width=560	[{"vendor":"houseofspoils","url":"https://houseofspoils.com/products/vincent-perraud-fog?variant=41616435609662","price":225.0,"currency":"USD","framed":true,"w":18.5,"h":14.5,"label":"Small"},{"vendor":"houseofspoils","url":"https://houseofspoils.com/products/vincent-perraud-fog?variant=41616435740734","price":400.0,"currency":"USD","framed":true,"w":26.0,"h":19.5,"label":"Medium"},{"vendor":"houseofspoils","url":"https://houseofspoils.com/products/vincent-perraud-fog?variant=41616435871806","price":590.0,"currency":"USD","framed":true,"w":33.5,"h":24.5,"label":"Large"},{"vendor":"houseofspoils","url":"https://houseofspoils.com/products/vincent-perraud-fog?variant=41616436002878","price":1050.0,"currency":"USD","framed":true,"w":44.0,"h":31.5,"label":"Giant"},{"vendor":"houseofspoils","url":"https://houseofspoils.com/products/vincent-perraud-fog?variant=41616436133950","price":1975.0,"currency":"USD","framed":true,"w":56.0,"h":39.5,"label":"Collector"},{"vendor":"houseofspoils","url":"https://houseofspoils.com/products/vincent-perraud-fog?variant=41616436265022","price":3450.0,"currency":"USD","framed":true,"w":66.0,"h":46.0,"label":"Exhibition"}]
hos-maxime-delestre-porsche-skate	Maxime Delestre	https://houseofspoils.com/products/maxime-delestre-porsche-skate	Risky Business	photo	film	https://cdn.shopify.com/s/files/1/0115/7385/4270/files/MD01_a9e23196-64b8-44df-b37a-67202f605b87.jpg?width=560	[{"vendor":"houseofspoils","url":"https://houseofspoils.com/products/maxime-delestre-porsche-skate?variant=41618293620798","price":225.0,"currency":"USD","framed":true,"w":14.5,"h":18.5,"label":"Small"},{"vendor":"houseofspoils","url":"https://houseofspoils.com/products/maxime-delestre-porsche-skate?variant=41618293751870","price":400.0,"currency":"USD","framed":true,"w":19.5,"h":26.0,"label":"Medium"},{"vendor":"houseofspoils","url":"https://houseofspoils.com/products/maxime-delestre-porsche-skate?variant=41618293882942","price":590.0,"currency":"USD","framed":true,"w":24.5,"h":33.5,"label":"Large"},{"vendor":"houseofspoils","url":"https://houseofspoils.com/products/maxime-delestre-porsche-skate?variant=41618294014014","price":1050.0,"currency":"USD","framed":true,"w":31.5,"h":44.0,"label":"Giant"},{"vendor":"houseofspoils","url":"https://houseofspoils.com/products/maxime-delestre-porsche-skate?variant=41618294145086","price":1975.0,"currency":"USD","framed":true,"w":39.5,"h":56.0,"label":"Collector"},{"vendor":"houseofspoils","url":"https://houseofspoils.com/products/maxime-delestre-porsche-skate?variant=41618294276158","price":3450.0,"currency":"USD","framed":true,"w":46.0,"h":66.0,"label":"Exhibition"}]
hos-thomas-lodin-misty-bells	Thomas Lodin	https://houseofspoils.com/products/thomas-lodin-misty-bells	Misty Bells	photo	film	https://cdn.shopify.com/s/files/1/0115/7385/4270/files/TL04.jpg?width=560	[{"vendor":"houseofspoils","url":"https://houseofspoils.com/products/thomas-lodin-misty-bells?variant=41618307285054","price":225.0,"currency":"USD","framed":true,"w":14.5,"h":18.5,"label":"Small"},{"vendor":"houseofspoils","url":"https://houseofspoils.com/products/thomas-lodin-misty-bells?variant=41618307416126","price":400.0,"currency":"USD","framed":true,"w":19.5,"h":26.0,"label":"Medium"},{"vendor":"houseofspoils","url":"https://houseofspoils.com/products/thomas-lodin-misty-bells?variant=41618307547198","price":590.0,"currency":"USD","framed":true,"w":24.5,"h":33.5,"label":"Large"},{"vendor":"houseofspoils","url":"https://houseofspoils.com/products/thomas-lodin-misty-bells?variant=41618307678270","price":1050.0,"currency":"USD","framed":true,"w":31.5,"h":44.0,"label":"Giant"},{"vendor":"houseofspoils","url":"https://houseofspoils.com/products/thomas-lodin-misty-bells?variant=41618307809342","price":1975.0,"currency":"USD","framed":true,"w":39.5,"h":56.0,"label":"Collector"},{"vendor":"houseofspoils","url":"https://houseofspoils.com/products/thomas-lodin-misty-bells?variant=41618307940414","price":3450.0,"currency":"USD","framed":true,"w":46.0,"h":66.0,"label":"Exhibition"}]
hos-jean-philippe-lebee-pic	Jean-Philippe Lebee	https://houseofspoils.com/products/jean-philippe-lebee-pic	Pic	photo	film	https://cdn.shopify.com/s/files/1/0115/7385/4270/files/JP07.jpg?width=560	[{"vendor":"houseofspoils","url":"https://houseofspoils.com/products/jean-philippe-lebee-pic?variant=41594558021694","price":225.0,"currency":"USD","framed":true,"w":18.5,"h":14.5,"label":"Small"},{"vendor":"houseofspoils","url":"https://houseofspoils.com/products/jean-philippe-lebee-pic?variant=41594558152766","price":400.0,"currency":"USD","framed":true,"w":26.0,"h":19.5,"label":"Medium"},{"vendor":"houseofspoils","url":"https://houseofspoils.com/products/jean-philippe-lebee-pic?variant=41594558283838","price":590.0,"currency":"USD","framed":true,"w":33.5,"h":24.5,"label":"Large"},{"vendor":"houseofspoils","url":"https://houseofspoils.com/products/jean-philippe-lebee-pic?variant=41594558414910","price":1050.0,"currency":"USD","framed":true,"w":44.0,"h":31.5,"label":"Giant"},{"vendor":"houseofspoils","url":"https://houseofspoils.com/products/jean-philippe-lebee-pic?variant=41594558545982","price":1975.0,"currency":"USD","framed":true,"w":56.0,"h":39.5,"label":"Collector"},{"vendor":"houseofspoils","url":"https://houseofspoils.com/products/jean-philippe-lebee-pic?variant=41594558677054","price":3450.0,"currency":"USD","framed":true,"w":66.0,"h":46.0,"label":"Exhibition"}]
hos-chrystele-escure-st-barth-land-on	Chrystèle Escure	https://houseofspoils.com/products/chrystele-escure-st-barth-land-on	Touch Down St. Barth	photo	film	https://cdn.shopify.com/s/files/1/0115/7385/4270/files/CE01.jpg?width=560	[{"vendor":"houseofspoils","url":"https://houseofspoils.com/products/chrystele-escure-st-barth-land-on?variant=40672527286334","price":225.0,"currency":"USD","framed":true,"w":14.5,"h":18.5,"label":"Small"},{"vendor":"houseofspoils","url":"https://houseofspoils.com/products/chrystele-escure-st-barth-land-on?variant=41592168906814","price":400.0,"currency":"USD","framed":true,"w":19.5,"h":26.0,"label":"Medium"},{"vendor":"houseofspoils","url":"https://houseofspoils.com/products/chrystele-escure-st-barth-land-on?variant=41592169037886","price":590.0,"currency":"USD","framed":true,"w":24.5,"h":33.5,"label":"Large"},{"vendor":"houseofspoils","url":"https://houseofspoils.com/products/chrystele-escure-st-barth-land-on?variant=41592169168958","price":1050.0,"currency":"USD","framed":true,"w":31.5,"h":44.0,"label":"Giant"},{"vendor":"houseofspoils","url":"https://houseofspoils.com/products/chrystele-escure-st-barth-land-on?variant=41592169300030","price":1975.0,"currency":"USD","framed":true,"w":39.5,"h":56.0,"label":"Collector"},{"vendor":"houseofspoils","url":"https://houseofspoils.com/products/chrystele-escure-st-barth-land-on?variant=41592169431102","price":3450.0,"currency":"USD","framed":true,"w":46.0,"h":66.0,"label":"Exhibition"}]
hos-riley-harper-porsche-surf	Riley Harper	https://houseofspoils.com/products/riley-harper-porsche-surf	Porsche Surf	photo	film	https://cdn.shopify.com/s/files/1/0115/7385/4270/files/RH50.jpg?width=560	[{"vendor":"houseofspoils","url":"https://houseofspoils.com/products/riley-harper-porsche-surf?variant=41575965491262","price":225.0,"currency":"USD","framed":true,"w":14.5,"h":18.5,"label":"Small"},{"vendor":"houseofspoils","url":"https://houseofspoils.com/products/riley-harper-porsche-surf?variant=41591835590718","price":400.0,"currency":"USD","framed":true,"w":19.5,"h":26.0,"label":"Medium"},{"vendor":"houseofspoils","url":"https://houseofspoils.com/products/riley-harper-porsche-surf?variant=41591835721790","price":590.0,"currency":"USD","framed":true,"w":24.5,"h":33.5,"label":"Large"},{"vendor":"houseofspoils","url":"https://houseofspoils.com/products/riley-harper-porsche-surf?variant=41591835852862","price":1050.0,"currency":"USD","framed":true,"w":31.5,"h":44.0,"label":"Giant"},{"vendor":"houseofspoils","url":"https://houseofspoils.com/products/riley-harper-porsche-surf?variant=41591835983934","price":1975.0,"currency":"USD","framed":true,"w":39.5,"h":56.0,"label":"Collector"},{"vendor":"houseofspoils","url":"https://houseofspoils.com/products/riley-harper-porsche-surf?variant=41591836115006","price":3450.0,"currency":"USD","framed":true,"w":46.0,"h":66.0,"label":"Exhibition"}]
hos-riley-harper-portofino-morning	Riley Harper	https://houseofspoils.com/products/riley-harper-portofino-morning	Portofino Morning	photo	film	https://cdn.shopify.com/s/files/1/0115/7385/4270/files/RH51.jpg?width=560	[{"vendor":"houseofspoils","url":"https://houseofspoils.com/products/riley-harper-portofino-morning?variant=41575981842494","price":225.0,"currency":"USD","framed":true,"w":14.5,"h":18.5,"label":"Small"},{"vendor":"houseofspoils","url":"https://houseofspoils.com/products/riley-harper-portofino-morning?variant=41591831003198","price":400.0,"currency":"USD","framed":true,"w":19.5,"h":26.0,"label":"Medium"},{"vendor":"houseofspoils","url":"https://houseofspoils.com/products/riley-harper-portofino-morning?variant=41591831134270","price":590.0,"currency":"USD","framed":true,"w":24.5,"h":33.5,"label":"Large"},{"vendor":"houseofspoils","url":"https://houseofspoils.com/products/riley-harper-portofino-morning?variant=41591831265342","price":1050.0,"currency":"USD","framed":true,"w":31.5,"h":44.0,"label":"Giant"},{"vendor":"houseofspoils","url":"https://houseofspoils.com/products/riley-harper-portofino-morning?variant=41591831396414","price":1975.0,"currency":"USD","framed":true,"w":39.5,"h":56.0,"label":"Collector"},{"vendor":"houseofspoils","url":"https://houseofspoils.com/products/riley-harper-portofino-morning?variant=41591831527486","price":3450.0,"currency":"USD","framed":true,"w":46.0,"h":66.0,"label":"Exhibition"}]
hos-david-demartis-patina	Davide de Martis	https://houseofspoils.com/products/david-demartis-patina	Slide	photo	film	https://cdn.shopify.com/s/files/1/0115/7385/4270/files/DM11.jpg?width=560	[{"vendor":"houseofspoils","url":"https://houseofspoils.com/products/david-demartis-patina?variant=41474799599678","price":225.0,"currency":"USD","framed":true,"w":14.5,"h":18.5,"label":"Small"},{"vendor":"houseofspoils","url":"https://houseofspoils.com/products/david-demartis-patina?variant=41591853613118","price":400.0,"currency":"USD","framed":true,"w":19.5,"h":26.0,"label":"Medium"},{"vendor":"houseofspoils","url":"https://houseofspoils.com/products/david-demartis-patina?variant=41591853744190","price":590.0,"currency":"USD","framed":true,"w":24.5,"h":33.5,"label":"Large"},{"vendor":"houseofspoils","url":"https://houseofspoils.com/products/david-demartis-patina?variant=41591853875262","price":1050.0,"currency":"USD","framed":true,"w":31.5,"h":44.0,"label":"Giant"},{"vendor":"houseofspoils","url":"https://houseofspoils.com/products/david-demartis-patina?variant=41591854006334","price":1975.0,"currency":"USD","framed":true,"w":39.5,"h":56.0,"label":"Collector"},{"vendor":"houseofspoils","url":"https://houseofspoils.com/products/david-demartis-patina?variant=41591854137406","price":3450.0,"currency":"USD","framed":true,"w":46.0,"h":66.0,"label":"Exhibition"}]
hos-troy-freyee-birdies-ii	Troy Freyee	https://houseofspoils.com/products/troy-freyee-birdies-ii	Birdies II	photo	film	https://cdn.shopify.com/s/files/1/0115/7385/4270/files/TF07.jpg?width=560	[{"vendor":"houseofspoils","url":"https://houseofspoils.com/products/troy-freyee-birdies-ii?variant=41546331881534","price":225.0,"currency":"USD","framed":true,"w":18.5,"h":14.5,"label":"Small"},{"vendor":"houseofspoils","url":"https://houseofspoils.com/products/troy-freyee-birdies-ii?variant=41591844601918","price":400.0,"currency":"USD","framed":true,"w":26.0,"h":19.5,"label":"Medium"},{"vendor":"houseofspoils","url":"https://houseofspoils.com/products/troy-freyee-birdies-ii?variant=41591844732990","price":590.0,"currency":"USD","framed":true,"w":33.5,"h":24.5,"label":"Large"},{"vendor":"houseofspoils","url":"https://houseofspoils.com/products/troy-freyee-birdies-ii?variant=41591844864062","price":1050.0,"currency":"USD","framed":true,"w":44.0,"h":31.5,"label":"Giant"},{"vendor":"houseofspoils","url":"https://houseofspoils.com/products/troy-freyee-birdies-ii?variant=41591844995134","price":1975.0,"currency":"USD","framed":true,"w":56.0,"h":39.5,"label":"Collector"},{"vendor":"houseofspoils","url":"https://houseofspoils.com/products/troy-freyee-birdies-ii?variant=41591845126206","price":3450.0,"currency":"USD","framed":true,"w":66.0,"h":46.0,"label":"Exhibition"}]
hos-troy-freyee-heatwave	Troy Freyee	https://houseofspoils.com/products/troy-freyee-heatwave	Heatwave	photo	film	https://cdn.shopify.com/s/files/1/0115/7385/4270/files/TF08.jpg?width=560	[{"vendor":"houseofspoils","url":"https://houseofspoils.com/products/troy-freyee-heatwave?variant=41546354688062","price":225.0,"currency":"USD","framed":true,"w":14.5,"h":18.5,"label":"Small"},{"vendor":"houseofspoils","url":"https://houseofspoils.com/products/troy-freyee-heatwave?variant=41591843389502","price":400.0,"currency":"USD","framed":true,"w":19.5,"h":26.0,"label":"Medium"},{"vendor":"houseofspoils","url":"https://houseofspoils.com/products/troy-freyee-heatwave?variant=41591843520574","price":590.0,"currency":"USD","framed":true,"w":24.5,"h":33.5,"label":"Large"},{"vendor":"houseofspoils","url":"https://houseofspoils.com/products/troy-freyee-heatwave?variant=41591843651646","price":1050.0,"currency":"USD","framed":true,"w":31.5,"h":44.0,"label":"Giant"},{"vendor":"houseofspoils","url":"https://houseofspoils.com/products/troy-freyee-heatwave?variant=41591843782718","price":1975.0,"currency":"USD","framed":true,"w":39.5,"h":56.0,"label":"Collector"},{"vendor":"houseofspoils","url":"https://houseofspoils.com/products/troy-freyee-heatwave?variant=41591843913790","price":3450.0,"currency":"USD","framed":true,"w":46.0,"h":66.0,"label":"Exhibition"}]
hos-mark-squires-under-wraps	Mark Squires	https://houseofspoils.com/products/mark-squires-under-wraps	Under Wraps	photo	film	https://cdn.shopify.com/s/files/1/0115/7385/4270/files/MSQ25.jpg?width=560	[{"vendor":"houseofspoils","url":"https://houseofspoils.com/products/mark-squires-under-wraps?variant=41546510041150","price":225.0,"currency":"USD","framed":true,"w":18.5,"h":14.5,"label":"Small"},{"vendor":"houseofspoils","url":"https://houseofspoils.com/products/mark-squires-under-wraps?variant=41591837327422","price":400.0,"currency":"USD","framed":true,"w":26.0,"h":19.5,"label":"Medium"},{"vendor":"houseofspoils","url":"https://houseofspoils.com/products/mark-squires-under-wraps?variant=41591837720638","price":590.0,"currency":"USD","framed":true,"w":33.5,"h":24.5,"label":"Large"},{"vendor":"houseofspoils","url":"https://houseofspoils.com/products/mark-squires-under-wraps?variant=41591838081086","price":1050.0,"currency":"USD","framed":true,"w":44.0,"h":31.5,"label":"Giant"},{"vendor":"houseofspoils","url":"https://houseofspoils.com/products/mark-squires-under-wraps?variant=41591838441534","price":1975.0,"currency":"USD","framed":true,"w":56.0,"h":39.5,"label":"Collector"},{"vendor":"houseofspoils","url":"https://houseofspoils.com/products/mark-squires-under-wraps?variant=41591838834750","price":3450.0,"currency":"USD","framed":true,"w":66.0,"h":46.0,"label":"Exhibition"}]
hos-mark-squires-bh-social	Mark Squires	https://houseofspoils.com/products/mark-squires-bh-social	BH Social	photo	film	https://cdn.shopify.com/s/files/1/0115/7385/4270/files/MSQ21.jpg?width=560	[{"vendor":"houseofspoils","url":"https://houseofspoils.com/products/mark-squires-bh-social?variant=41546423959614","price":225.0,"currency":"USD","framed":true,"w":14.5,"h":18.5,"label":"Small"},{"vendor":"houseofspoils","url":"https://houseofspoils.com/products/mark-squires-bh-social?variant=41591842242622","price":400.0,"currency":"USD","framed":true,"w":19.5,"h":26.0,"label":"Medium"},{"vendor":"houseofspoils","url":"https://houseofspoils.com/products/mark-squires-bh-social?variant=41591842373694","price":590.0,"currency":"USD","framed":true,"w":24.5,"h":33.5,"label":"Large"},{"vendor":"houseofspoils","url":"https://houseofspoils.com/products/mark-squires-bh-social?variant=41591842504766","price":1050.0,"currency":"USD","framed":true,"w":31.5,"h":44.0,"label":"Giant"},{"vendor":"houseofspoils","url":"https://houseofspoils.com/products/mark-squires-bh-social?variant=41591842635838","price":1975.0,"currency":"USD","framed":true,"w":39.5,"h":56.0,"label":"Collector"},{"vendor":"houseofspoils","url":"https://houseofspoils.com/products/mark-squires-bh-social?variant=41591842766910","price":3450.0,"currency":"USD","framed":true,"w":46.0,"h":66.0,"label":"Exhibition"}]
hos-alexandru-costin-magic-bay-ii	Alexandru Costin	https://houseofspoils.com/products/alexandru-costin-magic-bay-ii	Magic Bay II	photo	film	https://cdn.shopify.com/s/files/1/0115/7385/4270/files/AC27.jpg?width=560	[{"vendor":"houseofspoils","url":"https://houseofspoils.com/products/alexandru-costin-magic-bay-ii?variant=41546293903422","price":225.0,"currency":"USD","framed":true,"w":18.5,"h":14.5,"label":"Small"},{"vendor":"houseofspoils","url":"https://houseofspoils.com/products/alexandru-costin-magic-bay-ii?variant=41591846895678","price":400.0,"currency":"USD","framed":true,"w":26.0,"h":19.5,"label":"Medium"},{"vendor":"houseofspoils","url":"https://houseofspoils.com/products/alexandru-costin-magic-bay-ii?variant=41591847026750","price":590.0,"currency":"USD","framed":true,"w":33.5,"h":24.5,"label":"Large"},{"vendor":"houseofspoils","url":"https://houseofspoils.com/products/alexandru-costin-magic-bay-ii?variant=41591847157822","price":1050.0,"currency":"USD","framed":true,"w":44.0,"h":31.5,"label":"Giant"},{"vendor":"houseofspoils","url":"https://houseofspoils.com/products/alexandru-costin-magic-bay-ii?variant=41591847288894","price":1975.0,"currency":"USD","framed":true,"w":56.0,"h":39.5,"label":"Collector"},{"vendor":"houseofspoils","url":"https://houseofspoils.com/products/alexandru-costin-magic-bay-ii?variant=41591847419966","price":3450.0,"currency":"USD","framed":true,"w":66.0,"h":46.0,"label":"Exhibition"}]
hos-ted-gushue-breakfast-club	Ted Gushue	https://houseofspoils.com/products/ted-gushue-breakfast-club	Breakfast Club	photo	film	https://cdn.shopify.com/s/files/1/0115/7385/4270/files/TG24.jpg?width=560	[{"vendor":"houseofspoils","url":"https://houseofspoils.com/products/ted-gushue-breakfast-club?variant=41474956623934","price":225.0,"currency":"USD","framed":true,"w":14.5,"h":18.5,"label":"Small"},{"vendor":"houseofspoils","url":"https://houseofspoils.com/products/ted-gushue-breakfast-club?variant=41591849451582","price":400.0,"currency":"USD","framed":true,"w":19.5,"h":26.0,"label":"Medium"},{"vendor":"houseofspoils","url":"https://houseofspoils.com/products/ted-gushue-breakfast-club?variant=41591849582654","price":590.0,"currency":"USD","framed":true,"w":24.5,"h":33.5,"label":"Large"},{"vendor":"houseofspoils","url":"https://houseofspoils.com/products/ted-gushue-breakfast-club?variant=41591849713726","price":1050.0,"currency":"USD","framed":true,"w":31.5,"h":44.0,"label":"Giant"},{"vendor":"houseofspoils","url":"https://houseofspoils.com/products/ted-gushue-breakfast-club?variant=41591849844798","price":1975.0,"currency":"USD","framed":true,"w":39.5,"h":56.0,"label":"Collector"},{"vendor":"houseofspoils","url":"https://houseofspoils.com/products/ted-gushue-breakfast-club?variant=41591849975870","price":3450.0,"currency":"USD","framed":true,"w":46.0,"h":66.0,"label":"Exhibition"}]
hos-vincent-perraud-quiver	Vincent Perraud	https://houseofspoils.com/products/vincent-perraud-quiver	Quiver	photo	film	https://cdn.shopify.com/s/files/1/0115/7385/4270/files/VP31.jpg?width=560	[{"vendor":"houseofspoils","url":"https://houseofspoils.com/products/vincent-perraud-quiver?variant=41474974023742","price":225.0,"currency":"USD","framed":true,"w":14.5,"h":18.5,"label":"Small"},{"vendor":"houseofspoils","url":"https://houseofspoils.com/products/vincent-perraud-quiver?variant=41591848304702","price":400.0,"currency":"USD","framed":true,"w":19.5,"h":26.0,"label":"Medium"},{"vendor":"houseofspoils","url":"https://houseofspoils.com/products/vincent-perraud-quiver?variant=41591848435774","price":590.0,"currency":"USD","framed":true,"w":24.5,"h":33.5,"label":"Large"},{"vendor":"houseofspoils","url":"https://houseofspoils.com/products/vincent-perraud-quiver?variant=41591848566846","price":1050.0,"currency":"USD","framed":true,"w":31.5,"h":44.0,"label":"Giant"},{"vendor":"houseofspoils","url":"https://houseofspoils.com/products/vincent-perraud-quiver?variant=41591848697918","price":1975.0,"currency":"USD","framed":true,"w":39.5,"h":56.0,"label":"Collector"},{"vendor":"houseofspoils","url":"https://houseofspoils.com/products/vincent-perraud-quiver?variant=41591848828990","price":3450.0,"currency":"USD","framed":true,"w":46.0,"h":66.0,"label":"Exhibition"}]
hos-felipe-villa-ferrari-dino	Felipe Villa	https://houseofspoils.com/products/felipe-villa-ferrari-dino	Ferrari Dino	photo	film	https://cdn.shopify.com/s/files/1/0115/7385/4270/files/FV01.jpg?width=560	[{"vendor":"houseofspoils","url":"https://houseofspoils.com/products/felipe-villa-ferrari-dino?variant=41474821554238","price":225.0,"currency":"USD","framed":true,"w":18.5,"h":14.5,"label":"Small"},{"vendor":"houseofspoils","url":"https://houseofspoils.com/products/felipe-villa-ferrari-dino?variant=41591850762302","price":400.0,"currency":"USD","framed":true,"w":26.0,"h":19.5,"label":"Medium"},{"vendor":"houseofspoils","url":"https://houseofspoils.com/products/felipe-villa-ferrari-dino?variant=41591850893374","price":590.0,"currency":"USD","framed":true,"w":33.5,"h":24.5,"label":"Large"},{"vendor":"houseofspoils","url":"https://houseofspoils.com/products/felipe-villa-ferrari-dino?variant=41591851024446","price":1050.0,"currency":"USD","framed":true,"w":44.0,"h":31.5,"label":"Giant"},{"vendor":"houseofspoils","url":"https://houseofspoils.com/products/felipe-villa-ferrari-dino?variant=41591851155518","price":1975.0,"currency":"USD","framed":true,"w":56.0,"h":39.5,"label":"Collector"},{"vendor":"houseofspoils","url":"https://houseofspoils.com/products/felipe-villa-ferrari-dino?variant=41591851286590","price":3450.0,"currency":"USD","framed":true,"w":66.0,"h":46.0,"label":"Exhibition"}]
hos-avery-swail-in-her-element	Avery Swail	https://houseofspoils.com/products/avery-swail-in-her-element	In Her Element	photo	film	https://cdn.shopify.com/s/files/1/0115/7385/4270/files/AS10.jpg?width=560	[{"vendor":"houseofspoils","url":"https://houseofspoils.com/products/avery-swail-in-her-element?variant=41455843999806","price":225.0,"currency":"USD","framed":true,"w":18.5,"h":14.5,"label":"Small"},{"vendor":"houseofspoils","url":"https://houseofspoils.com/products/avery-swail-in-her-element?variant=41591859675198","price":400.0,"currency":"USD","framed":true,"w":26.0,"h":19.5,"label":"Medium"},{"vendor":"houseofspoils","url":"https://houseofspoils.com/products/avery-swail-in-her-element?variant=41591859806270","price":590.0,"currency":"USD","framed":true,"w":33.5,"h":24.5,"label":"Large"},{"vendor":"houseofspoils","url":"https://houseofspoils.com/products/avery-swail-in-her-element?variant=41591859937342","price":1050.0,"currency":"USD","framed":true,"w":44.0,"h":31.5,"label":"Giant"},{"vendor":"houseofspoils","url":"https://houseofspoils.com/products/avery-swail-in-her-element?variant=41591860068414","price":1975.0,"currency":"USD","framed":true,"w":56.0,"h":39.5,"label":"Collector"},{"vendor":"houseofspoils","url":"https://houseofspoils.com/products/avery-swail-in-her-element?variant=41591860199486","price":3450.0,"currency":"USD","framed":true,"w":66.0,"h":46.0,"label":"Exhibition"}]
hos-troy-freyee-time-out	Troy Freyee	https://houseofspoils.com/products/troy-freyee-time-out	Time Out	photo	film	https://cdn.shopify.com/s/files/1/0115/7385/4270/files/TF06.jpg?width=560	[{"vendor":"houseofspoils","url":"https://houseofspoils.com/products/troy-freyee-time-out?variant=41456033431614","price":225.0,"currency":"USD","framed":true,"w":14.5,"h":18.5,"label":"Small"},{"vendor":"houseofspoils","url":"https://houseofspoils.com/products/troy-freyee-time-out?variant=41591854759998","price":400.0,"currency":"USD","framed":true,"w":19.5,"h":26.0,"label":"Medium"},{"vendor":"houseofspoils","url":"https://houseofspoils.com/products/troy-freyee-time-out?variant=41591854891070","price":590.0,"currency":"USD","framed":true,"w":24.5,"h":33.5,"label":"Large"},{"vendor":"houseofspoils","url":"https://houseofspoils.com/products/troy-freyee-time-out?variant=41591855022142","price":1050.0,"currency":"USD","framed":true,"w":31.5,"h":44.0,"label":"Giant"},{"vendor":"houseofspoils","url":"https://houseofspoils.com/products/troy-freyee-time-out?variant=41591855153214","price":1975.0,"currency":"USD","framed":true,"w":39.5,"h":56.0,"label":"Collector"},{"vendor":"houseofspoils","url":"https://houseofspoils.com/products/troy-freyee-time-out?variant=41591855284286","price":3450.0,"currency":"USD","framed":true,"w":46.0,"h":66.0,"label":"Exhibition"}]
hos-troy-freyee-romeo-juliet	Troy Freyee	https://houseofspoils.com/products/troy-freyee-romeo-juliet	Romeo & Juliet	photo	film	https://cdn.shopify.com/s/files/1/0115/7385/4270/files/TF05.jpg?width=560	[{"vendor":"houseofspoils","url":"https://houseofspoils.com/products/troy-freyee-romeo-juliet?variant=41456024584254","price":225.0,"currency":"USD","framed":true,"w":14.5,"h":18.5,"label":"Small"},{"vendor":"houseofspoils","url":"https://houseofspoils.com/products/troy-freyee-romeo-juliet?variant=41591855972414","price":400.0,"currency":"USD","framed":true,"w":19.5,"h":26.0,"label":"Medium"},{"vendor":"houseofspoils","url":"https://houseofspoils.com/products/troy-freyee-romeo-juliet?variant=41591856103486","price":590.0,"currency":"USD","framed":true,"w":24.5,"h":33.5,"label":"Large"},{"vendor":"houseofspoils","url":"https://houseofspoils.com/products/troy-freyee-romeo-juliet?variant=41591856234558","price":1050.0,"currency":"USD","framed":true,"w":31.5,"h":44.0,"label":"Giant"},{"vendor":"houseofspoils","url":"https://houseofspoils.com/products/troy-freyee-romeo-juliet?variant=41591856365630","price":1975.0,"currency":"USD","framed":true,"w":39.5,"h":56.0,"label":"Collector"},{"vendor":"houseofspoils","url":"https://houseofspoils.com/products/troy-freyee-romeo-juliet?variant=41591856496702","price":3450.0,"currency":"USD","framed":true,"w":46.0,"h":66.0,"label":"Exhibition"}]
hos-troy-freyee-dip-back	Troy Freyee	https://houseofspoils.com/products/troy-freyee-dip-back	Dip Back	photo	film	https://cdn.shopify.com/s/files/1/0115/7385/4270/files/TF03.jpg?width=560	[{"vendor":"houseofspoils","url":"https://houseofspoils.com/products/troy-freyee-dip-back?variant=41455874408510","price":225.0,"currency":"USD","framed":true,"w":14.5,"h":18.5,"label":"Small"},{"vendor":"houseofspoils","url":"https://houseofspoils.com/products/troy-freyee-dip-back?variant=41591857152062","price":400.0,"currency":"USD","framed":true,"w":19.5,"h":26.0,"label":"Medium"},{"vendor":"houseofspoils","url":"https://houseofspoils.com/products/troy-freyee-dip-back?variant=41591857283134","price":590.0,"currency":"USD","framed":true,"w":24.5,"h":33.5,"label":"Large"},{"vendor":"houseofspoils","url":"https://houseofspoils.com/products/troy-freyee-dip-back?variant=41591857414206","price":1050.0,"currency":"USD","framed":true,"w":31.5,"h":44.0,"label":"Giant"},{"vendor":"houseofspoils","url":"https://houseofspoils.com/products/troy-freyee-dip-back?variant=41591857545278","price":1975.0,"currency":"USD","framed":true,"w":39.5,"h":56.0,"label":"Collector"},{"vendor":"houseofspoils","url":"https://houseofspoils.com/products/troy-freyee-dip-back?variant=41591857676350","price":3450.0,"currency":"USD","framed":true,"w":46.0,"h":66.0,"label":"Exhibition"}]
hos-troy-freyee-ripple-effect	Troy Freyee	https://houseofspoils.com/products/troy-freyee-ripple-effect	Ripple Effect	photo	film	https://cdn.shopify.com/s/files/1/0115/7385/4270/files/TF04.jpg?width=560	[{"vendor":"houseofspoils","url":"https://houseofspoils.com/products/troy-freyee-ripple-effect?variant=41455754739774","price":225.0,"currency":"USD","framed":true,"w":18.5,"h":14.5,"label":"Small"},{"vendor":"houseofspoils","url":"https://houseofspoils.com/products/troy-freyee-ripple-effect?variant=41591860822078","price":400.0,"currency":"USD","framed":true,"w":26.0,"h":19.5,"label":"Medium"},{"vendor":"houseofspoils","url":"https://houseofspoils.com/products/troy-freyee-ripple-effect?variant=41591860953150","price":590.0,"currency":"USD","framed":true,"w":33.5,"h":24.5,"label":"Large"},{"vendor":"houseofspoils","url":"https://houseofspoils.com/products/troy-freyee-ripple-effect?variant=41591861084222","price":1050.0,"currency":"USD","framed":true,"w":44.0,"h":31.5,"label":"Giant"},{"vendor":"houseofspoils","url":"https://houseofspoils.com/products/troy-freyee-ripple-effect?variant=41591861215294","price":1975.0,"currency":"USD","framed":true,"w":56.0,"h":39.5,"label":"Collector"},{"vendor":"houseofspoils","url":"https://houseofspoils.com/products/troy-freyee-ripple-effect?variant=41591861346366","price":3450.0,"currency":"USD","framed":true,"w":66.0,"h":46.0,"label":"Exhibition"}]
hos-troy-freyee-peace-below	Troy Freyee	https://houseofspoils.com/products/troy-freyee-peace-below	Peace Below	photo	film	https://cdn.shopify.com/s/files/1/0115/7385/4270/files/TF02.jpg?width=560	[{"vendor":"houseofspoils","url":"https://houseofspoils.com/products/troy-freyee-peace-below?variant=41455729442878","price":225.0,"currency":"USD","framed":true,"w":18.5,"h":14.5,"label":"Small"},{"vendor":"houseofspoils","url":"https://houseofspoils.com/products/troy-freyee-peace-below?variant=41591862001726","price":400.0,"currency":"USD","framed":true,"w":26.0,"h":19.5,"label":"Medium"},{"vendor":"houseofspoils","url":"https://houseofspoils.com/products/troy-freyee-peace-below?variant=41591862132798","price":590.0,"currency":"USD","framed":true,"w":33.5,"h":24.5,"label":"Large"},{"vendor":"houseofspoils","url":"https://houseofspoils.com/products/troy-freyee-peace-below?variant=41591862263870","price":1050.0,"currency":"USD","framed":true,"w":44.0,"h":31.5,"label":"Giant"},{"vendor":"houseofspoils","url":"https://houseofspoils.com/products/troy-freyee-peace-below?variant=41591862394942","price":1975.0,"currency":"USD","framed":true,"w":56.0,"h":39.5,"label":"Collector"},{"vendor":"houseofspoils","url":"https://houseofspoils.com/products/troy-freyee-peace-below?variant=41591862526014","price":3450.0,"currency":"USD","framed":true,"w":66.0,"h":46.0,"label":"Exhibition"}]
hos-troy-freyee-birdies	Troy Freyee	https://houseofspoils.com/products/troy-freyee-birdies	Birdies	photo	film	https://cdn.shopify.com/s/files/1/0115/7385/4270/files/TF01.jpg?width=560	[{"vendor":"houseofspoils","url":"https://houseofspoils.com/products/troy-freyee-birdies?variant=41455705948222","price":225.0,"currency":"USD","framed":true,"w":18.5,"h":14.5,"label":"Small"},{"vendor":"houseofspoils","url":"https://houseofspoils.com/products/troy-freyee-birdies?variant=41591863246910","price":400.0,"currency":"USD","framed":true,"w":26.0,"h":19.5,"label":"Medium"},{"vendor":"houseofspoils","url":"https://houseofspoils.com/products/troy-freyee-birdies?variant=41591863377982","price":590.0,"currency":"USD","framed":true,"w":33.5,"h":24.5,"label":"Large"},{"vendor":"houseofspoils","url":"https://houseofspoils.com/products/troy-freyee-birdies?variant=41591863509054","price":1050.0,"currency":"USD","framed":true,"w":44.0,"h":31.5,"label":"Giant"},{"vendor":"houseofspoils","url":"https://houseofspoils.com/products/troy-freyee-birdies?variant=41591863640126","price":1975.0,"currency":"USD","framed":true,"w":56.0,"h":39.5,"label":"Collector"},{"vendor":"houseofspoils","url":"https://houseofspoils.com/products/troy-freyee-birdies?variant=41591863771198","price":3450.0,"currency":"USD","framed":true,"w":66.0,"h":46.0,"label":"Exhibition"}]
hos-lella-soper-procrastinating	Lella Soper	https://houseofspoils.com/products/lella-soper-procrastinating	Procrastinating	photo	film	https://cdn.shopify.com/s/files/1/0115/7385/4270/files/LS10_b62a2f45-3199-4c45-b1f4-39cdabcd4213.jpg?width=560	[{"vendor":"houseofspoils","url":"https://houseofspoils.com/products/lella-soper-procrastinating?variant=40223439847486","price":225.0,"currency":"USD","framed":true,"w":14.5,"h":18.5,"label":"Small"},{"vendor":"houseofspoils","url":"https://houseofspoils.com/products/lella-soper-procrastinating?variant=41592590106686","price":400.0,"currency":"USD","framed":true,"w":19.5,"h":26.0,"label":"Medium"},{"vendor":"houseofspoils","url":"https://houseofspoils.com/products/lella-soper-procrastinating?variant=41592590237758","price":590.0,"currency":"USD","framed":true,"w":24.5,"h":33.5,"label":"Large"},{"vendor":"houseofspoils","url":"https://houseofspoils.com/products/lella-soper-procrastinating?variant=41592590368830","price":1050.0,"currency":"USD","framed":true,"w":31.5,"h":44.0,"label":"Giant"},{"vendor":"houseofspoils","url":"https://houseofspoils.com/products/lella-soper-procrastinating?variant=41592590499902","price":1975.0,"currency":"USD","framed":true,"w":39.5,"h":56.0,"label":"Collector"},{"vendor":"houseofspoils","url":"https://houseofspoils.com/products/lella-soper-procrastinating?variant=41592590630974","price":3450.0,"currency":"USD","framed":true,"w":46.0,"h":66.0,"label":"Exhibition"}]
hos-fabrizio-daloisio-spring-landing	Fabrizio D'Aloisio	https://houseofspoils.com/products/fabrizio-daloisio-spring-landing	High Landing	photo	film	https://cdn.shopify.com/s/files/1/0115/7385/4270/files/FA11_1.jpg?width=560	[{"vendor":"houseofspoils","url":"https://houseofspoils.com/products/fabrizio-daloisio-spring-landing?variant=41421304397886","price":225.0,"currency":"USD","framed":true,"w":18.5,"h":14.5,"label":"Small"},{"vendor":"houseofspoils","url":"https://houseofspoils.com/products/fabrizio-daloisio-spring-landing?variant=41591865147454","price":400.0,"currency":"USD","framed":true,"w":26.0,"h":19.5,"label":"Medium"},{"vendor":"houseofspoils","url":"https://houseofspoils.com/products/fabrizio-daloisio-spring-landing?variant=41591865278526","price":590.0,"currency":"USD","framed":true,"w":33.5,"h":24.5,"label":"Large"},{"vendor":"houseofspoils","url":"https://houseofspoils.com/products/fabrizio-daloisio-spring-landing?variant=41591865409598","price":1050.0,"currency":"USD","framed":true,"w":44.0,"h":31.5,"label":"Giant"},{"vendor":"houseofspoils","url":"https://houseofspoils.com/products/fabrizio-daloisio-spring-landing?variant=41591865540670","price":1975.0,"currency":"USD","framed":true,"w":56.0,"h":39.5,"label":"Collector"},{"vendor":"houseofspoils","url":"https://houseofspoils.com/products/fabrizio-daloisio-spring-landing?variant=41591865671742","price":3450.0,"currency":"USD","framed":true,"w":66.0,"h":46.0,"label":"Exhibition"}]
hos-nikki-brand-single-fin-summer	Nikki Brand	https://houseofspoils.com/products/nikki-brand-single-fin-summer	Single Fin Summer	photo	film	https://cdn.shopify.com/s/files/1/0115/7385/4270/files/NB11.jpg?width=560	[{"vendor":"houseofspoils","url":"https://houseofspoils.com/products/nikki-brand-single-fin-summer?variant=41379183329342","price":225.0,"currency":"USD","framed":true,"w":14.5,"h":18.5,"label":"Small"},{"vendor":"houseofspoils","url":"https://houseofspoils.com/products/nikki-brand-single-fin-summer?variant=41591873372222","price":400.0,"currency":"USD","framed":true,"w":19.5,"h":26.0,"label":"Medium"},{"vendor":"houseofspoils","url":"https://houseofspoils.com/products/nikki-brand-single-fin-summer?variant=41591873503294","price":590.0,"currency":"USD","framed":true,"w":24.5,"h":33.5,"label":"Large"},{"vendor":"houseofspoils","url":"https://houseofspoils.com/products/nikki-brand-single-fin-summer?variant=41591873634366","price":1050.0,"currency":"USD","framed":true,"w":31.5,"h":44.0,"label":"Giant"},{"vendor":"houseofspoils","url":"https://houseofspoils.com/products/nikki-brand-single-fin-summer?variant=41591873765438","price":1975.0,"currency":"USD","framed":true,"w":39.5,"h":56.0,"label":"Collector"},{"vendor":"houseofspoils","url":"https://houseofspoils.com/products/nikki-brand-single-fin-summer?variant=41591873896510","price":3450.0,"currency":"USD","framed":true,"w":46.0,"h":66.0,"label":"Exhibition"}]
hos-jean-philippe-lebee-altiport	Jean-Philippe Lebee	https://houseofspoils.com/products/jean-philippe-lebee-altiport	Altiport	photo	film	https://cdn.shopify.com/s/files/1/0115/7385/4270/files/JP06.jpg?width=560	[{"vendor":"houseofspoils","url":"https://houseofspoils.com/products/jean-philippe-lebee-altiport?variant=41382007963710","price":225.0,"currency":"USD","framed":true,"w":18.5,"h":14.5,"label":"Small"},{"vendor":"houseofspoils","url":"https://houseofspoils.com/products/jean-philippe-lebee-altiport?variant=41591868031038","price":400.0,"currency":"USD","framed":true,"w":26.0,"h":19.5,"label":"Medium"},{"vendor":"houseofspoils","url":"https://houseofspoils.com/products/jean-philippe-lebee-altiport?variant=41591868162110","price":590.0,"currency":"USD","framed":true,"w":33.5,"h":24.5,"label":"Large"},{"vendor":"houseofspoils","url":"https://houseofspoils.com/products/jean-philippe-lebee-altiport?variant=41591868293182","price":1050.0,"currency":"USD","framed":true,"w":44.0,"h":31.5,"label":"Giant"},{"vendor":"houseofspoils","url":"https://houseofspoils.com/products/jean-philippe-lebee-altiport?variant=41591868424254","price":1975.0,"currency":"USD","framed":true,"w":56.0,"h":39.5,"label":"Collector"},{"vendor":"houseofspoils","url":"https://houseofspoils.com/products/jean-philippe-lebee-altiport?variant=41591868555326","price":3450.0,"currency":"USD","framed":true,"w":66.0,"h":46.0,"label":"Exhibition"}]
hos-jean-philippe-lebee-sormiou	Jean-Philippe Lebee	https://houseofspoils.com/products/jean-philippe-lebee-sormiou	Sormiou	photo	film	https://cdn.shopify.com/s/files/1/0115/7385/4270/files/JP04.jpg?width=560	[{"vendor":"houseofspoils","url":"https://houseofspoils.com/products/jean-philippe-lebee-sormiou?variant=41382002622526","price":225.0,"currency":"USD","framed":true,"w":14.5,"h":18.5,"label":"Small"},{"vendor":"houseofspoils","url":"https://houseofspoils.com/products/jean-philippe-lebee-sormiou?variant=41591870488638","price":400.0,"currency":"USD","framed":true,"w":19.5,"h":26.0,"label":"Medium"},{"vendor":"houseofspoils","url":"https://houseofspoils.com/products/jean-philippe-lebee-sormiou?variant=41591870619710","price":590.0,"currency":"USD","framed":true,"w":24.5,"h":33.5,"label":"Large"},{"vendor":"houseofspoils","url":"https://houseofspoils.com/products/jean-philippe-lebee-sormiou?variant=41591870750782","price":1050.0,"currency":"USD","framed":true,"w":31.5,"h":44.0,"label":"Giant"},{"vendor":"houseofspoils","url":"https://houseofspoils.com/products/jean-philippe-lebee-sormiou?variant=41591870881854","price":1975.0,"currency":"USD","framed":true,"w":39.5,"h":56.0,"label":"Collector"},{"vendor":"houseofspoils","url":"https://houseofspoils.com/products/jean-philippe-lebee-sormiou?variant=41591871012926","price":3450.0,"currency":"USD","framed":true,"w":46.0,"h":66.0,"label":"Exhibition"}]
hos-jean-philippe-lebee-calanque	Jean-Philippe Lebee	https://houseofspoils.com/products/jean-philippe-lebee-calanque	Calanque	photo	film	https://cdn.shopify.com/s/files/1/0115/7385/4270/files/JP05.jpg?width=560	[{"vendor":"houseofspoils","url":"https://houseofspoils.com/products/jean-philippe-lebee-calanque?variant=41382005506110","price":225.0,"currency":"USD","framed":true,"w":14.5,"h":18.5,"label":"Small"},{"vendor":"houseofspoils","url":"https://houseofspoils.com/products/jean-philippe-lebee-calanque?variant=41591869341758","price":400.0,"currency":"USD","framed":true,"w":19.5,"h":26.0,"label":"Medium"},{"vendor":"houseofspoils","url":"https://houseofspoils.com/products/jean-philippe-lebee-calanque?variant=41591869472830","price":590.0,"currency":"USD","framed":true,"w":24.5,"h":33.5,"label":"Large"},{"vendor":"houseofspoils","url":"https://houseofspoils.com/products/jean-philippe-lebee-calanque?variant=41591869603902","price":1050.0,"currency":"USD","framed":true,"w":31.5,"h":44.0,"label":"Giant"},{"vendor":"houseofspoils","url":"https://houseofspoils.com/products/jean-philippe-lebee-calanque?variant=41591869734974","price":1975.0,"currency":"USD","framed":true,"w":39.5,"h":56.0,"label":"Collector"},{"vendor":"houseofspoils","url":"https://houseofspoils.com/products/jean-philippe-lebee-calanque?variant=41591869866046","price":3450.0,"currency":"USD","framed":true,"w":46.0,"h":66.0,"label":"Exhibition"}]
hos-thomas-lodin-autumn-leaves	Thomas Lodin	https://houseofspoils.com/products/thomas-lodin-autumn-leaves	Autumn Leaves	photo	film	https://cdn.shopify.com/s/files/1/0115/7385/4270/files/TL03.jpg?width=560	[{"vendor":"houseofspoils","url":"https://houseofspoils.com/products/thomas-lodin-autumn-leaves?variant=41379180838974","price":225.0,"currency":"USD","framed":true,"w":18.5,"h":14.5,"label":"Small"},{"vendor":"houseofspoils","url":"https://houseofspoils.com/products/thomas-lodin-autumn-leaves?variant=41591875502142","price":400.0,"currency":"USD","framed":true,"w":26.0,"h":19.5,"label":"Medium"},{"vendor":"houseofspoils","url":"https://houseofspoils.com/products/thomas-lodin-autumn-leaves?variant=41591875633214","price":590.0,"currency":"USD","framed":true,"w":33.5,"h":24.5,"label":"Large"},{"vendor":"houseofspoils","url":"https://houseofspoils.com/products/thomas-lodin-autumn-leaves?variant=41591875764286","price":1050.0,"currency":"USD","framed":true,"w":44.0,"h":31.5,"label":"Giant"},{"vendor":"houseofspoils","url":"https://houseofspoils.com/products/thomas-lodin-autumn-leaves?variant=41591875895358","price":1975.0,"currency":"USD","framed":true,"w":56.0,"h":39.5,"label":"Collector"},{"vendor":"houseofspoils","url":"https://houseofspoils.com/products/thomas-lodin-autumn-leaves?variant=41591876026430","price":3450.0,"currency":"USD","framed":true,"w":66.0,"h":46.0,"label":"Exhibition"}]
hos-olivia-van-dyke-her-next-move	Olivia Van Dyke	https://houseofspoils.com/products/olivia-van-dyke-her-next-move	Her Next Move	photo	film	https://cdn.shopify.com/s/files/1/0115/7385/4270/files/OV01.jpg?width=560	[{"vendor":"houseofspoils","url":"https://houseofspoils.com/products/olivia-van-dyke-her-next-move?variant=41351282720830","price":225.0,"currency":"USD","framed":true,"w":14.5,"h":18.5,"label":"Small"},{"vendor":"houseofspoils","url":"https://houseofspoils.com/products/olivia-van-dyke-her-next-move?variant=41591876747326","price":400.0,"currency":"USD","framed":true,"w":19.5,"h":26.0,"label":"Medium"},{"vendor":"houseofspoils","url":"https://houseofspoils.com/products/olivia-van-dyke-her-next-move?variant=41591876878398","price":590.0,"currency":"USD","framed":true,"w":24.5,"h":33.5,"label":"Large"},{"vendor":"houseofspoils","url":"https://houseofspoils.com/products/olivia-van-dyke-her-next-move?variant=41591877009470","price":1050.0,"currency":"USD","framed":true,"w":31.5,"h":44.0,"label":"Giant"},{"vendor":"houseofspoils","url":"https://houseofspoils.com/products/olivia-van-dyke-her-next-move?variant=41591877140542","price":1975.0,"currency":"USD","framed":true,"w":39.5,"h":56.0,"label":"Collector"},{"vendor":"houseofspoils","url":"https://houseofspoils.com/products/olivia-van-dyke-her-next-move?variant=41591877271614","price":3450.0,"currency":"USD","framed":true,"w":46.0,"h":66.0,"label":"Exhibition"}]
hos-kurt-arrigo-champagne-sailing	Kurt Arrigo	https://houseofspoils.com/products/kurt-arrigo-champagne-sailing	Champagne Sailing	photo	film	https://cdn.shopify.com/s/files/1/0115/7385/4270/files/KA08.jpg?width=560	[{"vendor":"houseofspoils","url":"https://houseofspoils.com/products/kurt-arrigo-champagne-sailing?variant=41347227189310","price":225.0,"currency":"USD","framed":true,"w":18.5,"h":14.5,"label":"Small"},{"vendor":"houseofspoils","url":"https://houseofspoils.com/products/kurt-arrigo-champagne-sailing?variant=41591884972094","price":400.0,"currency":"USD","framed":true,"w":26.0,"h":19.5,"label":"Medium"},{"vendor":"houseofspoils","url":"https://houseofspoils.com/products/kurt-arrigo-champagne-sailing?variant=41591885103166","price":590.0,"currency":"USD","framed":true,"w":33.5,"h":24.5,"label":"Large"},{"vendor":"houseofspoils","url":"https://houseofspoils.com/products/kurt-arrigo-champagne-sailing?variant=41591885234238","price":1050.0,"currency":"USD","framed":true,"w":44.0,"h":31.5,"label":"Giant"},{"vendor":"houseofspoils","url":"https://houseofspoils.com/products/kurt-arrigo-champagne-sailing?variant=41591885365310","price":1975.0,"currency":"USD","framed":true,"w":56.0,"h":39.5,"label":"Collector"},{"vendor":"houseofspoils","url":"https://houseofspoils.com/products/kurt-arrigo-champagne-sailing?variant=41591885496382","price":3450.0,"currency":"USD","framed":true,"w":66.0,"h":46.0,"label":"Exhibition"}]
hos-cameron-hammond-night-shower	Cameron Hammond	https://houseofspoils.com/products/cameron-hammond-night-shower	Night Shower	photo	film	https://cdn.shopify.com/s/files/1/0115/7385/4270/files/CH20.jpg?width=560	[{"vendor":"houseofspoils","url":"https://houseofspoils.com/products/cameron-hammond-night-shower?variant=41349872058430","price":225.0,"currency":"USD","framed":true,"w":14.5,"h":18.5,"label":"Small"},{"vendor":"houseofspoils","url":"https://houseofspoils.com/products/cameron-hammond-night-shower?variant=41591877926974","price":400.0,"currency":"USD","framed":true,"w":19.5,"h":26.0,"label":"Medium"},{"vendor":"houseofspoils","url":"https://houseofspoils.com/products/cameron-hammond-night-shower?variant=41591878058046","price":590.0,"currency":"USD","framed":true,"w":24.5,"h":33.5,"label":"Large"},{"vendor":"houseofspoils","url":"https://houseofspoils.com/products/cameron-hammond-night-shower?variant=41591878189118","price":1050.0,"currency":"USD","framed":true,"w":31.5,"h":44.0,"label":"Giant"},{"vendor":"houseofspoils","url":"https://houseofspoils.com/products/cameron-hammond-night-shower?variant=41591878320190","price":1975.0,"currency":"USD","framed":true,"w":39.5,"h":56.0,"label":"Collector"},{"vendor":"houseofspoils","url":"https://houseofspoils.com/products/cameron-hammond-night-shower?variant=41591878451262","price":3450.0,"currency":"USD","framed":true,"w":46.0,"h":66.0,"label":"Exhibition"}]
hos-cameron-hammond-pontoon	Cameron Hammond	https://houseofspoils.com/products/cameron-hammond-pontoon	Pontoon	photo	film	https://cdn.shopify.com/s/files/1/0115/7385/4270/files/CH19_1.jpg?width=560	[{"vendor":"houseofspoils","url":"https://houseofspoils.com/products/cameron-hammond-pontoon?variant=41347218505790","price":225.0,"currency":"USD","framed":true,"w":18.5,"h":14.5,"label":"Small"},{"vendor":"houseofspoils","url":"https://houseofspoils.com/products/cameron-hammond-pontoon?variant=41591890706494","price":400.0,"currency":"USD","framed":true,"w":26.0,"h":19.5,"label":"Medium"},{"vendor":"houseofspoils","url":"https://houseofspoils.com/products/cameron-hammond-pontoon?variant=41591890837566","price":590.0,"currency":"USD","framed":true,"w":33.5,"h":24.5,"label":"Large"},{"vendor":"houseofspoils","url":"https://houseofspoils.com/products/cameron-hammond-pontoon?variant=41591890968638","price":1050.0,"currency":"USD","framed":true,"w":44.0,"h":31.5,"label":"Giant"},{"vendor":"houseofspoils","url":"https://houseofspoils.com/products/cameron-hammond-pontoon?variant=41591891099710","price":1975.0,"currency":"USD","framed":true,"w":56.0,"h":39.5,"label":"Collector"},{"vendor":"houseofspoils","url":"https://houseofspoils.com/products/cameron-hammond-pontoon?variant=41591891230782","price":3450.0,"currency":"USD","framed":true,"w":66.0,"h":46.0,"label":"Exhibition"}]
hos-beau-simmons-golden-fields	Beau Simmons	https://houseofspoils.com/products/beau-simmons-golden-fields	Golden Fields	photo	film	https://cdn.shopify.com/s/files/1/0115/7385/4270/files/BS34.jpg?width=560	[{"vendor":"houseofspoils","url":"https://houseofspoils.com/products/beau-simmons-golden-fields?variant=41347257139262","price":225.0,"currency":"USD","framed":true,"w":18.5,"h":14.5,"label":"Small"},{"vendor":"houseofspoils","url":"https://houseofspoils.com/products/beau-simmons-golden-fields?variant=41591883366462","price":400.0,"currency":"USD","framed":true,"w":26.0,"h":19.5,"label":"Medium"},{"vendor":"houseofspoils","url":"https://houseofspoils.com/products/beau-simmons-golden-fields?variant=41591883497534","price":590.0,"currency":"USD","framed":true,"w":33.5,"h":24.5,"label":"Large"},{"vendor":"houseofspoils","url":"https://houseofspoils.com/products/beau-simmons-golden-fields?variant=41591883628606","price":1050.0,"currency":"USD","framed":true,"w":44.0,"h":31.5,"label":"Giant"},{"vendor":"houseofspoils","url":"https://houseofspoils.com/products/beau-simmons-golden-fields?variant=41591883759678","price":1975.0,"currency":"USD","framed":true,"w":56.0,"h":39.5,"label":"Collector"},{"vendor":"houseofspoils","url":"https://houseofspoils.com/products/beau-simmons-golden-fields?variant=41591883890750","price":3450.0,"currency":"USD","framed":true,"w":66.0,"h":46.0,"label":"Exhibition"}]
hos-michael-woolery-ripleys-window	Michael Woolery	https://houseofspoils.com/products/michael-woolery-ripleys-window	Ripley's Window	photo	film	https://cdn.shopify.com/s/files/1/0115/7385/4270/files/MW05.jpg?width=560	[{"vendor":"houseofspoils","url":"https://houseofspoils.com/products/michael-woolery-ripleys-window?variant=41348264296510","price":225.0,"currency":"USD","framed":true,"w":14.5,"h":18.5,"label":"Small"},{"vendor":"houseofspoils","url":"https://houseofspoils.com/products/michael-woolery-ripleys-window?variant=41591879434302","price":400.0,"currency":"USD","framed":true,"w":19.5,"h":26.0,"label":"Medium"},{"vendor":"houseofspoils","url":"https://houseofspoils.com/products/michael-woolery-ripleys-window?variant=41591879565374","price":590.0,"currency":"USD","framed":true,"w":24.5,"h":33.5,"label":"Large"},{"vendor":"houseofspoils","url":"https://houseofspoils.com/products/michael-woolery-ripleys-window?variant=41591879696446","price":1050.0,"currency":"USD","framed":true,"w":31.5,"h":44.0,"label":"Giant"},{"vendor":"houseofspoils","url":"https://houseofspoils.com/products/michael-woolery-ripleys-window?variant=41591879827518","price":1975.0,"currency":"USD","framed":true,"w":39.5,"h":56.0,"label":"Collector"},{"vendor":"houseofspoils","url":"https://houseofspoils.com/products/michael-woolery-ripleys-window?variant=41591879958590","price":3450.0,"currency":"USD","framed":true,"w":46.0,"h":66.0,"label":"Exhibition"}]
hos-davide-demartis-patina	Davide de Martis	https://houseofspoils.com/products/davide-demartis-patina	Patina	photo	film	https://cdn.shopify.com/s/files/1/0115/7385/4270/files/DM10_4fe72e7f-9e30-4c33-a4fc-c4d47433a64a.jpg?width=560	[{"vendor":"houseofspoils","url":"https://houseofspoils.com/products/davide-demartis-patina?variant=41241437405246","price":225.0,"currency":"USD","framed":true,"w":18.5,"h":14.5,"label":"Small"},{"vendor":"houseofspoils","url":"https://houseofspoils.com/products/davide-demartis-patina?variant=41591895687230","price":400.0,"currency":"USD","framed":true,"w":26.0,"h":19.5,"label":"Medium"},{"vendor":"houseofspoils","url":"https://houseofspoils.com/products/davide-demartis-patina?variant=41591895818302","price":590.0,"currency":"USD","framed":true,"w":33.5,"h":24.5,"label":"Large"},{"vendor":"houseofspoils","url":"https://houseofspoils.com/products/davide-demartis-patina?variant=41591895949374","price":1050.0,"currency":"USD","framed":true,"w":44.0,"h":31.5,"label":"Giant"},{"vendor":"houseofspoils","url":"https://houseofspoils.com/products/davide-demartis-patina?variant=41591896080446","price":1975.0,"currency":"USD","framed":true,"w":56.0,"h":39.5,"label":"Collector"},{"vendor":"houseofspoils","url":"https://houseofspoils.com/products/davide-demartis-patina?variant=41591896211518","price":3450.0,"currency":"USD","framed":true,"w":66.0,"h":46.0,"label":"Exhibition"}]
hos-dane-grady-tranquility	Dane Grady	https://houseofspoils.com/products/dane-grady-tranquility	Tranquility	photo	film	https://cdn.shopify.com/s/files/1/0115/7385/4270/files/DG05_1.jpg?width=560	[{"vendor":"houseofspoils","url":"https://houseofspoils.com/products/dane-grady-tranquility?variant=41241463980094","price":225.0,"currency":"USD","framed":true,"w":18.5,"h":14.5,"label":"Small"},{"vendor":"houseofspoils","url":"https://houseofspoils.com/products/dane-grady-tranquility?variant=41591894278206","price":400.0,"currency":"USD","framed":true,"w":26.0,"h":19.5,"label":"Medium"},{"vendor":"houseofspoils","url":"https://houseofspoils.com/products/dane-grady-tranquility?variant=41591894409278","price":590.0,"currency":"USD","framed":true,"w":33.5,"h":24.5,"label":"Large"},{"vendor":"houseofspoils","url":"https://houseofspoils.com/products/dane-grady-tranquility?variant=41591894540350","price":1050.0,"currency":"USD","framed":true,"w":44.0,"h":31.5,"label":"Giant"},{"vendor":"houseofspoils","url":"https://houseofspoils.com/products/dane-grady-tranquility?variant=41591894671422","price":1975.0,"currency":"USD","framed":true,"w":56.0,"h":39.5,"label":"Collector"},{"vendor":"houseofspoils","url":"https://houseofspoils.com/products/dane-grady-tranquility?variant=41591894802494","price":3450.0,"currency":"USD","framed":true,"w":66.0,"h":46.0,"label":"Exhibition"}]
hos-davide-demartis-golden-iv	Davide de Martis	https://houseofspoils.com/products/davide-demartis-golden-iv	Golden IV	photo	film	https://cdn.shopify.com/s/files/1/0115/7385/4270/files/DM07.jpg?width=560	[{"vendor":"houseofspoils","url":"https://houseofspoils.com/products/davide-demartis-golden-iv?variant=41230131331134","price":225.0,"currency":"USD","framed":true,"w":18.5,"h":14.5,"label":"Small"},{"vendor":"houseofspoils","url":"https://houseofspoils.com/products/davide-demartis-golden-iv?variant=41591909646398","price":400.0,"currency":"USD","framed":true,"w":26.0,"h":19.5,"label":"Medium"},{"vendor":"houseofspoils","url":"https://houseofspoils.com/products/davide-demartis-golden-iv?variant=41591909777470","price":590.0,"currency":"USD","framed":true,"w":33.5,"h":24.5,"label":"Large"},{"vendor":"houseofspoils","url":"https://houseofspoils.com/products/davide-demartis-golden-iv?variant=41591909908542","price":1050.0,"currency":"USD","framed":true,"w":44.0,"h":31.5,"label":"Giant"},{"vendor":"houseofspoils","url":"https://houseofspoils.com/products/davide-demartis-golden-iv?variant=41591910039614","price":1975.0,"currency":"USD","framed":true,"w":56.0,"h":39.5,"label":"Collector"},{"vendor":"houseofspoils","url":"https://houseofspoils.com/products/davide-demartis-golden-iv?variant=41591910170686","price":3450.0,"currency":"USD","framed":true,"w":66.0,"h":46.0,"label":"Exhibition"}]
hos-davide-demartis-golden-iii	Davide de Martis	https://houseofspoils.com/products/davide-demartis-golden-iii	Golden III	photo	film	https://cdn.shopify.com/s/files/1/0115/7385/4270/files/DM08.jpg?width=560	[{"vendor":"houseofspoils","url":"https://houseofspoils.com/products/davide-demartis-golden-iii?variant=41230176256062","price":225.0,"currency":"USD","framed":true,"w":14.5,"h":18.5,"label":"Small"},{"vendor":"houseofspoils","url":"https://houseofspoils.com/products/davide-demartis-golden-iii?variant=41591900307518","price":400.0,"currency":"USD","framed":true,"w":19.5,"h":26.0,"label":"Medium"},{"vendor":"houseofspoils","url":"https://houseofspoils.com/products/davide-demartis-golden-iii?variant=41591900438590","price":590.0,"currency":"USD","framed":true,"w":24.5,"h":33.5,"label":"Large"},{"vendor":"houseofspoils","url":"https://houseofspoils.com/products/davide-demartis-golden-iii?variant=41591900569662","price":1050.0,"currency":"USD","framed":true,"w":31.5,"h":44.0,"label":"Giant"},{"vendor":"houseofspoils","url":"https://houseofspoils.com/products/davide-demartis-golden-iii?variant=41591900700734","price":1975.0,"currency":"USD","framed":true,"w":39.5,"h":56.0,"label":"Collector"},{"vendor":"houseofspoils","url":"https://houseofspoils.com/products/davide-demartis-golden-iii?variant=41591900831806","price":3450.0,"currency":"USD","framed":true,"w":46.0,"h":66.0,"label":"Exhibition"}]
hos-davide-demartis-golden-ii	Davide de Martis	https://houseofspoils.com/products/davide-demartis-golden-ii	Golden II	photo	film	https://cdn.shopify.com/s/files/1/0115/7385/4270/files/DM09.jpg?width=560	[{"vendor":"houseofspoils","url":"https://houseofspoils.com/products/davide-demartis-golden-ii?variant=41230193000510","price":225.0,"currency":"USD","framed":true,"w":14.5,"h":18.5,"label":"Small"},{"vendor":"houseofspoils","url":"https://houseofspoils.com/products/davide-demartis-golden-ii?variant=41591897555006","price":400.0,"currency":"USD","framed":true,"w":19.5,"h":26.0,"label":"Medium"},{"vendor":"houseofspoils","url":"https://houseofspoils.com/products/davide-demartis-golden-ii?variant=41591897686078","price":590.0,"currency":"USD","framed":true,"w":24.5,"h":33.5,"label":"Large"},{"vendor":"houseofspoils","url":"https://houseofspoils.com/products/davide-demartis-golden-ii?variant=41591897817150","price":1050.0,"currency":"USD","framed":true,"w":31.5,"h":44.0,"label":"Giant"},{"vendor":"houseofspoils","url":"https://houseofspoils.com/products/davide-demartis-golden-ii?variant=41591897948222","price":1975.0,"currency":"USD","framed":true,"w":39.5,"h":56.0,"label":"Collector"},{"vendor":"houseofspoils","url":"https://houseofspoils.com/products/davide-demartis-golden-ii?variant=41591898079294","price":3450.0,"currency":"USD","framed":true,"w":46.0,"h":66.0,"label":"Exhibition"}]
hos-davide-demartis-golden	Davide de Martis	https://houseofspoils.com/products/davide-demartis-golden	Golden	photo	film	https://cdn.shopify.com/s/files/1/0115/7385/4270/files/DM06.jpg?width=560	[{"vendor":"houseofspoils","url":"https://houseofspoils.com/products/davide-demartis-golden?variant=41230170030142","price":225.0,"currency":"USD","framed":true,"w":14.5,"h":18.5,"label":"Small"},{"vendor":"houseofspoils","url":"https://houseofspoils.com/products/davide-demartis-golden?variant=41591907123262","price":400.0,"currency":"USD","framed":true,"w":19.5,"h":26.0,"label":"Medium"},{"vendor":"houseofspoils","url":"https://houseofspoils.com/products/davide-demartis-golden?variant=41591907254334","price":590.0,"currency":"USD","framed":true,"w":24.5,"h":33.5,"label":"Large"},{"vendor":"houseofspoils","url":"https://houseofspoils.com/products/davide-demartis-golden?variant=41591907385406","price":1050.0,"currency":"USD","framed":true,"w":31.5,"h":44.0,"label":"Giant"},{"vendor":"houseofspoils","url":"https://houseofspoils.com/products/davide-demartis-golden?variant=41591907516478","price":1975.0,"currency":"USD","framed":true,"w":39.5,"h":56.0,"label":"Collector"},{"vendor":"houseofspoils","url":"https://houseofspoils.com/products/davide-demartis-golden?variant=41591907647550","price":3450.0,"currency":"USD","framed":true,"w":46.0,"h":66.0,"label":"Exhibition"}]
hos-beau-simmons-under-a-western-sky	Beau Simmons	https://houseofspoils.com/products/beau-simmons-under-a-western-sky	Under A Western Sky	photo	film	https://cdn.shopify.com/s/files/1/0115/7385/4270/files/BS32.jpg?width=560	[{"vendor":"houseofspoils","url":"https://houseofspoils.com/products/beau-simmons-under-a-western-sky?variant=41147516158014","price":225.0,"currency":"USD","framed":true,"w":18.5,"h":14.5,"label":"Small"},{"vendor":"houseofspoils","url":"https://houseofspoils.com/products/beau-simmons-under-a-western-sky?variant=41591919083582","price":400.0,"currency":"USD","framed":true,"w":26.0,"h":19.5,"label":"Medium"},{"vendor":"houseofspoils","url":"https://houseofspoils.com/products/beau-simmons-under-a-western-sky?variant=41591919214654","price":590.0,"currency":"USD","framed":true,"w":33.5,"h":24.5,"label":"Large"},{"vendor":"houseofspoils","url":"https://houseofspoils.com/products/beau-simmons-under-a-western-sky?variant=41591919345726","price":1050.0,"currency":"USD","framed":true,"w":44.0,"h":31.5,"label":"Giant"},{"vendor":"houseofspoils","url":"https://houseofspoils.com/products/beau-simmons-under-a-western-sky?variant=41591919476798","price":1975.0,"currency":"USD","framed":true,"w":56.0,"h":39.5,"label":"Collector"},{"vendor":"houseofspoils","url":"https://houseofspoils.com/products/beau-simmons-under-a-western-sky?variant=41591919607870","price":3450.0,"currency":"USD","framed":true,"w":66.0,"h":46.0,"label":"Exhibition"}]
hos-alexandru-costin-low-surf	Alexandru Costin	https://houseofspoils.com/products/alexandru-costin-low-surf	Low Surf	photo	film	https://cdn.shopify.com/s/files/1/0115/7385/4270/files/AC26.jpg?width=560	[{"vendor":"houseofspoils","url":"https://houseofspoils.com/products/alexandru-costin-low-surf?variant=41114752581694","price":225.0,"currency":"USD","framed":true,"w":14.5,"h":18.5,"label":"Small"},{"vendor":"houseofspoils","url":"https://houseofspoils.com/products/alexandru-costin-low-surf?variant=41591926784062","price":400.0,"currency":"USD","framed":true,"w":19.5,"h":26.0,"label":"Medium"},{"vendor":"houseofspoils","url":"https://houseofspoils.com/products/alexandru-costin-low-surf?variant=41591926915134","price":590.0,"currency":"USD","framed":true,"w":24.5,"h":33.5,"label":"Large"},{"vendor":"houseofspoils","url":"https://houseofspoils.com/products/alexandru-costin-low-surf?variant=41591927046206","price":1050.0,"currency":"USD","framed":true,"w":31.5,"h":44.0,"label":"Giant"},{"vendor":"houseofspoils","url":"https://houseofspoils.com/products/alexandru-costin-low-surf?variant=41591927177278","price":1975.0,"currency":"USD","framed":true,"w":39.5,"h":56.0,"label":"Collector"},{"vendor":"houseofspoils","url":"https://houseofspoils.com/products/alexandru-costin-low-surf?variant=41591927308350","price":3450.0,"currency":"USD","framed":true,"w":46.0,"h":66.0,"label":"Exhibition"}]
hos-louis-fraga-the-amalfi-dream-ii	Louis Fraga	https://houseofspoils.com/products/louis-fraga-the-amalfi-dream-ii	The Amalfi Dream II	photo	film	https://cdn.shopify.com/s/files/1/0115/7385/4270/files/LF04.jpg?width=560	[{"vendor":"houseofspoils","url":"https://houseofspoils.com/products/louis-fraga-the-amalfi-dream-ii?variant=41114748256318","price":225.0,"currency":"USD","framed":true,"w":14.5,"h":18.5,"label":"Small"},{"vendor":"houseofspoils","url":"https://houseofspoils.com/products/louis-fraga-the-amalfi-dream-ii?variant=41591933239358","price":400.0,"currency":"USD","framed":true,"w":19.5,"h":26.0,"label":"Medium"},{"vendor":"houseofspoils","url":"https://houseofspoils.com/products/louis-fraga-the-amalfi-dream-ii?variant=41591933370430","price":590.0,"currency":"USD","framed":true,"w":24.5,"h":33.5,"label":"Large"},{"vendor":"houseofspoils","url":"https://houseofspoils.com/products/louis-fraga-the-amalfi-dream-ii?variant=41591933501502","price":1050.0,"currency":"USD","framed":true,"w":31.5,"h":44.0,"label":"Giant"},{"vendor":"houseofspoils","url":"https://houseofspoils.com/products/louis-fraga-the-amalfi-dream-ii?variant=41591933632574","price":1975.0,"currency":"USD","framed":true,"w":39.5,"h":56.0,"label":"Collector"},{"vendor":"houseofspoils","url":"https://houseofspoils.com/products/louis-fraga-the-amalfi-dream-ii?variant=41591933763646","price":3450.0,"currency":"USD","framed":true,"w":46.0,"h":66.0,"label":"Exhibition"}]
hos-louis-fraga-the-amalfi-dream-i	Louis Fraga	https://houseofspoils.com/products/louis-fraga-the-amalfi-dream-i	The Amalfi Dream I	photo	film	https://cdn.shopify.com/s/files/1/0115/7385/4270/files/LF03.jpg?width=560	[{"vendor":"houseofspoils","url":"https://houseofspoils.com/products/louis-fraga-the-amalfi-dream-i?variant=41114736820286","price":225.0,"currency":"USD","framed":true,"w":14.5,"h":18.5,"label":"Small"},{"vendor":"houseofspoils","url":"https://houseofspoils.com/products/louis-fraga-the-amalfi-dream-i?variant=41591935696958","price":400.0,"currency":"USD","framed":true,"w":19.5,"h":26.0,"label":"Medium"},{"vendor":"houseofspoils","url":"https://houseofspoils.com/products/louis-fraga-the-amalfi-dream-i?variant=41591935828030","price":590.0,"currency":"USD","framed":true,"w":24.5,"h":33.5,"label":"Large"},{"vendor":"houseofspoils","url":"https://houseofspoils.com/products/louis-fraga-the-amalfi-dream-i?variant=41591935959102","price":1050.0,"currency":"USD","framed":true,"w":31.5,"h":44.0,"label":"Giant"},{"vendor":"houseofspoils","url":"https://houseofspoils.com/products/louis-fraga-the-amalfi-dream-i?variant=41591936090174","price":1975.0,"currency":"USD","framed":true,"w":39.5,"h":56.0,"label":"Collector"},{"vendor":"houseofspoils","url":"https://houseofspoils.com/products/louis-fraga-the-amalfi-dream-i?variant=41591936221246","price":3450.0,"currency":"USD","framed":true,"w":46.0,"h":66.0,"label":"Exhibition"}]
hos-louis-fraga-wild-girls	Louis Fraga	https://houseofspoils.com/products/louis-fraga-wild-girls	Wild Girls	photo	film	https://cdn.shopify.com/s/files/1/0115/7385/4270/files/LF05.jpg?width=560	[{"vendor":"houseofspoils","url":"https://houseofspoils.com/products/louis-fraga-wild-girls?variant=41114732822590","price":225.0,"currency":"USD","framed":true,"w":18.5,"h":14.5,"label":"Small"},{"vendor":"houseofspoils","url":"https://houseofspoils.com/products/louis-fraga-wild-girls?variant=41591946379326","price":400.0,"currency":"USD","framed":true,"w":26.0,"h":19.5,"label":"Medium"},{"vendor":"houseofspoils","url":"https://houseofspoils.com/products/louis-fraga-wild-girls?variant=41591946510398","price":590.0,"currency":"USD","framed":true,"w":33.5,"h":24.5,"label":"Large"},{"vendor":"houseofspoils","url":"https://houseofspoils.com/products/louis-fraga-wild-girls?variant=41591946641470","price":1050.0,"currency":"USD","framed":true,"w":44.0,"h":31.5,"label":"Giant"},{"vendor":"houseofspoils","url":"https://houseofspoils.com/products/louis-fraga-wild-girls?variant=41591946772542","price":1975.0,"currency":"USD","framed":true,"w":56.0,"h":39.5,"label":"Collector"},{"vendor":"houseofspoils","url":"https://houseofspoils.com/products/louis-fraga-wild-girls?variant=41591946903614","price":3450.0,"currency":"USD","framed":true,"w":66.0,"h":46.0,"label":"Exhibition"}]
hos-louis-fraga-costa-brava	Louis Fraga	https://houseofspoils.com/products/louis-fraga-costa-brava	Costa Brava	photo	film	https://cdn.shopify.com/s/files/1/0115/7385/4270/files/LF02.jpg?width=560	[{"vendor":"houseofspoils","url":"https://houseofspoils.com/products/louis-fraga-costa-brava?variant=41114718961726","price":225.0,"currency":"USD","framed":true,"w":18.5,"h":14.5,"label":"Small"},{"vendor":"houseofspoils","url":"https://houseofspoils.com/products/louis-fraga-costa-brava?variant=41591951786046","price":400.0,"currency":"USD","framed":true,"w":26.0,"h":19.5,"label":"Medium"},{"vendor":"houseofspoils","url":"https://houseofspoils.com/products/louis-fraga-costa-brava?variant=41591951982654","price":590.0,"currency":"USD","framed":true,"w":33.5,"h":24.5,"label":"Large"},{"vendor":"houseofspoils","url":"https://houseofspoils.com/products/louis-fraga-costa-brava?variant=41591952179262","price":1050.0,"currency":"USD","framed":true,"w":44.0,"h":31.5,"label":"Giant"},{"vendor":"houseofspoils","url":"https://houseofspoils.com/products/louis-fraga-costa-brava?variant=41591952343102","price":1975.0,"currency":"USD","framed":true,"w":56.0,"h":39.5,"label":"Collector"},{"vendor":"houseofspoils","url":"https://houseofspoils.com/products/louis-fraga-costa-brava?variant=41591952539710","price":3450.0,"currency":"USD","framed":true,"w":66.0,"h":46.0,"label":"Exhibition"}]
hos-vincent-perraud-the-drive	Vincent Perraud	https://houseofspoils.com/products/vincent-perraud-the-drive	Drive	photo	film	https://cdn.shopify.com/s/files/1/0115/7385/4270/files/VP29.jpg?width=560	[{"vendor":"houseofspoils","url":"https://houseofspoils.com/products/vincent-perraud-the-drive?variant=41040582410302","price":225.0,"currency":"USD","framed":true,"w":14.5,"h":18.5,"label":"Small"},{"vendor":"houseofspoils","url":"https://houseofspoils.com/products/vincent-perraud-the-drive?variant=41591987667006","price":400.0,"currency":"USD","framed":true,"w":19.5,"h":26.0,"label":"Medium"},{"vendor":"houseofspoils","url":"https://houseofspoils.com/products/vincent-perraud-the-drive?variant=41591987798078","price":590.0,"currency":"USD","framed":true,"w":24.5,"h":33.5,"label":"Large"},{"vendor":"houseofspoils","url":"https://houseofspoils.com/products/vincent-perraud-the-drive?variant=41591987929150","price":1050.0,"currency":"USD","framed":true,"w":31.5,"h":44.0,"label":"Giant"},{"vendor":"houseofspoils","url":"https://houseofspoils.com/products/vincent-perraud-the-drive?variant=41591988060222","price":1975.0,"currency":"USD","framed":true,"w":39.5,"h":56.0,"label":"Collector"},{"vendor":"houseofspoils","url":"https://houseofspoils.com/products/vincent-perraud-the-drive?variant=41591988191294","price":3450.0,"currency":"USD","framed":true,"w":46.0,"h":66.0,"label":"Exhibition"}]
hos-louis-fraga-rose-o-clock	Louis Fraga	https://houseofspoils.com/products/louis-fraga-rose-o-clock	Rosé O’clock	photo	film	https://cdn.shopify.com/s/files/1/0115/7385/4270/files/LF01.jpg?width=560	[{"vendor":"houseofspoils","url":"https://houseofspoils.com/products/louis-fraga-rose-o-clock?variant=41040574414910","price":225.0,"currency":"USD","framed":true,"w":18.5,"h":14.5,"label":"Small"},{"vendor":"houseofspoils","url":"https://houseofspoils.com/products/louis-fraga-rose-o-clock?variant=41591995301950","price":400.0,"currency":"USD","framed":true,"w":26.0,"h":19.5,"label":"Medium"},{"vendor":"houseofspoils","url":"https://houseofspoils.com/products/louis-fraga-rose-o-clock?variant=41591995433022","price":590.0,"currency":"USD","framed":true,"w":33.5,"h":24.5,"label":"Large"},{"vendor":"houseofspoils","url":"https://houseofspoils.com/products/louis-fraga-rose-o-clock?variant=41591995564094","price":1050.0,"currency":"USD","framed":true,"w":44.0,"h":31.5,"label":"Giant"},{"vendor":"houseofspoils","url":"https://houseofspoils.com/products/louis-fraga-rose-o-clock?variant=41591995695166","price":1975.0,"currency":"USD","framed":true,"w":56.0,"h":39.5,"label":"Collector"},{"vendor":"houseofspoils","url":"https://houseofspoils.com/products/louis-fraga-rose-o-clock?variant=41591995826238","price":3450.0,"currency":"USD","framed":true,"w":66.0,"h":46.0,"label":"Exhibition"}]
hos-beau-simmons-wild-rush	Beau Simmons	https://houseofspoils.com/products/beau-simmons-wild-rush	Wild Rush	photo	film	https://cdn.shopify.com/s/files/1/0115/7385/4270/products/house-of-spoils-BS08-horizontal-black-collector_4f269fa5-7dc8-49dc-a3aa-c858ae9c949d.jpg?width=560	[{"vendor":"houseofspoils","url":"https://houseofspoils.com/products/beau-simmons-wild-rush?variant=40038172721214","price":225.0,"currency":"USD","framed":true,"w":18.5,"h":14.5,"label":"Small"},{"vendor":"houseofspoils","url":"https://houseofspoils.com/products/beau-simmons-wild-rush?variant=41592347689022","price":400.0,"currency":"USD","framed":true,"w":26.0,"h":19.5,"label":"Medium"},{"vendor":"houseofspoils","url":"https://houseofspoils.com/products/beau-simmons-wild-rush?variant=41592347820094","price":590.0,"currency":"USD","framed":true,"w":33.5,"h":24.5,"label":"Large"},{"vendor":"houseofspoils","url":"https://houseofspoils.com/products/beau-simmons-wild-rush?variant=41592347951166","price":1050.0,"currency":"USD","framed":true,"w":44.0,"h":31.5,"label":"Giant"},{"vendor":"houseofspoils","url":"https://houseofspoils.com/products/beau-simmons-wild-rush?variant=41592348082238","price":1975.0,"currency":"USD","framed":true,"w":56.0,"h":39.5,"label":"Collector"},{"vendor":"houseofspoils","url":"https://houseofspoils.com/products/beau-simmons-wild-rush?variant=41592348213310","price":3450.0,"currency":"USD","framed":true,"w":66.0,"h":46.0,"label":"Exhibition"}]
hos-cameron-hammond-dolce-mare	Cameron Hammond	https://houseofspoils.com/products/cameron-hammond-dolce-mare	Dolce Mare	photo	film	https://cdn.shopify.com/s/files/1/0115/7385/4270/files/CH16.jpg?width=560	[{"vendor":"houseofspoils","url":"https://houseofspoils.com/products/cameron-hammond-dolce-mare?variant=41020537438270","price":225.0,"currency":"USD","framed":true,"w":14.5,"h":18.5,"label":"Small"},{"vendor":"houseofspoils","url":"https://houseofspoils.com/products/cameron-hammond-dolce-mare?variant=41592027545662","price":400.0,"currency":"USD","framed":true,"w":19.5,"h":26.0,"label":"Medium"},{"vendor":"houseofspoils","url":"https://houseofspoils.com/products/cameron-hammond-dolce-mare?variant=41592027676734","price":590.0,"currency":"USD","framed":true,"w":24.5,"h":33.5,"label":"Large"},{"vendor":"houseofspoils","url":"https://houseofspoils.com/products/cameron-hammond-dolce-mare?variant=41592027807806","price":1050.0,"currency":"USD","framed":true,"w":31.5,"h":44.0,"label":"Giant"},{"vendor":"houseofspoils","url":"https://houseofspoils.com/products/cameron-hammond-dolce-mare?variant=41592027938878","price":1975.0,"currency":"USD","framed":true,"w":39.5,"h":56.0,"label":"Collector"},{"vendor":"houseofspoils","url":"https://houseofspoils.com/products/cameron-hammond-dolce-mare?variant=41592028069950","price":3450.0,"currency":"USD","framed":true,"w":46.0,"h":66.0,"label":"Exhibition"}]
hos-cameron-hammond-blue-summer	Cameron Hammond	https://houseofspoils.com/products/cameron-hammond-blue-summer	Blue Summer	photo	film	https://cdn.shopify.com/s/files/1/0115/7385/4270/files/CH15.jpg?width=560	[{"vendor":"houseofspoils","url":"https://houseofspoils.com/products/cameron-hammond-blue-summer?variant=41020531703870","price":225.0,"currency":"USD","framed":true,"w":14.5,"h":18.5,"label":"Small"},{"vendor":"houseofspoils","url":"https://houseofspoils.com/products/cameron-hammond-blue-summer?variant=41592031412286","price":400.0,"currency":"USD","framed":true,"w":19.5,"h":26.0,"label":"Medium"},{"vendor":"houseofspoils","url":"https://houseofspoils.com/products/cameron-hammond-blue-summer?variant=41592031543358","price":590.0,"currency":"USD","framed":true,"w":24.5,"h":33.5,"label":"Large"},{"vendor":"houseofspoils","url":"https://houseofspoils.com/products/cameron-hammond-blue-summer?variant=41592031674430","price":1050.0,"currency":"USD","framed":true,"w":31.5,"h":44.0,"label":"Giant"},{"vendor":"houseofspoils","url":"https://houseofspoils.com/products/cameron-hammond-blue-summer?variant=41592031805502","price":1975.0,"currency":"USD","framed":true,"w":39.5,"h":56.0,"label":"Collector"},{"vendor":"houseofspoils","url":"https://houseofspoils.com/products/cameron-hammond-blue-summer?variant=41592031936574","price":3450.0,"currency":"USD","framed":true,"w":46.0,"h":66.0,"label":"Exhibition"}]
hos-cameron-hammond-sailing-swimmer	Cameron Hammond	https://houseofspoils.com/products/cameron-hammond-sailing-swimmer	Girl Swimming	photo	film	https://cdn.shopify.com/s/files/1/0115/7385/4270/files/CH17.jpg?width=560	[{"vendor":"houseofspoils","url":"https://houseofspoils.com/products/cameron-hammond-sailing-swimmer?variant=41020599468094","price":225.0,"currency":"USD","framed":true,"w":14.5,"h":18.5,"label":"Small"},{"vendor":"houseofspoils","url":"https://houseofspoils.com/products/cameron-hammond-sailing-swimmer?variant=41592014110782","price":400.0,"currency":"USD","framed":true,"w":19.5,"h":26.0,"label":"Medium"},{"vendor":"houseofspoils","url":"https://houseofspoils.com/products/cameron-hammond-sailing-swimmer?variant=41592014241854","price":590.0,"currency":"USD","framed":true,"w":24.5,"h":33.5,"label":"Large"},{"vendor":"houseofspoils","url":"https://houseofspoils.com/products/cameron-hammond-sailing-swimmer?variant=41592014372926","price":1050.0,"currency":"USD","framed":true,"w":31.5,"h":44.0,"label":"Giant"},{"vendor":"houseofspoils","url":"https://houseofspoils.com/products/cameron-hammond-sailing-swimmer?variant=41592014503998","price":1975.0,"currency":"USD","framed":true,"w":39.5,"h":56.0,"label":"Collector"},{"vendor":"houseofspoils","url":"https://houseofspoils.com/products/cameron-hammond-sailing-swimmer?variant=41592014635070","price":3450.0,"currency":"USD","framed":true,"w":46.0,"h":66.0,"label":"Exhibition"}]
hos-cameron-hammond-mermaid	Cameron Hammond	https://houseofspoils.com/products/cameron-hammond-mermaid	Mermaid	photo	film	https://cdn.shopify.com/s/files/1/0115/7385/4270/files/CH18.jpg?width=560	[{"vendor":"houseofspoils","url":"https://houseofspoils.com/products/cameron-hammond-mermaid?variant=41020610150462","price":225.0,"currency":"USD","framed":true,"w":14.5,"h":18.5,"label":"Small"},{"vendor":"houseofspoils","url":"https://houseofspoils.com/products/cameron-hammond-mermaid?variant=41592011751486","price":400.0,"currency":"USD","framed":true,"w":19.5,"h":26.0,"label":"Medium"},{"vendor":"houseofspoils","url":"https://houseofspoils.com/products/cameron-hammond-mermaid?variant=41592011882558","price":590.0,"currency":"USD","framed":true,"w":24.5,"h":33.5,"label":"Large"},{"vendor":"houseofspoils","url":"https://houseofspoils.com/products/cameron-hammond-mermaid?variant=41592012013630","price":1050.0,"currency":"USD","framed":true,"w":31.5,"h":44.0,"label":"Giant"},{"vendor":"houseofspoils","url":"https://houseofspoils.com/products/cameron-hammond-mermaid?variant=41592012144702","price":1975.0,"currency":"USD","framed":true,"w":39.5,"h":56.0,"label":"Collector"},{"vendor":"houseofspoils","url":"https://houseofspoils.com/products/cameron-hammond-mermaid?variant=41592012275774","price":3450.0,"currency":"USD","framed":true,"w":46.0,"h":66.0,"label":"Exhibition"}]
hos-beau-simmons-whiteout	Beau Simmons	https://houseofspoils.com/products/beau-simmons-whiteout	Whiteout	photo	film	https://cdn.shopify.com/s/files/1/0115/7385/4270/files/BS33.jpg?width=560	[{"vendor":"houseofspoils","url":"https://houseofspoils.com/products/beau-simmons-whiteout?variant=40965050695742","price":225.0,"currency":"USD","framed":true,"w":18.5,"h":14.5,"label":"Small"},{"vendor":"houseofspoils","url":"https://houseofspoils.com/products/beau-simmons-whiteout?variant=41592033738814","price":400.0,"currency":"USD","framed":true,"w":26.0,"h":19.5,"label":"Medium"},{"vendor":"houseofspoils","url":"https://houseofspoils.com/products/beau-simmons-whiteout?variant=41592033869886","price":590.0,"currency":"USD","framed":true,"w":33.5,"h":24.5,"label":"Large"},{"vendor":"houseofspoils","url":"https://houseofspoils.com/products/beau-simmons-whiteout?variant=41592034000958","price":1050.0,"currency":"USD","framed":true,"w":44.0,"h":31.5,"label":"Giant"},{"vendor":"houseofspoils","url":"https://houseofspoils.com/products/beau-simmons-whiteout?variant=41592034132030","price":1975.0,"currency":"USD","framed":true,"w":56.0,"h":39.5,"label":"Collector"},{"vendor":"houseofspoils","url":"https://houseofspoils.com/products/beau-simmons-whiteout?variant=41592034263102","price":3450.0,"currency":"USD","framed":true,"w":66.0,"h":46.0,"label":"Exhibition"}]
hos-kurt-arrigo-swim-aid	Kurt Arrigo	https://houseofspoils.com/products/kurt-arrigo-swim-aid	Swim Aid	photo	film	https://cdn.shopify.com/s/files/1/0115/7385/4270/files/KA07.jpg?width=560	[{"vendor":"houseofspoils","url":"https://houseofspoils.com/products/kurt-arrigo-swim-aid?variant=40525094158398","price":225.0,"currency":"USD","framed":true,"w":14.5,"h":18.5,"label":"Small"},{"vendor":"houseofspoils","url":"https://houseofspoils.com/products/kurt-arrigo-swim-aid?variant=41592418435134","price":400.0,"currency":"USD","framed":true,"w":19.5,"h":26.0,"label":"Medium"},{"vendor":"houseofspoils","url":"https://houseofspoils.com/products/kurt-arrigo-swim-aid?variant=41592418566206","price":590.0,"currency":"USD","framed":true,"w":24.5,"h":33.5,"label":"Large"},{"vendor":"houseofspoils","url":"https://houseofspoils.com/products/kurt-arrigo-swim-aid?variant=41592418697278","price":1050.0,"currency":"USD","framed":true,"w":31.5,"h":44.0,"label":"Giant"},{"vendor":"houseofspoils","url":"https://houseofspoils.com/products/kurt-arrigo-swim-aid?variant=41592418828350","price":1975.0,"currency":"USD","framed":true,"w":39.5,"h":56.0,"label":"Collector"},{"vendor":"houseofspoils","url":"https://houseofspoils.com/products/kurt-arrigo-swim-aid?variant=41592418959422","price":3450.0,"currency":"USD","framed":true,"w":46.0,"h":66.0,"label":"Exhibition"}]
hos-lella-soper-the-lake-house	Lella Soper	https://houseofspoils.com/products/lella-soper-the-lake-house	The Lake House	photo	film	https://cdn.shopify.com/s/files/1/0115/7385/4270/files/LS26.jpg?width=560	[{"vendor":"houseofspoils","url":"https://houseofspoils.com/products/lella-soper-the-lake-house?variant=40891653357630","price":225.0,"currency":"USD","framed":true,"w":18.5,"h":14.5,"label":"Small"},{"vendor":"houseofspoils","url":"https://houseofspoils.com/products/lella-soper-the-lake-house?variant=41592059363390","price":400.0,"currency":"USD","framed":true,"w":26.0,"h":19.5,"label":"Medium"},{"vendor":"houseofspoils","url":"https://houseofspoils.com/products/lella-soper-the-lake-house?variant=41592059494462","price":590.0,"currency":"USD","framed":true,"w":33.5,"h":24.5,"label":"Large"},{"vendor":"houseofspoils","url":"https://houseofspoils.com/products/lella-soper-the-lake-house?variant=41592059625534","price":1050.0,"currency":"USD","framed":true,"w":44.0,"h":31.5,"label":"Giant"},{"vendor":"houseofspoils","url":"https://houseofspoils.com/products/lella-soper-the-lake-house?variant=41592059756606","price":1975.0,"currency":"USD","framed":true,"w":56.0,"h":39.5,"label":"Collector"},{"vendor":"houseofspoils","url":"https://houseofspoils.com/products/lella-soper-the-lake-house?variant=41592059887678","price":3450.0,"currency":"USD","framed":true,"w":66.0,"h":46.0,"label":"Exhibition"}]
hos-tom-hawkins-swoop	Tom Hawkins	https://houseofspoils.com/products/tom-hawkins-swoop	Swoop	photo	film	https://cdn.shopify.com/s/files/1/0115/7385/4270/files/TH22.jpg?width=560	[{"vendor":"houseofspoils","url":"https://houseofspoils.com/products/tom-hawkins-swoop?variant=40892372451390","price":225.0,"currency":"USD","framed":true,"w":18.5,"h":14.5,"label":"Small"},{"vendor":"houseofspoils","url":"https://houseofspoils.com/products/tom-hawkins-swoop?variant=41592051269694","price":400.0,"currency":"USD","framed":true,"w":26.0,"h":19.5,"label":"Medium"},{"vendor":"houseofspoils","url":"https://houseofspoils.com/products/tom-hawkins-swoop?variant=41592051400766","price":590.0,"currency":"USD","framed":true,"w":33.5,"h":24.5,"label":"Large"},{"vendor":"houseofspoils","url":"https://houseofspoils.com/products/tom-hawkins-swoop?variant=41592051531838","price":1050.0,"currency":"USD","framed":true,"w":44.0,"h":31.5,"label":"Giant"},{"vendor":"houseofspoils","url":"https://houseofspoils.com/products/tom-hawkins-swoop?variant=41592051662910","price":1975.0,"currency":"USD","framed":true,"w":56.0,"h":39.5,"label":"Collector"},{"vendor":"houseofspoils","url":"https://houseofspoils.com/products/tom-hawkins-swoop?variant=41592051793982","price":3450.0,"currency":"USD","framed":true,"w":66.0,"h":46.0,"label":"Exhibition"}]
hos-michael-oliver-love-the-boy-swimming	Michael Oliver Love	https://houseofspoils.com/products/michael-oliver-love-the-boy-swimming	The Boy Swimming	photo	film	https://cdn.shopify.com/s/files/1/0115/7385/4270/files/MO01.jpg?width=560	[{"vendor":"houseofspoils","url":"https://houseofspoils.com/products/michael-oliver-love-the-boy-swimming?variant=40788756791358","price":225.0,"currency":"USD","framed":true,"w":18.5,"h":14.5,"label":"Small"},{"vendor":"houseofspoils","url":"https://houseofspoils.com/products/michael-oliver-love-the-boy-swimming?variant=41592097603646","price":400.0,"currency":"USD","framed":true,"w":26.0,"h":19.5,"label":"Medium"},{"vendor":"houseofspoils","url":"https://houseofspoils.com/products/michael-oliver-love-the-boy-swimming?variant=41592097734718","price":590.0,"currency":"USD","framed":true,"w":33.5,"h":24.5,"label":"Large"},{"vendor":"houseofspoils","url":"https://houseofspoils.com/products/michael-oliver-love-the-boy-swimming?variant=41592097865790","price":1050.0,"currency":"USD","framed":true,"w":44.0,"h":31.5,"label":"Giant"},{"vendor":"houseofspoils","url":"https://houseofspoils.com/products/michael-oliver-love-the-boy-swimming?variant=41592097996862","price":1975.0,"currency":"USD","framed":true,"w":56.0,"h":39.5,"label":"Collector"},{"vendor":"houseofspoils","url":"https://houseofspoils.com/products/michael-oliver-love-the-boy-swimming?variant=41592098127934","price":3450.0,"currency":"USD","framed":true,"w":66.0,"h":46.0,"label":"Exhibition"}]
hos-alexandru-costin-along-for-so-long	Alexandru Costin	https://houseofspoils.com/products/alexandru-costin-along-for-so-long	Alone For So Long	photo	film	https://cdn.shopify.com/s/files/1/0115/7385/4270/products/AC07-S-F.jpg?width=560	[{"vendor":"houseofspoils","url":"https://houseofspoils.com/products/alexandru-costin-along-for-so-long?variant=40038359105598","price":225.0,"currency":"USD","framed":true,"w":18.5,"h":14.5,"label":"Small"},{"vendor":"houseofspoils","url":"https://houseofspoils.com/products/alexandru-costin-along-for-so-long?variant=41591912333374","price":400.0,"currency":"USD","framed":true,"w":26.0,"h":19.5,"label":"Medium"},{"vendor":"houseofspoils","url":"https://houseofspoils.com/products/alexandru-costin-along-for-so-long?variant=41591912464446","price":590.0,"currency":"USD","framed":true,"w":33.5,"h":24.5,"label":"Large"},{"vendor":"houseofspoils","url":"https://houseofspoils.com/products/alexandru-costin-along-for-so-long?variant=41591912595518","price":1050.0,"currency":"USD","framed":true,"w":44.0,"h":31.5,"label":"Giant"},{"vendor":"houseofspoils","url":"https://houseofspoils.com/products/alexandru-costin-along-for-so-long?variant=41591912726590","price":1975.0,"currency":"USD","framed":true,"w":56.0,"h":39.5,"label":"Collector"},{"vendor":"houseofspoils","url":"https://houseofspoils.com/products/alexandru-costin-along-for-so-long?variant=41591912857662","price":3450.0,"currency":"USD","framed":true,"w":66.0,"h":46.0,"label":"Exhibition"}]
hos-riley-harper-game-point	Riley Harper	https://houseofspoils.com/products/riley-harper-game-point	Game Point	photo	film	https://cdn.shopify.com/s/files/1/0115/7385/4270/files/RH49.jpg?width=560	[{"vendor":"houseofspoils","url":"https://houseofspoils.com/products/riley-harper-game-point?variant=40892397453374","price":225.0,"currency":"USD","framed":true,"w":14.5,"h":18.5,"label":"Small"},{"vendor":"houseofspoils","url":"https://houseofspoils.com/products/riley-harper-game-point?variant=41592048975934","price":400.0,"currency":"USD","framed":true,"w":19.5,"h":26.0,"label":"Medium"},{"vendor":"houseofspoils","url":"https://houseofspoils.com/products/riley-harper-game-point?variant=41592049107006","price":590.0,"currency":"USD","framed":true,"w":24.5,"h":33.5,"label":"Large"},{"vendor":"houseofspoils","url":"https://houseofspoils.com/products/riley-harper-game-point?variant=41592049238078","price":1050.0,"currency":"USD","framed":true,"w":31.5,"h":44.0,"label":"Giant"},{"vendor":"houseofspoils","url":"https://houseofspoils.com/products/riley-harper-game-point?variant=41592049369150","price":1975.0,"currency":"USD","framed":true,"w":39.5,"h":56.0,"label":"Collector"},{"vendor":"houseofspoils","url":"https://houseofspoils.com/products/riley-harper-game-point?variant=41592049500222","price":3450.0,"currency":"USD","framed":true,"w":46.0,"h":66.0,"label":"Exhibition"}]
hos-monti-smith-kona-winds	Monti Smith	https://houseofspoils.com/products/monti-smith-kona-winds	Kona Winds	photo	film	https://cdn.shopify.com/s/files/1/0115/7385/4270/files/MS07.jpg?width=560	[{"vendor":"houseofspoils","url":"https://houseofspoils.com/products/monti-smith-kona-winds?variant=40903889748030","price":225.0,"currency":"USD","framed":true,"w":14.5,"h":18.5,"label":"Small"},{"vendor":"houseofspoils","url":"https://houseofspoils.com/products/monti-smith-kona-winds?variant=41592037179454","price":400.0,"currency":"USD","framed":true,"w":19.5,"h":26.0,"label":"Medium"},{"vendor":"houseofspoils","url":"https://houseofspoils.com/products/monti-smith-kona-winds?variant=41592037310526","price":590.0,"currency":"USD","framed":true,"w":24.5,"h":33.5,"label":"Large"},{"vendor":"houseofspoils","url":"https://houseofspoils.com/products/monti-smith-kona-winds?variant=41592037441598","price":1050.0,"currency":"USD","framed":true,"w":31.5,"h":44.0,"label":"Giant"},{"vendor":"houseofspoils","url":"https://houseofspoils.com/products/monti-smith-kona-winds?variant=41592037572670","price":1975.0,"currency":"USD","framed":true,"w":39.5,"h":56.0,"label":"Collector"},{"vendor":"houseofspoils","url":"https://houseofspoils.com/products/monti-smith-kona-winds?variant=41592037703742","price":3450.0,"currency":"USD","framed":true,"w":46.0,"h":66.0,"label":"Exhibition"}]
hos-avery-swail-in-realms	Avery Swail	https://houseofspoils.com/products/avery-swail-in-realms	In Realms	photo	film	https://cdn.shopify.com/s/files/1/0115/7385/4270/files/AS09.jpg?width=560	[{"vendor":"houseofspoils","url":"https://houseofspoils.com/products/avery-swail-in-realms?variant=40797494837310","price":225.0,"currency":"USD","framed":true,"w":14.5,"h":18.5,"label":"Small"},{"vendor":"houseofspoils","url":"https://houseofspoils.com/products/avery-swail-in-realms?variant=41592061657150","price":400.0,"currency":"USD","framed":true,"w":19.5,"h":26.0,"label":"Medium"},{"vendor":"houseofspoils","url":"https://houseofspoils.com/products/avery-swail-in-realms?variant=41592061788222","price":590.0,"currency":"USD","framed":true,"w":24.5,"h":33.5,"label":"Large"},{"vendor":"houseofspoils","url":"https://houseofspoils.com/products/avery-swail-in-realms?variant=41592061919294","price":1050.0,"currency":"USD","framed":true,"w":31.5,"h":44.0,"label":"Giant"},{"vendor":"houseofspoils","url":"https://houseofspoils.com/products/avery-swail-in-realms?variant=41592062050366","price":1975.0,"currency":"USD","framed":true,"w":39.5,"h":56.0,"label":"Collector"},{"vendor":"houseofspoils","url":"https://houseofspoils.com/products/avery-swail-in-realms?variant=41592062181438","price":3450.0,"currency":"USD","framed":true,"w":46.0,"h":66.0,"label":"Exhibition"}]
hos-avery-swail-in-dreams	Avery Swail	https://houseofspoils.com/products/avery-swail-in-dreams	In Dreams	photo	film	https://cdn.shopify.com/s/files/1/0115/7385/4270/files/AS08.jpg?width=560	[{"vendor":"houseofspoils","url":"https://houseofspoils.com/products/avery-swail-in-dreams?variant=40797478158398","price":225.0,"currency":"USD","framed":true,"w":14.5,"h":18.5,"label":"Small"},{"vendor":"houseofspoils","url":"https://houseofspoils.com/products/avery-swail-in-dreams?variant=41592066506814","price":400.0,"currency":"USD","framed":true,"w":19.5,"h":26.0,"label":"Medium"},{"vendor":"houseofspoils","url":"https://houseofspoils.com/products/avery-swail-in-dreams?variant=41592066637886","price":590.0,"currency":"USD","framed":true,"w":24.5,"h":33.5,"label":"Large"},{"vendor":"houseofspoils","url":"https://houseofspoils.com/products/avery-swail-in-dreams?variant=41592066768958","price":1050.0,"currency":"USD","framed":true,"w":31.5,"h":44.0,"label":"Giant"},{"vendor":"houseofspoils","url":"https://houseofspoils.com/products/avery-swail-in-dreams?variant=41592066900030","price":1975.0,"currency":"USD","framed":true,"w":39.5,"h":56.0,"label":"Collector"},{"vendor":"houseofspoils","url":"https://houseofspoils.com/products/avery-swail-in-dreams?variant=41592067031102","price":3450.0,"currency":"USD","framed":true,"w":46.0,"h":66.0,"label":"Exhibition"}]
hos-avery-swail-in-the-south	Avery Swail	https://houseofspoils.com/products/avery-swail-in-the-south	In the South	photo	film	https://cdn.shopify.com/s/files/1/0115/7385/4270/files/AS07.jpg?width=560	[{"vendor":"houseofspoils","url":"https://houseofspoils.com/products/avery-swail-in-the-south?variant=40797470392382","price":225.0,"currency":"USD","framed":true,"w":14.5,"h":18.5,"label":"Small"},{"vendor":"houseofspoils","url":"https://houseofspoils.com/products/avery-swail-in-the-south?variant=41592069947454","price":400.0,"currency":"USD","framed":true,"w":19.5,"h":26.0,"label":"Medium"},{"vendor":"houseofspoils","url":"https://houseofspoils.com/products/avery-swail-in-the-south?variant=41592070078526","price":590.0,"currency":"USD","framed":true,"w":24.5,"h":33.5,"label":"Large"},{"vendor":"houseofspoils","url":"https://houseofspoils.com/products/avery-swail-in-the-south?variant=41592070209598","price":1050.0,"currency":"USD","framed":true,"w":31.5,"h":44.0,"label":"Giant"},{"vendor":"houseofspoils","url":"https://houseofspoils.com/products/avery-swail-in-the-south?variant=41592070340670","price":1975.0,"currency":"USD","framed":true,"w":39.5,"h":56.0,"label":"Collector"},{"vendor":"houseofspoils","url":"https://houseofspoils.com/products/avery-swail-in-the-south?variant=41592070471742","price":3450.0,"currency":"USD","framed":true,"w":46.0,"h":66.0,"label":"Exhibition"}]
hos-avery-swail-in-reflection	Avery Swail	https://houseofspoils.com/products/avery-swail-in-reflection	In Reflection	photo	film	https://cdn.shopify.com/s/files/1/0115/7385/4270/files/AS06.jpg?width=560	[{"vendor":"houseofspoils","url":"https://houseofspoils.com/products/avery-swail-in-reflection?variant=40797461479486","price":225.0,"currency":"USD","framed":true,"w":14.5,"h":18.5,"label":"Small"},{"vendor":"houseofspoils","url":"https://houseofspoils.com/products/avery-swail-in-reflection?variant=41592075812926","price":400.0,"currency":"USD","framed":true,"w":19.5,"h":26.0,"label":"Medium"},{"vendor":"houseofspoils","url":"https://houseofspoils.com/products/avery-swail-in-reflection?variant=41592075943998","price":590.0,"currency":"USD","framed":true,"w":24.5,"h":33.5,"label":"Large"},{"vendor":"houseofspoils","url":"https://houseofspoils.com/products/avery-swail-in-reflection?variant=41592076075070","price":1050.0,"currency":"USD","framed":true,"w":31.5,"h":44.0,"label":"Giant"},{"vendor":"houseofspoils","url":"https://houseofspoils.com/products/avery-swail-in-reflection?variant=41592076206142","price":1975.0,"currency":"USD","framed":true,"w":39.5,"h":56.0,"label":"Collector"},{"vendor":"houseofspoils","url":"https://houseofspoils.com/products/avery-swail-in-reflection?variant=41592076337214","price":3450.0,"currency":"USD","framed":true,"w":46.0,"h":66.0,"label":"Exhibition"}]
hos-avery-swail-in-her-world	Avery Swail	https://houseofspoils.com/products/avery-swail-in-her-world	In Her World	photo	film	https://cdn.shopify.com/s/files/1/0115/7385/4270/files/AS05.jpg?width=560	[{"vendor":"houseofspoils","url":"https://houseofspoils.com/products/avery-swail-in-her-world?variant=40797457416254","price":225.0,"currency":"USD","framed":true,"w":14.5,"h":18.5,"label":"Small"},{"vendor":"houseofspoils","url":"https://houseofspoils.com/products/avery-swail-in-her-world?variant=41592079089726","price":400.0,"currency":"USD","framed":true,"w":19.5,"h":26.0,"label":"Medium"},{"vendor":"houseofspoils","url":"https://houseofspoils.com/products/avery-swail-in-her-world?variant=41592079220798","price":590.0,"currency":"USD","framed":true,"w":24.5,"h":33.5,"label":"Large"},{"vendor":"houseofspoils","url":"https://houseofspoils.com/products/avery-swail-in-her-world?variant=41592079351870","price":1050.0,"currency":"USD","framed":true,"w":31.5,"h":44.0,"label":"Giant"},{"vendor":"houseofspoils","url":"https://houseofspoils.com/products/avery-swail-in-her-world?variant=41592079482942","price":1975.0,"currency":"USD","framed":true,"w":39.5,"h":56.0,"label":"Collector"},{"vendor":"houseofspoils","url":"https://houseofspoils.com/products/avery-swail-in-her-world?variant=41592079614014","price":3450.0,"currency":"USD","framed":true,"w":46.0,"h":66.0,"label":"Exhibition"}]
hos-avery-swail-in-motion	Avery Swail	https://houseofspoils.com/products/avery-swail-in-motion	In Motion	photo	film	https://cdn.shopify.com/s/files/1/0115/7385/4270/files/AS04.jpg?width=560	[{"vendor":"houseofspoils","url":"https://houseofspoils.com/products/avery-swail-in-motion?variant=40797452271678","price":225.0,"currency":"USD","framed":true,"w":14.5,"h":18.5,"label":"Small"},{"vendor":"houseofspoils","url":"https://houseofspoils.com/products/avery-swail-in-motion?variant=41592080433214","price":400.0,"currency":"USD","framed":true,"w":19.5,"h":26.0,"label":"Medium"},{"vendor":"houseofspoils","url":"https://houseofspoils.com/products/avery-swail-in-motion?variant=41592080564286","price":590.0,"currency":"USD","framed":true,"w":24.5,"h":33.5,"label":"Large"},{"vendor":"houseofspoils","url":"https://houseofspoils.com/products/avery-swail-in-motion?variant=41592080695358","price":1050.0,"currency":"USD","framed":true,"w":31.5,"h":44.0,"label":"Giant"},{"vendor":"houseofspoils","url":"https://houseofspoils.com/products/avery-swail-in-motion?variant=41592080826430","price":1975.0,"currency":"USD","framed":true,"w":39.5,"h":56.0,"label":"Collector"},{"vendor":"houseofspoils","url":"https://houseofspoils.com/products/avery-swail-in-motion?variant=41592080957502","price":3450.0,"currency":"USD","framed":true,"w":46.0,"h":66.0,"label":"Exhibition"}]
hos-avery-swail-in-honolulu	Avery Swail	https://houseofspoils.com/products/avery-swail-in-honolulu	In Honolulu	photo	film	https://cdn.shopify.com/s/files/1/0115/7385/4270/files/AS03.jpg?width=560	[{"vendor":"houseofspoils","url":"https://houseofspoils.com/products/avery-swail-in-honolulu?variant=40790010298430","price":225.0,"currency":"USD","framed":true,"w":14.5,"h":18.5,"label":"Small"},{"vendor":"houseofspoils","url":"https://houseofspoils.com/products/avery-swail-in-honolulu?variant=41592083873854","price":400.0,"currency":"USD","framed":true,"w":19.5,"h":26.0,"label":"Medium"},{"vendor":"houseofspoils","url":"https://houseofspoils.com/products/avery-swail-in-honolulu?variant=41592084004926","price":590.0,"currency":"USD","framed":true,"w":24.5,"h":33.5,"label":"Large"},{"vendor":"houseofspoils","url":"https://houseofspoils.com/products/avery-swail-in-honolulu?variant=41592084135998","price":1050.0,"currency":"USD","framed":true,"w":31.5,"h":44.0,"label":"Giant"},{"vendor":"houseofspoils","url":"https://houseofspoils.com/products/avery-swail-in-honolulu?variant=41592084267070","price":1975.0,"currency":"USD","framed":true,"w":39.5,"h":56.0,"label":"Collector"},{"vendor":"houseofspoils","url":"https://houseofspoils.com/products/avery-swail-in-honolulu?variant=41592084398142","price":3450.0,"currency":"USD","framed":true,"w":46.0,"h":66.0,"label":"Exhibition"}]
hos-avery-swail-in-the-sparkles	Avery Swail	https://houseofspoils.com/products/avery-swail-in-the-sparkles	In the Sparkles	photo	film	https://cdn.shopify.com/s/files/1/0115/7385/4270/files/AS02.jpg?width=560	[{"vendor":"houseofspoils","url":"https://houseofspoils.com/products/avery-swail-in-the-sparkles?variant=40789966913598","price":225.0,"currency":"USD","framed":true,"w":14.5,"h":18.5,"label":"Small"},{"vendor":"houseofspoils","url":"https://houseofspoils.com/products/avery-swail-in-the-sparkles?variant=41592089608254","price":400.0,"currency":"USD","framed":true,"w":19.5,"h":26.0,"label":"Medium"},{"vendor":"houseofspoils","url":"https://houseofspoils.com/products/avery-swail-in-the-sparkles?variant=41592089739326","price":590.0,"currency":"USD","framed":true,"w":24.5,"h":33.5,"label":"Large"},{"vendor":"houseofspoils","url":"https://houseofspoils.com/products/avery-swail-in-the-sparkles?variant=41592089870398","price":1050.0,"currency":"USD","framed":true,"w":31.5,"h":44.0,"label":"Giant"},{"vendor":"houseofspoils","url":"https://houseofspoils.com/products/avery-swail-in-the-sparkles?variant=41592090001470","price":1975.0,"currency":"USD","framed":true,"w":39.5,"h":56.0,"label":"Collector"},{"vendor":"houseofspoils","url":"https://houseofspoils.com/products/avery-swail-in-the-sparkles?variant=41592090132542","price":3450.0,"currency":"USD","framed":true,"w":46.0,"h":66.0,"label":"Exhibition"}]
hos-avery-swail-in-time-ii	Avery Swail	https://houseofspoils.com/products/avery-swail-in-time-ii	In Time II	photo	film	https://cdn.shopify.com/s/files/1/0115/7385/4270/files/AS01.jpg?width=560	[{"vendor":"houseofspoils","url":"https://houseofspoils.com/products/avery-swail-in-time-ii?variant=40789867364414","price":225.0,"currency":"USD","framed":true,"w":14.5,"h":18.5,"label":"Small"},{"vendor":"houseofspoils","url":"https://houseofspoils.com/products/avery-swail-in-time-ii?variant=41592091902014","price":400.0,"currency":"USD","framed":true,"w":19.5,"h":26.0,"label":"Medium"},{"vendor":"houseofspoils","url":"https://houseofspoils.com/products/avery-swail-in-time-ii?variant=41592092033086","price":590.0,"currency":"USD","framed":true,"w":24.5,"h":33.5,"label":"Large"},{"vendor":"houseofspoils","url":"https://houseofspoils.com/products/avery-swail-in-time-ii?variant=41592092164158","price":1050.0,"currency":"USD","framed":true,"w":31.5,"h":44.0,"label":"Giant"},{"vendor":"houseofspoils","url":"https://houseofspoils.com/products/avery-swail-in-time-ii?variant=41592092295230","price":1975.0,"currency":"USD","framed":true,"w":39.5,"h":56.0,"label":"Collector"},{"vendor":"houseofspoils","url":"https://houseofspoils.com/products/avery-swail-in-time-ii?variant=41592092426302","price":3450.0,"currency":"USD","framed":true,"w":46.0,"h":66.0,"label":"Exhibition"}]
hos-natalie-obradovich-treville	Natalie Obradovich	https://houseofspoils.com/products/natalie-obradovich-treville	Tre Ville	photo	film	https://cdn.shopify.com/s/files/1/0115/7385/4270/files/NO40.jpg?width=560	[{"vendor":"houseofspoils","url":"https://houseofspoils.com/products/natalie-obradovich-treville?variant=40732782690366","price":225.0,"currency":"USD","framed":true,"w":14.5,"h":18.5,"label":"Small"},{"vendor":"houseofspoils","url":"https://houseofspoils.com/products/natalie-obradovich-treville?variant=41592101077054","price":400.0,"currency":"USD","framed":true,"w":19.5,"h":26.0,"label":"Medium"},{"vendor":"houseofspoils","url":"https://houseofspoils.com/products/natalie-obradovich-treville?variant=41592101208126","price":590.0,"currency":"USD","framed":true,"w":24.5,"h":33.5,"label":"Large"},{"vendor":"houseofspoils","url":"https://houseofspoils.com/products/natalie-obradovich-treville?variant=41592101339198","price":1050.0,"currency":"USD","framed":true,"w":31.5,"h":44.0,"label":"Giant"},{"vendor":"houseofspoils","url":"https://houseofspoils.com/products/natalie-obradovich-treville?variant=41592101470270","price":1975.0,"currency":"USD","framed":true,"w":39.5,"h":56.0,"label":"Collector"},{"vendor":"houseofspoils","url":"https://houseofspoils.com/products/natalie-obradovich-treville?variant=41592101601342","price":3450.0,"currency":"USD","framed":true,"w":46.0,"h":66.0,"label":"Exhibition"}]
hos-natalie-obradovich-mala-plage	Natalie Obradovich	https://houseofspoils.com/products/natalie-obradovich-mala-plage	Plage Mala	photo	film	https://cdn.shopify.com/s/files/1/0115/7385/4270/files/NO39.jpg?width=560	[{"vendor":"houseofspoils","url":"https://houseofspoils.com/products/natalie-obradovich-mala-plage?variant=40732780757054","price":225.0,"currency":"USD","framed":true,"w":14.5,"h":18.5,"label":"Small"},{"vendor":"houseofspoils","url":"https://houseofspoils.com/products/natalie-obradovich-mala-plage?variant=41592105730110","price":400.0,"currency":"USD","framed":true,"w":19.5,"h":26.0,"label":"Medium"},{"vendor":"houseofspoils","url":"https://houseofspoils.com/products/natalie-obradovich-mala-plage?variant=41592105861182","price":590.0,"currency":"USD","framed":true,"w":24.5,"h":33.5,"label":"Large"},{"vendor":"houseofspoils","url":"https://houseofspoils.com/products/natalie-obradovich-mala-plage?variant=41592105992254","price":1050.0,"currency":"USD","framed":true,"w":31.5,"h":44.0,"label":"Giant"},{"vendor":"houseofspoils","url":"https://houseofspoils.com/products/natalie-obradovich-mala-plage?variant=41592106123326","price":1975.0,"currency":"USD","framed":true,"w":39.5,"h":56.0,"label":"Collector"},{"vendor":"houseofspoils","url":"https://houseofspoils.com/products/natalie-obradovich-mala-plage?variant=41592106254398","price":3450.0,"currency":"USD","framed":true,"w":46.0,"h":66.0,"label":"Exhibition"}]
hos-natalie-obradovich-lion	Natalie Obradovich	https://houseofspoils.com/products/natalie-obradovich-lion	Lion	photo	film	https://cdn.shopify.com/s/files/1/0115/7385/4270/files/N38.jpg?width=560	[{"vendor":"houseofspoils","url":"https://houseofspoils.com/products/natalie-obradovich-lion?variant=40732779380798","price":225.0,"currency":"USD","framed":true,"w":14.5,"h":18.5,"label":"Small"},{"vendor":"houseofspoils","url":"https://houseofspoils.com/products/natalie-obradovich-lion?variant=41592109236286","price":400.0,"currency":"USD","framed":true,"w":19.5,"h":26.0,"label":"Medium"},{"vendor":"houseofspoils","url":"https://houseofspoils.com/products/natalie-obradovich-lion?variant=41592109367358","price":590.0,"currency":"USD","framed":true,"w":24.5,"h":33.5,"label":"Large"},{"vendor":"houseofspoils","url":"https://houseofspoils.com/products/natalie-obradovich-lion?variant=41592109498430","price":1050.0,"currency":"USD","framed":true,"w":31.5,"h":44.0,"label":"Giant"},{"vendor":"houseofspoils","url":"https://houseofspoils.com/products/natalie-obradovich-lion?variant=41592109629502","price":1975.0,"currency":"USD","framed":true,"w":39.5,"h":56.0,"label":"Collector"},{"vendor":"houseofspoils","url":"https://houseofspoils.com/products/natalie-obradovich-lion?variant=41592109760574","price":3450.0,"currency":"USD","framed":true,"w":46.0,"h":66.0,"label":"Exhibition"}]
hos-natalie-obradovich-empire	Natalie Obradovich	https://houseofspoils.com/products/natalie-obradovich-empire	Empire	photo	film	https://cdn.shopify.com/s/files/1/0115/7385/4270/files/NO37.jpg?width=560	[{"vendor":"houseofspoils","url":"https://houseofspoils.com/products/natalie-obradovich-empire?variant=40732772859966","price":225.0,"currency":"USD","framed":true,"w":14.5,"h":18.5,"label":"Small"},{"vendor":"houseofspoils","url":"https://houseofspoils.com/products/natalie-obradovich-empire?variant=41592115036222","price":400.0,"currency":"USD","framed":true,"w":19.5,"h":26.0,"label":"Medium"},{"vendor":"houseofspoils","url":"https://houseofspoils.com/products/natalie-obradovich-empire?variant=41592115167294","price":590.0,"currency":"USD","framed":true,"w":24.5,"h":33.5,"label":"Large"},{"vendor":"houseofspoils","url":"https://houseofspoils.com/products/natalie-obradovich-empire?variant=41592115298366","price":1050.0,"currency":"USD","framed":true,"w":31.5,"h":44.0,"label":"Giant"},{"vendor":"houseofspoils","url":"https://houseofspoils.com/products/natalie-obradovich-empire?variant=41592115429438","price":1975.0,"currency":"USD","framed":true,"w":39.5,"h":56.0,"label":"Collector"},{"vendor":"houseofspoils","url":"https://houseofspoils.com/products/natalie-obradovich-empire?variant=41592115560510","price":3450.0,"currency":"USD","framed":true,"w":46.0,"h":66.0,"label":"Exhibition"}]
hos-natalie-obradovich-desert-cat	Natalie Obradovich	https://houseofspoils.com/products/natalie-obradovich-desert-cat	Desert Cat	photo	film	https://cdn.shopify.com/s/files/1/0115/7385/4270/files/NO36.jpg?width=560	[{"vendor":"houseofspoils","url":"https://houseofspoils.com/products/natalie-obradovich-desert-cat?variant=40732771123262","price":225.0,"currency":"USD","framed":true,"w":14.5,"h":18.5,"label":"Small"},{"vendor":"houseofspoils","url":"https://houseofspoils.com/products/natalie-obradovich-desert-cat?variant=41592117329982","price":400.0,"currency":"USD","framed":true,"w":19.5,"h":26.0,"label":"Medium"},{"vendor":"houseofspoils","url":"https://houseofspoils.com/products/natalie-obradovich-desert-cat?variant=41592117461054","price":590.0,"currency":"USD","framed":true,"w":24.5,"h":33.5,"label":"Large"},{"vendor":"houseofspoils","url":"https://houseofspoils.com/products/natalie-obradovich-desert-cat?variant=41592117592126","price":1050.0,"currency":"USD","framed":true,"w":31.5,"h":44.0,"label":"Giant"},{"vendor":"houseofspoils","url":"https://houseofspoils.com/products/natalie-obradovich-desert-cat?variant=41592117723198","price":1975.0,"currency":"USD","framed":true,"w":39.5,"h":56.0,"label":"Collector"},{"vendor":"houseofspoils","url":"https://houseofspoils.com/products/natalie-obradovich-desert-cat?variant=41592117854270","price":3450.0,"currency":"USD","framed":true,"w":46.0,"h":66.0,"label":"Exhibition"}]
hos-natalie-obradovich-canzone-del-mare	Natalie Obradovich	https://houseofspoils.com/products/natalie-obradovich-canzone-del-mare	Canzone Del Mare	photo	film	https://cdn.shopify.com/s/files/1/0115/7385/4270/files/NO34.jpg?width=560	[{"vendor":"houseofspoils","url":"https://houseofspoils.com/products/natalie-obradovich-canzone-del-mare?variant=40732765618238","price":225.0,"currency":"USD","framed":true,"w":14.5,"h":18.5,"label":"Small"},{"vendor":"houseofspoils","url":"https://houseofspoils.com/products/natalie-obradovich-canzone-del-mare?variant=41592121983038","price":400.0,"currency":"USD","framed":true,"w":19.5,"h":26.0,"label":"Medium"},{"vendor":"houseofspoils","url":"https://houseofspoils.com/products/natalie-obradovich-canzone-del-mare?variant=41592122114110","price":590.0,"currency":"USD","framed":true,"w":24.5,"h":33.5,"label":"Large"},{"vendor":"houseofspoils","url":"https://houseofspoils.com/products/natalie-obradovich-canzone-del-mare?variant=41592122245182","price":1050.0,"currency":"USD","framed":true,"w":31.5,"h":44.0,"label":"Giant"},{"vendor":"houseofspoils","url":"https://houseofspoils.com/products/natalie-obradovich-canzone-del-mare?variant=41592122376254","price":1975.0,"currency":"USD","framed":true,"w":39.5,"h":56.0,"label":"Collector"},{"vendor":"houseofspoils","url":"https://houseofspoils.com/products/natalie-obradovich-canzone-del-mare?variant=41592122507326","price":3450.0,"currency":"USD","framed":true,"w":46.0,"h":66.0,"label":"Exhibition"}]
hos-natalie-obradovich-after-lunch-at-da	Natalie Obradovich	https://houseofspoils.com/products/natalie-obradovich-after-lunch-at-da-adolfo	After Lunch at Da Adolfo	photo	film	https://cdn.shopify.com/s/files/1/0115/7385/4270/files/NO33.jpg?width=560	[{"vendor":"houseofspoils","url":"https://houseofspoils.com/products/natalie-obradovich-after-lunch-at-da-adolfo?variant=40732522872894","price":225.0,"currency":"USD","framed":true,"w":14.5,"h":18.5,"label":"Small"},{"vendor":"houseofspoils","url":"https://houseofspoils.com/products/natalie-obradovich-after-lunch-at-da-adolfo?variant=41592133746750","price":400.0,"currency":"USD","framed":true,"w":19.5,"h":26.0,"label":"Medium"},{"vendor":"houseofspoils","url":"https://houseofspoils.com/products/natalie-obradovich-after-lunch-at-da-adolfo?variant=41592133943358","price":590.0,"currency":"USD","framed":true,"w":24.5,"h":33.5,"label":"Large"},{"vendor":"houseofspoils","url":"https://houseofspoils.com/products/natalie-obradovich-after-lunch-at-da-adolfo?variant=41592134139966","price":1050.0,"currency":"USD","framed":true,"w":31.5,"h":44.0,"label":"Giant"},{"vendor":"houseofspoils","url":"https://houseofspoils.com/products/natalie-obradovich-after-lunch-at-da-adolfo?variant=41592134336574","price":1975.0,"currency":"USD","framed":true,"w":39.5,"h":56.0,"label":"Collector"},{"vendor":"houseofspoils","url":"https://houseofspoils.com/products/natalie-obradovich-after-lunch-at-da-adolfo?variant=41592134500414","price":3450.0,"currency":"USD","framed":true,"w":46.0,"h":66.0,"label":"Exhibition"}]
hos-natalie-obradovich-constantine	Natalie Obradovich	https://houseofspoils.com/products/natalie-obradovich-constantine	Constantine	photo	film	https://cdn.shopify.com/s/files/1/0115/7385/4270/files/NO35.jpg?width=560	[{"vendor":"houseofspoils","url":"https://houseofspoils.com/products/natalie-obradovich-constantine?variant=40732764078142","price":225.0,"currency":"USD","framed":true,"w":18.5,"h":14.5,"label":"Small"},{"vendor":"houseofspoils","url":"https://houseofspoils.com/products/natalie-obradovich-constantine?variant=41592124342334","price":400.0,"currency":"USD","framed":true,"w":26.0,"h":19.5,"label":"Medium"},{"vendor":"houseofspoils","url":"https://houseofspoils.com/products/natalie-obradovich-constantine?variant=41592124473406","price":590.0,"currency":"USD","framed":true,"w":33.5,"h":24.5,"label":"Large"},{"vendor":"houseofspoils","url":"https://houseofspoils.com/products/natalie-obradovich-constantine?variant=41592124604478","price":1050.0,"currency":"USD","framed":true,"w":44.0,"h":31.5,"label":"Giant"},{"vendor":"houseofspoils","url":"https://houseofspoils.com/products/natalie-obradovich-constantine?variant=41592124735550","price":1975.0,"currency":"USD","framed":true,"w":56.0,"h":39.5,"label":"Collector"},{"vendor":"houseofspoils","url":"https://houseofspoils.com/products/natalie-obradovich-constantine?variant=41592124866622","price":3450.0,"currency":"USD","framed":true,"w":66.0,"h":46.0,"label":"Exhibition"}]
hos-riley-harper-porschefino	Riley Harper	https://houseofspoils.com/products/riley-harper-porschefino	Porschefino	photo	film	https://cdn.shopify.com/s/files/1/0115/7385/4270/files/RH46.jpg?width=560	[{"vendor":"houseofspoils","url":"https://houseofspoils.com/products/riley-harper-porschefino?variant=40724068302910","price":225.0,"currency":"USD","framed":true,"w":14.5,"h":18.5,"label":"Small"},{"vendor":"houseofspoils","url":"https://houseofspoils.com/products/riley-harper-porschefino?variant=41592148459582","price":400.0,"currency":"USD","framed":true,"w":19.5,"h":26.0,"label":"Medium"},{"vendor":"houseofspoils","url":"https://houseofspoils.com/products/riley-harper-porschefino?variant=41592148590654","price":590.0,"currency":"USD","framed":true,"w":24.5,"h":33.5,"label":"Large"},{"vendor":"houseofspoils","url":"https://houseofspoils.com/products/riley-harper-porschefino?variant=41592148754494","price":1050.0,"currency":"USD","framed":true,"w":31.5,"h":44.0,"label":"Giant"},{"vendor":"houseofspoils","url":"https://houseofspoils.com/products/riley-harper-porschefino?variant=41592148951102","price":1975.0,"currency":"USD","framed":true,"w":39.5,"h":56.0,"label":"Collector"},{"vendor":"houseofspoils","url":"https://houseofspoils.com/products/riley-harper-porschefino?variant=41592149114942","price":3450.0,"currency":"USD","framed":true,"w":46.0,"h":66.0,"label":"Exhibition"}]
hos-riley-harper-sail-club-italia	Riley Harper	https://houseofspoils.com/products/riley-harper-sail-club-italia	Sail Club Italia	photo	film	https://cdn.shopify.com/s/files/1/0115/7385/4270/files/RH47.jpg?width=560	[{"vendor":"houseofspoils","url":"https://houseofspoils.com/products/riley-harper-sail-club-italia?variant=40724084785214","price":225.0,"currency":"USD","framed":true,"w":14.5,"h":18.5,"label":"Small"},{"vendor":"houseofspoils","url":"https://houseofspoils.com/products/riley-harper-sail-club-italia?variant=41592140628030","price":400.0,"currency":"USD","framed":true,"w":19.5,"h":26.0,"label":"Medium"},{"vendor":"houseofspoils","url":"https://houseofspoils.com/products/riley-harper-sail-club-italia?variant=41592140759102","price":590.0,"currency":"USD","framed":true,"w":24.5,"h":33.5,"label":"Large"},{"vendor":"houseofspoils","url":"https://houseofspoils.com/products/riley-harper-sail-club-italia?variant=41592140890174","price":1050.0,"currency":"USD","framed":true,"w":31.5,"h":44.0,"label":"Giant"},{"vendor":"houseofspoils","url":"https://houseofspoils.com/products/riley-harper-sail-club-italia?variant=41592141021246","price":1975.0,"currency":"USD","framed":true,"w":39.5,"h":56.0,"label":"Collector"},{"vendor":"houseofspoils","url":"https://houseofspoils.com/products/riley-harper-sail-club-italia?variant=41592141152318","price":3450.0,"currency":"USD","framed":true,"w":46.0,"h":66.0,"label":"Exhibition"}]
hos-aaron-brimhall-well-miss-you	Aaron Brimhall	https://houseofspoils.com/products/aaron-brimhall-well-miss-you	We’ll Miss You	photo	film	https://cdn.shopify.com/s/files/1/0115/7385/4270/files/AB07.jpg?width=560	[{"vendor":"houseofspoils","url":"https://houseofspoils.com/products/aaron-brimhall-well-miss-you?variant=40712510603326","price":225.0,"currency":"USD","framed":true,"w":18.5,"h":14.5,"label":"Small"},{"vendor":"houseofspoils","url":"https://houseofspoils.com/products/aaron-brimhall-well-miss-you?variant=41592159928382","price":400.0,"currency":"USD","framed":true,"w":26.0,"h":19.5,"label":"Medium"},{"vendor":"houseofspoils","url":"https://houseofspoils.com/products/aaron-brimhall-well-miss-you?variant=41592160059454","price":590.0,"currency":"USD","framed":true,"w":33.5,"h":24.5,"label":"Large"},{"vendor":"houseofspoils","url":"https://houseofspoils.com/products/aaron-brimhall-well-miss-you?variant=41592160190526","price":1050.0,"currency":"USD","framed":true,"w":44.0,"h":31.5,"label":"Giant"},{"vendor":"houseofspoils","url":"https://houseofspoils.com/products/aaron-brimhall-well-miss-you?variant=41592160321598","price":1975.0,"currency":"USD","framed":true,"w":56.0,"h":39.5,"label":"Collector"},{"vendor":"houseofspoils","url":"https://houseofspoils.com/products/aaron-brimhall-well-miss-you?variant=41592160452670","price":3450.0,"currency":"USD","framed":true,"w":66.0,"h":46.0,"label":"Exhibition"}]
hos-riley-harper-above-the-med	Riley Harper	https://houseofspoils.com/products/riley-harper-above-the-med	Above the Med	photo	film	https://cdn.shopify.com/s/files/1/0115/7385/4270/files/RH48.jpg?width=560	[{"vendor":"houseofspoils","url":"https://houseofspoils.com/products/riley-harper-above-the-med?variant=40724104937534","price":225.0,"currency":"USD","framed":true,"w":18.5,"h":14.5,"label":"Small"},{"vendor":"houseofspoils","url":"https://houseofspoils.com/products/riley-harper-above-the-med?variant=41592138268734","price":400.0,"currency":"USD","framed":true,"w":26.0,"h":19.5,"label":"Medium"},{"vendor":"houseofspoils","url":"https://houseofspoils.com/products/riley-harper-above-the-med?variant=41592138399806","price":590.0,"currency":"USD","framed":true,"w":33.5,"h":24.5,"label":"Large"},{"vendor":"houseofspoils","url":"https://houseofspoils.com/products/riley-harper-above-the-med?variant=41592138530878","price":1050.0,"currency":"USD","framed":true,"w":44.0,"h":31.5,"label":"Giant"},{"vendor":"houseofspoils","url":"https://houseofspoils.com/products/riley-harper-above-the-med?variant=41592138661950","price":1975.0,"currency":"USD","framed":true,"w":56.0,"h":39.5,"label":"Collector"},{"vendor":"houseofspoils","url":"https://houseofspoils.com/products/riley-harper-above-the-med?variant=41592138793022","price":3450.0,"currency":"USD","framed":true,"w":66.0,"h":46.0,"label":"Exhibition"}]
hos-riley-harper-c111-on-ice	Riley Harper	https://houseofspoils.com/products/riley-harper-c111-on-ice	C111 on Ice	photo	film	https://cdn.shopify.com/s/files/1/0115/7385/4270/files/RH45.jpg?width=560	[{"vendor":"houseofspoils","url":"https://houseofspoils.com/products/riley-harper-c111-on-ice?variant=40723980550206","price":225.0,"currency":"USD","framed":true,"w":18.5,"h":14.5,"label":"Small"},{"vendor":"houseofspoils","url":"https://houseofspoils.com/products/riley-harper-c111-on-ice?variant=41592157503550","price":400.0,"currency":"USD","framed":true,"w":26.0,"h":19.5,"label":"Medium"},{"vendor":"houseofspoils","url":"https://houseofspoils.com/products/riley-harper-c111-on-ice?variant=41592157634622","price":590.0,"currency":"USD","framed":true,"w":33.5,"h":24.5,"label":"Large"},{"vendor":"houseofspoils","url":"https://houseofspoils.com/products/riley-harper-c111-on-ice?variant=41592157765694","price":1050.0,"currency":"USD","framed":true,"w":44.0,"h":31.5,"label":"Giant"},{"vendor":"houseofspoils","url":"https://houseofspoils.com/products/riley-harper-c111-on-ice?variant=41592157896766","price":1975.0,"currency":"USD","framed":true,"w":56.0,"h":39.5,"label":"Collector"},{"vendor":"houseofspoils","url":"https://houseofspoils.com/products/riley-harper-c111-on-ice?variant=41592158027838","price":3450.0,"currency":"USD","framed":true,"w":66.0,"h":46.0,"label":"Exhibition"}]
hos-riley-harper-a-splendido-morning	Riley Harper	https://houseofspoils.com/products/riley-harper-a-splendido-morning	A Splendido Morning	photo	film	https://cdn.shopify.com/s/files/1/0115/7385/4270/files/RH44.jpg?width=560	[{"vendor":"houseofspoils","url":"https://houseofspoils.com/products/riley-harper-a-splendido-morning?variant=40723918749758","price":225.0,"currency":"USD","framed":true,"w":18.5,"h":14.5,"label":"Small"},{"vendor":"houseofspoils","url":"https://houseofspoils.com/products/riley-harper-a-splendido-morning?variant=41592158781502","price":400.0,"currency":"USD","framed":true,"w":26.0,"h":19.5,"label":"Medium"},{"vendor":"houseofspoils","url":"https://houseofspoils.com/products/riley-harper-a-splendido-morning?variant=41592158912574","price":590.0,"currency":"USD","framed":true,"w":33.5,"h":24.5,"label":"Large"},{"vendor":"houseofspoils","url":"https://houseofspoils.com/products/riley-harper-a-splendido-morning?variant=41592159043646","price":1050.0,"currency":"USD","framed":true,"w":44.0,"h":31.5,"label":"Giant"},{"vendor":"houseofspoils","url":"https://houseofspoils.com/products/riley-harper-a-splendido-morning?variant=41592159174718","price":1975.0,"currency":"USD","framed":true,"w":56.0,"h":39.5,"label":"Collector"},{"vendor":"houseofspoils","url":"https://houseofspoils.com/products/riley-harper-a-splendido-morning?variant=41592159305790","price":3450.0,"currency":"USD","framed":true,"w":66.0,"h":46.0,"label":"Exhibition"}]
hos-natalie-obradovich-in-the-cays	Natalie Obradovich	https://houseofspoils.com/products/natalie-obradovich-in-the-cays	In The Cays	photo	film	https://cdn.shopify.com/s/files/1/0115/7385/4270/files/NO32.jpg?width=560	[{"vendor":"houseofspoils","url":"https://houseofspoils.com/products/natalie-obradovich-in-the-cays?variant=40672277332030","price":225.0,"currency":"USD","framed":true,"w":18.5,"h":14.5,"label":"Small"},{"vendor":"houseofspoils","url":"https://houseofspoils.com/products/natalie-obradovich-in-the-cays?variant=41592175427646","price":400.0,"currency":"USD","framed":true,"w":26.0,"h":19.5,"label":"Medium"},{"vendor":"houseofspoils","url":"https://houseofspoils.com/products/natalie-obradovich-in-the-cays?variant=41592175558718","price":590.0,"currency":"USD","framed":true,"w":33.5,"h":24.5,"label":"Large"},{"vendor":"houseofspoils","url":"https://houseofspoils.com/products/natalie-obradovich-in-the-cays?variant=41592175689790","price":1050.0,"currency":"USD","framed":true,"w":44.0,"h":31.5,"label":"Giant"},{"vendor":"houseofspoils","url":"https://houseofspoils.com/products/natalie-obradovich-in-the-cays?variant=41592175820862","price":1975.0,"currency":"USD","framed":true,"w":56.0,"h":39.5,"label":"Collector"},{"vendor":"houseofspoils","url":"https://houseofspoils.com/products/natalie-obradovich-in-the-cays?variant=41592175951934","price":3450.0,"currency":"USD","framed":true,"w":66.0,"h":46.0,"label":"Exhibition"}]
hos-alexandru-costin-golden-forest	Alexandru Costin	https://houseofspoils.com/products/alexandru-costin-golden-forest	Golden Forest	photo	film	https://cdn.shopify.com/s/files/1/0115/7385/4270/files/AC25.jpg?width=560	[{"vendor":"houseofspoils","url":"https://houseofspoils.com/products/alexandru-costin-golden-forest?variant=40672177684542","price":225.0,"currency":"USD","framed":true,"w":18.5,"h":14.5,"label":"Small"},{"vendor":"houseofspoils","url":"https://houseofspoils.com/products/alexandru-costin-golden-forest?variant=41592179064894","price":400.0,"currency":"USD","framed":true,"w":26.0,"h":19.5,"label":"Medium"},{"vendor":"houseofspoils","url":"https://houseofspoils.com/products/alexandru-costin-golden-forest?variant=41592179195966","price":590.0,"currency":"USD","framed":true,"w":33.5,"h":24.5,"label":"Large"},{"vendor":"houseofspoils","url":"https://houseofspoils.com/products/alexandru-costin-golden-forest?variant=41592179327038","price":1050.0,"currency":"USD","framed":true,"w":44.0,"h":31.5,"label":"Giant"},{"vendor":"houseofspoils","url":"https://houseofspoils.com/products/alexandru-costin-golden-forest?variant=41592179458110","price":1975.0,"currency":"USD","framed":true,"w":56.0,"h":39.5,"label":"Collector"},{"vendor":"houseofspoils","url":"https://houseofspoils.com/products/alexandru-costin-golden-forest?variant=41592179589182","price":3450.0,"currency":"USD","framed":true,"w":66.0,"h":46.0,"label":"Exhibition"}]
hos-alexandru-costin-among-the-pines	Alexandru Costin	https://houseofspoils.com/products/alexandru-costin-among-the-pines	Among the Pines	photo	film	https://cdn.shopify.com/s/files/1/0115/7385/4270/files/AC24.jpg?width=560	[{"vendor":"houseofspoils","url":"https://houseofspoils.com/products/alexandru-costin-among-the-pines?variant=40672172572734","price":225.0,"currency":"USD","framed":true,"w":18.5,"h":14.5,"label":"Small"},{"vendor":"houseofspoils","url":"https://houseofspoils.com/products/alexandru-costin-among-the-pines?variant=41592181489726","price":400.0,"currency":"USD","framed":true,"w":26.0,"h":19.5,"label":"Medium"},{"vendor":"houseofspoils","url":"https://houseofspoils.com/products/alexandru-costin-among-the-pines?variant=41592181620798","price":590.0,"currency":"USD","framed":true,"w":33.5,"h":24.5,"label":"Large"},{"vendor":"houseofspoils","url":"https://houseofspoils.com/products/alexandru-costin-among-the-pines?variant=41592181751870","price":1050.0,"currency":"USD","framed":true,"w":44.0,"h":31.5,"label":"Giant"},{"vendor":"houseofspoils","url":"https://houseofspoils.com/products/alexandru-costin-among-the-pines?variant=41592181882942","price":1975.0,"currency":"USD","framed":true,"w":56.0,"h":39.5,"label":"Collector"},{"vendor":"houseofspoils","url":"https://houseofspoils.com/products/alexandru-costin-among-the-pines?variant=41592182014014","price":3450.0,"currency":"USD","framed":true,"w":66.0,"h":46.0,"label":"Exhibition"}]
hos-alexandru-costin-a-walk-at-sunset	Alexandru Costin	https://houseofspoils.com/products/alexandru-costin-a-walk-at-sunset	A Walk at Sunset	photo	film	https://cdn.shopify.com/s/files/1/0115/7385/4270/files/AC23.jpg?width=560	[{"vendor":"houseofspoils","url":"https://houseofspoils.com/products/alexandru-costin-a-walk-at-sunset?variant=40671816482878","price":225.0,"currency":"USD","framed":true,"w":14.5,"h":18.5,"label":"Small"},{"vendor":"houseofspoils","url":"https://houseofspoils.com/products/alexandru-costin-a-walk-at-sunset?variant=41592189681726","price":400.0,"currency":"USD","framed":true,"w":19.5,"h":26.0,"label":"Medium"},{"vendor":"houseofspoils","url":"https://houseofspoils.com/products/alexandru-costin-a-walk-at-sunset?variant=41592189845566","price":590.0,"currency":"USD","framed":true,"w":24.5,"h":33.5,"label":"Large"},{"vendor":"houseofspoils","url":"https://houseofspoils.com/products/alexandru-costin-a-walk-at-sunset?variant=41592189976638","price":1050.0,"currency":"USD","framed":true,"w":31.5,"h":44.0,"label":"Giant"},{"vendor":"houseofspoils","url":"https://houseofspoils.com/products/alexandru-costin-a-walk-at-sunset?variant=41592190107710","price":1975.0,"currency":"USD","framed":true,"w":39.5,"h":56.0,"label":"Collector"},{"vendor":"houseofspoils","url":"https://houseofspoils.com/products/alexandru-costin-a-walk-at-sunset?variant=41592190238782","price":3450.0,"currency":"USD","framed":true,"w":46.0,"h":66.0,"label":"Exhibition"}]
hos-alexandru-costin-white-waves	Alexandru Costin	https://houseofspoils.com/products/alexandru-costin-white-waves	White Waves	photo	film	https://cdn.shopify.com/s/files/1/0115/7385/4270/files/AC20.jpg?width=560	[{"vendor":"houseofspoils","url":"https://houseofspoils.com/products/alexandru-costin-white-waves?variant=40670774591550","price":225.0,"currency":"USD","framed":true,"w":18.5,"h":14.5,"label":"Small"},{"vendor":"houseofspoils","url":"https://houseofspoils.com/products/alexandru-costin-white-waves?variant=41592195055678","price":400.0,"currency":"USD","framed":true,"w":26.0,"h":19.5,"label":"Medium"},{"vendor":"houseofspoils","url":"https://houseofspoils.com/products/alexandru-costin-white-waves?variant=41592195186750","price":590.0,"currency":"USD","framed":true,"w":33.5,"h":24.5,"label":"Large"},{"vendor":"houseofspoils","url":"https://houseofspoils.com/products/alexandru-costin-white-waves?variant=41592195317822","price":1050.0,"currency":"USD","framed":true,"w":44.0,"h":31.5,"label":"Giant"},{"vendor":"houseofspoils","url":"https://houseofspoils.com/products/alexandru-costin-white-waves?variant=41592195448894","price":1975.0,"currency":"USD","framed":true,"w":56.0,"h":39.5,"label":"Collector"},{"vendor":"houseofspoils","url":"https://houseofspoils.com/products/alexandru-costin-white-waves?variant=41592195579966","price":3450.0,"currency":"USD","framed":true,"w":66.0,"h":46.0,"label":"Exhibition"}]
hos-alexandru-costin-el-barco	Alexandru Costin	https://houseofspoils.com/products/alexandru-costin-el-barco	El Barco	photo	film	https://cdn.shopify.com/s/files/1/0115/7385/4270/files/AC18.jpg?width=560	[{"vendor":"houseofspoils","url":"https://houseofspoils.com/products/alexandru-costin-el-barco?variant=40670505697342","price":225.0,"currency":"USD","framed":true,"w":18.5,"h":14.5,"label":"Small"},{"vendor":"houseofspoils","url":"https://houseofspoils.com/products/alexandru-costin-el-barco?variant=41592221859902","price":400.0,"currency":"USD","framed":true,"w":26.0,"h":19.5,"label":"Medium"},{"vendor":"houseofspoils","url":"https://houseofspoils.com/products/alexandru-costin-el-barco?variant=41592221990974","price":590.0,"currency":"USD","framed":true,"w":33.5,"h":24.5,"label":"Large"},{"vendor":"houseofspoils","url":"https://houseofspoils.com/products/alexandru-costin-el-barco?variant=41592222122046","price":1050.0,"currency":"USD","framed":true,"w":44.0,"h":31.5,"label":"Giant"},{"vendor":"houseofspoils","url":"https://houseofspoils.com/products/alexandru-costin-el-barco?variant=41592222253118","price":1975.0,"currency":"USD","framed":true,"w":56.0,"h":39.5,"label":"Collector"},{"vendor":"houseofspoils","url":"https://houseofspoils.com/products/alexandru-costin-el-barco?variant=41592222384190","price":3450.0,"currency":"USD","framed":true,"w":66.0,"h":46.0,"label":"Exhibition"}]
hos-alexandru-costin-roque-morro	Alexandru Costin	https://houseofspoils.com/products/alexandru-costin-roque-morro	Roque Morro	photo	film	https://cdn.shopify.com/s/files/1/0115/7385/4270/files/AC17.jpg?width=560	[{"vendor":"houseofspoils","url":"https://houseofspoils.com/products/alexandru-costin-roque-morro?variant=40646669074494","price":225.0,"currency":"USD","framed":true,"w":18.5,"h":14.5,"label":"Small"},{"vendor":"houseofspoils","url":"https://houseofspoils.com/products/alexandru-costin-roque-morro?variant=41592223694910","price":400.0,"currency":"USD","framed":true,"w":26.0,"h":19.5,"label":"Medium"},{"vendor":"houseofspoils","url":"https://houseofspoils.com/products/alexandru-costin-roque-morro?variant=41592223891518","price":590.0,"currency":"USD","framed":true,"w":33.5,"h":24.5,"label":"Large"},{"vendor":"houseofspoils","url":"https://houseofspoils.com/products/alexandru-costin-roque-morro?variant=41592224055358","price":1050.0,"currency":"USD","framed":true,"w":44.0,"h":31.5,"label":"Giant"},{"vendor":"houseofspoils","url":"https://houseofspoils.com/products/alexandru-costin-roque-morro?variant=41592224186430","price":1975.0,"currency":"USD","framed":true,"w":56.0,"h":39.5,"label":"Collector"},{"vendor":"houseofspoils","url":"https://houseofspoils.com/products/alexandru-costin-roque-morro?variant=41592224350270","price":3450.0,"currency":"USD","framed":true,"w":66.0,"h":46.0,"label":"Exhibition"}]
hos-alexandru-costin-las-islas-son-mujer	Alexandru Costin	https://houseofspoils.com/products/alexandru-costin-las-islas-son-mujeres-dormidas	Las Islas Son Mujeres Dormidas	photo	film	https://cdn.shopify.com/s/files/1/0115/7385/4270/files/AC19.jpg?width=560	[{"vendor":"houseofspoils","url":"https://houseofspoils.com/products/alexandru-costin-las-islas-son-mujeres-dormidas?variant=40670533222462","price":225.0,"currency":"USD","framed":true,"w":18.5,"h":14.5,"label":"Small"},{"vendor":"houseofspoils","url":"https://houseofspoils.com/products/alexandru-costin-las-islas-son-mujeres-dormidas?variant=41592219271230","price":400.0,"currency":"USD","framed":true,"w":26.0,"h":19.5,"label":"Medium"},{"vendor":"houseofspoils","url":"https://houseofspoils.com/products/alexandru-costin-las-islas-son-mujeres-dormidas?variant=41592219402302","price":590.0,"currency":"USD","framed":true,"w":33.5,"h":24.5,"label":"Large"},{"vendor":"houseofspoils","url":"https://houseofspoils.com/products/alexandru-costin-las-islas-son-mujeres-dormidas?variant=41592219533374","price":1050.0,"currency":"USD","framed":true,"w":44.0,"h":31.5,"label":"Giant"},{"vendor":"houseofspoils","url":"https://houseofspoils.com/products/alexandru-costin-las-islas-son-mujeres-dormidas?variant=41592219664446","price":1975.0,"currency":"USD","framed":true,"w":56.0,"h":39.5,"label":"Collector"},{"vendor":"houseofspoils","url":"https://houseofspoils.com/products/alexandru-costin-las-islas-son-mujeres-dormidas?variant=41592219795518","price":3450.0,"currency":"USD","framed":true,"w":66.0,"h":46.0,"label":"Exhibition"}]
hos-alexandru-costin-sunset-surf	Alexandru Costin	https://houseofspoils.com/products/alexandru-costin-sunset-surf	Sunset Surf	photo	film	https://cdn.shopify.com/s/files/1/0115/7385/4270/files/AC16.jpg?width=560	[{"vendor":"houseofspoils","url":"https://houseofspoils.com/products/alexandru-costin-sunset-surf?variant=40646461095998","price":225.0,"currency":"USD","framed":true,"w":14.5,"h":18.5,"label":"Small"},{"vendor":"houseofspoils","url":"https://houseofspoils.com/products/alexandru-costin-sunset-surf?variant=41592230608958","price":400.0,"currency":"USD","framed":true,"w":19.5,"h":26.0,"label":"Medium"},{"vendor":"houseofspoils","url":"https://houseofspoils.com/products/alexandru-costin-sunset-surf?variant=41592230740030","price":590.0,"currency":"USD","framed":true,"w":24.5,"h":33.5,"label":"Large"},{"vendor":"houseofspoils","url":"https://houseofspoils.com/products/alexandru-costin-sunset-surf?variant=41592230871102","price":1050.0,"currency":"USD","framed":true,"w":31.5,"h":44.0,"label":"Giant"},{"vendor":"houseofspoils","url":"https://houseofspoils.com/products/alexandru-costin-sunset-surf?variant=41592231002174","price":1975.0,"currency":"USD","framed":true,"w":39.5,"h":56.0,"label":"Collector"},{"vendor":"houseofspoils","url":"https://houseofspoils.com/products/alexandru-costin-sunset-surf?variant=41592231133246","price":3450.0,"currency":"USD","framed":true,"w":46.0,"h":66.0,"label":"Exhibition"}]
hos-alexandru-costin-sunset-dip	Alexandru Costin	https://houseofspoils.com/products/alexandru-costin-sunset-dip	Sunset Dip	photo	film	https://cdn.shopify.com/s/files/1/0115/7385/4270/files/AC22.jpg?width=560	[{"vendor":"houseofspoils","url":"https://houseofspoils.com/products/alexandru-costin-sunset-dip?variant=40671805079614","price":225.0,"currency":"USD","framed":true,"w":14.5,"h":18.5,"label":"Small"},{"vendor":"houseofspoils","url":"https://houseofspoils.com/products/alexandru-costin-sunset-dip?variant=41592193843262","price":400.0,"currency":"USD","framed":true,"w":19.5,"h":26.0,"label":"Medium"},{"vendor":"houseofspoils","url":"https://houseofspoils.com/products/alexandru-costin-sunset-dip?variant=41592193974334","price":590.0,"currency":"USD","framed":true,"w":24.5,"h":33.5,"label":"Large"},{"vendor":"houseofspoils","url":"https://houseofspoils.com/products/alexandru-costin-sunset-dip?variant=41592194105406","price":1050.0,"currency":"USD","framed":true,"w":31.5,"h":44.0,"label":"Giant"},{"vendor":"houseofspoils","url":"https://houseofspoils.com/products/alexandru-costin-sunset-dip?variant=41592194236478","price":1975.0,"currency":"USD","framed":true,"w":39.5,"h":56.0,"label":"Collector"},{"vendor":"houseofspoils","url":"https://houseofspoils.com/products/alexandru-costin-sunset-dip?variant=41592194367550","price":3450.0,"currency":"USD","framed":true,"w":46.0,"h":66.0,"label":"Exhibition"}]
hos-michael-woolery-hermes-eau-dorange-v	Michael Woolery	https://houseofspoils.com/products/michael-woolery-hermes-eau-dorange-verte	Hermes Eau D'Orange Verte	photo	film	https://cdn.shopify.com/s/files/1/0115/7385/4270/files/MW04.jpg?width=560	[{"vendor":"houseofspoils","url":"https://houseofspoils.com/products/michael-woolery-hermes-eau-dorange-verte?variant=40629712093246","price":225.0,"currency":"USD","framed":true,"w":14.5,"h":18.5,"label":"Small"},{"vendor":"houseofspoils","url":"https://houseofspoils.com/products/michael-woolery-hermes-eau-dorange-verte?variant=41592241848382","price":400.0,"currency":"USD","framed":true,"w":19.5,"h":26.0,"label":"Medium"},{"vendor":"houseofspoils","url":"https://houseofspoils.com/products/michael-woolery-hermes-eau-dorange-verte?variant=41592241979454","price":590.0,"currency":"USD","framed":true,"w":24.5,"h":33.5,"label":"Large"},{"vendor":"houseofspoils","url":"https://houseofspoils.com/products/michael-woolery-hermes-eau-dorange-verte?variant=41592242110526","price":1050.0,"currency":"USD","framed":true,"w":31.5,"h":44.0,"label":"Giant"},{"vendor":"houseofspoils","url":"https://houseofspoils.com/products/michael-woolery-hermes-eau-dorange-verte?variant=41592242241598","price":1975.0,"currency":"USD","framed":true,"w":39.5,"h":56.0,"label":"Collector"},{"vendor":"houseofspoils","url":"https://houseofspoils.com/products/michael-woolery-hermes-eau-dorange-verte?variant=41592242372670","price":3450.0,"currency":"USD","framed":true,"w":46.0,"h":66.0,"label":"Exhibition"}]
hos-michael-woolery-gate-of-the-sun	Michael Woolery	https://houseofspoils.com/products/michael-woolery-gate-of-the-sun	Gate of the Sun	photo	film	https://cdn.shopify.com/s/files/1/0115/7385/4270/files/MW02.jpg?width=560	[{"vendor":"houseofspoils","url":"https://houseofspoils.com/products/michael-woolery-gate-of-the-sun?variant=40629341257790","price":225.0,"currency":"USD","framed":true,"w":14.5,"h":18.5,"label":"Small"},{"vendor":"houseofspoils","url":"https://houseofspoils.com/products/michael-woolery-gate-of-the-sun?variant=41592249876542","price":400.0,"currency":"USD","framed":true,"w":19.5,"h":26.0,"label":"Medium"},{"vendor":"houseofspoils","url":"https://houseofspoils.com/products/michael-woolery-gate-of-the-sun?variant=41592250007614","price":590.0,"currency":"USD","framed":true,"w":24.5,"h":33.5,"label":"Large"},{"vendor":"houseofspoils","url":"https://houseofspoils.com/products/michael-woolery-gate-of-the-sun?variant=41592250138686","price":1050.0,"currency":"USD","framed":true,"w":31.5,"h":44.0,"label":"Giant"},{"vendor":"houseofspoils","url":"https://houseofspoils.com/products/michael-woolery-gate-of-the-sun?variant=41592250269758","price":1975.0,"currency":"USD","framed":true,"w":39.5,"h":56.0,"label":"Collector"},{"vendor":"houseofspoils","url":"https://houseofspoils.com/products/michael-woolery-gate-of-the-sun?variant=41592250400830","price":3450.0,"currency":"USD","framed":true,"w":46.0,"h":66.0,"label":"Exhibition"}]
hos-david-lopez-purple-rain	David Lopez	https://houseofspoils.com/products/david-lopez-purple-rain	Purple Rain	photo	film	https://cdn.shopify.com/s/files/1/0115/7385/4270/products/Purple-Rain.jpg?width=560	[{"vendor":"houseofspoils","url":"https://houseofspoils.com/products/david-lopez-purple-rain?variant=40038458523710","price":225.0,"currency":"USD","framed":true,"w":14.5,"h":18.5,"label":"Small"},{"vendor":"houseofspoils","url":"https://houseofspoils.com/products/david-lopez-purple-rain?variant=41592042979390","price":400.0,"currency":"USD","framed":true,"w":19.5,"h":26.0,"label":"Medium"},{"vendor":"houseofspoils","url":"https://houseofspoils.com/products/david-lopez-purple-rain?variant=41592043110462","price":590.0,"currency":"USD","framed":true,"w":24.5,"h":33.5,"label":"Large"},{"vendor":"houseofspoils","url":"https://houseofspoils.com/products/david-lopez-purple-rain?variant=41592043241534","price":1050.0,"currency":"USD","framed":true,"w":31.5,"h":44.0,"label":"Giant"},{"vendor":"houseofspoils","url":"https://houseofspoils.com/products/david-lopez-purple-rain?variant=41592043372606","price":1975.0,"currency":"USD","framed":true,"w":39.5,"h":56.0,"label":"Collector"},{"vendor":"houseofspoils","url":"https://houseofspoils.com/products/david-lopez-purple-rain?variant=41592043503678","price":3450.0,"currency":"USD","framed":true,"w":46.0,"h":66.0,"label":"Exhibition"}]
hos-cameron-hammond-solar-system	Cameron Hammond	https://houseofspoils.com/products/cameron-hammond-solar-system	Solar System	photo	film	https://cdn.shopify.com/s/files/1/0115/7385/4270/files/CH08.jpg?width=560	[{"vendor":"houseofspoils","url":"https://houseofspoils.com/products/cameron-hammond-solar-system?variant=40542617239614","price":225.0,"currency":"USD","framed":true,"w":18.5,"h":14.5,"label":"Small"},{"vendor":"houseofspoils","url":"https://houseofspoils.com/products/cameron-hammond-solar-system?variant=41592276222014","price":400.0,"currency":"USD","framed":true,"w":26.0,"h":19.5,"label":"Medium"},{"vendor":"houseofspoils","url":"https://houseofspoils.com/products/cameron-hammond-solar-system?variant=41592276353086","price":590.0,"currency":"USD","framed":true,"w":33.5,"h":24.5,"label":"Large"},{"vendor":"houseofspoils","url":"https://houseofspoils.com/products/cameron-hammond-solar-system?variant=41592276484158","price":1050.0,"currency":"USD","framed":true,"w":44.0,"h":31.5,"label":"Giant"},{"vendor":"houseofspoils","url":"https://houseofspoils.com/products/cameron-hammond-solar-system?variant=41592276615230","price":1975.0,"currency":"USD","framed":true,"w":56.0,"h":39.5,"label":"Collector"},{"vendor":"houseofspoils","url":"https://houseofspoils.com/products/cameron-hammond-solar-system?variant=41592276746302","price":3450.0,"currency":"USD","framed":true,"w":66.0,"h":46.0,"label":"Exhibition"}]
hos-cameron-hammond-the-kiss	Cameron Hammond	https://houseofspoils.com/products/cameron-hammond-the-kiss	The Kiss	photo	film	https://cdn.shopify.com/s/files/1/0115/7385/4270/files/CH04.jpg?width=560	[{"vendor":"houseofspoils","url":"https://houseofspoils.com/products/cameron-hammond-the-kiss?variant=40531221413950","price":225.0,"currency":"USD","framed":true,"w":18.5,"h":14.5,"label":"Small"},{"vendor":"houseofspoils","url":"https://houseofspoils.com/products/cameron-hammond-the-kiss?variant=41592318361662","price":400.0,"currency":"USD","framed":true,"w":26.0,"h":19.5,"label":"Medium"},{"vendor":"houseofspoils","url":"https://houseofspoils.com/products/cameron-hammond-the-kiss?variant=41592318492734","price":590.0,"currency":"USD","framed":true,"w":33.5,"h":24.5,"label":"Large"},{"vendor":"houseofspoils","url":"https://houseofspoils.com/products/cameron-hammond-the-kiss?variant=41592318623806","price":1050.0,"currency":"USD","framed":true,"w":44.0,"h":31.5,"label":"Giant"},{"vendor":"houseofspoils","url":"https://houseofspoils.com/products/cameron-hammond-the-kiss?variant=41592318754878","price":1975.0,"currency":"USD","framed":true,"w":56.0,"h":39.5,"label":"Collector"},{"vendor":"houseofspoils","url":"https://houseofspoils.com/products/cameron-hammond-the-kiss?variant=41592318885950","price":3450.0,"currency":"USD","framed":true,"w":66.0,"h":46.0,"label":"Exhibition"}]
hos-cameron-hammond-bella-vista	Cameron Hammond	https://houseofspoils.com/products/cameron-hammond-bella-vista	Bella Vista	photo	film	https://cdn.shopify.com/s/files/1/0115/7385/4270/files/CH02.jpg?width=560	[{"vendor":"houseofspoils","url":"https://houseofspoils.com/products/cameron-hammond-bella-vista?variant=40531215122494","price":225.0,"currency":"USD","framed":true,"w":14.5,"h":18.5,"label":"Small"},{"vendor":"houseofspoils","url":"https://houseofspoils.com/products/cameron-hammond-bella-vista?variant=41592332255294","price":400.0,"currency":"USD","framed":true,"w":19.5,"h":26.0,"label":"Medium"},{"vendor":"houseofspoils","url":"https://houseofspoils.com/products/cameron-hammond-bella-vista?variant=41592332386366","price":590.0,"currency":"USD","framed":true,"w":24.5,"h":33.5,"label":"Large"},{"vendor":"houseofspoils","url":"https://houseofspoils.com/products/cameron-hammond-bella-vista?variant=41592332517438","price":1050.0,"currency":"USD","framed":true,"w":31.5,"h":44.0,"label":"Giant"},{"vendor":"houseofspoils","url":"https://houseofspoils.com/products/cameron-hammond-bella-vista?variant=41592332648510","price":1975.0,"currency":"USD","framed":true,"w":39.5,"h":56.0,"label":"Collector"},{"vendor":"houseofspoils","url":"https://houseofspoils.com/products/cameron-hammond-bella-vista?variant=41592332779582","price":3450.0,"currency":"USD","framed":true,"w":46.0,"h":66.0,"label":"Exhibition"}]
hos-girl-running	Cameron Hammond	https://houseofspoils.com/products/girl-running	Girl Running	photo	film	https://cdn.shopify.com/s/files/1/0115/7385/4270/files/CH03.jpg?width=560	[{"vendor":"houseofspoils","url":"https://houseofspoils.com/products/girl-running?variant=40531217907774","price":225.0,"currency":"USD","framed":true,"w":14.5,"h":18.5,"label":"Small"},{"vendor":"houseofspoils","url":"https://houseofspoils.com/products/girl-running?variant=41592327635006","price":400.0,"currency":"USD","framed":true,"w":19.5,"h":26.0,"label":"Medium"},{"vendor":"houseofspoils","url":"https://houseofspoils.com/products/girl-running?variant=41592327766078","price":590.0,"currency":"USD","framed":true,"w":24.5,"h":33.5,"label":"Large"},{"vendor":"houseofspoils","url":"https://houseofspoils.com/products/girl-running?variant=41592327897150","price":1050.0,"currency":"USD","framed":true,"w":31.5,"h":44.0,"label":"Giant"},{"vendor":"houseofspoils","url":"https://houseofspoils.com/products/girl-running?variant=41592328028222","price":1975.0,"currency":"USD","framed":true,"w":39.5,"h":56.0,"label":"Collector"},{"vendor":"houseofspoils","url":"https://houseofspoils.com/products/girl-running?variant=41592328159294","price":3450.0,"currency":"USD","framed":true,"w":46.0,"h":66.0,"label":"Exhibition"}]
hos-cameron-hammond-into-the-blue	Cameron Hammond	https://houseofspoils.com/products/cameron-hammond-into-the-blue	Into the Blue	photo	film	https://cdn.shopify.com/s/files/1/0115/7385/4270/files/CH05.jpg?width=560	[{"vendor":"houseofspoils","url":"https://houseofspoils.com/products/cameron-hammond-into-the-blue?variant=40531229802558","price":225.0,"currency":"USD","framed":true,"w":18.5,"h":14.5,"label":"Small"},{"vendor":"houseofspoils","url":"https://houseofspoils.com/products/cameron-hammond-into-the-blue?variant=41592306696254","price":400.0,"currency":"USD","framed":true,"w":26.0,"h":19.5,"label":"Medium"},{"vendor":"houseofspoils","url":"https://houseofspoils.com/products/cameron-hammond-into-the-blue?variant=41592306827326","price":590.0,"currency":"USD","framed":true,"w":33.5,"h":24.5,"label":"Large"},{"vendor":"houseofspoils","url":"https://houseofspoils.com/products/cameron-hammond-into-the-blue?variant=41592306958398","price":1050.0,"currency":"USD","framed":true,"w":44.0,"h":31.5,"label":"Giant"},{"vendor":"houseofspoils","url":"https://houseofspoils.com/products/cameron-hammond-into-the-blue?variant=41592307089470","price":1975.0,"currency":"USD","framed":true,"w":56.0,"h":39.5,"label":"Collector"},{"vendor":"houseofspoils","url":"https://houseofspoils.com/products/cameron-hammond-into-the-blue?variant=41592307220542","price":3450.0,"currency":"USD","framed":true,"w":66.0,"h":46.0,"label":"Exhibition"}]
hos-cameron-hammond-las-brisas	Cameron Hammond	https://houseofspoils.com/products/cameron-hammond-las-brisas	Las Brisas	photo	film	https://cdn.shopify.com/s/files/1/0115/7385/4270/files/CH06.jpg?width=560	[{"vendor":"houseofspoils","url":"https://houseofspoils.com/products/cameron-hammond-las-brisas?variant=40542531780670","price":225.0,"currency":"USD","framed":true,"w":14.5,"h":18.5,"label":"Small"},{"vendor":"houseofspoils","url":"https://houseofspoils.com/products/cameron-hammond-las-brisas?variant=41592305549374","price":400.0,"currency":"USD","framed":true,"w":19.5,"h":26.0,"label":"Medium"},{"vendor":"houseofspoils","url":"https://houseofspoils.com/products/cameron-hammond-las-brisas?variant=41592305680446","price":590.0,"currency":"USD","framed":true,"w":24.5,"h":33.5,"label":"Large"},{"vendor":"houseofspoils","url":"https://houseofspoils.com/products/cameron-hammond-las-brisas?variant=41592305811518","price":1050.0,"currency":"USD","framed":true,"w":31.5,"h":44.0,"label":"Giant"},{"vendor":"houseofspoils","url":"https://houseofspoils.com/products/cameron-hammond-las-brisas?variant=41592305942590","price":1975.0,"currency":"USD","framed":true,"w":39.5,"h":56.0,"label":"Collector"},{"vendor":"houseofspoils","url":"https://houseofspoils.com/products/cameron-hammond-las-brisas?variant=41592306073662","price":3450.0,"currency":"USD","framed":true,"w":46.0,"h":66.0,"label":"Exhibition"}]
hos-cameron-hammond-the-cocktail	Cameron Hammond	https://houseofspoils.com/products/cameron-hammond-the-cocktail	The Cocktail	photo	film	https://cdn.shopify.com/s/files/1/0115/7385/4270/files/CH07.jpg?width=560	[{"vendor":"houseofspoils","url":"https://houseofspoils.com/products/cameron-hammond-the-cocktail?variant=40542615633982","price":225.0,"currency":"USD","framed":true,"w":18.5,"h":14.5,"label":"Small"},{"vendor":"houseofspoils","url":"https://houseofspoils.com/products/cameron-hammond-the-cocktail?variant=41592280055870","price":400.0,"currency":"USD","framed":true,"w":26.0,"h":19.5,"label":"Medium"},{"vendor":"houseofspoils","url":"https://houseofspoils.com/products/cameron-hammond-the-cocktail?variant=41592280186942","price":590.0,"currency":"USD","framed":true,"w":33.5,"h":24.5,"label":"Large"},{"vendor":"houseofspoils","url":"https://houseofspoils.com/products/cameron-hammond-the-cocktail?variant=41592280318014","price":1050.0,"currency":"USD","framed":true,"w":44.0,"h":31.5,"label":"Giant"},{"vendor":"houseofspoils","url":"https://houseofspoils.com/products/cameron-hammond-the-cocktail?variant=41592280449086","price":1975.0,"currency":"USD","framed":true,"w":56.0,"h":39.5,"label":"Collector"},{"vendor":"houseofspoils","url":"https://houseofspoils.com/products/cameron-hammond-the-cocktail?variant=41592280580158","price":3450.0,"currency":"USD","framed":true,"w":66.0,"h":46.0,"label":"Exhibition"}]
hos-cameron-hammond-melting	Cameron Hammond	https://houseofspoils.com/products/cameron-hammond-melting	Melting	photo	film	https://cdn.shopify.com/s/files/1/0115/7385/4270/files/CH09.jpg?width=560	[{"vendor":"houseofspoils","url":"https://houseofspoils.com/products/cameron-hammond-melting?variant=40542533615678","price":225.0,"currency":"USD","framed":true,"w":14.5,"h":18.5,"label":"Small"},{"vendor":"houseofspoils","url":"https://houseofspoils.com/products/cameron-hammond-melting?variant=41592300240958","price":400.0,"currency":"USD","framed":true,"w":19.5,"h":26.0,"label":"Medium"},{"vendor":"houseofspoils","url":"https://houseofspoils.com/products/cameron-hammond-melting?variant=41592300372030","price":590.0,"currency":"USD","framed":true,"w":24.5,"h":33.5,"label":"Large"},{"vendor":"houseofspoils","url":"https://houseofspoils.com/products/cameron-hammond-melting?variant=41592300503102","price":1050.0,"currency":"USD","framed":true,"w":31.5,"h":44.0,"label":"Giant"},{"vendor":"houseofspoils","url":"https://houseofspoils.com/products/cameron-hammond-melting?variant=41592300634174","price":1975.0,"currency":"USD","framed":true,"w":39.5,"h":56.0,"label":"Collector"},{"vendor":"houseofspoils","url":"https://houseofspoils.com/products/cameron-hammond-melting?variant=41592300798014","price":3450.0,"currency":"USD","framed":true,"w":46.0,"h":66.0,"label":"Exhibition"}]
hos-cameron-hammond-utopia	Cameron Hammond	https://houseofspoils.com/products/cameron-hammond-utopia	Utopia	photo	film	https://cdn.shopify.com/s/files/1/0115/7385/4270/files/CH10.jpg?width=560	[{"vendor":"houseofspoils","url":"https://houseofspoils.com/products/cameron-hammond-utopia?variant=40542630641726","price":225.0,"currency":"USD","framed":true,"w":18.5,"h":14.5,"label":"Small"},{"vendor":"houseofspoils","url":"https://houseofspoils.com/products/cameron-hammond-utopia?variant=41592267669566","price":400.0,"currency":"USD","framed":true,"w":26.0,"h":19.5,"label":"Medium"},{"vendor":"houseofspoils","url":"https://houseofspoils.com/products/cameron-hammond-utopia?variant=41592267800638","price":590.0,"currency":"USD","framed":true,"w":33.5,"h":24.5,"label":"Large"},{"vendor":"houseofspoils","url":"https://houseofspoils.com/products/cameron-hammond-utopia?variant=41592267931710","price":1050.0,"currency":"USD","framed":true,"w":44.0,"h":31.5,"label":"Giant"},{"vendor":"houseofspoils","url":"https://houseofspoils.com/products/cameron-hammond-utopia?variant=41592268062782","price":1975.0,"currency":"USD","framed":true,"w":56.0,"h":39.5,"label":"Collector"},{"vendor":"houseofspoils","url":"https://houseofspoils.com/products/cameron-hammond-utopia?variant=41592268193854","price":3450.0,"currency":"USD","framed":true,"w":66.0,"h":46.0,"label":"Exhibition"}]
hos-cameron-hammond-fast-lane	Cameron Hammond	https://houseofspoils.com/products/cameron-hammond-fast-lane	Fast Lane	photo	film	https://cdn.shopify.com/s/files/1/0115/7385/4270/files/CH11.jpg?width=560	[{"vendor":"houseofspoils","url":"https://houseofspoils.com/products/cameron-hammond-fast-lane?variant=40542632837182","price":225.0,"currency":"USD","framed":true,"w":18.5,"h":14.5,"label":"Small"},{"vendor":"houseofspoils","url":"https://houseofspoils.com/products/cameron-hammond-fast-lane?variant=41592261410878","price":400.0,"currency":"USD","framed":true,"w":26.0,"h":19.5,"label":"Medium"},{"vendor":"houseofspoils","url":"https://houseofspoils.com/products/cameron-hammond-fast-lane?variant=41592261541950","price":590.0,"currency":"USD","framed":true,"w":33.5,"h":24.5,"label":"Large"},{"vendor":"houseofspoils","url":"https://houseofspoils.com/products/cameron-hammond-fast-lane?variant=41592261673022","price":1050.0,"currency":"USD","framed":true,"w":44.0,"h":31.5,"label":"Giant"},{"vendor":"houseofspoils","url":"https://houseofspoils.com/products/cameron-hammond-fast-lane?variant=41592261804094","price":1975.0,"currency":"USD","framed":true,"w":56.0,"h":39.5,"label":"Collector"},{"vendor":"houseofspoils","url":"https://houseofspoils.com/products/cameron-hammond-fast-lane?variant=41592261935166","price":3450.0,"currency":"USD","framed":true,"w":66.0,"h":46.0,"label":"Exhibition"}]
hos-cameron-hammond-popular	Cameron Hammond	https://houseofspoils.com/products/cameron-hammond-popular	Popular	photo	film	https://cdn.shopify.com/s/files/1/0115/7385/4270/files/CH12.jpg?width=560	[{"vendor":"houseofspoils","url":"https://houseofspoils.com/products/cameron-hammond-popular?variant=40542553374782","price":225.0,"currency":"USD","framed":true,"w":14.5,"h":18.5,"label":"Small"},{"vendor":"houseofspoils","url":"https://houseofspoils.com/products/cameron-hammond-popular?variant=41592289525822","price":400.0,"currency":"USD","framed":true,"w":19.5,"h":26.0,"label":"Medium"},{"vendor":"houseofspoils","url":"https://houseofspoils.com/products/cameron-hammond-popular?variant=41592289656894","price":590.0,"currency":"USD","framed":true,"w":24.5,"h":33.5,"label":"Large"},{"vendor":"houseofspoils","url":"https://houseofspoils.com/products/cameron-hammond-popular?variant=41592289787966","price":1050.0,"currency":"USD","framed":true,"w":31.5,"h":44.0,"label":"Giant"},{"vendor":"houseofspoils","url":"https://houseofspoils.com/products/cameron-hammond-popular?variant=41592289919038","price":1975.0,"currency":"USD","framed":true,"w":39.5,"h":56.0,"label":"Collector"},{"vendor":"houseofspoils","url":"https://houseofspoils.com/products/cameron-hammond-popular?variant=41592290050110","price":3450.0,"currency":"USD","framed":true,"w":46.0,"h":66.0,"label":"Exhibition"}]
hos-cameron-hammond-aqua	Cameron Hammond	https://houseofspoils.com/products/cameron-hammond-aqua	Aqua	photo	film	https://cdn.shopify.com/s/files/1/0115/7385/4270/files/CH13.jpg?width=560	[{"vendor":"houseofspoils","url":"https://houseofspoils.com/products/cameron-hammond-aqua?variant=40542554980414","price":225.0,"currency":"USD","framed":true,"w":14.5,"h":18.5,"label":"Small"},{"vendor":"houseofspoils","url":"https://houseofspoils.com/products/cameron-hammond-aqua?variant=41592283365438","price":400.0,"currency":"USD","framed":true,"w":19.5,"h":26.0,"label":"Medium"},{"vendor":"houseofspoils","url":"https://houseofspoils.com/products/cameron-hammond-aqua?variant=41592283496510","price":590.0,"currency":"USD","framed":true,"w":24.5,"h":33.5,"label":"Large"},{"vendor":"houseofspoils","url":"https://houseofspoils.com/products/cameron-hammond-aqua?variant=41592283627582","price":1050.0,"currency":"USD","framed":true,"w":31.5,"h":44.0,"label":"Giant"},{"vendor":"houseofspoils","url":"https://houseofspoils.com/products/cameron-hammond-aqua?variant=41592283758654","price":1975.0,"currency":"USD","framed":true,"w":39.5,"h":56.0,"label":"Collector"},{"vendor":"houseofspoils","url":"https://houseofspoils.com/products/cameron-hammond-aqua?variant=41592283889726","price":3450.0,"currency":"USD","framed":true,"w":46.0,"h":66.0,"label":"Exhibition"}]
hos-cameron-hammond-listening	Cameron Hammond	https://houseofspoils.com/products/cameron-hammond-listening	Listening	photo	film	https://cdn.shopify.com/s/files/1/0115/7385/4270/files/CH14.jpg?width=560	[{"vendor":"houseofspoils","url":"https://houseofspoils.com/products/cameron-hammond-listening?variant=40542641684542","price":225.0,"currency":"USD","framed":true,"w":18.5,"h":14.5,"label":"Small"},{"vendor":"houseofspoils","url":"https://houseofspoils.com/products/cameron-hammond-listening?variant=41592259051582","price":400.0,"currency":"USD","framed":true,"w":26.0,"h":19.5,"label":"Medium"},{"vendor":"houseofspoils","url":"https://houseofspoils.com/products/cameron-hammond-listening?variant=41592259182654","price":590.0,"currency":"USD","framed":true,"w":33.5,"h":24.5,"label":"Large"},{"vendor":"houseofspoils","url":"https://houseofspoils.com/products/cameron-hammond-listening?variant=41592259313726","price":1050.0,"currency":"USD","framed":true,"w":44.0,"h":31.5,"label":"Giant"},{"vendor":"houseofspoils","url":"https://houseofspoils.com/products/cameron-hammond-listening?variant=41592259444798","price":1975.0,"currency":"USD","framed":true,"w":56.0,"h":39.5,"label":"Collector"},{"vendor":"houseofspoils","url":"https://houseofspoils.com/products/cameron-hammond-listening?variant=41592259575870","price":3450.0,"currency":"USD","framed":true,"w":66.0,"h":46.0,"label":"Exhibition"}]
hos-cameron-hammond-lovers-and-drifters	Cameron Hammond	https://houseofspoils.com/products/cameron-hammond-lovers-and-drifters	Lovers and Drifters	photo	film	https://cdn.shopify.com/s/files/1/0115/7385/4270/files/CH01.jpg?width=560	[{"vendor":"houseofspoils","url":"https://houseofspoils.com/products/cameron-hammond-lovers-and-drifters?variant=40531172982846","price":225.0,"currency":"USD","framed":true,"w":14.5,"h":18.5,"label":"Small"},{"vendor":"houseofspoils","url":"https://houseofspoils.com/products/cameron-hammond-lovers-and-drifters?variant=41592333402174","price":400.0,"currency":"USD","framed":true,"w":19.5,"h":26.0,"label":"Medium"},{"vendor":"houseofspoils","url":"https://houseofspoils.com/products/cameron-hammond-lovers-and-drifters?variant=41592333533246","price":590.0,"currency":"USD","framed":true,"w":24.5,"h":33.5,"label":"Large"},{"vendor":"houseofspoils","url":"https://houseofspoils.com/products/cameron-hammond-lovers-and-drifters?variant=41592333664318","price":1050.0,"currency":"USD","framed":true,"w":31.5,"h":44.0,"label":"Giant"},{"vendor":"houseofspoils","url":"https://houseofspoils.com/products/cameron-hammond-lovers-and-drifters?variant=41592333795390","price":1975.0,"currency":"USD","framed":true,"w":39.5,"h":56.0,"label":"Collector"},{"vendor":"houseofspoils","url":"https://houseofspoils.com/products/cameron-hammond-lovers-and-drifters?variant=41592333926462","price":3450.0,"currency":"USD","framed":true,"w":46.0,"h":66.0,"label":"Exhibition"}]
hos-kurt-arrigo-fleet-blur	Kurt Arrigo	https://houseofspoils.com/products/kurt-arrigo-fleet-blur	Fleet Blur	photo	film	https://cdn.shopify.com/s/files/1/0115/7385/4270/files/KA02.jpg?width=560	[{"vendor":"houseofspoils","url":"https://houseofspoils.com/products/kurt-arrigo-fleet-blur?variant=40524750946366","price":225.0,"currency":"USD","framed":true,"w":18.5,"h":14.5,"label":"Small"},{"vendor":"houseofspoils","url":"https://houseofspoils.com/products/kurt-arrigo-fleet-blur?variant=41592438423614","price":400.0,"currency":"USD","framed":true,"w":26.0,"h":19.5,"label":"Medium"},{"vendor":"houseofspoils","url":"https://houseofspoils.com/products/kurt-arrigo-fleet-blur?variant=41592438554686","price":590.0,"currency":"USD","framed":true,"w":33.5,"h":24.5,"label":"Large"},{"vendor":"houseofspoils","url":"https://houseofspoils.com/products/kurt-arrigo-fleet-blur?variant=41592438685758","price":1050.0,"currency":"USD","framed":true,"w":44.0,"h":31.5,"label":"Giant"},{"vendor":"houseofspoils","url":"https://houseofspoils.com/products/kurt-arrigo-fleet-blur?variant=41592438816830","price":1975.0,"currency":"USD","framed":true,"w":56.0,"h":39.5,"label":"Collector"},{"vendor":"houseofspoils","url":"https://houseofspoils.com/products/kurt-arrigo-fleet-blur?variant=41592438947902","price":3450.0,"currency":"USD","framed":true,"w":66.0,"h":46.0,"label":"Exhibition"}]
hos-kurt-arrigo-glacial-flow	Kurt Arrigo	https://houseofspoils.com/products/kurt-arrigo-glacial-flow	Glacial Flow	photo	film	https://cdn.shopify.com/s/files/1/0115/7385/4270/files/KA03.jpg?width=560	[{"vendor":"houseofspoils","url":"https://houseofspoils.com/products/kurt-arrigo-glacial-flow?variant=40525033996350","price":225.0,"currency":"USD","framed":true,"w":18.5,"h":14.5,"label":"Small"},{"vendor":"houseofspoils","url":"https://houseofspoils.com/products/kurt-arrigo-glacial-flow?variant=41592429969470","price":400.0,"currency":"USD","framed":true,"w":26.0,"h":19.5,"label":"Medium"},{"vendor":"houseofspoils","url":"https://houseofspoils.com/products/kurt-arrigo-glacial-flow?variant=41592430100542","price":590.0,"currency":"USD","framed":true,"w":33.5,"h":24.5,"label":"Large"},{"vendor":"houseofspoils","url":"https://houseofspoils.com/products/kurt-arrigo-glacial-flow?variant=41592430231614","price":1050.0,"currency":"USD","framed":true,"w":44.0,"h":31.5,"label":"Giant"},{"vendor":"houseofspoils","url":"https://houseofspoils.com/products/kurt-arrigo-glacial-flow?variant=41592430362686","price":1975.0,"currency":"USD","framed":true,"w":56.0,"h":39.5,"label":"Collector"},{"vendor":"houseofspoils","url":"https://houseofspoils.com/products/kurt-arrigo-glacial-flow?variant=41592430493758","price":3450.0,"currency":"USD","framed":true,"w":66.0,"h":46.0,"label":"Exhibition"}]
hos-kurt-arrigo-whitsunday-islands	Kurt Arrigo	https://houseofspoils.com/products/kurt-arrigo-whitsunday-islands	Whitsunday Islands	photo	film	https://cdn.shopify.com/s/files/1/0115/7385/4270/files/KA04.jpg?width=560	[{"vendor":"houseofspoils","url":"https://houseofspoils.com/products/kurt-arrigo-whitsunday-islands?variant=40525053984830","price":225.0,"currency":"USD","framed":true,"w":14.5,"h":18.5,"label":"Small"},{"vendor":"houseofspoils","url":"https://houseofspoils.com/products/kurt-arrigo-whitsunday-islands?variant=41592425316414","price":400.0,"currency":"USD","framed":true,"w":19.5,"h":26.0,"label":"Medium"},{"vendor":"houseofspoils","url":"https://houseofspoils.com/products/kurt-arrigo-whitsunday-islands?variant=41592425447486","price":590.0,"currency":"USD","framed":true,"w":24.5,"h":33.5,"label":"Large"},{"vendor":"houseofspoils","url":"https://houseofspoils.com/products/kurt-arrigo-whitsunday-islands?variant=41592425578558","price":1050.0,"currency":"USD","framed":true,"w":31.5,"h":44.0,"label":"Giant"},{"vendor":"houseofspoils","url":"https://houseofspoils.com/products/kurt-arrigo-whitsunday-islands?variant=41592425709630","price":1975.0,"currency":"USD","framed":true,"w":39.5,"h":56.0,"label":"Collector"},{"vendor":"houseofspoils","url":"https://houseofspoils.com/products/kurt-arrigo-whitsunday-islands?variant=41592425840702","price":3450.0,"currency":"USD","framed":true,"w":46.0,"h":66.0,"label":"Exhibition"}]
hos-kurt-arrigo-standing-tall	Kurt Arrigo	https://houseofspoils.com/products/kurt-arrigo-standing-tall	Standing Tall	photo	film	https://cdn.shopify.com/s/files/1/0115/7385/4270/files/KA05.jpg?width=560	[{"vendor":"houseofspoils","url":"https://houseofspoils.com/products/kurt-arrigo-standing-tall?variant=40525072138302","price":225.0,"currency":"USD","framed":true,"w":14.5,"h":18.5,"label":"Small"},{"vendor":"houseofspoils","url":"https://houseofspoils.com/products/kurt-arrigo-standing-tall?variant=41592419582014","price":400.0,"currency":"USD","framed":true,"w":19.5,"h":26.0,"label":"Medium"},{"vendor":"houseofspoils","url":"https://houseofspoils.com/products/kurt-arrigo-standing-tall?variant=41592419713086","price":590.0,"currency":"USD","framed":true,"w":24.5,"h":33.5,"label":"Large"},{"vendor":"houseofspoils","url":"https://houseofspoils.com/products/kurt-arrigo-standing-tall?variant=41592419844158","price":1050.0,"currency":"USD","framed":true,"w":31.5,"h":44.0,"label":"Giant"},{"vendor":"houseofspoils","url":"https://houseofspoils.com/products/kurt-arrigo-standing-tall?variant=41592419975230","price":1975.0,"currency":"USD","framed":true,"w":39.5,"h":56.0,"label":"Collector"},{"vendor":"houseofspoils","url":"https://houseofspoils.com/products/kurt-arrigo-standing-tall?variant=41592420106302","price":3450.0,"currency":"USD","framed":true,"w":46.0,"h":66.0,"label":"Exhibition"}]
hos-lella-soper-bungalow-heatwave	Lella Soper	https://houseofspoils.com/products/lella-soper-bungalow-heatwave	Bungalow Heatwave	photo	film	https://cdn.shopify.com/s/files/1/0115/7385/4270/files/LS11.jpg?width=560	[{"vendor":"houseofspoils","url":"https://houseofspoils.com/products/lella-soper-bungalow-heatwave?variant=40525152649278","price":225.0,"currency":"USD","framed":true,"w":14.5,"h":18.5,"label":"Small"},{"vendor":"houseofspoils","url":"https://houseofspoils.com/products/lella-soper-bungalow-heatwave?variant=41592407621694","price":400.0,"currency":"USD","framed":true,"w":19.5,"h":26.0,"label":"Medium"},{"vendor":"houseofspoils","url":"https://houseofspoils.com/products/lella-soper-bungalow-heatwave?variant=41592407752766","price":590.0,"currency":"USD","framed":true,"w":24.5,"h":33.5,"label":"Large"},{"vendor":"houseofspoils","url":"https://houseofspoils.com/products/lella-soper-bungalow-heatwave?variant=41592407883838","price":1050.0,"currency":"USD","framed":true,"w":31.5,"h":44.0,"label":"Giant"},{"vendor":"houseofspoils","url":"https://houseofspoils.com/products/lella-soper-bungalow-heatwave?variant=41592408014910","price":1975.0,"currency":"USD","framed":true,"w":39.5,"h":56.0,"label":"Collector"},{"vendor":"houseofspoils","url":"https://houseofspoils.com/products/lella-soper-bungalow-heatwave?variant=41592408145982","price":3450.0,"currency":"USD","framed":true,"w":46.0,"h":66.0,"label":"Exhibition"}]
hos-lella-soper-cool-down	Lella Soper	https://houseofspoils.com/products/lella-soper-cool-down	Cooling Down	photo	film	https://cdn.shopify.com/s/files/1/0115/7385/4270/files/LS12.jpg?width=560	[{"vendor":"houseofspoils","url":"https://houseofspoils.com/products/lella-soper-cool-down?variant=40525190266942","price":225.0,"currency":"USD","framed":true,"w":14.5,"h":18.5,"label":"Small"},{"vendor":"houseofspoils","url":"https://houseofspoils.com/products/lella-soper-cool-down?variant=41592403034174","price":400.0,"currency":"USD","framed":true,"w":19.5,"h":26.0,"label":"Medium"},{"vendor":"houseofspoils","url":"https://houseofspoils.com/products/lella-soper-cool-down?variant=41592403165246","price":590.0,"currency":"USD","framed":true,"w":24.5,"h":33.5,"label":"Large"},{"vendor":"houseofspoils","url":"https://houseofspoils.com/products/lella-soper-cool-down?variant=41592403296318","price":1050.0,"currency":"USD","framed":true,"w":31.5,"h":44.0,"label":"Giant"},{"vendor":"houseofspoils","url":"https://houseofspoils.com/products/lella-soper-cool-down?variant=41592403427390","price":1975.0,"currency":"USD","framed":true,"w":39.5,"h":56.0,"label":"Collector"},{"vendor":"houseofspoils","url":"https://houseofspoils.com/products/lella-soper-cool-down?variant=41592403558462","price":3450.0,"currency":"USD","framed":true,"w":46.0,"h":66.0,"label":"Exhibition"}]
hos-lella-soper-end-of-the-road	Lella Soper	https://houseofspoils.com/products/lella-soper-end-of-the-road	End Of The Road	photo	film	https://cdn.shopify.com/s/files/1/0115/7385/4270/files/LS13.jpg?width=560	[{"vendor":"houseofspoils","url":"https://houseofspoils.com/products/lella-soper-end-of-the-road?variant=40525757382718","price":225.0,"currency":"USD","framed":true,"w":14.5,"h":18.5,"label":"Small"},{"vendor":"houseofspoils","url":"https://houseofspoils.com/products/lella-soper-end-of-the-road?variant=41592396120126","price":400.0,"currency":"USD","framed":true,"w":19.5,"h":26.0,"label":"Medium"},{"vendor":"houseofspoils","url":"https://houseofspoils.com/products/lella-soper-end-of-the-road?variant=41592396251198","price":590.0,"currency":"USD","framed":true,"w":24.5,"h":33.5,"label":"Large"},{"vendor":"houseofspoils","url":"https://houseofspoils.com/products/lella-soper-end-of-the-road?variant=41592396382270","price":1050.0,"currency":"USD","framed":true,"w":31.5,"h":44.0,"label":"Giant"},{"vendor":"houseofspoils","url":"https://houseofspoils.com/products/lella-soper-end-of-the-road?variant=41592396513342","price":1975.0,"currency":"USD","framed":true,"w":39.5,"h":56.0,"label":"Collector"},{"vendor":"houseofspoils","url":"https://houseofspoils.com/products/lella-soper-end-of-the-road?variant=41592396644414","price":3450.0,"currency":"USD","framed":true,"w":46.0,"h":66.0,"label":"Exhibition"}]
hos-lella-soper-island-explorer-i	Lella Soper	https://houseofspoils.com/products/lella-soper-island-explorer-i	Island Explorer I	photo	film	https://cdn.shopify.com/s/files/1/0115/7385/4270/files/LS14.jpg?width=560	[{"vendor":"houseofspoils","url":"https://houseofspoils.com/products/lella-soper-island-explorer-i?variant=40526180712510","price":225.0,"currency":"USD","framed":true,"w":14.5,"h":18.5,"label":"Small"},{"vendor":"houseofspoils","url":"https://houseofspoils.com/products/lella-soper-island-explorer-i?variant=41592393826366","price":400.0,"currency":"USD","framed":true,"w":19.5,"h":26.0,"label":"Medium"},{"vendor":"houseofspoils","url":"https://houseofspoils.com/products/lella-soper-island-explorer-i?variant=41592393957438","price":590.0,"currency":"USD","framed":true,"w":24.5,"h":33.5,"label":"Large"},{"vendor":"houseofspoils","url":"https://houseofspoils.com/products/lella-soper-island-explorer-i?variant=41592394088510","price":1050.0,"currency":"USD","framed":true,"w":31.5,"h":44.0,"label":"Giant"},{"vendor":"houseofspoils","url":"https://houseofspoils.com/products/lella-soper-island-explorer-i?variant=41592394219582","price":1975.0,"currency":"USD","framed":true,"w":39.5,"h":56.0,"label":"Collector"},{"vendor":"houseofspoils","url":"https://houseofspoils.com/products/lella-soper-island-explorer-i?variant=41592394350654","price":3450.0,"currency":"USD","framed":true,"w":46.0,"h":66.0,"label":"Exhibition"}]
hos-lella-soper-mystika	Lella Soper	https://houseofspoils.com/products/lella-soper-mystika	Mystika	photo	film	https://cdn.shopify.com/s/files/1/0115/7385/4270/files/LS15.jpg?width=560	[{"vendor":"houseofspoils","url":"https://houseofspoils.com/products/lella-soper-mystika?variant=40526191231038","price":225.0,"currency":"USD","framed":true,"w":14.5,"h":18.5,"label":"Small"},{"vendor":"houseofspoils","url":"https://houseofspoils.com/products/lella-soper-mystika?variant=41592388059198","price":400.0,"currency":"USD","framed":true,"w":19.5,"h":26.0,"label":"Medium"},{"vendor":"houseofspoils","url":"https://houseofspoils.com/products/lella-soper-mystika?variant=41592388190270","price":590.0,"currency":"USD","framed":true,"w":24.5,"h":33.5,"label":"Large"},{"vendor":"houseofspoils","url":"https://houseofspoils.com/products/lella-soper-mystika?variant=41592388321342","price":1050.0,"currency":"USD","framed":true,"w":31.5,"h":44.0,"label":"Giant"},{"vendor":"houseofspoils","url":"https://houseofspoils.com/products/lella-soper-mystika?variant=41592388452414","price":1975.0,"currency":"USD","framed":true,"w":39.5,"h":56.0,"label":"Collector"},{"vendor":"houseofspoils","url":"https://houseofspoils.com/products/lella-soper-mystika?variant=41592388583486","price":3450.0,"currency":"USD","framed":true,"w":46.0,"h":66.0,"label":"Exhibition"}]
hos-lella-soper-on-the-run	Lella Soper	https://houseofspoils.com/products/lella-soper-on-the-run	On the Run	photo	film	https://cdn.shopify.com/s/files/1/0115/7385/4270/files/LS16.jpg?width=560	[{"vendor":"houseofspoils","url":"https://houseofspoils.com/products/lella-soper-on-the-run?variant=40526279147582","price":225.0,"currency":"USD","framed":true,"w":14.5,"h":18.5,"label":"Small"},{"vendor":"houseofspoils","url":"https://houseofspoils.com/products/lella-soper-on-the-run?variant=41592382324798","price":400.0,"currency":"USD","framed":true,"w":19.5,"h":26.0,"label":"Medium"},{"vendor":"houseofspoils","url":"https://houseofspoils.com/products/lella-soper-on-the-run?variant=41592382455870","price":590.0,"currency":"USD","framed":true,"w":24.5,"h":33.5,"label":"Large"},{"vendor":"houseofspoils","url":"https://houseofspoils.com/products/lella-soper-on-the-run?variant=41592382586942","price":1050.0,"currency":"USD","framed":true,"w":31.5,"h":44.0,"label":"Giant"},{"vendor":"houseofspoils","url":"https://houseofspoils.com/products/lella-soper-on-the-run?variant=41592382718014","price":1975.0,"currency":"USD","framed":true,"w":39.5,"h":56.0,"label":"Collector"},{"vendor":"houseofspoils","url":"https://houseofspoils.com/products/lella-soper-on-the-run?variant=41592382849086","price":3450.0,"currency":"USD","framed":true,"w":46.0,"h":66.0,"label":"Exhibition"}]
hos-lella-soper-pit-stop	Lella Soper	https://houseofspoils.com/products/lella-soper-pit-stop	Pit Stop	photo	film	https://cdn.shopify.com/s/files/1/0115/7385/4270/files/LS17.jpg?width=560	[{"vendor":"houseofspoils","url":"https://houseofspoils.com/products/lella-soper-pit-stop?variant=40526289764414","price":225.0,"currency":"USD","framed":true,"w":14.5,"h":18.5,"label":"Small"},{"vendor":"houseofspoils","url":"https://houseofspoils.com/products/lella-soper-pit-stop?variant=41592375345214","price":400.0,"currency":"USD","framed":true,"w":19.5,"h":26.0,"label":"Medium"},{"vendor":"houseofspoils","url":"https://houseofspoils.com/products/lella-soper-pit-stop?variant=41592375476286","price":590.0,"currency":"USD","framed":true,"w":24.5,"h":33.5,"label":"Large"},{"vendor":"houseofspoils","url":"https://houseofspoils.com/products/lella-soper-pit-stop?variant=41592375607358","price":1050.0,"currency":"USD","framed":true,"w":31.5,"h":44.0,"label":"Giant"},{"vendor":"houseofspoils","url":"https://houseofspoils.com/products/lella-soper-pit-stop?variant=41592375738430","price":1975.0,"currency":"USD","framed":true,"w":39.5,"h":56.0,"label":"Collector"},{"vendor":"houseofspoils","url":"https://houseofspoils.com/products/lella-soper-pit-stop?variant=41592375869502","price":3450.0,"currency":"USD","framed":true,"w":46.0,"h":66.0,"label":"Exhibition"}]
hos-lella-soper-road-rage	Lella Soper	https://houseofspoils.com/products/lella-soper-road-rage	Road Rage	photo	film	https://cdn.shopify.com/s/files/1/0115/7385/4270/files/LS18.jpg?width=560	[{"vendor":"houseofspoils","url":"https://houseofspoils.com/products/lella-soper-road-rage?variant=40530421317694","price":225.0,"currency":"USD","framed":true,"w":14.5,"h":18.5,"label":"Small"},{"vendor":"houseofspoils","url":"https://houseofspoils.com/products/lella-soper-road-rage?variant=41592369545278","price":400.0,"currency":"USD","framed":true,"w":19.5,"h":26.0,"label":"Medium"},{"vendor":"houseofspoils","url":"https://houseofspoils.com/products/lella-soper-road-rage?variant=41592369676350","price":590.0,"currency":"USD","framed":true,"w":24.5,"h":33.5,"label":"Large"},{"vendor":"houseofspoils","url":"https://houseofspoils.com/products/lella-soper-road-rage?variant=41592369807422","price":1050.0,"currency":"USD","framed":true,"w":31.5,"h":44.0,"label":"Giant"},{"vendor":"houseofspoils","url":"https://houseofspoils.com/products/lella-soper-road-rage?variant=41592369938494","price":1975.0,"currency":"USD","framed":true,"w":39.5,"h":56.0,"label":"Collector"},{"vendor":"houseofspoils","url":"https://houseofspoils.com/products/lella-soper-road-rage?variant=41592370069566","price":3450.0,"currency":"USD","framed":true,"w":46.0,"h":66.0,"label":"Exhibition"}]
hos-lella-soper-solid-stripes	Lella Soper	https://houseofspoils.com/products/lella-soper-solid-stripes	Solid & Stripes	photo	film	https://cdn.shopify.com/s/files/1/0115/7385/4270/files/LS19.jpg?width=560	[{"vendor":"houseofspoils","url":"https://houseofspoils.com/products/lella-soper-solid-stripes?variant=40530432065598","price":225.0,"currency":"USD","framed":true,"w":14.5,"h":18.5,"label":"Small"},{"vendor":"houseofspoils","url":"https://houseofspoils.com/products/lella-soper-solid-stripes?variant=41592366071870","price":400.0,"currency":"USD","framed":true,"w":19.5,"h":26.0,"label":"Medium"},{"vendor":"houseofspoils","url":"https://houseofspoils.com/products/lella-soper-solid-stripes?variant=41592366202942","price":590.0,"currency":"USD","framed":true,"w":24.5,"h":33.5,"label":"Large"},{"vendor":"houseofspoils","url":"https://houseofspoils.com/products/lella-soper-solid-stripes?variant=41592366334014","price":1050.0,"currency":"USD","framed":true,"w":31.5,"h":44.0,"label":"Giant"},{"vendor":"houseofspoils","url":"https://houseofspoils.com/products/lella-soper-solid-stripes?variant=41592366465086","price":1975.0,"currency":"USD","framed":true,"w":39.5,"h":56.0,"label":"Collector"},{"vendor":"houseofspoils","url":"https://houseofspoils.com/products/lella-soper-solid-stripes?variant=41592366596158","price":3450.0,"currency":"USD","framed":true,"w":46.0,"h":66.0,"label":"Exhibition"}]
hos-lella-soper-topless-captain	Lella Soper	https://houseofspoils.com/products/lella-soper-topless-captain	Topless Captain	photo	film	https://cdn.shopify.com/s/files/1/0115/7385/4270/files/LS21.jpg?width=560	[{"vendor":"houseofspoils","url":"https://houseofspoils.com/products/lella-soper-topless-captain?variant=40530475188286","price":225.0,"currency":"USD","framed":true,"w":14.5,"h":18.5,"label":"Small"},{"vendor":"houseofspoils","url":"https://houseofspoils.com/products/lella-soper-topless-captain?variant=41592358043710","price":400.0,"currency":"USD","framed":true,"w":19.5,"h":26.0,"label":"Medium"},{"vendor":"houseofspoils","url":"https://houseofspoils.com/products/lella-soper-topless-captain?variant=41592358174782","price":590.0,"currency":"USD","framed":true,"w":24.5,"h":33.5,"label":"Large"},{"vendor":"houseofspoils","url":"https://houseofspoils.com/products/lella-soper-topless-captain?variant=41592358305854","price":1050.0,"currency":"USD","framed":true,"w":31.5,"h":44.0,"label":"Giant"},{"vendor":"houseofspoils","url":"https://houseofspoils.com/products/lella-soper-topless-captain?variant=41592358436926","price":1975.0,"currency":"USD","framed":true,"w":39.5,"h":56.0,"label":"Collector"},{"vendor":"houseofspoils","url":"https://houseofspoils.com/products/lella-soper-topless-captain?variant=41592358567998","price":3450.0,"currency":"USD","framed":true,"w":46.0,"h":66.0,"label":"Exhibition"}]
hos-lella-soper-island-explorer-ii	Lella Soper	https://houseofspoils.com/products/lella-soper-island-explorer-ii	Island Explorer II	photo	film	https://cdn.shopify.com/s/files/1/0115/7385/4270/files/LS22.jpg?width=560	[{"vendor":"houseofspoils","url":"https://houseofspoils.com/products/lella-soper-island-explorer-ii?variant=40530482954302","price":225.0,"currency":"USD","framed":true,"w":14.5,"h":18.5,"label":"Small"},{"vendor":"houseofspoils","url":"https://houseofspoils.com/products/lella-soper-island-explorer-ii?variant=41592352309310","price":400.0,"currency":"USD","framed":true,"w":19.5,"h":26.0,"label":"Medium"},{"vendor":"houseofspoils","url":"https://houseofspoils.com/products/lella-soper-island-explorer-ii?variant=41592352440382","price":590.0,"currency":"USD","framed":true,"w":24.5,"h":33.5,"label":"Large"},{"vendor":"houseofspoils","url":"https://houseofspoils.com/products/lella-soper-island-explorer-ii?variant=41592352571454","price":1050.0,"currency":"USD","framed":true,"w":31.5,"h":44.0,"label":"Giant"},{"vendor":"houseofspoils","url":"https://houseofspoils.com/products/lella-soper-island-explorer-ii?variant=41592352702526","price":1975.0,"currency":"USD","framed":true,"w":39.5,"h":56.0,"label":"Collector"},{"vendor":"houseofspoils","url":"https://houseofspoils.com/products/lella-soper-island-explorer-ii?variant=41592352833598","price":3450.0,"currency":"USD","framed":true,"w":46.0,"h":66.0,"label":"Exhibition"}]
hos-lella-soper-isolated-waters	Lella Soper	https://houseofspoils.com/products/lella-soper-isolated-waters	Isolated Waters	photo	film	https://cdn.shopify.com/s/files/1/0115/7385/4270/files/LS23.jpg?width=560	[{"vendor":"houseofspoils","url":"https://houseofspoils.com/products/lella-soper-isolated-waters?variant=40530486722622","price":225.0,"currency":"USD","framed":true,"w":14.5,"h":18.5,"label":"Small"},{"vendor":"houseofspoils","url":"https://houseofspoils.com/products/lella-soper-isolated-waters?variant=41592350015550","price":400.0,"currency":"USD","framed":true,"w":19.5,"h":26.0,"label":"Medium"},{"vendor":"houseofspoils","url":"https://houseofspoils.com/products/lella-soper-isolated-waters?variant=41592350146622","price":590.0,"currency":"USD","framed":true,"w":24.5,"h":33.5,"label":"Large"},{"vendor":"houseofspoils","url":"https://houseofspoils.com/products/lella-soper-isolated-waters?variant=41592350277694","price":1050.0,"currency":"USD","framed":true,"w":31.5,"h":44.0,"label":"Giant"},{"vendor":"houseofspoils","url":"https://houseofspoils.com/products/lella-soper-isolated-waters?variant=41592350408766","price":1975.0,"currency":"USD","framed":true,"w":39.5,"h":56.0,"label":"Collector"},{"vendor":"houseofspoils","url":"https://houseofspoils.com/products/lella-soper-isolated-waters?variant=41592350539838","price":3450.0,"currency":"USD","framed":true,"w":46.0,"h":66.0,"label":"Exhibition"}]
hos-lella-soper-ferrari-shunt	Lella Soper	https://houseofspoils.com/products/lella-soper-ferrari-shunt	Ferrari Shunt	photo	film	https://cdn.shopify.com/s/files/1/0115/7385/4270/files/LS24.jpg?width=560	[{"vendor":"houseofspoils","url":"https://houseofspoils.com/products/lella-soper-ferrari-shunt?variant=40530488328254","price":225.0,"currency":"USD","framed":true,"w":14.5,"h":18.5,"label":"Small"},{"vendor":"houseofspoils","url":"https://houseofspoils.com/products/lella-soper-ferrari-shunt?variant=41592346542142","price":400.0,"currency":"USD","framed":true,"w":19.5,"h":26.0,"label":"Medium"},{"vendor":"houseofspoils","url":"https://houseofspoils.com/products/lella-soper-ferrari-shunt?variant=41592346673214","price":590.0,"currency":"USD","framed":true,"w":24.5,"h":33.5,"label":"Large"},{"vendor":"houseofspoils","url":"https://houseofspoils.com/products/lella-soper-ferrari-shunt?variant=41592346804286","price":1050.0,"currency":"USD","framed":true,"w":31.5,"h":44.0,"label":"Giant"},{"vendor":"houseofspoils","url":"https://houseofspoils.com/products/lella-soper-ferrari-shunt?variant=41592346935358","price":1975.0,"currency":"USD","framed":true,"w":39.5,"h":56.0,"label":"Collector"},{"vendor":"houseofspoils","url":"https://houseofspoils.com/products/lella-soper-ferrari-shunt?variant=41592347066430","price":3450.0,"currency":"USD","framed":true,"w":46.0,"h":66.0,"label":"Exhibition"}]
hos-lella-soper-tunnel-echo	Lella Soper	https://houseofspoils.com/products/lella-soper-tunnel-echo	Tunnel Echo	photo	film	https://cdn.shopify.com/s/files/1/0115/7385/4270/files/LS25.jpg?width=560	[{"vendor":"houseofspoils","url":"https://houseofspoils.com/products/lella-soper-tunnel-echo?variant=40530494062654","price":225.0,"currency":"USD","framed":true,"w":14.5,"h":18.5,"label":"Small"},{"vendor":"houseofspoils","url":"https://houseofspoils.com/products/lella-soper-tunnel-echo?variant=41592339529790","price":400.0,"currency":"USD","framed":true,"w":19.5,"h":26.0,"label":"Medium"},{"vendor":"houseofspoils","url":"https://houseofspoils.com/products/lella-soper-tunnel-echo?variant=41592339660862","price":590.0,"currency":"USD","framed":true,"w":24.5,"h":33.5,"label":"Large"},{"vendor":"houseofspoils","url":"https://houseofspoils.com/products/lella-soper-tunnel-echo?variant=41592339791934","price":1050.0,"currency":"USD","framed":true,"w":31.5,"h":44.0,"label":"Giant"},{"vendor":"houseofspoils","url":"https://houseofspoils.com/products/lella-soper-tunnel-echo?variant=41592339923006","price":1975.0,"currency":"USD","framed":true,"w":39.5,"h":56.0,"label":"Collector"},{"vendor":"houseofspoils","url":"https://houseofspoils.com/products/lella-soper-tunnel-echo?variant=41592340054078","price":3450.0,"currency":"USD","framed":true,"w":46.0,"h":66.0,"label":"Exhibition"}]
hos-nick-green-shipsterns-bluff	Nick Green	https://houseofspoils.com/products/nick-green-shipsterns-bluff	Shipsterns Bluff	photo	film	https://cdn.shopify.com/s/files/1/0115/7385/4270/files/NG11.jpg?width=560	[{"vendor":"houseofspoils","url":"https://houseofspoils.com/products/nick-green-shipsterns-bluff?variant=40506308788286","price":225.0,"currency":"USD","framed":true,"w":18.5,"h":14.5,"label":"Small"},{"vendor":"houseofspoils","url":"https://houseofspoils.com/products/nick-green-shipsterns-bluff?variant=41592445403198","price":400.0,"currency":"USD","framed":true,"w":26.0,"h":19.5,"label":"Medium"},{"vendor":"houseofspoils","url":"https://houseofspoils.com/products/nick-green-shipsterns-bluff?variant=41592445534270","price":590.0,"currency":"USD","framed":true,"w":33.5,"h":24.5,"label":"Large"},{"vendor":"houseofspoils","url":"https://houseofspoils.com/products/nick-green-shipsterns-bluff?variant=41592445665342","price":1050.0,"currency":"USD","framed":true,"w":44.0,"h":31.5,"label":"Giant"},{"vendor":"houseofspoils","url":"https://houseofspoils.com/products/nick-green-shipsterns-bluff?variant=41592445796414","price":1975.0,"currency":"USD","framed":true,"w":56.0,"h":39.5,"label":"Collector"},{"vendor":"houseofspoils","url":"https://houseofspoils.com/products/nick-green-shipsterns-bluff?variant=41592445927486","price":3450.0,"currency":"USD","framed":true,"w":66.0,"h":46.0,"label":"Exhibition"}]
hos-nick-green-takayna-tree	Nick Green	https://houseofspoils.com/products/nick-green-takayna-tree	Takayna Tree	photo	film	https://cdn.shopify.com/s/files/1/0115/7385/4270/files/NG10.jpg?width=560	[{"vendor":"houseofspoils","url":"https://houseofspoils.com/products/nick-green-takayna-tree?variant=40505119866942","price":225.0,"currency":"USD","framed":true,"w":18.5,"h":14.5,"label":"Small"},{"vendor":"houseofspoils","url":"https://houseofspoils.com/products/nick-green-takayna-tree?variant=41592449990718","price":400.0,"currency":"USD","framed":true,"w":26.0,"h":19.5,"label":"Medium"},{"vendor":"houseofspoils","url":"https://houseofspoils.com/products/nick-green-takayna-tree?variant=41592450121790","price":590.0,"currency":"USD","framed":true,"w":33.5,"h":24.5,"label":"Large"},{"vendor":"houseofspoils","url":"https://houseofspoils.com/products/nick-green-takayna-tree?variant=41592450252862","price":1050.0,"currency":"USD","framed":true,"w":44.0,"h":31.5,"label":"Giant"},{"vendor":"houseofspoils","url":"https://houseofspoils.com/products/nick-green-takayna-tree?variant=41592450383934","price":1975.0,"currency":"USD","framed":true,"w":56.0,"h":39.5,"label":"Collector"},{"vendor":"houseofspoils","url":"https://houseofspoils.com/products/nick-green-takayna-tree?variant=41592450515006","price":3450.0,"currency":"USD","framed":true,"w":66.0,"h":46.0,"label":"Exhibition"}]
hos-thomas-lodin-dance	Thomas Lodin	https://houseofspoils.com/products/thomas-lodin-dance	Dance	photo	film	https://cdn.shopify.com/s/files/1/0115/7385/4270/files/TL01.jpg?width=560	[{"vendor":"houseofspoils","url":"https://houseofspoils.com/products/thomas-lodin-dance?variant=40502349889598","price":225.0,"currency":"USD","framed":true,"w":18.5,"h":14.5,"label":"Small"},{"vendor":"houseofspoils","url":"https://houseofspoils.com/products/thomas-lodin-dance?variant=41592465162302","price":400.0,"currency":"USD","framed":true,"w":26.0,"h":19.5,"label":"Medium"},{"vendor":"houseofspoils","url":"https://houseofspoils.com/products/thomas-lodin-dance?variant=41592465293374","price":590.0,"currency":"USD","framed":true,"w":33.5,"h":24.5,"label":"Large"},{"vendor":"houseofspoils","url":"https://houseofspoils.com/products/thomas-lodin-dance?variant=41592465424446","price":1050.0,"currency":"USD","framed":true,"w":44.0,"h":31.5,"label":"Giant"},{"vendor":"houseofspoils","url":"https://houseofspoils.com/products/thomas-lodin-dance?variant=41592465555518","price":1975.0,"currency":"USD","framed":true,"w":56.0,"h":39.5,"label":"Collector"},{"vendor":"houseofspoils","url":"https://houseofspoils.com/products/thomas-lodin-dance?variant=41592465686590","price":3450.0,"currency":"USD","framed":true,"w":66.0,"h":46.0,"label":"Exhibition"}]
hos-thomas-lodin-elusive-dream	Thomas Lodin	https://houseofspoils.com/products/thomas-lodin-elusive-dream	Elusive Dream	photo	film	https://cdn.shopify.com/s/files/1/0115/7385/4270/files/TL02.jpg?width=560	[{"vendor":"houseofspoils","url":"https://houseofspoils.com/products/thomas-lodin-elusive-dream?variant=40502354346046","price":225.0,"currency":"USD","framed":true,"w":18.5,"h":14.5,"label":"Small"},{"vendor":"houseofspoils","url":"https://houseofspoils.com/products/thomas-lodin-elusive-dream?variant=41592460476478","price":400.0,"currency":"USD","framed":true,"w":26.0,"h":19.5,"label":"Medium"},{"vendor":"houseofspoils","url":"https://houseofspoils.com/products/thomas-lodin-elusive-dream?variant=41592460607550","price":590.0,"currency":"USD","framed":true,"w":33.5,"h":24.5,"label":"Large"},{"vendor":"houseofspoils","url":"https://houseofspoils.com/products/thomas-lodin-elusive-dream?variant=41592460738622","price":1050.0,"currency":"USD","framed":true,"w":44.0,"h":31.5,"label":"Giant"},{"vendor":"houseofspoils","url":"https://houseofspoils.com/products/thomas-lodin-elusive-dream?variant=41592460869694","price":1975.0,"currency":"USD","framed":true,"w":56.0,"h":39.5,"label":"Collector"},{"vendor":"houseofspoils","url":"https://houseofspoils.com/products/thomas-lodin-elusive-dream?variant=41592461000766","price":3450.0,"currency":"USD","framed":true,"w":66.0,"h":46.0,"label":"Exhibition"}]
hos-nick-green-lost-highway	Nick Green	https://houseofspoils.com/products/nick-green-lost-highway	Lost Highway	photo	film	https://cdn.shopify.com/s/files/1/0115/7385/4270/files/NG09.jpg?width=560	[{"vendor":"houseofspoils","url":"https://houseofspoils.com/products/nick-green-lost-highway?variant=40505110396990","price":225.0,"currency":"USD","framed":true,"w":18.5,"h":14.5,"label":"Small"},{"vendor":"houseofspoils","url":"https://houseofspoils.com/products/nick-green-lost-highway?variant=41592457035838","price":400.0,"currency":"USD","framed":true,"w":26.0,"h":19.5,"label":"Medium"},{"vendor":"houseofspoils","url":"https://houseofspoils.com/products/nick-green-lost-highway?variant=41592457166910","price":590.0,"currency":"USD","framed":true,"w":33.5,"h":24.5,"label":"Large"},{"vendor":"houseofspoils","url":"https://houseofspoils.com/products/nick-green-lost-highway?variant=41592457297982","price":1050.0,"currency":"USD","framed":true,"w":44.0,"h":31.5,"label":"Giant"},{"vendor":"houseofspoils","url":"https://houseofspoils.com/products/nick-green-lost-highway?variant=41592457429054","price":1975.0,"currency":"USD","framed":true,"w":56.0,"h":39.5,"label":"Collector"},{"vendor":"houseofspoils","url":"https://houseofspoils.com/products/nick-green-lost-highway?variant=41592457560126","price":3450.0,"currency":"USD","framed":true,"w":66.0,"h":46.0,"label":"Exhibition"}]
hos-fabrizio-daloisio-home-delivery	Fabrizio D'Aloisio	https://houseofspoils.com/products/fabrizio-daloisio-home-delivery	Home Delivery	photo	film	https://cdn.shopify.com/s/files/1/0115/7385/4270/files/FA10.jpg?width=560	[{"vendor":"houseofspoils","url":"https://houseofspoils.com/products/fabrizio-daloisio-home-delivery?variant=40487569948734","price":225.0,"currency":"USD","framed":true,"w":14.5,"h":18.5,"label":"Small"},{"vendor":"houseofspoils","url":"https://houseofspoils.com/products/fabrizio-daloisio-home-delivery?variant=41592478990398","price":400.0,"currency":"USD","framed":true,"w":19.5,"h":26.0,"label":"Medium"},{"vendor":"houseofspoils","url":"https://houseofspoils.com/products/fabrizio-daloisio-home-delivery?variant=41592479121470","price":590.0,"currency":"USD","framed":true,"w":24.5,"h":33.5,"label":"Large"},{"vendor":"houseofspoils","url":"https://houseofspoils.com/products/fabrizio-daloisio-home-delivery?variant=41592479252542","price":1050.0,"currency":"USD","framed":true,"w":31.5,"h":44.0,"label":"Giant"},{"vendor":"houseofspoils","url":"https://houseofspoils.com/products/fabrizio-daloisio-home-delivery?variant=41592479383614","price":1975.0,"currency":"USD","framed":true,"w":39.5,"h":56.0,"label":"Collector"},{"vendor":"houseofspoils","url":"https://houseofspoils.com/products/fabrizio-daloisio-home-delivery?variant=41592479514686","price":3450.0,"currency":"USD","framed":true,"w":46.0,"h":66.0,"label":"Exhibition"}]
hos-david-demartis-gone-skiing	Davide de Martis	https://houseofspoils.com/products/david-demartis-gone-skiing	Gone Skiing	photo	film	https://cdn.shopify.com/s/files/1/0115/7385/4270/files/DM05.png?width=560	[{"vendor":"houseofspoils","url":"https://houseofspoils.com/products/david-demartis-gone-skiing?variant=40487463321662","price":225.0,"currency":"USD","framed":true,"w":14.5,"h":18.5,"label":"Small"},{"vendor":"houseofspoils","url":"https://houseofspoils.com/products/david-demartis-gone-skiing?variant=41592485871678","price":400.0,"currency":"USD","framed":true,"w":19.5,"h":26.0,"label":"Medium"},{"vendor":"houseofspoils","url":"https://houseofspoils.com/products/david-demartis-gone-skiing?variant=41592486035518","price":590.0,"currency":"USD","framed":true,"w":24.5,"h":33.5,"label":"Large"},{"vendor":"houseofspoils","url":"https://houseofspoils.com/products/david-demartis-gone-skiing?variant=41592486232126","price":1050.0,"currency":"USD","framed":true,"w":31.5,"h":44.0,"label":"Giant"},{"vendor":"houseofspoils","url":"https://houseofspoils.com/products/david-demartis-gone-skiing?variant=41592486428734","price":1975.0,"currency":"USD","framed":true,"w":39.5,"h":56.0,"label":"Collector"},{"vendor":"houseofspoils","url":"https://houseofspoils.com/products/david-demartis-gone-skiing?variant=41592486625342","price":3450.0,"currency":"USD","framed":true,"w":46.0,"h":66.0,"label":"Exhibition"}]
hos-speed-of-light	Lella Soper	https://houseofspoils.com/products/speed-of-light	Speed Of Light	photo	film	https://cdn.shopify.com/s/files/1/0115/7385/4270/files/LS20.jpg?width=560	[{"vendor":"houseofspoils","url":"https://houseofspoils.com/products/speed-of-light?variant=40487723663422","price":225.0,"currency":"USD","framed":true,"w":18.5,"h":14.5,"label":"Small"},{"vendor":"houseofspoils","url":"https://houseofspoils.com/products/speed-of-light?variant=41592476696638","price":400.0,"currency":"USD","framed":true,"w":26.0,"h":19.5,"label":"Medium"},{"vendor":"houseofspoils","url":"https://houseofspoils.com/products/speed-of-light?variant=41592476827710","price":590.0,"currency":"USD","framed":true,"w":33.5,"h":24.5,"label":"Large"},{"vendor":"houseofspoils","url":"https://houseofspoils.com/products/speed-of-light?variant=41592476958782","price":1050.0,"currency":"USD","framed":true,"w":44.0,"h":31.5,"label":"Giant"},{"vendor":"houseofspoils","url":"https://houseofspoils.com/products/speed-of-light?variant=41592477089854","price":1975.0,"currency":"USD","framed":true,"w":56.0,"h":39.5,"label":"Collector"},{"vendor":"houseofspoils","url":"https://houseofspoils.com/products/speed-of-light?variant=41592477220926","price":3450.0,"currency":"USD","framed":true,"w":66.0,"h":46.0,"label":"Exhibition"}]
hos-kurt-arrigo-letting-go	Kurt Arrigo	https://houseofspoils.com/products/kurt-arrigo-letting-go	Letting Go	photo	film	https://cdn.shopify.com/s/files/1/0115/7385/4270/files/KA06.jpg?width=560	[{"vendor":"houseofspoils","url":"https://houseofspoils.com/products/kurt-arrigo-letting-go?variant=40491714478142","price":225.0,"currency":"USD","framed":true,"w":18.5,"h":14.5,"label":"Small"},{"vendor":"houseofspoils","url":"https://houseofspoils.com/products/kurt-arrigo-letting-go?variant=41592469749822","price":400.0,"currency":"USD","framed":true,"w":26.0,"h":19.5,"label":"Medium"},{"vendor":"houseofspoils","url":"https://houseofspoils.com/products/kurt-arrigo-letting-go?variant=41592469880894","price":590.0,"currency":"USD","framed":true,"w":33.5,"h":24.5,"label":"Large"},{"vendor":"houseofspoils","url":"https://houseofspoils.com/products/kurt-arrigo-letting-go?variant=41592470011966","price":1050.0,"currency":"USD","framed":true,"w":44.0,"h":31.5,"label":"Giant"},{"vendor":"houseofspoils","url":"https://houseofspoils.com/products/kurt-arrigo-letting-go?variant=41592470143038","price":1975.0,"currency":"USD","framed":true,"w":56.0,"h":39.5,"label":"Collector"},{"vendor":"houseofspoils","url":"https://houseofspoils.com/products/kurt-arrigo-letting-go?variant=41592470274110","price":3450.0,"currency":"USD","framed":true,"w":66.0,"h":46.0,"label":"Exhibition"}]
hos-mark-squires-mirror-mirror-2	Mark Squires	https://houseofspoils.com/products/mark-squires-mirror-mirror-2	Mirror Mirror 2	photo	film	https://cdn.shopify.com/s/files/1/0115/7385/4270/files/MSQ19.jpg?width=560	[{"vendor":"houseofspoils","url":"https://houseofspoils.com/products/mark-squires-mirror-mirror-2?variant=40467800555582","price":225.0,"currency":"USD","framed":true,"w":14.5,"h":18.5,"label":"Small"},{"vendor":"houseofspoils","url":"https://houseofspoils.com/products/mark-squires-mirror-mirror-2?variant=41592491704382","price":400.0,"currency":"USD","framed":true,"w":19.5,"h":26.0,"label":"Medium"},{"vendor":"houseofspoils","url":"https://houseofspoils.com/products/mark-squires-mirror-mirror-2?variant=41592491835454","price":590.0,"currency":"USD","framed":true,"w":24.5,"h":33.5,"label":"Large"},{"vendor":"houseofspoils","url":"https://houseofspoils.com/products/mark-squires-mirror-mirror-2?variant=41592491966526","price":1050.0,"currency":"USD","framed":true,"w":31.5,"h":44.0,"label":"Giant"},{"vendor":"houseofspoils","url":"https://houseofspoils.com/products/mark-squires-mirror-mirror-2?variant=41592492097598","price":1975.0,"currency":"USD","framed":true,"w":39.5,"h":56.0,"label":"Collector"},{"vendor":"houseofspoils","url":"https://houseofspoils.com/products/mark-squires-mirror-mirror-2?variant=41592492228670","price":3450.0,"currency":"USD","framed":true,"w":46.0,"h":66.0,"label":"Exhibition"}]
hos-mark-squires-lone-trek	Mark Squires	https://houseofspoils.com/products/mark-squires-lone-trek	Lone trek	photo	film	https://cdn.shopify.com/s/files/1/0115/7385/4270/files/MSQ03.jpg?width=560	[{"vendor":"houseofspoils","url":"https://houseofspoils.com/products/mark-squires-lone-trek?variant=40457694609470","price":225.0,"currency":"USD","framed":true,"w":14.5,"h":18.5,"label":"Small"},{"vendor":"houseofspoils","url":"https://houseofspoils.com/products/mark-squires-lone-trek?variant=41592512249918","price":400.0,"currency":"USD","framed":true,"w":19.5,"h":26.0,"label":"Medium"},{"vendor":"houseofspoils","url":"https://houseofspoils.com/products/mark-squires-lone-trek?variant=41592512380990","price":590.0,"currency":"USD","framed":true,"w":24.5,"h":33.5,"label":"Large"},{"vendor":"houseofspoils","url":"https://houseofspoils.com/products/mark-squires-lone-trek?variant=41592512512062","price":1050.0,"currency":"USD","framed":true,"w":31.5,"h":44.0,"label":"Giant"},{"vendor":"houseofspoils","url":"https://houseofspoils.com/products/mark-squires-lone-trek?variant=41592512643134","price":1975.0,"currency":"USD","framed":true,"w":39.5,"h":56.0,"label":"Collector"},{"vendor":"houseofspoils","url":"https://houseofspoils.com/products/mark-squires-lone-trek?variant=41592512774206","price":3450.0,"currency":"USD","framed":true,"w":46.0,"h":66.0,"label":"Exhibition"}]
hos-mark-squires-porsche-and-orchid	Mark Squires	https://houseofspoils.com/products/mark-squires-porsche-and-orchid	Porsche and Orchid	photo	film	https://cdn.shopify.com/s/files/1/0115/7385/4270/files/MSQ14.jpg?width=560	[{"vendor":"houseofspoils","url":"https://houseofspoils.com/products/mark-squires-porsche-and-orchid?variant=40467535855678","price":225.0,"currency":"USD","framed":true,"w":18.5,"h":14.5,"label":"Small"},{"vendor":"houseofspoils","url":"https://houseofspoils.com/products/mark-squires-porsche-and-orchid?variant=41592499044414","price":400.0,"currency":"USD","framed":true,"w":26.0,"h":19.5,"label":"Medium"},{"vendor":"houseofspoils","url":"https://houseofspoils.com/products/mark-squires-porsche-and-orchid?variant=41592499175486","price":590.0,"currency":"USD","framed":true,"w":33.5,"h":24.5,"label":"Large"},{"vendor":"houseofspoils","url":"https://houseofspoils.com/products/mark-squires-porsche-and-orchid?variant=41592499306558","price":1050.0,"currency":"USD","framed":true,"w":44.0,"h":31.5,"label":"Giant"},{"vendor":"houseofspoils","url":"https://houseofspoils.com/products/mark-squires-porsche-and-orchid?variant=41592499437630","price":1975.0,"currency":"USD","framed":true,"w":56.0,"h":39.5,"label":"Collector"},{"vendor":"houseofspoils","url":"https://houseofspoils.com/products/mark-squires-porsche-and-orchid?variant=41592499568702","price":3450.0,"currency":"USD","framed":true,"w":66.0,"h":46.0,"label":"Exhibition"}]
hos-mark-squires-orange-dream	Mark Squires	https://houseofspoils.com/products/mark-squires-orange-dream	Orange Dream	photo	film	https://cdn.shopify.com/s/files/1/0115/7385/4270/files/MSQ18.jpg?width=560	[{"vendor":"houseofspoils","url":"https://houseofspoils.com/products/mark-squires-orange-dream?variant=40467723124798","price":225.0,"currency":"USD","framed":true,"w":14.5,"h":18.5,"label":"Small"},{"vendor":"houseofspoils","url":"https://houseofspoils.com/products/mark-squires-orange-dream?variant=41592495571006","price":400.0,"currency":"USD","framed":true,"w":19.5,"h":26.0,"label":"Medium"},{"vendor":"houseofspoils","url":"https://houseofspoils.com/products/mark-squires-orange-dream?variant=41592495702078","price":590.0,"currency":"USD","framed":true,"w":24.5,"h":33.5,"label":"Large"},{"vendor":"houseofspoils","url":"https://houseofspoils.com/products/mark-squires-orange-dream?variant=41592495833150","price":1050.0,"currency":"USD","framed":true,"w":31.5,"h":44.0,"label":"Giant"},{"vendor":"houseofspoils","url":"https://houseofspoils.com/products/mark-squires-orange-dream?variant=41592495964222","price":1975.0,"currency":"USD","framed":true,"w":39.5,"h":56.0,"label":"Collector"},{"vendor":"houseofspoils","url":"https://houseofspoils.com/products/mark-squires-orange-dream?variant=41592496095294","price":3450.0,"currency":"USD","framed":true,"w":46.0,"h":66.0,"label":"Exhibition"}]
hos-mark-squires-take-it-easy	Mark Squires	https://houseofspoils.com/products/mark-squires-take-it-easy	Take it Easy	photo	film	https://cdn.shopify.com/s/files/1/0115/7385/4270/files/MSQ20.jpg?width=560	[{"vendor":"houseofspoils","url":"https://houseofspoils.com/products/mark-squires-take-it-easy?variant=40467793281086","price":225.0,"currency":"USD","framed":true,"w":18.5,"h":14.5,"label":"Small"},{"vendor":"houseofspoils","url":"https://houseofspoils.com/products/mark-squires-take-it-easy?variant=41592493244478","price":400.0,"currency":"USD","framed":true,"w":26.0,"h":19.5,"label":"Medium"},{"vendor":"houseofspoils","url":"https://houseofspoils.com/products/mark-squires-take-it-easy?variant=41592493375550","price":590.0,"currency":"USD","framed":true,"w":33.5,"h":24.5,"label":"Large"},{"vendor":"houseofspoils","url":"https://houseofspoils.com/products/mark-squires-take-it-easy?variant=41592493506622","price":1050.0,"currency":"USD","framed":true,"w":44.0,"h":31.5,"label":"Giant"},{"vendor":"houseofspoils","url":"https://houseofspoils.com/products/mark-squires-take-it-easy?variant=41592493637694","price":1975.0,"currency":"USD","framed":true,"w":56.0,"h":39.5,"label":"Collector"},{"vendor":"houseofspoils","url":"https://houseofspoils.com/products/mark-squires-take-it-easy?variant=41592493768766","price":3450.0,"currency":"USD","framed":true,"w":66.0,"h":46.0,"label":"Exhibition"}]
hos-mark-squires-black-cala	Mark Squires	https://houseofspoils.com/products/mark-squires-black-cala	Black Cala	photo	film	https://cdn.shopify.com/s/files/1/0115/7385/4270/files/MSQ13.jpg?width=560	[{"vendor":"houseofspoils","url":"https://houseofspoils.com/products/mark-squires-black-cala?variant=40467450232894","price":225.0,"currency":"USD","framed":true,"w":14.5,"h":18.5,"label":"Small"},{"vendor":"houseofspoils","url":"https://houseofspoils.com/products/mark-squires-black-cala?variant=41592500682814","price":400.0,"currency":"USD","framed":true,"w":19.5,"h":26.0,"label":"Medium"},{"vendor":"houseofspoils","url":"https://houseofspoils.com/products/mark-squires-black-cala?variant=41592500813886","price":590.0,"currency":"USD","framed":true,"w":24.5,"h":33.5,"label":"Large"},{"vendor":"houseofspoils","url":"https://houseofspoils.com/products/mark-squires-black-cala?variant=41592500944958","price":1050.0,"currency":"USD","framed":true,"w":31.5,"h":44.0,"label":"Giant"},{"vendor":"houseofspoils","url":"https://houseofspoils.com/products/mark-squires-black-cala?variant=41592501076030","price":1975.0,"currency":"USD","framed":true,"w":39.5,"h":56.0,"label":"Collector"},{"vendor":"houseofspoils","url":"https://houseofspoils.com/products/mark-squires-black-cala?variant=41592501207102","price":3450.0,"currency":"USD","framed":true,"w":46.0,"h":66.0,"label":"Exhibition"}]
hos-mark-squires-cover-up	Mark Squires	https://houseofspoils.com/products/mark-squires-cover-up	Cover up	photo	film	https://cdn.shopify.com/s/files/1/0115/7385/4270/files/MSQ10.jpg?width=560	[{"vendor":"houseofspoils","url":"https://houseofspoils.com/products/mark-squires-cover-up?variant=40467062063166","price":225.0,"currency":"USD","framed":true,"w":18.5,"h":14.5,"label":"Small"},{"vendor":"houseofspoils","url":"https://houseofspoils.com/products/mark-squires-cover-up?variant=41592504123454","price":400.0,"currency":"USD","framed":true,"w":26.0,"h":19.5,"label":"Medium"},{"vendor":"houseofspoils","url":"https://houseofspoils.com/products/mark-squires-cover-up?variant=41592504254526","price":590.0,"currency":"USD","framed":true,"w":33.5,"h":24.5,"label":"Large"},{"vendor":"houseofspoils","url":"https://houseofspoils.com/products/mark-squires-cover-up?variant=41592504385598","price":1050.0,"currency":"USD","framed":true,"w":44.0,"h":31.5,"label":"Giant"},{"vendor":"houseofspoils","url":"https://houseofspoils.com/products/mark-squires-cover-up?variant=41592504516670","price":1975.0,"currency":"USD","framed":true,"w":56.0,"h":39.5,"label":"Collector"},{"vendor":"houseofspoils","url":"https://houseofspoils.com/products/mark-squires-cover-up?variant=41592504647742","price":3450.0,"currency":"USD","framed":true,"w":66.0,"h":46.0,"label":"Exhibition"}]
hos-mark-squires-private-peak	Mark Squires	https://houseofspoils.com/products/mark-squires-private-peak	Private Peak	photo	film	https://cdn.shopify.com/s/files/1/0115/7385/4270/files/MSQ09.jpg?width=560	[{"vendor":"houseofspoils","url":"https://houseofspoils.com/products/mark-squires-private-peak?variant=40466981617726","price":225.0,"currency":"USD","framed":true,"w":18.5,"h":14.5,"label":"Small"},{"vendor":"houseofspoils","url":"https://houseofspoils.com/products/mark-squires-private-peak?variant=41592505335870","price":400.0,"currency":"USD","framed":true,"w":26.0,"h":19.5,"label":"Medium"},{"vendor":"houseofspoils","url":"https://houseofspoils.com/products/mark-squires-private-peak?variant=41592505466942","price":590.0,"currency":"USD","framed":true,"w":33.5,"h":24.5,"label":"Large"},{"vendor":"houseofspoils","url":"https://houseofspoils.com/products/mark-squires-private-peak?variant=41592505598014","price":1050.0,"currency":"USD","framed":true,"w":44.0,"h":31.5,"label":"Giant"},{"vendor":"houseofspoils","url":"https://houseofspoils.com/products/mark-squires-private-peak?variant=41592505729086","price":1975.0,"currency":"USD","framed":true,"w":56.0,"h":39.5,"label":"Collector"},{"vendor":"houseofspoils","url":"https://houseofspoils.com/products/mark-squires-private-peak?variant=41592505860158","price":3450.0,"currency":"USD","framed":true,"w":66.0,"h":46.0,"label":"Exhibition"}]
hos-mark-squires-untied	Mark Squires	https://houseofspoils.com/products/mark-squires-untied	Untied	photo	film	https://cdn.shopify.com/s/files/1/0115/7385/4270/files/MSQ08.jpg?width=560	[{"vendor":"houseofspoils","url":"https://houseofspoils.com/products/mark-squires-untied?variant=40458720018494","price":225.0,"currency":"USD","framed":true,"w":14.5,"h":18.5,"label":"Small"},{"vendor":"houseofspoils","url":"https://houseofspoils.com/products/mark-squires-untied?variant=41592508776510","price":400.0,"currency":"USD","framed":true,"w":19.5,"h":26.0,"label":"Medium"},{"vendor":"houseofspoils","url":"https://houseofspoils.com/products/mark-squires-untied?variant=41592508907582","price":590.0,"currency":"USD","framed":true,"w":24.5,"h":33.5,"label":"Large"},{"vendor":"houseofspoils","url":"https://houseofspoils.com/products/mark-squires-untied?variant=41592509038654","price":1050.0,"currency":"USD","framed":true,"w":31.5,"h":44.0,"label":"Giant"},{"vendor":"houseofspoils","url":"https://houseofspoils.com/products/mark-squires-untied?variant=41592509169726","price":1975.0,"currency":"USD","framed":true,"w":39.5,"h":56.0,"label":"Collector"},{"vendor":"houseofspoils","url":"https://houseofspoils.com/products/mark-squires-untied?variant=41592509300798","price":3450.0,"currency":"USD","framed":true,"w":46.0,"h":66.0,"label":"Exhibition"}]
hos-mark-squires-burn-rubber	Mark Squires	https://houseofspoils.com/products/mark-squires-burn-rubber	Burn Rubber	photo	film	https://cdn.shopify.com/s/files/1/0115/7385/4270/files/MSQ07.jpg?width=560	[{"vendor":"houseofspoils","url":"https://houseofspoils.com/products/mark-squires-burn-rubber?variant=40458981769278","price":225.0,"currency":"USD","framed":true,"w":18.5,"h":14.5,"label":"Small"},{"vendor":"houseofspoils","url":"https://houseofspoils.com/products/mark-squires-burn-rubber?variant=41592506482750","price":400.0,"currency":"USD","framed":true,"w":26.0,"h":19.5,"label":"Medium"},{"vendor":"houseofspoils","url":"https://houseofspoils.com/products/mark-squires-burn-rubber?variant=41592506613822","price":590.0,"currency":"USD","framed":true,"w":33.5,"h":24.5,"label":"Large"},{"vendor":"houseofspoils","url":"https://houseofspoils.com/products/mark-squires-burn-rubber?variant=41592506744894","price":1050.0,"currency":"USD","framed":true,"w":44.0,"h":31.5,"label":"Giant"},{"vendor":"houseofspoils","url":"https://houseofspoils.com/products/mark-squires-burn-rubber?variant=41592506875966","price":1975.0,"currency":"USD","framed":true,"w":56.0,"h":39.5,"label":"Collector"},{"vendor":"houseofspoils","url":"https://houseofspoils.com/products/mark-squires-burn-rubber?variant=41592507007038","price":3450.0,"currency":"USD","framed":true,"w":66.0,"h":46.0,"label":"Exhibition"}]
hos-mark-squires-elevate	Mark Squires	https://houseofspoils.com/products/mark-squires-elevate	Elevate	photo	film	https://cdn.shopify.com/s/files/1/0115/7385/4270/files/MSQ06.jpg?width=560	[{"vendor":"houseofspoils","url":"https://houseofspoils.com/products/mark-squires-elevate?variant=40458818912318","price":225.0,"currency":"USD","framed":true,"w":18.5,"h":14.5,"label":"Small"},{"vendor":"houseofspoils","url":"https://houseofspoils.com/products/mark-squires-elevate?variant=41592507629630","price":400.0,"currency":"USD","framed":true,"w":26.0,"h":19.5,"label":"Medium"},{"vendor":"houseofspoils","url":"https://houseofspoils.com/products/mark-squires-elevate?variant=41592507760702","price":590.0,"currency":"USD","framed":true,"w":33.5,"h":24.5,"label":"Large"},{"vendor":"houseofspoils","url":"https://houseofspoils.com/products/mark-squires-elevate?variant=41592507891774","price":1050.0,"currency":"USD","framed":true,"w":44.0,"h":31.5,"label":"Giant"},{"vendor":"houseofspoils","url":"https://houseofspoils.com/products/mark-squires-elevate?variant=41592508022846","price":1975.0,"currency":"USD","framed":true,"w":56.0,"h":39.5,"label":"Collector"},{"vendor":"houseofspoils","url":"https://houseofspoils.com/products/mark-squires-elevate?variant=41592508153918","price":3450.0,"currency":"USD","framed":true,"w":66.0,"h":46.0,"label":"Exhibition"}]
hos-mark-squires-she-by-the-seaside	Mark Squires	https://houseofspoils.com/products/mark-squires-she-by-the-seaside	She By The Seaside	photo	film	https://cdn.shopify.com/s/files/1/0115/7385/4270/files/MSQ05.jpg?width=560	[{"vendor":"houseofspoils","url":"https://houseofspoils.com/products/mark-squires-she-by-the-seaside?variant=40458298064958","price":225.0,"currency":"USD","framed":true,"w":14.5,"h":18.5,"label":"Small"},{"vendor":"houseofspoils","url":"https://houseofspoils.com/products/mark-squires-she-by-the-seaside?variant=41592509923390","price":400.0,"currency":"USD","framed":true,"w":19.5,"h":26.0,"label":"Medium"},{"vendor":"houseofspoils","url":"https://houseofspoils.com/products/mark-squires-she-by-the-seaside?variant=41592510054462","price":590.0,"currency":"USD","framed":true,"w":24.5,"h":33.5,"label":"Large"},{"vendor":"houseofspoils","url":"https://houseofspoils.com/products/mark-squires-she-by-the-seaside?variant=41592510185534","price":1050.0,"currency":"USD","framed":true,"w":31.5,"h":44.0,"label":"Giant"},{"vendor":"houseofspoils","url":"https://houseofspoils.com/products/mark-squires-she-by-the-seaside?variant=41592510316606","price":1975.0,"currency":"USD","framed":true,"w":39.5,"h":56.0,"label":"Collector"},{"vendor":"houseofspoils","url":"https://houseofspoils.com/products/mark-squires-she-by-the-seaside?variant=41592510447678","price":3450.0,"currency":"USD","framed":true,"w":46.0,"h":66.0,"label":"Exhibition"}]
hos-mark-squires-wave-bloom	Mark Squires	https://houseofspoils.com/products/mark-squires-wave-bloom	Wave Bloom	photo	film	https://cdn.shopify.com/s/files/1/0115/7385/4270/files/MSQ04.jpg?width=560	[{"vendor":"houseofspoils","url":"https://houseofspoils.com/products/mark-squires-wave-bloom?variant=40458138026046","price":225.0,"currency":"USD","framed":true,"w":18.5,"h":14.5,"label":"Small"},{"vendor":"houseofspoils","url":"https://houseofspoils.com/products/mark-squires-wave-bloom?variant=41592511103038","price":400.0,"currency":"USD","framed":true,"w":26.0,"h":19.5,"label":"Medium"},{"vendor":"houseofspoils","url":"https://houseofspoils.com/products/mark-squires-wave-bloom?variant=41592511234110","price":590.0,"currency":"USD","framed":true,"w":33.5,"h":24.5,"label":"Large"},{"vendor":"houseofspoils","url":"https://houseofspoils.com/products/mark-squires-wave-bloom?variant=41592511365182","price":1050.0,"currency":"USD","framed":true,"w":44.0,"h":31.5,"label":"Giant"},{"vendor":"houseofspoils","url":"https://houseofspoils.com/products/mark-squires-wave-bloom?variant=41592511496254","price":1975.0,"currency":"USD","framed":true,"w":56.0,"h":39.5,"label":"Collector"},{"vendor":"houseofspoils","url":"https://houseofspoils.com/products/mark-squires-wave-bloom?variant=41592511627326","price":3450.0,"currency":"USD","framed":true,"w":66.0,"h":46.0,"label":"Exhibition"}]
hos-mark-squires-anthurium-dream	Mark Squires	https://houseofspoils.com/products/mark-squires-anthurium-dream	Anthurium Dream	photo	film	https://cdn.shopify.com/s/files/1/0115/7385/4270/files/MSQ02.jpg?width=560	[{"vendor":"houseofspoils","url":"https://houseofspoils.com/products/mark-squires-anthurium-dream?variant=40457683468350","price":225.0,"currency":"USD","framed":true,"w":18.5,"h":14.5,"label":"Small"},{"vendor":"houseofspoils","url":"https://houseofspoils.com/products/mark-squires-anthurium-dream?variant=41592513790014","price":400.0,"currency":"USD","framed":true,"w":26.0,"h":19.5,"label":"Medium"},{"vendor":"houseofspoils","url":"https://houseofspoils.com/products/mark-squires-anthurium-dream?variant=41592513921086","price":590.0,"currency":"USD","framed":true,"w":33.5,"h":24.5,"label":"Large"},{"vendor":"houseofspoils","url":"https://houseofspoils.com/products/mark-squires-anthurium-dream?variant=41592514052158","price":1050.0,"currency":"USD","framed":true,"w":44.0,"h":31.5,"label":"Giant"},{"vendor":"houseofspoils","url":"https://houseofspoils.com/products/mark-squires-anthurium-dream?variant=41592514183230","price":1975.0,"currency":"USD","framed":true,"w":56.0,"h":39.5,"label":"Collector"},{"vendor":"houseofspoils","url":"https://houseofspoils.com/products/mark-squires-anthurium-dream?variant=41592514314302","price":3450.0,"currency":"USD","framed":true,"w":66.0,"h":46.0,"label":"Exhibition"}]
hos-mark-squires-a-day-at-the-beach	Mark Squires	https://houseofspoils.com/products/mark-squires-a-day-at-the-beach	A Day At The Beach	photo	film	https://cdn.shopify.com/s/files/1/0115/7385/4270/files/MSQ01.jpg?width=560	[{"vendor":"houseofspoils","url":"https://houseofspoils.com/products/mark-squires-a-day-at-the-beach?variant=40457485090878","price":225.0,"currency":"USD","framed":true,"w":18.5,"h":14.5,"label":"Small"},{"vendor":"houseofspoils","url":"https://houseofspoils.com/products/mark-squires-a-day-at-the-beach?variant=41592514936894","price":400.0,"currency":"USD","framed":true,"w":26.0,"h":19.5,"label":"Medium"},{"vendor":"houseofspoils","url":"https://houseofspoils.com/products/mark-squires-a-day-at-the-beach?variant=41592515067966","price":590.0,"currency":"USD","framed":true,"w":33.5,"h":24.5,"label":"Large"},{"vendor":"houseofspoils","url":"https://houseofspoils.com/products/mark-squires-a-day-at-the-beach?variant=41592515199038","price":1050.0,"currency":"USD","framed":true,"w":44.0,"h":31.5,"label":"Giant"},{"vendor":"houseofspoils","url":"https://houseofspoils.com/products/mark-squires-a-day-at-the-beach?variant=41592515330110","price":1975.0,"currency":"USD","framed":true,"w":56.0,"h":39.5,"label":"Collector"},{"vendor":"houseofspoils","url":"https://houseofspoils.com/products/mark-squires-a-day-at-the-beach?variant=41592515461182","price":3450.0,"currency":"USD","framed":true,"w":66.0,"h":46.0,"label":"Exhibition"}]
hos-nikki-brand-yucatan-breeze	Nikki Brand	https://houseofspoils.com/products/nikki-brand-yucatan-breeze	Yucatán Breeze	photo	film	https://cdn.shopify.com/s/files/1/0115/7385/4270/files/NB10.jpg?width=560	[{"vendor":"houseofspoils","url":"https://houseofspoils.com/products/nikki-brand-yucatan-breeze?variant=40434293538878","price":225.0,"currency":"USD","framed":true,"w":14.5,"h":18.5,"label":"Small"},{"vendor":"houseofspoils","url":"https://houseofspoils.com/products/nikki-brand-yucatan-breeze?variant=41592516116542","price":400.0,"currency":"USD","framed":true,"w":19.5,"h":26.0,"label":"Medium"},{"vendor":"houseofspoils","url":"https://houseofspoils.com/products/nikki-brand-yucatan-breeze?variant=41592516247614","price":590.0,"currency":"USD","framed":true,"w":24.5,"h":33.5,"label":"Large"},{"vendor":"houseofspoils","url":"https://houseofspoils.com/products/nikki-brand-yucatan-breeze?variant=41592516378686","price":1050.0,"currency":"USD","framed":true,"w":31.5,"h":44.0,"label":"Giant"},{"vendor":"houseofspoils","url":"https://houseofspoils.com/products/nikki-brand-yucatan-breeze?variant=41592516509758","price":1975.0,"currency":"USD","framed":true,"w":39.5,"h":56.0,"label":"Collector"},{"vendor":"houseofspoils","url":"https://houseofspoils.com/products/nikki-brand-yucatan-breeze?variant=41592516640830","price":3450.0,"currency":"USD","framed":true,"w":46.0,"h":66.0,"label":"Exhibition"}]
hos-brecht-vanthof-syd-commuter	Brecht Van't Hof	https://houseofspoils.com/products/brecht-vanthof-syd-commuter	SYD Commuter	photo	film	https://cdn.shopify.com/s/files/1/0115/7385/4270/files/BV18.jpg?width=560	[{"vendor":"houseofspoils","url":"https://houseofspoils.com/products/brecht-vanthof-syd-commuter?variant=40431896592446","price":225.0,"currency":"USD","framed":true,"w":14.5,"h":18.5,"label":"Small"},{"vendor":"houseofspoils","url":"https://houseofspoils.com/products/brecht-vanthof-syd-commuter?variant=41592518410302","price":400.0,"currency":"USD","framed":true,"w":19.5,"h":26.0,"label":"Medium"},{"vendor":"houseofspoils","url":"https://houseofspoils.com/products/brecht-vanthof-syd-commuter?variant=41592518541374","price":590.0,"currency":"USD","framed":true,"w":24.5,"h":33.5,"label":"Large"},{"vendor":"houseofspoils","url":"https://houseofspoils.com/products/brecht-vanthof-syd-commuter?variant=41592518672446","price":1050.0,"currency":"USD","framed":true,"w":31.5,"h":44.0,"label":"Giant"},{"vendor":"houseofspoils","url":"https://houseofspoils.com/products/brecht-vanthof-syd-commuter?variant=41592518803518","price":1975.0,"currency":"USD","framed":true,"w":39.5,"h":56.0,"label":"Collector"},{"vendor":"houseofspoils","url":"https://houseofspoils.com/products/brecht-vanthof-syd-commuter?variant=41592518934590","price":3450.0,"currency":"USD","framed":true,"w":46.0,"h":66.0,"label":"Exhibition"}]
hos-brecht-vanthof-shipwrecks	Brecht Van't Hof	https://houseofspoils.com/products/brecht-vanthof-shipwrecks	Shipwrecks	photo	film	https://cdn.shopify.com/s/files/1/0115/7385/4270/files/BV17.jpg?width=560	[{"vendor":"houseofspoils","url":"https://houseofspoils.com/products/brecht-vanthof-shipwrecks?variant=40431877783614","price":225.0,"currency":"USD","framed":true,"w":14.5,"h":18.5,"label":"Small"},{"vendor":"houseofspoils","url":"https://houseofspoils.com/products/brecht-vanthof-shipwrecks?variant=41592519557182","price":400.0,"currency":"USD","framed":true,"w":19.5,"h":26.0,"label":"Medium"},{"vendor":"houseofspoils","url":"https://houseofspoils.com/products/brecht-vanthof-shipwrecks?variant=41592519688254","price":590.0,"currency":"USD","framed":true,"w":24.5,"h":33.5,"label":"Large"},{"vendor":"houseofspoils","url":"https://houseofspoils.com/products/brecht-vanthof-shipwrecks?variant=41592519819326","price":1050.0,"currency":"USD","framed":true,"w":31.5,"h":44.0,"label":"Giant"},{"vendor":"houseofspoils","url":"https://houseofspoils.com/products/brecht-vanthof-shipwrecks?variant=41592519950398","price":1975.0,"currency":"USD","framed":true,"w":39.5,"h":56.0,"label":"Collector"},{"vendor":"houseofspoils","url":"https://houseofspoils.com/products/brecht-vanthof-shipwrecks?variant=41592520081470","price":3450.0,"currency":"USD","framed":true,"w":46.0,"h":66.0,"label":"Exhibition"}]
hos-brecht-vanthof-infinite-blues	Brecht Van't Hof	https://houseofspoils.com/products/brecht-vanthof-infinite-blues	Infinite Blues	photo	film	https://cdn.shopify.com/s/files/1/0115/7385/4270/files/BV16.jpg?width=560	[{"vendor":"houseofspoils","url":"https://houseofspoils.com/products/brecht-vanthof-infinite-blues?variant=40431817490494","price":225.0,"currency":"USD","framed":true,"w":14.5,"h":18.5,"label":"Small"},{"vendor":"houseofspoils","url":"https://houseofspoils.com/products/brecht-vanthof-infinite-blues?variant=41592520704062","price":400.0,"currency":"USD","framed":true,"w":19.5,"h":26.0,"label":"Medium"},{"vendor":"houseofspoils","url":"https://houseofspoils.com/products/brecht-vanthof-infinite-blues?variant=41592520835134","price":590.0,"currency":"USD","framed":true,"w":24.5,"h":33.5,"label":"Large"},{"vendor":"houseofspoils","url":"https://houseofspoils.com/products/brecht-vanthof-infinite-blues?variant=41592520966206","price":1050.0,"currency":"USD","framed":true,"w":31.5,"h":44.0,"label":"Giant"},{"vendor":"houseofspoils","url":"https://houseofspoils.com/products/brecht-vanthof-infinite-blues?variant=41592521097278","price":1975.0,"currency":"USD","framed":true,"w":39.5,"h":56.0,"label":"Collector"},{"vendor":"houseofspoils","url":"https://houseofspoils.com/products/brecht-vanthof-infinite-blues?variant=41592521228350","price":3450.0,"currency":"USD","framed":true,"w":46.0,"h":66.0,"label":"Exhibition"}]
hos-brecht-vanthof-tanning-club	Brecht Van't Hof	https://houseofspoils.com/products/brecht-vanthof-tanning-club	Tanning Club	photo	film	https://cdn.shopify.com/s/files/1/0115/7385/4270/files/BV15.jpg?width=560	[{"vendor":"houseofspoils","url":"https://houseofspoils.com/products/brecht-vanthof-tanning-club?variant=40431748153406","price":225.0,"currency":"USD","framed":true,"w":18.5,"h":14.5,"label":"Small"},{"vendor":"houseofspoils","url":"https://houseofspoils.com/products/brecht-vanthof-tanning-club?variant=41592521850942","price":400.0,"currency":"USD","framed":true,"w":26.0,"h":19.5,"label":"Medium"},{"vendor":"houseofspoils","url":"https://houseofspoils.com/products/brecht-vanthof-tanning-club?variant=41592521982014","price":590.0,"currency":"USD","framed":true,"w":33.5,"h":24.5,"label":"Large"},{"vendor":"houseofspoils","url":"https://houseofspoils.com/products/brecht-vanthof-tanning-club?variant=41592522113086","price":1050.0,"currency":"USD","framed":true,"w":44.0,"h":31.5,"label":"Giant"},{"vendor":"houseofspoils","url":"https://houseofspoils.com/products/brecht-vanthof-tanning-club?variant=41592522244158","price":1975.0,"currency":"USD","framed":true,"w":56.0,"h":39.5,"label":"Collector"},{"vendor":"houseofspoils","url":"https://houseofspoils.com/products/brecht-vanthof-tanning-club?variant=41592522375230","price":3450.0,"currency":"USD","framed":true,"w":66.0,"h":46.0,"label":"Exhibition"}]
hos-jon-sanchez-golden-glow	Jon Sanchez	https://houseofspoils.com/products/jon-sanchez-golden-glow	Golden Glow	photo	film	https://cdn.shopify.com/s/files/1/0115/7385/4270/files/JOS01.jpg?width=560	[{"vendor":"houseofspoils","url":"https://houseofspoils.com/products/jon-sanchez-golden-glow?variant=40431644311614","price":225.0,"currency":"USD","framed":true,"w":14.5,"h":18.5,"label":"Small"},{"vendor":"houseofspoils","url":"https://houseofspoils.com/products/jon-sanchez-golden-glow?variant=41592522997822","price":400.0,"currency":"USD","framed":true,"w":19.5,"h":26.0,"label":"Medium"},{"vendor":"houseofspoils","url":"https://houseofspoils.com/products/jon-sanchez-golden-glow?variant=41592523128894","price":590.0,"currency":"USD","framed":true,"w":24.5,"h":33.5,"label":"Large"},{"vendor":"houseofspoils","url":"https://houseofspoils.com/products/jon-sanchez-golden-glow?variant=41592523259966","price":1050.0,"currency":"USD","framed":true,"w":31.5,"h":44.0,"label":"Giant"},{"vendor":"houseofspoils","url":"https://houseofspoils.com/products/jon-sanchez-golden-glow?variant=41592523391038","price":1975.0,"currency":"USD","framed":true,"w":39.5,"h":56.0,"label":"Collector"},{"vendor":"houseofspoils","url":"https://houseofspoils.com/products/jon-sanchez-golden-glow?variant=41592523522110","price":3450.0,"currency":"USD","framed":true,"w":46.0,"h":66.0,"label":"Exhibition"}]
hos-michael-woolery-skate-paris	Michael Woolery	https://houseofspoils.com/products/michael-woolery-skate-paris	Skate Paris	photo	film	https://cdn.shopify.com/s/files/1/0115/7385/4270/files/MW01.jpg?width=560	[{"vendor":"houseofspoils","url":"https://houseofspoils.com/products/michael-woolery-skate-paris?variant=40415323390014","price":225.0,"currency":"USD","framed":true,"w":18.5,"h":14.5,"label":"Small"},{"vendor":"houseofspoils","url":"https://houseofspoils.com/products/michael-woolery-skate-paris?variant=41592525422654","price":400.0,"currency":"USD","framed":true,"w":26.0,"h":19.5,"label":"Medium"},{"vendor":"houseofspoils","url":"https://houseofspoils.com/products/michael-woolery-skate-paris?variant=41592525553726","price":590.0,"currency":"USD","framed":true,"w":33.5,"h":24.5,"label":"Large"},{"vendor":"houseofspoils","url":"https://houseofspoils.com/products/michael-woolery-skate-paris?variant=41592525684798","price":1050.0,"currency":"USD","framed":true,"w":44.0,"h":31.5,"label":"Giant"},{"vendor":"houseofspoils","url":"https://houseofspoils.com/products/michael-woolery-skate-paris?variant=41592525815870","price":1975.0,"currency":"USD","framed":true,"w":56.0,"h":39.5,"label":"Collector"},{"vendor":"houseofspoils","url":"https://houseofspoils.com/products/michael-woolery-skate-paris?variant=41592525946942","price":3450.0,"currency":"USD","framed":true,"w":66.0,"h":46.0,"label":"Exhibition"}]
hos-cooper-norland-united-west	Cooper Norland	https://houseofspoils.com/products/cooper-norland-united-west	United West	photo	film	https://cdn.shopify.com/s/files/1/0115/7385/4270/files/CN01.jpg?width=560	[{"vendor":"houseofspoils","url":"https://houseofspoils.com/products/cooper-norland-united-west?variant=40400228417598","price":225.0,"currency":"USD","framed":true,"w":14.5,"h":18.5,"label":"Small"},{"vendor":"houseofspoils","url":"https://houseofspoils.com/products/cooper-norland-united-west?variant=41592526569534","price":400.0,"currency":"USD","framed":true,"w":19.5,"h":26.0,"label":"Medium"},{"vendor":"houseofspoils","url":"https://houseofspoils.com/products/cooper-norland-united-west?variant=41592526700606","price":590.0,"currency":"USD","framed":true,"w":24.5,"h":33.5,"label":"Large"},{"vendor":"houseofspoils","url":"https://houseofspoils.com/products/cooper-norland-united-west?variant=41592526831678","price":1050.0,"currency":"USD","framed":true,"w":31.5,"h":44.0,"label":"Giant"},{"vendor":"houseofspoils","url":"https://houseofspoils.com/products/cooper-norland-united-west?variant=41592526962750","price":1975.0,"currency":"USD","framed":true,"w":39.5,"h":56.0,"label":"Collector"},{"vendor":"houseofspoils","url":"https://houseofspoils.com/products/cooper-norland-united-west?variant=41592527093822","price":3450.0,"currency":"USD","framed":true,"w":46.0,"h":66.0,"label":"Exhibition"}]
hos-tom-hawkins-rock-hopper	Tom Hawkins	https://houseofspoils.com/products/tom-hawkins-rock-hopper	Rock Hopper	photo	film	https://cdn.shopify.com/s/files/1/0115/7385/4270/files/TH09.jpg?width=560	[{"vendor":"houseofspoils","url":"https://houseofspoils.com/products/tom-hawkins-rock-hopper?variant=40047636447294","price":225.0,"currency":"USD","framed":true,"w":18.5,"h":14.5,"label":"Small"},{"vendor":"houseofspoils","url":"https://houseofspoils.com/products/tom-hawkins-rock-hopper?variant=41591898898494","price":400.0,"currency":"USD","framed":true,"w":26.0,"h":19.5,"label":"Medium"},{"vendor":"houseofspoils","url":"https://houseofspoils.com/products/tom-hawkins-rock-hopper?variant=41591899029566","price":590.0,"currency":"USD","framed":true,"w":33.5,"h":24.5,"label":"Large"},{"vendor":"houseofspoils","url":"https://houseofspoils.com/products/tom-hawkins-rock-hopper?variant=41591899160638","price":1050.0,"currency":"USD","framed":true,"w":44.0,"h":31.5,"label":"Giant"},{"vendor":"houseofspoils","url":"https://houseofspoils.com/products/tom-hawkins-rock-hopper?variant=41591899291710","price":1975.0,"currency":"USD","framed":true,"w":56.0,"h":39.5,"label":"Collector"},{"vendor":"houseofspoils","url":"https://houseofspoils.com/products/tom-hawkins-rock-hopper?variant=41591899422782","price":3450.0,"currency":"USD","framed":true,"w":66.0,"h":46.0,"label":"Exhibition"}]
hos-russell-holliday-out-of-gamut	Russell Holliday	https://houseofspoils.com/products/russell-holliday-out-of-gamut	Out of Gamut	photo	film	https://cdn.shopify.com/s/files/1/0115/7385/4270/files/RHD01.jpg?width=560	[{"vendor":"houseofspoils","url":"https://houseofspoils.com/products/russell-holliday-out-of-gamut?variant=40373042511934","price":225.0,"currency":"USD","framed":true,"w":14.5,"h":18.5,"label":"Small"},{"vendor":"houseofspoils","url":"https://houseofspoils.com/products/russell-holliday-out-of-gamut?variant=41592527749182","price":400.0,"currency":"USD","framed":true,"w":19.5,"h":26.0,"label":"Medium"},{"vendor":"houseofspoils","url":"https://houseofspoils.com/products/russell-holliday-out-of-gamut?variant=41592527880254","price":590.0,"currency":"USD","framed":true,"w":24.5,"h":33.5,"label":"Large"},{"vendor":"houseofspoils","url":"https://houseofspoils.com/products/russell-holliday-out-of-gamut?variant=41592528011326","price":1050.0,"currency":"USD","framed":true,"w":31.5,"h":44.0,"label":"Giant"},{"vendor":"houseofspoils","url":"https://houseofspoils.com/products/russell-holliday-out-of-gamut?variant=41592528142398","price":1975.0,"currency":"USD","framed":true,"w":39.5,"h":56.0,"label":"Collector"},{"vendor":"houseofspoils","url":"https://houseofspoils.com/products/russell-holliday-out-of-gamut?variant=41592528273470","price":3450.0,"currency":"USD","framed":true,"w":46.0,"h":66.0,"label":"Exhibition"}]
hos-kristin-ellis-harvest-moon	Kristin Ellis	https://houseofspoils.com/products/kristin-ellis-harvest-moon	Harvest Moon	photo	film	https://cdn.shopify.com/s/files/1/0115/7385/4270/files/KE01.jpg?width=560	[{"vendor":"houseofspoils","url":"https://houseofspoils.com/products/kristin-ellis-harvest-moon?variant=40373038547006","price":225.0,"currency":"USD","framed":true,"w":14.5,"h":18.5,"label":"Small"},{"vendor":"houseofspoils","url":"https://houseofspoils.com/products/kristin-ellis-harvest-moon?variant=41592528896062","price":400.0,"currency":"USD","framed":true,"w":19.5,"h":26.0,"label":"Medium"},{"vendor":"houseofspoils","url":"https://houseofspoils.com/products/kristin-ellis-harvest-moon?variant=41592529027134","price":590.0,"currency":"USD","framed":true,"w":24.5,"h":33.5,"label":"Large"},{"vendor":"houseofspoils","url":"https://houseofspoils.com/products/kristin-ellis-harvest-moon?variant=41592529158206","price":1050.0,"currency":"USD","framed":true,"w":31.5,"h":44.0,"label":"Giant"},{"vendor":"houseofspoils","url":"https://houseofspoils.com/products/kristin-ellis-harvest-moon?variant=41592529289278","price":1975.0,"currency":"USD","framed":true,"w":39.5,"h":56.0,"label":"Collector"},{"vendor":"houseofspoils","url":"https://houseofspoils.com/products/kristin-ellis-harvest-moon?variant=41592529420350","price":3450.0,"currency":"USD","framed":true,"w":46.0,"h":66.0,"label":"Exhibition"}]
hos-vincent-perraud-fire-on-101	Vincent Perraud	https://houseofspoils.com/products/vincent-perraud-fire-on-101	101	photo	film	https://cdn.shopify.com/s/files/1/0115/7385/4270/files/VP18.jpg?width=560	[{"vendor":"houseofspoils","url":"https://houseofspoils.com/products/vincent-perraud-fire-on-101?variant=40367228092478","price":225.0,"currency":"USD","framed":true,"w":18.5,"h":14.5,"label":"Small"},{"vendor":"houseofspoils","url":"https://houseofspoils.com/products/vincent-perraud-fire-on-101?variant=41592535089214","price":400.0,"currency":"USD","framed":true,"w":26.0,"h":19.5,"label":"Medium"},{"vendor":"houseofspoils","url":"https://houseofspoils.com/products/vincent-perraud-fire-on-101?variant=41592535220286","price":590.0,"currency":"USD","framed":true,"w":33.5,"h":24.5,"label":"Large"},{"vendor":"houseofspoils","url":"https://houseofspoils.com/products/vincent-perraud-fire-on-101?variant=41592535351358","price":1050.0,"currency":"USD","framed":true,"w":44.0,"h":31.5,"label":"Giant"},{"vendor":"houseofspoils","url":"https://houseofspoils.com/products/vincent-perraud-fire-on-101?variant=41592535482430","price":1975.0,"currency":"USD","framed":true,"w":56.0,"h":39.5,"label":"Collector"},{"vendor":"houseofspoils","url":"https://houseofspoils.com/products/vincent-perraud-fire-on-101?variant=41592535613502","price":3450.0,"currency":"USD","framed":true,"w":66.0,"h":46.0,"label":"Exhibition"}]
hos-vincent-perraud-parking-lot-elegance	Vincent Perraud	https://houseofspoils.com/products/vincent-perraud-parking-lot-elegance	Parking lot Elegance	photo	film	https://cdn.shopify.com/s/files/1/0115/7385/4270/files/VP16.jpg?width=560	[{"vendor":"houseofspoils","url":"https://houseofspoils.com/products/vincent-perraud-parking-lot-elegance?variant=40367224160318","price":225.0,"currency":"USD","framed":true,"w":14.5,"h":18.5,"label":"Small"},{"vendor":"houseofspoils","url":"https://houseofspoils.com/products/vincent-perraud-parking-lot-elegance?variant=41592536236094","price":400.0,"currency":"USD","framed":true,"w":19.5,"h":26.0,"label":"Medium"},{"vendor":"houseofspoils","url":"https://houseofspoils.com/products/vincent-perraud-parking-lot-elegance?variant=41592536367166","price":590.0,"currency":"USD","framed":true,"w":24.5,"h":33.5,"label":"Large"},{"vendor":"houseofspoils","url":"https://houseofspoils.com/products/vincent-perraud-parking-lot-elegance?variant=41592536498238","price":1050.0,"currency":"USD","framed":true,"w":31.5,"h":44.0,"label":"Giant"},{"vendor":"houseofspoils","url":"https://houseofspoils.com/products/vincent-perraud-parking-lot-elegance?variant=41592536629310","price":1975.0,"currency":"USD","framed":true,"w":39.5,"h":56.0,"label":"Collector"},{"vendor":"houseofspoils","url":"https://houseofspoils.com/products/vincent-perraud-parking-lot-elegance?variant=41592536760382","price":3450.0,"currency":"USD","framed":true,"w":46.0,"h":66.0,"label":"Exhibition"}]
hos-nicolas-quiniou-alpine-highway	Nicolas Quiniou	https://houseofspoils.com/products/nicolas-quiniou-alpine-highway	Alpine Highway	photo	film	https://cdn.shopify.com/s/files/1/0115/7385/4270/files/NQ01.jpg?width=560	[{"vendor":"houseofspoils","url":"https://houseofspoils.com/products/nicolas-quiniou-alpine-highway?variant=40367218851902","price":225.0,"currency":"USD","framed":true,"w":14.5,"h":18.5,"label":"Small"},{"vendor":"houseofspoils","url":"https://houseofspoils.com/products/nicolas-quiniou-alpine-highway?variant=41592537415742","price":400.0,"currency":"USD","framed":true,"w":19.5,"h":26.0,"label":"Medium"},{"vendor":"houseofspoils","url":"https://houseofspoils.com/products/nicolas-quiniou-alpine-highway?variant=41592537579582","price":590.0,"currency":"USD","framed":true,"w":24.5,"h":33.5,"label":"Large"},{"vendor":"houseofspoils","url":"https://houseofspoils.com/products/nicolas-quiniou-alpine-highway?variant=41592537710654","price":1050.0,"currency":"USD","framed":true,"w":31.5,"h":44.0,"label":"Giant"},{"vendor":"houseofspoils","url":"https://houseofspoils.com/products/nicolas-quiniou-alpine-highway?variant=41592537841726","price":1975.0,"currency":"USD","framed":true,"w":39.5,"h":56.0,"label":"Collector"},{"vendor":"houseofspoils","url":"https://houseofspoils.com/products/nicolas-quiniou-alpine-highway?variant=41592537972798","price":3450.0,"currency":"USD","framed":true,"w":46.0,"h":66.0,"label":"Exhibition"}]
hos-vincent-perraud-cote-des-basques	Vincent Perraud	https://houseofspoils.com/products/vincent-perraud-cote-des-basques	Cote des Basques!	photo	film	https://cdn.shopify.com/s/files/1/0115/7385/4270/files/VP15_1.jpg?width=560	[{"vendor":"houseofspoils","url":"https://houseofspoils.com/products/vincent-perraud-cote-des-basques?variant=40223496011838","price":225.0,"currency":"USD","framed":true,"w":14.5,"h":18.5,"label":"Small"},{"vendor":"houseofspoils","url":"https://houseofspoils.com/products/vincent-perraud-cote-des-basques?variant=41592585093182","price":400.0,"currency":"USD","framed":true,"w":19.5,"h":26.0,"label":"Medium"},{"vendor":"houseofspoils","url":"https://houseofspoils.com/products/vincent-perraud-cote-des-basques?variant=41592585224254","price":590.0,"currency":"USD","framed":true,"w":24.5,"h":33.5,"label":"Large"},{"vendor":"houseofspoils","url":"https://houseofspoils.com/products/vincent-perraud-cote-des-basques?variant=41592585355326","price":1050.0,"currency":"USD","framed":true,"w":31.5,"h":44.0,"label":"Giant"},{"vendor":"houseofspoils","url":"https://houseofspoils.com/products/vincent-perraud-cote-des-basques?variant=41592585486398","price":1975.0,"currency":"USD","framed":true,"w":39.5,"h":56.0,"label":"Collector"},{"vendor":"houseofspoils","url":"https://houseofspoils.com/products/vincent-perraud-cote-des-basques?variant=41592585617470","price":3450.0,"currency":"USD","framed":true,"w":46.0,"h":66.0,"label":"Exhibition"}]
hos-tom-hawkins-travelling-light	Tom Hawkins	https://houseofspoils.com/products/tom-hawkins-travelling-light	Travelling Light	photo	film	https://cdn.shopify.com/s/files/1/0115/7385/4270/files/TH18.jpg?width=560	[{"vendor":"houseofspoils","url":"https://houseofspoils.com/products/tom-hawkins-travelling-light?variant=40323719561278","price":225.0,"currency":"USD","framed":true,"w":14.5,"h":18.5,"label":"Small"},{"vendor":"houseofspoils","url":"https://houseofspoils.com/products/tom-hawkins-travelling-light?variant=41592538595390","price":400.0,"currency":"USD","framed":true,"w":19.5,"h":26.0,"label":"Medium"},{"vendor":"houseofspoils","url":"https://houseofspoils.com/products/tom-hawkins-travelling-light?variant=41592538726462","price":590.0,"currency":"USD","framed":true,"w":24.5,"h":33.5,"label":"Large"},{"vendor":"houseofspoils","url":"https://houseofspoils.com/products/tom-hawkins-travelling-light?variant=41592538857534","price":1050.0,"currency":"USD","framed":true,"w":31.5,"h":44.0,"label":"Giant"},{"vendor":"houseofspoils","url":"https://houseofspoils.com/products/tom-hawkins-travelling-light?variant=41592538988606","price":1975.0,"currency":"USD","framed":true,"w":39.5,"h":56.0,"label":"Collector"},{"vendor":"houseofspoils","url":"https://houseofspoils.com/products/tom-hawkins-travelling-light?variant=41592539119678","price":3450.0,"currency":"USD","framed":true,"w":46.0,"h":66.0,"label":"Exhibition"}]
hos-tom-hawkins-posture	Tom Hawkins	https://houseofspoils.com/products/tom-hawkins-posture	Posture	photo	film	https://cdn.shopify.com/s/files/1/0115/7385/4270/files/TH16.jpg?width=560	[{"vendor":"houseofspoils","url":"https://houseofspoils.com/products/tom-hawkins-posture?variant=40323667460158","price":225.0,"currency":"USD","framed":true,"w":14.5,"h":18.5,"label":"Small"},{"vendor":"houseofspoils","url":"https://houseofspoils.com/products/tom-hawkins-posture?variant=41592539742270","price":400.0,"currency":"USD","framed":true,"w":19.5,"h":26.0,"label":"Medium"},{"vendor":"houseofspoils","url":"https://houseofspoils.com/products/tom-hawkins-posture?variant=41592539873342","price":590.0,"currency":"USD","framed":true,"w":24.5,"h":33.5,"label":"Large"},{"vendor":"houseofspoils","url":"https://houseofspoils.com/products/tom-hawkins-posture?variant=41592540004414","price":1050.0,"currency":"USD","framed":true,"w":31.5,"h":44.0,"label":"Giant"},{"vendor":"houseofspoils","url":"https://houseofspoils.com/products/tom-hawkins-posture?variant=41592540135486","price":1975.0,"currency":"USD","framed":true,"w":39.5,"h":56.0,"label":"Collector"},{"vendor":"houseofspoils","url":"https://houseofspoils.com/products/tom-hawkins-posture?variant=41592540266558","price":3450.0,"currency":"USD","framed":true,"w":46.0,"h":66.0,"label":"Exhibition"}]
hos-tom-hawkins-volcanic-canvas	Tom Hawkins	https://houseofspoils.com/products/tom-hawkins-volcanic-canvas	Volcanic Canvas	photo	film	https://cdn.shopify.com/s/files/1/0115/7385/4270/files/TH21.jpg?width=560	[{"vendor":"houseofspoils","url":"https://houseofspoils.com/products/tom-hawkins-volcanic-canvas?variant=40323658350654","price":225.0,"currency":"USD","framed":true,"w":18.5,"h":14.5,"label":"Small"},{"vendor":"houseofspoils","url":"https://houseofspoils.com/products/tom-hawkins-volcanic-canvas?variant=41592540921918","price":400.0,"currency":"USD","framed":true,"w":26.0,"h":19.5,"label":"Medium"},{"vendor":"houseofspoils","url":"https://houseofspoils.com/products/tom-hawkins-volcanic-canvas?variant=41592541052990","price":590.0,"currency":"USD","framed":true,"w":33.5,"h":24.5,"label":"Large"},{"vendor":"houseofspoils","url":"https://houseofspoils.com/products/tom-hawkins-volcanic-canvas?variant=41592541184062","price":1050.0,"currency":"USD","framed":true,"w":44.0,"h":31.5,"label":"Giant"},{"vendor":"houseofspoils","url":"https://houseofspoils.com/products/tom-hawkins-volcanic-canvas?variant=41592541315134","price":1975.0,"currency":"USD","framed":true,"w":56.0,"h":39.5,"label":"Collector"},{"vendor":"houseofspoils","url":"https://houseofspoils.com/products/tom-hawkins-volcanic-canvas?variant=41592541446206","price":3450.0,"currency":"USD","framed":true,"w":66.0,"h":46.0,"label":"Exhibition"}]
hos-tom-hawkins-two-up	Tom Hawkins	https://houseofspoils.com/products/tom-hawkins-two-up	Two Up	photo	film	https://cdn.shopify.com/s/files/1/0115/7385/4270/files/TH20.jpg?width=560	[{"vendor":"houseofspoils","url":"https://houseofspoils.com/products/tom-hawkins-two-up?variant=40323651534910","price":225.0,"currency":"USD","framed":true,"w":18.5,"h":14.5,"label":"Small"},{"vendor":"houseofspoils","url":"https://houseofspoils.com/products/tom-hawkins-two-up?variant=41592542068798","price":400.0,"currency":"USD","framed":true,"w":26.0,"h":19.5,"label":"Medium"},{"vendor":"houseofspoils","url":"https://houseofspoils.com/products/tom-hawkins-two-up?variant=41592542199870","price":590.0,"currency":"USD","framed":true,"w":33.5,"h":24.5,"label":"Large"},{"vendor":"houseofspoils","url":"https://houseofspoils.com/products/tom-hawkins-two-up?variant=41592542330942","price":1050.0,"currency":"USD","framed":true,"w":44.0,"h":31.5,"label":"Giant"},{"vendor":"houseofspoils","url":"https://houseofspoils.com/products/tom-hawkins-two-up?variant=41592542462014","price":1975.0,"currency":"USD","framed":true,"w":56.0,"h":39.5,"label":"Collector"},{"vendor":"houseofspoils","url":"https://houseofspoils.com/products/tom-hawkins-two-up?variant=41592542593086","price":3450.0,"currency":"USD","framed":true,"w":66.0,"h":46.0,"label":"Exhibition"}]
hos-tom-hawkins-trim	Tom Hawkins	https://houseofspoils.com/products/tom-hawkins-trim	Trim	photo	film	https://cdn.shopify.com/s/files/1/0115/7385/4270/files/TH19.jpg?width=560	[{"vendor":"houseofspoils","url":"https://houseofspoils.com/products/tom-hawkins-trim?variant=40323590651966","price":225.0,"currency":"USD","framed":true,"w":18.5,"h":14.5,"label":"Small"},{"vendor":"houseofspoils","url":"https://houseofspoils.com/products/tom-hawkins-trim?variant=41592543215678","price":400.0,"currency":"USD","framed":true,"w":26.0,"h":19.5,"label":"Medium"},{"vendor":"houseofspoils","url":"https://houseofspoils.com/products/tom-hawkins-trim?variant=41592543346750","price":590.0,"currency":"USD","framed":true,"w":33.5,"h":24.5,"label":"Large"},{"vendor":"houseofspoils","url":"https://houseofspoils.com/products/tom-hawkins-trim?variant=41592543477822","price":1050.0,"currency":"USD","framed":true,"w":44.0,"h":31.5,"label":"Giant"},{"vendor":"houseofspoils","url":"https://houseofspoils.com/products/tom-hawkins-trim?variant=41592543608894","price":1975.0,"currency":"USD","framed":true,"w":56.0,"h":39.5,"label":"Collector"},{"vendor":"houseofspoils","url":"https://houseofspoils.com/products/tom-hawkins-trim?variant=41592543739966","price":3450.0,"currency":"USD","framed":true,"w":66.0,"h":46.0,"label":"Exhibition"}]
hos-tom-hawkins-tracking	Tom Hawkins	https://houseofspoils.com/products/tom-hawkins-tracking	Tracking	photo	film	https://cdn.shopify.com/s/files/1/0115/7385/4270/files/TH17.jpg?width=560	[{"vendor":"houseofspoils","url":"https://houseofspoils.com/products/tom-hawkins-tracking?variant=40323584688190","price":225.0,"currency":"USD","framed":true,"w":18.5,"h":14.5,"label":"Small"},{"vendor":"houseofspoils","url":"https://houseofspoils.com/products/tom-hawkins-tracking?variant=41592544362558","price":400.0,"currency":"USD","framed":true,"w":26.0,"h":19.5,"label":"Medium"},{"vendor":"houseofspoils","url":"https://houseofspoils.com/products/tom-hawkins-tracking?variant=41592544493630","price":590.0,"currency":"USD","framed":true,"w":33.5,"h":24.5,"label":"Large"},{"vendor":"houseofspoils","url":"https://houseofspoils.com/products/tom-hawkins-tracking?variant=41592544624702","price":1050.0,"currency":"USD","framed":true,"w":44.0,"h":31.5,"label":"Giant"},{"vendor":"houseofspoils","url":"https://houseofspoils.com/products/tom-hawkins-tracking?variant=41592544755774","price":1975.0,"currency":"USD","framed":true,"w":56.0,"h":39.5,"label":"Collector"},{"vendor":"houseofspoils","url":"https://houseofspoils.com/products/tom-hawkins-tracking?variant=41592544886846","price":3450.0,"currency":"USD","framed":true,"w":66.0,"h":46.0,"label":"Exhibition"}]
hos-tom-hawkins-out-of-office	Tom Hawkins	https://houseofspoils.com/products/tom-hawkins-out-of-office	Out of Office	photo	film	https://cdn.shopify.com/s/files/1/0115/7385/4270/files/TH15.jpg?width=560	[{"vendor":"houseofspoils","url":"https://houseofspoils.com/products/tom-hawkins-out-of-office?variant=40323582328894","price":225.0,"currency":"USD","framed":true,"w":18.5,"h":14.5,"label":"Small"},{"vendor":"houseofspoils","url":"https://houseofspoils.com/products/tom-hawkins-out-of-office?variant=41592545509438","price":400.0,"currency":"USD","framed":true,"w":26.0,"h":19.5,"label":"Medium"},{"vendor":"houseofspoils","url":"https://houseofspoils.com/products/tom-hawkins-out-of-office?variant=41592545640510","price":590.0,"currency":"USD","framed":true,"w":33.5,"h":24.5,"label":"Large"},{"vendor":"houseofspoils","url":"https://houseofspoils.com/products/tom-hawkins-out-of-office?variant=41592545771582","price":1050.0,"currency":"USD","framed":true,"w":44.0,"h":31.5,"label":"Giant"},{"vendor":"houseofspoils","url":"https://houseofspoils.com/products/tom-hawkins-out-of-office?variant=41592545902654","price":1975.0,"currency":"USD","framed":true,"w":56.0,"h":39.5,"label":"Collector"},{"vendor":"houseofspoils","url":"https://houseofspoils.com/products/tom-hawkins-out-of-office?variant=41592546033726","price":3450.0,"currency":"USD","framed":true,"w":66.0,"h":46.0,"label":"Exhibition"}]
hos-tom-hawkins-drag	Tom Hawkins	https://houseofspoils.com/products/tom-hawkins-drag	Drag	photo	film	https://cdn.shopify.com/s/files/1/0115/7385/4270/files/TH14.jpg?width=560	[{"vendor":"houseofspoils","url":"https://houseofspoils.com/products/tom-hawkins-drag?variant=40323579052094","price":225.0,"currency":"USD","framed":true,"w":18.5,"h":14.5,"label":"Small"},{"vendor":"houseofspoils","url":"https://houseofspoils.com/products/tom-hawkins-drag?variant=41592546656318","price":400.0,"currency":"USD","framed":true,"w":26.0,"h":19.5,"label":"Medium"},{"vendor":"houseofspoils","url":"https://houseofspoils.com/products/tom-hawkins-drag?variant=41592546787390","price":590.0,"currency":"USD","framed":true,"w":33.5,"h":24.5,"label":"Large"},{"vendor":"houseofspoils","url":"https://houseofspoils.com/products/tom-hawkins-drag?variant=41592546918462","price":1050.0,"currency":"USD","framed":true,"w":44.0,"h":31.5,"label":"Giant"},{"vendor":"houseofspoils","url":"https://houseofspoils.com/products/tom-hawkins-drag?variant=41592547049534","price":1975.0,"currency":"USD","framed":true,"w":56.0,"h":39.5,"label":"Collector"},{"vendor":"houseofspoils","url":"https://houseofspoils.com/products/tom-hawkins-drag?variant=41592547180606","price":3450.0,"currency":"USD","framed":true,"w":66.0,"h":46.0,"label":"Exhibition"}]
hos-tom-hawkins-creased	Tom Hawkins	https://houseofspoils.com/products/tom-hawkins-creased	Creased	photo	film	https://cdn.shopify.com/s/files/1/0115/7385/4270/files/TH13.jpg?width=560	[{"vendor":"houseofspoils","url":"https://houseofspoils.com/products/tom-hawkins-creased?variant=40323576528958","price":225.0,"currency":"USD","framed":true,"w":18.5,"h":14.5,"label":"Small"},{"vendor":"houseofspoils","url":"https://houseofspoils.com/products/tom-hawkins-creased?variant=41592547803198","price":400.0,"currency":"USD","framed":true,"w":26.0,"h":19.5,"label":"Medium"},{"vendor":"houseofspoils","url":"https://houseofspoils.com/products/tom-hawkins-creased?variant=41592547934270","price":590.0,"currency":"USD","framed":true,"w":33.5,"h":24.5,"label":"Large"},{"vendor":"houseofspoils","url":"https://houseofspoils.com/products/tom-hawkins-creased?variant=41592548065342","price":1050.0,"currency":"USD","framed":true,"w":44.0,"h":31.5,"label":"Giant"},{"vendor":"houseofspoils","url":"https://houseofspoils.com/products/tom-hawkins-creased?variant=41592548196414","price":1975.0,"currency":"USD","framed":true,"w":56.0,"h":39.5,"label":"Collector"},{"vendor":"houseofspoils","url":"https://houseofspoils.com/products/tom-hawkins-creased?variant=41592548327486","price":3450.0,"currency":"USD","framed":true,"w":66.0,"h":46.0,"label":"Exhibition"}]
hos-tom-hawkins-conveyor	Tom Hawkins	https://houseofspoils.com/products/tom-hawkins-conveyor	Conveyor	photo	film	https://cdn.shopify.com/s/files/1/0115/7385/4270/files/TH12.jpg?width=560	[{"vendor":"houseofspoils","url":"https://houseofspoils.com/products/tom-hawkins-conveyor?variant=40323570663486","price":225.0,"currency":"USD","framed":true,"w":18.5,"h":14.5,"label":"Small"},{"vendor":"houseofspoils","url":"https://houseofspoils.com/products/tom-hawkins-conveyor?variant=41592548982846","price":400.0,"currency":"USD","framed":true,"w":26.0,"h":19.5,"label":"Medium"},{"vendor":"houseofspoils","url":"https://houseofspoils.com/products/tom-hawkins-conveyor?variant=41592549113918","price":590.0,"currency":"USD","framed":true,"w":33.5,"h":24.5,"label":"Large"},{"vendor":"houseofspoils","url":"https://houseofspoils.com/products/tom-hawkins-conveyor?variant=41592549244990","price":1050.0,"currency":"USD","framed":true,"w":44.0,"h":31.5,"label":"Giant"},{"vendor":"houseofspoils","url":"https://houseofspoils.com/products/tom-hawkins-conveyor?variant=41592549376062","price":1975.0,"currency":"USD","framed":true,"w":56.0,"h":39.5,"label":"Collector"},{"vendor":"houseofspoils","url":"https://houseofspoils.com/products/tom-hawkins-conveyor?variant=41592549507134","price":3450.0,"currency":"USD","framed":true,"w":66.0,"h":46.0,"label":"Exhibition"}]
hos-tom-hawkins-commute	Tom Hawkins	https://houseofspoils.com/products/tom-hawkins-commute	Commute	photo	film	https://cdn.shopify.com/s/files/1/0115/7385/4270/files/TH11.jpg?width=560	[{"vendor":"houseofspoils","url":"https://houseofspoils.com/products/tom-hawkins-commute?variant=40323566862398","price":225.0,"currency":"USD","framed":true,"w":18.5,"h":14.5,"label":"Small"},{"vendor":"houseofspoils","url":"https://houseofspoils.com/products/tom-hawkins-commute?variant=41592550162494","price":400.0,"currency":"USD","framed":true,"w":26.0,"h":19.5,"label":"Medium"},{"vendor":"houseofspoils","url":"https://houseofspoils.com/products/tom-hawkins-commute?variant=41592550293566","price":590.0,"currency":"USD","framed":true,"w":33.5,"h":24.5,"label":"Large"},{"vendor":"houseofspoils","url":"https://houseofspoils.com/products/tom-hawkins-commute?variant=41592550424638","price":1050.0,"currency":"USD","framed":true,"w":44.0,"h":31.5,"label":"Giant"},{"vendor":"houseofspoils","url":"https://houseofspoils.com/products/tom-hawkins-commute?variant=41592550555710","price":1975.0,"currency":"USD","framed":true,"w":56.0,"h":39.5,"label":"Collector"},{"vendor":"houseofspoils","url":"https://houseofspoils.com/products/tom-hawkins-commute?variant=41592550686782","price":3450.0,"currency":"USD","framed":true,"w":66.0,"h":46.0,"label":"Exhibition"}]
hos-tom-hawkins-helios	Tom Hawkins	https://houseofspoils.com/products/tom-hawkins-helios	Helios	photo	film	https://cdn.shopify.com/s/files/1/0115/7385/4270/files/TH10.jpg?width=560	[{"vendor":"houseofspoils","url":"https://houseofspoils.com/products/tom-hawkins-helios?variant=40323561521214","price":225.0,"currency":"USD","framed":true,"w":18.5,"h":14.5,"label":"Small"},{"vendor":"houseofspoils","url":"https://houseofspoils.com/products/tom-hawkins-helios?variant=41592551309374","price":400.0,"currency":"USD","framed":true,"w":26.0,"h":19.5,"label":"Medium"},{"vendor":"houseofspoils","url":"https://houseofspoils.com/products/tom-hawkins-helios?variant=41592551440446","price":590.0,"currency":"USD","framed":true,"w":33.5,"h":24.5,"label":"Large"},{"vendor":"houseofspoils","url":"https://houseofspoils.com/products/tom-hawkins-helios?variant=41592551571518","price":1050.0,"currency":"USD","framed":true,"w":44.0,"h":31.5,"label":"Giant"},{"vendor":"houseofspoils","url":"https://houseofspoils.com/products/tom-hawkins-helios?variant=41592551702590","price":1975.0,"currency":"USD","framed":true,"w":56.0,"h":39.5,"label":"Collector"},{"vendor":"houseofspoils","url":"https://houseofspoils.com/products/tom-hawkins-helios?variant=41592551833662","price":3450.0,"currency":"USD","framed":true,"w":66.0,"h":46.0,"label":"Exhibition"}]
hos-vincent-perraud-dreamy	Vincent Perraud	https://houseofspoils.com/products/vincent-perraud-dreamy	Dreamy	photo	film	https://cdn.shopify.com/s/files/1/0115/7385/4270/files/VP26.jpg?width=560	[{"vendor":"houseofspoils","url":"https://houseofspoils.com/products/vincent-perraud-dreamy?variant=40304966139966","price":225.0,"currency":"USD","framed":true,"w":14.5,"h":18.5,"label":"Small"},{"vendor":"houseofspoils","url":"https://houseofspoils.com/products/vincent-perraud-dreamy?variant=41592564416574","price":400.0,"currency":"USD","framed":true,"w":19.5,"h":26.0,"label":"Medium"},{"vendor":"houseofspoils","url":"https://houseofspoils.com/products/vincent-perraud-dreamy?variant=41592564547646","price":590.0,"currency":"USD","framed":true,"w":24.5,"h":33.5,"label":"Large"},{"vendor":"houseofspoils","url":"https://houseofspoils.com/products/vincent-perraud-dreamy?variant=41592564678718","price":1050.0,"currency":"USD","framed":true,"w":31.5,"h":44.0,"label":"Giant"},{"vendor":"houseofspoils","url":"https://houseofspoils.com/products/vincent-perraud-dreamy?variant=41592564809790","price":1975.0,"currency":"USD","framed":true,"w":39.5,"h":56.0,"label":"Collector"},{"vendor":"houseofspoils","url":"https://houseofspoils.com/products/vincent-perraud-dreamy?variant=41592564940862","price":3450.0,"currency":"USD","framed":true,"w":46.0,"h":66.0,"label":"Exhibition"}]
hos-riley-harper-speed-vision	Riley Harper	https://houseofspoils.com/products/riley-harper-speed-vision	Speed Vision	photo	film	https://cdn.shopify.com/s/files/1/0115/7385/4270/files/RH43.jpg?width=560	[{"vendor":"houseofspoils","url":"https://houseofspoils.com/products/riley-harper-speed-vision?variant=40313730727998","price":225.0,"currency":"USD","framed":true,"w":18.5,"h":14.5,"label":"Small"},{"vendor":"houseofspoils","url":"https://houseofspoils.com/products/riley-harper-speed-vision?variant=41592552456254","price":400.0,"currency":"USD","framed":true,"w":26.0,"h":19.5,"label":"Medium"},{"vendor":"houseofspoils","url":"https://houseofspoils.com/products/riley-harper-speed-vision?variant=41592552587326","price":590.0,"currency":"USD","framed":true,"w":33.5,"h":24.5,"label":"Large"},{"vendor":"houseofspoils","url":"https://houseofspoils.com/products/riley-harper-speed-vision?variant=41592552718398","price":1050.0,"currency":"USD","framed":true,"w":44.0,"h":31.5,"label":"Giant"},{"vendor":"houseofspoils","url":"https://houseofspoils.com/products/riley-harper-speed-vision?variant=41592552849470","price":1975.0,"currency":"USD","framed":true,"w":56.0,"h":39.5,"label":"Collector"},{"vendor":"houseofspoils","url":"https://houseofspoils.com/products/riley-harper-speed-vision?variant=41592552980542","price":3450.0,"currency":"USD","framed":true,"w":66.0,"h":46.0,"label":"Exhibition"}]
hos-nikki-brand-mosquito-coast	Nikki Brand	https://houseofspoils.com/products/nikki-brand-mosquito-coast	Mosquito Coast	photo	film	https://cdn.shopify.com/s/files/1/0115/7385/4270/files/NB09.jpg?width=560	[{"vendor":"houseofspoils","url":"https://houseofspoils.com/products/nikki-brand-mosquito-coast?variant=40313720733758","price":225.0,"currency":"USD","framed":true,"w":18.5,"h":14.5,"label":"Small"},{"vendor":"houseofspoils","url":"https://houseofspoils.com/products/nikki-brand-mosquito-coast?variant=41592553668670","price":400.0,"currency":"USD","framed":true,"w":26.0,"h":19.5,"label":"Medium"},{"vendor":"houseofspoils","url":"https://houseofspoils.com/products/nikki-brand-mosquito-coast?variant=41592553799742","price":590.0,"currency":"USD","framed":true,"w":33.5,"h":24.5,"label":"Large"},{"vendor":"houseofspoils","url":"https://houseofspoils.com/products/nikki-brand-mosquito-coast?variant=41592553930814","price":1050.0,"currency":"USD","framed":true,"w":44.0,"h":31.5,"label":"Giant"},{"vendor":"houseofspoils","url":"https://houseofspoils.com/products/nikki-brand-mosquito-coast?variant=41592554061886","price":1975.0,"currency":"USD","framed":true,"w":56.0,"h":39.5,"label":"Collector"},{"vendor":"houseofspoils","url":"https://houseofspoils.com/products/nikki-brand-mosquito-coast?variant=41592554192958","price":3450.0,"currency":"USD","framed":true,"w":66.0,"h":46.0,"label":"Exhibition"}]
hos-beau-simmons-edge-of-the-storm	Beau Simmons	https://houseofspoils.com/products/beau-simmons-edge-of-the-storm	Monsoon Country	photo	film	https://cdn.shopify.com/s/files/1/0115/7385/4270/files/BS31.jpg?width=560	[{"vendor":"houseofspoils","url":"https://houseofspoils.com/products/beau-simmons-edge-of-the-storm?variant=40313694224446","price":225.0,"currency":"USD","framed":true,"w":18.5,"h":14.5,"label":"Small"},{"vendor":"houseofspoils","url":"https://houseofspoils.com/products/beau-simmons-edge-of-the-storm?variant=41592554815550","price":400.0,"currency":"USD","framed":true,"w":26.0,"h":19.5,"label":"Medium"},{"vendor":"houseofspoils","url":"https://houseofspoils.com/products/beau-simmons-edge-of-the-storm?variant=41592554946622","price":590.0,"currency":"USD","framed":true,"w":33.5,"h":24.5,"label":"Large"},{"vendor":"houseofspoils","url":"https://houseofspoils.com/products/beau-simmons-edge-of-the-storm?variant=41592555077694","price":1050.0,"currency":"USD","framed":true,"w":44.0,"h":31.5,"label":"Giant"},{"vendor":"houseofspoils","url":"https://houseofspoils.com/products/beau-simmons-edge-of-the-storm?variant=41592555208766","price":1975.0,"currency":"USD","framed":true,"w":56.0,"h":39.5,"label":"Collector"},{"vendor":"houseofspoils","url":"https://houseofspoils.com/products/beau-simmons-edge-of-the-storm?variant=41592555339838","price":3450.0,"currency":"USD","framed":true,"w":66.0,"h":46.0,"label":"Exhibition"}]
hos-beau-simmons-monsoon-country	Beau Simmons	https://houseofspoils.com/products/beau-simmons-monsoon-country	Edge of the Storm	photo	film	https://cdn.shopify.com/s/files/1/0115/7385/4270/files/BS30.jpg?width=560	[{"vendor":"houseofspoils","url":"https://houseofspoils.com/products/beau-simmons-monsoon-country?variant=40313675612222","price":225.0,"currency":"USD","framed":true,"w":18.5,"h":14.5,"label":"Small"},{"vendor":"houseofspoils","url":"https://houseofspoils.com/products/beau-simmons-monsoon-country?variant=41592555962430","price":400.0,"currency":"USD","framed":true,"w":26.0,"h":19.5,"label":"Medium"},{"vendor":"houseofspoils","url":"https://houseofspoils.com/products/beau-simmons-monsoon-country?variant=41592556093502","price":590.0,"currency":"USD","framed":true,"w":33.5,"h":24.5,"label":"Large"},{"vendor":"houseofspoils","url":"https://houseofspoils.com/products/beau-simmons-monsoon-country?variant=41592556224574","price":1050.0,"currency":"USD","framed":true,"w":44.0,"h":31.5,"label":"Giant"},{"vendor":"houseofspoils","url":"https://houseofspoils.com/products/beau-simmons-monsoon-country?variant=41592556355646","price":1975.0,"currency":"USD","framed":true,"w":56.0,"h":39.5,"label":"Collector"},{"vendor":"houseofspoils","url":"https://houseofspoils.com/products/beau-simmons-monsoon-country?variant=41592556486718","price":3450.0,"currency":"USD","framed":true,"w":66.0,"h":46.0,"label":"Exhibition"}]
hos-vincent-perraud-sunflower	Vincent Perraud	https://houseofspoils.com/products/vincent-perraud-sunflower	Sunflower	photo	film	https://cdn.shopify.com/s/files/1/0115/7385/4270/files/VP27.jpg?width=560	[{"vendor":"houseofspoils","url":"https://houseofspoils.com/products/vincent-perraud-sunflower?variant=40304979509310","price":225.0,"currency":"USD","framed":true,"w":14.5,"h":18.5,"label":"Small"},{"vendor":"houseofspoils","url":"https://houseofspoils.com/products/vincent-perraud-sunflower?variant=41592563269694","price":400.0,"currency":"USD","framed":true,"w":19.5,"h":26.0,"label":"Medium"},{"vendor":"houseofspoils","url":"https://houseofspoils.com/products/vincent-perraud-sunflower?variant=41592563400766","price":590.0,"currency":"USD","framed":true,"w":24.5,"h":33.5,"label":"Large"},{"vendor":"houseofspoils","url":"https://houseofspoils.com/products/vincent-perraud-sunflower?variant=41592563531838","price":1050.0,"currency":"USD","framed":true,"w":31.5,"h":44.0,"label":"Giant"},{"vendor":"houseofspoils","url":"https://houseofspoils.com/products/vincent-perraud-sunflower?variant=41592563662910","price":1975.0,"currency":"USD","framed":true,"w":39.5,"h":56.0,"label":"Collector"},{"vendor":"houseofspoils","url":"https://houseofspoils.com/products/vincent-perraud-sunflower?variant=41592563793982","price":3450.0,"currency":"USD","framed":true,"w":46.0,"h":66.0,"label":"Exhibition"}]
hos-vincent-perraud-skeetles-on-boat	Vincent Perraud	https://houseofspoils.com/products/vincent-perraud-skeetles-on-boat	Skeetles on Boat	photo	film	https://cdn.shopify.com/s/files/1/0115/7385/4270/files/VP25.jpg?width=560	[{"vendor":"houseofspoils","url":"https://houseofspoils.com/products/vincent-perraud-skeetles-on-boat?variant=40304946511934","price":225.0,"currency":"USD","framed":true,"w":14.5,"h":18.5,"label":"Small"},{"vendor":"houseofspoils","url":"https://houseofspoils.com/products/vincent-perraud-skeetles-on-boat?variant=41592565727294","price":400.0,"currency":"USD","framed":true,"w":19.5,"h":26.0,"label":"Medium"},{"vendor":"houseofspoils","url":"https://houseofspoils.com/products/vincent-perraud-skeetles-on-boat?variant=41592565858366","price":590.0,"currency":"USD","framed":true,"w":24.5,"h":33.5,"label":"Large"},{"vendor":"houseofspoils","url":"https://houseofspoils.com/products/vincent-perraud-skeetles-on-boat?variant=41592565989438","price":1050.0,"currency":"USD","framed":true,"w":31.5,"h":44.0,"label":"Giant"},{"vendor":"houseofspoils","url":"https://houseofspoils.com/products/vincent-perraud-skeetles-on-boat?variant=41592566120510","price":1975.0,"currency":"USD","framed":true,"w":39.5,"h":56.0,"label":"Collector"},{"vendor":"houseofspoils","url":"https://houseofspoils.com/products/vincent-perraud-skeetles-on-boat?variant=41592566251582","price":3450.0,"currency":"USD","framed":true,"w":46.0,"h":66.0,"label":"Exhibition"}]
hos-vincent-perraud-dirt-dont-slow-you-d	Vincent Perraud	https://houseofspoils.com/products/vincent-perraud-dirt-dont-slow-you-down	Dirt Don't Slow You Down	photo	film	https://cdn.shopify.com/s/files/1/0115/7385/4270/files/VP24.jpg?width=560	[{"vendor":"houseofspoils","url":"https://houseofspoils.com/products/vincent-perraud-dirt-dont-slow-you-down?variant=40304996646974","price":225.0,"currency":"USD","framed":true,"w":18.5,"h":14.5,"label":"Small"},{"vendor":"houseofspoils","url":"https://houseofspoils.com/products/vincent-perraud-dirt-dont-slow-you-down?variant=41592562122814","price":400.0,"currency":"USD","framed":true,"w":26.0,"h":19.5,"label":"Medium"},{"vendor":"houseofspoils","url":"https://houseofspoils.com/products/vincent-perraud-dirt-dont-slow-you-down?variant=41592562253886","price":590.0,"currency":"USD","framed":true,"w":33.5,"h":24.5,"label":"Large"},{"vendor":"houseofspoils","url":"https://houseofspoils.com/products/vincent-perraud-dirt-dont-slow-you-down?variant=41592562384958","price":1050.0,"currency":"USD","framed":true,"w":44.0,"h":31.5,"label":"Giant"},{"vendor":"houseofspoils","url":"https://houseofspoils.com/products/vincent-perraud-dirt-dont-slow-you-down?variant=41592562516030","price":1975.0,"currency":"USD","framed":true,"w":56.0,"h":39.5,"label":"Collector"},{"vendor":"houseofspoils","url":"https://houseofspoils.com/products/vincent-perraud-dirt-dont-slow-you-down?variant=41592562647102","price":3450.0,"currency":"USD","framed":true,"w":66.0,"h":46.0,"label":"Exhibition"}]
hos-vincent-perraud-beverly-hills	Vincent Perraud	https://houseofspoils.com/products/vincent-perraud-beverly-hills	Beverly Hills	photo	film	https://cdn.shopify.com/s/files/1/0115/7385/4270/files/VP23.jpg?width=560	[{"vendor":"houseofspoils","url":"https://houseofspoils.com/products/vincent-perraud-beverly-hills?variant=40304416751678","price":225.0,"currency":"USD","framed":true,"w":14.5,"h":18.5,"label":"Small"},{"vendor":"houseofspoils","url":"https://houseofspoils.com/products/vincent-perraud-beverly-hills?variant=41592566874174","price":400.0,"currency":"USD","framed":true,"w":19.5,"h":26.0,"label":"Medium"},{"vendor":"houseofspoils","url":"https://houseofspoils.com/products/vincent-perraud-beverly-hills?variant=41592567005246","price":590.0,"currency":"USD","framed":true,"w":24.5,"h":33.5,"label":"Large"},{"vendor":"houseofspoils","url":"https://houseofspoils.com/products/vincent-perraud-beverly-hills?variant=41592567136318","price":1050.0,"currency":"USD","framed":true,"w":31.5,"h":44.0,"label":"Giant"},{"vendor":"houseofspoils","url":"https://houseofspoils.com/products/vincent-perraud-beverly-hills?variant=41592567267390","price":1975.0,"currency":"USD","framed":true,"w":39.5,"h":56.0,"label":"Collector"},{"vendor":"houseofspoils","url":"https://houseofspoils.com/products/vincent-perraud-beverly-hills?variant=41592567398462","price":3450.0,"currency":"USD","framed":true,"w":46.0,"h":66.0,"label":"Exhibition"}]
hos-vincent-perraud-hotel-life	Vincent Perraud	https://houseofspoils.com/products/vincent-perraud-hotel-life	Hotel Life	photo	film	https://cdn.shopify.com/s/files/1/0115/7385/4270/files/VP22.jpg?width=560	[{"vendor":"houseofspoils","url":"https://houseofspoils.com/products/vincent-perraud-hotel-life?variant=40304410591294","price":225.0,"currency":"USD","framed":true,"w":14.5,"h":18.5,"label":"Small"},{"vendor":"houseofspoils","url":"https://houseofspoils.com/products/vincent-perraud-hotel-life?variant=41592568021054","price":400.0,"currency":"USD","framed":true,"w":19.5,"h":26.0,"label":"Medium"},{"vendor":"houseofspoils","url":"https://houseofspoils.com/products/vincent-perraud-hotel-life?variant=41592568152126","price":590.0,"currency":"USD","framed":true,"w":24.5,"h":33.5,"label":"Large"},{"vendor":"houseofspoils","url":"https://houseofspoils.com/products/vincent-perraud-hotel-life?variant=41592568283198","price":1050.0,"currency":"USD","framed":true,"w":31.5,"h":44.0,"label":"Giant"},{"vendor":"houseofspoils","url":"https://houseofspoils.com/products/vincent-perraud-hotel-life?variant=41592568414270","price":1975.0,"currency":"USD","framed":true,"w":39.5,"h":56.0,"label":"Collector"},{"vendor":"houseofspoils","url":"https://houseofspoils.com/products/vincent-perraud-hotel-life?variant=41592568545342","price":3450.0,"currency":"USD","framed":true,"w":46.0,"h":66.0,"label":"Exhibition"}]
hos-vincent-perraud-la-dame-de-fer	Vincent Perraud	https://houseofspoils.com/products/vincent-perraud-la-dame-de-fer	La Dame de Fer	photo	film	https://cdn.shopify.com/s/files/1/0115/7385/4270/files/VP21.jpg?width=560	[{"vendor":"houseofspoils","url":"https://houseofspoils.com/products/vincent-perraud-la-dame-de-fer?variant=40303724691518","price":225.0,"currency":"USD","framed":true,"w":14.5,"h":18.5,"label":"Small"},{"vendor":"houseofspoils","url":"https://houseofspoils.com/products/vincent-perraud-la-dame-de-fer?variant=41592569266238","price":400.0,"currency":"USD","framed":true,"w":19.5,"h":26.0,"label":"Medium"},{"vendor":"houseofspoils","url":"https://houseofspoils.com/products/vincent-perraud-la-dame-de-fer?variant=41592569397310","price":590.0,"currency":"USD","framed":true,"w":24.5,"h":33.5,"label":"Large"},{"vendor":"houseofspoils","url":"https://houseofspoils.com/products/vincent-perraud-la-dame-de-fer?variant=41592569528382","price":1050.0,"currency":"USD","framed":true,"w":31.5,"h":44.0,"label":"Giant"},{"vendor":"houseofspoils","url":"https://houseofspoils.com/products/vincent-perraud-la-dame-de-fer?variant=41592569659454","price":1975.0,"currency":"USD","framed":true,"w":39.5,"h":56.0,"label":"Collector"},{"vendor":"houseofspoils","url":"https://houseofspoils.com/products/vincent-perraud-la-dame-de-fer?variant=41592569790526","price":3450.0,"currency":"USD","framed":true,"w":46.0,"h":66.0,"label":"Exhibition"}]
hos-vincent-perraud-always-on-time	Vincent Perraud	https://houseofspoils.com/products/vincent-perraud-always-on-time	Always on Time	photo	film	https://cdn.shopify.com/s/files/1/0115/7385/4270/files/VP20.jpg?width=560	[{"vendor":"houseofspoils","url":"https://houseofspoils.com/products/vincent-perraud-always-on-time?variant=40300091998270","price":225.0,"currency":"USD","framed":true,"w":14.5,"h":18.5,"label":"Small"},{"vendor":"houseofspoils","url":"https://houseofspoils.com/products/vincent-perraud-always-on-time?variant=41592570445886","price":400.0,"currency":"USD","framed":true,"w":19.5,"h":26.0,"label":"Medium"},{"vendor":"houseofspoils","url":"https://houseofspoils.com/products/vincent-perraud-always-on-time?variant=41592570576958","price":590.0,"currency":"USD","framed":true,"w":24.5,"h":33.5,"label":"Large"},{"vendor":"houseofspoils","url":"https://houseofspoils.com/products/vincent-perraud-always-on-time?variant=41592570708030","price":1050.0,"currency":"USD","framed":true,"w":31.5,"h":44.0,"label":"Giant"},{"vendor":"houseofspoils","url":"https://houseofspoils.com/products/vincent-perraud-always-on-time?variant=41592570839102","price":1975.0,"currency":"USD","framed":true,"w":39.5,"h":56.0,"label":"Collector"},{"vendor":"houseofspoils","url":"https://houseofspoils.com/products/vincent-perraud-always-on-time?variant=41592570970174","price":3450.0,"currency":"USD","framed":true,"w":46.0,"h":66.0,"label":"Exhibition"}]
hos-vincent-perraud-viva-mexico	Vincent Perraud	https://houseofspoils.com/products/vincent-perraud-viva-mexico	Viva Mexico	photo	film	https://cdn.shopify.com/s/files/1/0115/7385/4270/files/VP19.jpg?width=560	[{"vendor":"houseofspoils","url":"https://houseofspoils.com/products/vincent-perraud-viva-mexico?variant=40300080169022","price":225.0,"currency":"USD","framed":true,"w":14.5,"h":18.5,"label":"Small"},{"vendor":"houseofspoils","url":"https://houseofspoils.com/products/vincent-perraud-viva-mexico?variant=41592571592766","price":400.0,"currency":"USD","framed":true,"w":19.5,"h":26.0,"label":"Medium"},{"vendor":"houseofspoils","url":"https://houseofspoils.com/products/vincent-perraud-viva-mexico?variant=41592571723838","price":590.0,"currency":"USD","framed":true,"w":24.5,"h":33.5,"label":"Large"},{"vendor":"houseofspoils","url":"https://houseofspoils.com/products/vincent-perraud-viva-mexico?variant=41592571854910","price":1050.0,"currency":"USD","framed":true,"w":31.5,"h":44.0,"label":"Giant"},{"vendor":"houseofspoils","url":"https://houseofspoils.com/products/vincent-perraud-viva-mexico?variant=41592571985982","price":1975.0,"currency":"USD","framed":true,"w":39.5,"h":56.0,"label":"Collector"},{"vendor":"houseofspoils","url":"https://houseofspoils.com/products/vincent-perraud-viva-mexico?variant=41592572117054","price":3450.0,"currency":"USD","framed":true,"w":46.0,"h":66.0,"label":"Exhibition"}]
hos-central-park-negroni	Marcus Lloyd	https://houseofspoils.com/products/central-park-negroni	Central Park Negroni	photo	film	https://cdn.shopify.com/s/files/1/0115/7385/4270/files/ML05.jpg?width=560	[{"vendor":"houseofspoils","url":"https://houseofspoils.com/products/central-park-negroni?variant=40283790278718","price":225.0,"currency":"USD","framed":true,"w":14.5,"h":18.5,"label":"Small"},{"vendor":"houseofspoils","url":"https://houseofspoils.com/products/central-park-negroni?variant=41592573952062","price":400.0,"currency":"USD","framed":true,"w":19.5,"h":26.0,"label":"Medium"},{"vendor":"houseofspoils","url":"https://houseofspoils.com/products/central-park-negroni?variant=41592574083134","price":590.0,"currency":"USD","framed":true,"w":24.5,"h":33.5,"label":"Large"},{"vendor":"houseofspoils","url":"https://houseofspoils.com/products/central-park-negroni?variant=41592574214206","price":1050.0,"currency":"USD","framed":true,"w":31.5,"h":44.0,"label":"Giant"},{"vendor":"houseofspoils","url":"https://houseofspoils.com/products/central-park-negroni?variant=41592574345278","price":1975.0,"currency":"USD","framed":true,"w":39.5,"h":56.0,"label":"Collector"},{"vendor":"houseofspoils","url":"https://houseofspoils.com/products/central-park-negroni?variant=41592574476350","price":3450.0,"currency":"USD","framed":true,"w":46.0,"h":66.0,"label":"Exhibition"}]
hos-kurt-arrigo-wally-v	Kurt Arrigo	https://houseofspoils.com/products/kurt-arrigo-wally-v	Wally V	photo	film	https://cdn.shopify.com/s/files/1/0115/7385/4270/files/KA01.jpg?width=560	[{"vendor":"houseofspoils","url":"https://houseofspoils.com/products/kurt-arrigo-wally-v?variant=40305022599230","price":225.0,"currency":"USD","framed":true,"w":18.5,"h":14.5,"label":"Small"},{"vendor":"houseofspoils","url":"https://houseofspoils.com/products/kurt-arrigo-wally-v?variant=41592560975934","price":400.0,"currency":"USD","framed":true,"w":26.0,"h":19.5,"label":"Medium"},{"vendor":"houseofspoils","url":"https://houseofspoils.com/products/kurt-arrigo-wally-v?variant=41592561107006","price":590.0,"currency":"USD","framed":true,"w":33.5,"h":24.5,"label":"Large"},{"vendor":"houseofspoils","url":"https://houseofspoils.com/products/kurt-arrigo-wally-v?variant=41592561238078","price":1050.0,"currency":"USD","framed":true,"w":44.0,"h":31.5,"label":"Giant"},{"vendor":"houseofspoils","url":"https://houseofspoils.com/products/kurt-arrigo-wally-v?variant=41592561369150","price":1975.0,"currency":"USD","framed":true,"w":56.0,"h":39.5,"label":"Collector"},{"vendor":"houseofspoils","url":"https://houseofspoils.com/products/kurt-arrigo-wally-v?variant=41592561500222","price":3450.0,"currency":"USD","framed":true,"w":66.0,"h":46.0,"label":"Exhibition"}]
hos-jean-philippe-lebee-diver	Jean-Philippe Lebee	https://houseofspoils.com/products/jean-philippe-lebee-diver	Diver	photo	film	https://cdn.shopify.com/s/files/1/0115/7385/4270/files/JP03.jpg?width=560	[{"vendor":"houseofspoils","url":"https://houseofspoils.com/products/jean-philippe-lebee-diver?variant=40283759673406","price":225.0,"currency":"USD","framed":true,"w":18.5,"h":14.5,"label":"Small"},{"vendor":"houseofspoils","url":"https://houseofspoils.com/products/jean-philippe-lebee-diver?variant=41592575098942","price":400.0,"currency":"USD","framed":true,"w":26.0,"h":19.5,"label":"Medium"},{"vendor":"houseofspoils","url":"https://houseofspoils.com/products/jean-philippe-lebee-diver?variant=41592575230014","price":590.0,"currency":"USD","framed":true,"w":33.5,"h":24.5,"label":"Large"},{"vendor":"houseofspoils","url":"https://houseofspoils.com/products/jean-philippe-lebee-diver?variant=41592575361086","price":1050.0,"currency":"USD","framed":true,"w":44.0,"h":31.5,"label":"Giant"},{"vendor":"houseofspoils","url":"https://houseofspoils.com/products/jean-philippe-lebee-diver?variant=41592575492158","price":1975.0,"currency":"USD","framed":true,"w":56.0,"h":39.5,"label":"Collector"},{"vendor":"houseofspoils","url":"https://houseofspoils.com/products/jean-philippe-lebee-diver?variant=41592575623230","price":3450.0,"currency":"USD","framed":true,"w":66.0,"h":46.0,"label":"Exhibition"}]
hos-jean-philippe-lebee-scuba-diver	Jean-Philippe Lebee	https://houseofspoils.com/products/jean-philippe-lebee-scuba-diver	Scuba Diver	photo	film	https://cdn.shopify.com/s/files/1/0115/7385/4270/files/JP02.jpg?width=560	[{"vendor":"houseofspoils","url":"https://houseofspoils.com/products/jean-philippe-lebee-scuba-diver?variant=40283754790974","price":225.0,"currency":"USD","framed":true,"w":18.5,"h":14.5,"label":"Small"},{"vendor":"houseofspoils","url":"https://houseofspoils.com/products/jean-philippe-lebee-scuba-diver?variant=41592576245822","price":400.0,"currency":"USD","framed":true,"w":26.0,"h":19.5,"label":"Medium"},{"vendor":"houseofspoils","url":"https://houseofspoils.com/products/jean-philippe-lebee-scuba-diver?variant=41592576376894","price":590.0,"currency":"USD","framed":true,"w":33.5,"h":24.5,"label":"Large"},{"vendor":"houseofspoils","url":"https://houseofspoils.com/products/jean-philippe-lebee-scuba-diver?variant=41592576507966","price":1050.0,"currency":"USD","framed":true,"w":44.0,"h":31.5,"label":"Giant"},{"vendor":"houseofspoils","url":"https://houseofspoils.com/products/jean-philippe-lebee-scuba-diver?variant=41592576639038","price":1975.0,"currency":"USD","framed":true,"w":56.0,"h":39.5,"label":"Collector"},{"vendor":"houseofspoils","url":"https://houseofspoils.com/products/jean-philippe-lebee-scuba-diver?variant=41592576770110","price":3450.0,"currency":"USD","framed":true,"w":66.0,"h":46.0,"label":"Exhibition"}]
hos-jean-philippe-lebee-aerodrome	Jean-Philippe Lebee	https://houseofspoils.com/products/jean-philippe-lebee-aerodrome	Aérodrome	photo	film	https://cdn.shopify.com/s/files/1/0115/7385/4270/files/JP01.jpg?width=560	[{"vendor":"houseofspoils","url":"https://houseofspoils.com/products/jean-philippe-lebee-aerodrome?variant=40283748171838","price":225.0,"currency":"USD","framed":true,"w":14.5,"h":18.5,"label":"Small"},{"vendor":"houseofspoils","url":"https://houseofspoils.com/products/jean-philippe-lebee-aerodrome?variant=41592577425470","price":400.0,"currency":"USD","framed":true,"w":19.5,"h":26.0,"label":"Medium"},{"vendor":"houseofspoils","url":"https://houseofspoils.com/products/jean-philippe-lebee-aerodrome?variant=41592577556542","price":590.0,"currency":"USD","framed":true,"w":24.5,"h":33.5,"label":"Large"},{"vendor":"houseofspoils","url":"https://houseofspoils.com/products/jean-philippe-lebee-aerodrome?variant=41592577687614","price":1050.0,"currency":"USD","framed":true,"w":31.5,"h":44.0,"label":"Giant"},{"vendor":"houseofspoils","url":"https://houseofspoils.com/products/jean-philippe-lebee-aerodrome?variant=41592577818686","price":1975.0,"currency":"USD","framed":true,"w":39.5,"h":56.0,"label":"Collector"},{"vendor":"houseofspoils","url":"https://houseofspoils.com/products/jean-philippe-lebee-aerodrome?variant=41592577949758","price":3450.0,"currency":"USD","framed":true,"w":46.0,"h":66.0,"label":"Exhibition"}]
hos-harry-mark-rosso-corsa	Harry Mark	https://houseofspoils.com/products/harry-mark-rosso-corsa	Rosso Corsa	photo	film	https://cdn.shopify.com/s/files/1/0115/7385/4270/files/HM32.jpg?width=560	[{"vendor":"houseofspoils","url":"https://houseofspoils.com/products/harry-mark-rosso-corsa?variant=40305063755838","price":225.0,"currency":"USD","framed":true,"w":14.5,"h":18.5,"label":"Small"},{"vendor":"houseofspoils","url":"https://houseofspoils.com/products/harry-mark-rosso-corsa?variant=41592559829054","price":400.0,"currency":"USD","framed":true,"w":19.5,"h":26.0,"label":"Medium"},{"vendor":"houseofspoils","url":"https://houseofspoils.com/products/harry-mark-rosso-corsa?variant=41592559960126","price":590.0,"currency":"USD","framed":true,"w":24.5,"h":33.5,"label":"Large"},{"vendor":"houseofspoils","url":"https://houseofspoils.com/products/harry-mark-rosso-corsa?variant=41592560091198","price":1050.0,"currency":"USD","framed":true,"w":31.5,"h":44.0,"label":"Giant"},{"vendor":"houseofspoils","url":"https://houseofspoils.com/products/harry-mark-rosso-corsa?variant=41592560222270","price":1975.0,"currency":"USD","framed":true,"w":39.5,"h":56.0,"label":"Collector"},{"vendor":"houseofspoils","url":"https://houseofspoils.com/products/harry-mark-rosso-corsa?variant=41592560353342","price":3450.0,"currency":"USD","framed":true,"w":46.0,"h":66.0,"label":"Exhibition"}]
hos-dylan-decker-morning-commute	Dylan Decker	https://houseofspoils.com/products/dylan-decker-morning-commute	Morning Commute	photo	film	https://cdn.shopify.com/s/files/1/0115/7385/4270/files/DLD01.jpg?width=560	[{"vendor":"houseofspoils","url":"https://houseofspoils.com/products/dylan-decker-morning-commute?variant=40288135741502","price":225.0,"currency":"USD","framed":true,"w":18.5,"h":14.5,"label":"Small"},{"vendor":"houseofspoils","url":"https://houseofspoils.com/products/dylan-decker-morning-commute?variant=41592572739646","price":400.0,"currency":"USD","framed":true,"w":26.0,"h":19.5,"label":"Medium"},{"vendor":"houseofspoils","url":"https://houseofspoils.com/products/dylan-decker-morning-commute?variant=41592572870718","price":590.0,"currency":"USD","framed":true,"w":33.5,"h":24.5,"label":"Large"},{"vendor":"houseofspoils","url":"https://houseofspoils.com/products/dylan-decker-morning-commute?variant=41592573001790","price":1050.0,"currency":"USD","framed":true,"w":44.0,"h":31.5,"label":"Giant"},{"vendor":"houseofspoils","url":"https://houseofspoils.com/products/dylan-decker-morning-commute?variant=41592573132862","price":1975.0,"currency":"USD","framed":true,"w":56.0,"h":39.5,"label":"Collector"},{"vendor":"houseofspoils","url":"https://houseofspoils.com/products/dylan-decker-morning-commute?variant=41592573263934","price":3450.0,"currency":"USD","framed":true,"w":66.0,"h":46.0,"label":"Exhibition"}]
hos-rafael-mourra-wayan-made	Rafael Moura	https://houseofspoils.com/products/rafael-mourra-wayan-made	Wayan & Made	photo	film	https://cdn.shopify.com/s/files/1/0115/7385/4270/files/RM02.jpg?width=560	[{"vendor":"houseofspoils","url":"https://houseofspoils.com/products/rafael-mourra-wayan-made?variant=40223462883390","price":225.0,"currency":"USD","framed":true,"w":18.5,"h":14.5,"label":"Small"},{"vendor":"houseofspoils","url":"https://houseofspoils.com/products/rafael-mourra-wayan-made?variant=41592587452478","price":400.0,"currency":"USD","framed":true,"w":26.0,"h":19.5,"label":"Medium"},{"vendor":"houseofspoils","url":"https://houseofspoils.com/products/rafael-mourra-wayan-made?variant=41592587583550","price":590.0,"currency":"USD","framed":true,"w":33.5,"h":24.5,"label":"Large"},{"vendor":"houseofspoils","url":"https://houseofspoils.com/products/rafael-mourra-wayan-made?variant=41592587714622","price":1050.0,"currency":"USD","framed":true,"w":44.0,"h":31.5,"label":"Giant"},{"vendor":"houseofspoils","url":"https://houseofspoils.com/products/rafael-mourra-wayan-made?variant=41592587845694","price":1975.0,"currency":"USD","framed":true,"w":56.0,"h":39.5,"label":"Collector"},{"vendor":"houseofspoils","url":"https://houseofspoils.com/products/rafael-mourra-wayan-made?variant=41592587976766","price":3450.0,"currency":"USD","framed":true,"w":66.0,"h":46.0,"label":"Exhibition"}]
hos-rafael-mourra-the-butterfly-girl	Rafael Moura	https://houseofspoils.com/products/rafael-mourra-the-butterfly-girl	The Butterfly Girl	photo	film	https://cdn.shopify.com/s/files/1/0115/7385/4270/files/RM01.jpg?width=560	[{"vendor":"houseofspoils","url":"https://houseofspoils.com/products/rafael-mourra-the-butterfly-girl?variant=40222501044286","price":225.0,"currency":"USD","framed":true,"w":14.5,"h":18.5,"label":"Small"},{"vendor":"houseofspoils","url":"https://houseofspoils.com/products/rafael-mourra-the-butterfly-girl?variant=41592596234302","price":400.0,"currency":"USD","framed":true,"w":19.5,"h":26.0,"label":"Medium"},{"vendor":"houseofspoils","url":"https://houseofspoils.com/products/rafael-mourra-the-butterfly-girl?variant=41592596365374","price":590.0,"currency":"USD","framed":true,"w":24.5,"h":33.5,"label":"Large"},{"vendor":"houseofspoils","url":"https://houseofspoils.com/products/rafael-mourra-the-butterfly-girl?variant=41592596496446","price":1050.0,"currency":"USD","framed":true,"w":31.5,"h":44.0,"label":"Giant"},{"vendor":"houseofspoils","url":"https://houseofspoils.com/products/rafael-mourra-the-butterfly-girl?variant=41592596627518","price":1975.0,"currency":"USD","framed":true,"w":39.5,"h":56.0,"label":"Collector"},{"vendor":"houseofspoils","url":"https://houseofspoils.com/products/rafael-mourra-the-butterfly-girl?variant=41592596758590","price":3450.0,"currency":"USD","framed":true,"w":46.0,"h":66.0,"label":"Exhibition"}]
hos-emily-abay-from-above-to-below	Emily Abay	https://houseofspoils.com/products/emily-abay-from-above-to-below	From Above to Below	photo	film	https://cdn.shopify.com/s/files/1/0115/7385/4270/files/EA20.jpg?width=560	[{"vendor":"houseofspoils","url":"https://houseofspoils.com/products/emily-abay-from-above-to-below?variant=40247661396030","price":225.0,"currency":"USD","framed":true,"w":14.5,"h":18.5,"label":"Small"},{"vendor":"houseofspoils","url":"https://houseofspoils.com/products/emily-abay-from-above-to-below?variant=41592580112446","price":400.0,"currency":"USD","framed":true,"w":19.5,"h":26.0,"label":"Medium"},{"vendor":"houseofspoils","url":"https://houseofspoils.com/products/emily-abay-from-above-to-below?variant=41592580243518","price":590.0,"currency":"USD","framed":true,"w":24.5,"h":33.5,"label":"Large"},{"vendor":"houseofspoils","url":"https://houseofspoils.com/products/emily-abay-from-above-to-below?variant=41592580440126","price":1050.0,"currency":"USD","framed":true,"w":31.5,"h":44.0,"label":"Giant"},{"vendor":"houseofspoils","url":"https://houseofspoils.com/products/emily-abay-from-above-to-below?variant=41592580669502","price":1975.0,"currency":"USD","framed":true,"w":39.5,"h":56.0,"label":"Collector"},{"vendor":"houseofspoils","url":"https://houseofspoils.com/products/emily-abay-from-above-to-below?variant=41592580800574","price":3450.0,"currency":"USD","framed":true,"w":46.0,"h":66.0,"label":"Exhibition"}]
hos-aaron-brimhall-running-to-nostalgia	Aaron Brimhall	https://houseofspoils.com/products/aaron-brimhall-running-to-nostalgia	Running to Nostalgia	photo	film	https://cdn.shopify.com/s/files/1/0115/7385/4270/files/AB06.jpg?width=560	[{"vendor":"houseofspoils","url":"https://houseofspoils.com/products/aaron-brimhall-running-to-nostalgia?variant=40245831270462","price":225.0,"currency":"USD","framed":true,"w":18.5,"h":14.5,"label":"Small"},{"vendor":"houseofspoils","url":"https://houseofspoils.com/products/aaron-brimhall-running-to-nostalgia?variant=41592582668350","price":400.0,"currency":"USD","framed":true,"w":26.0,"h":19.5,"label":"Medium"},{"vendor":"houseofspoils","url":"https://houseofspoils.com/products/aaron-brimhall-running-to-nostalgia?variant=41592582799422","price":590.0,"currency":"USD","framed":true,"w":33.5,"h":24.5,"label":"Large"},{"vendor":"houseofspoils","url":"https://houseofspoils.com/products/aaron-brimhall-running-to-nostalgia?variant=41592582930494","price":1050.0,"currency":"USD","framed":true,"w":44.0,"h":31.5,"label":"Giant"},{"vendor":"houseofspoils","url":"https://houseofspoils.com/products/aaron-brimhall-running-to-nostalgia?variant=41592583061566","price":1975.0,"currency":"USD","framed":true,"w":56.0,"h":39.5,"label":"Collector"},{"vendor":"houseofspoils","url":"https://houseofspoils.com/products/aaron-brimhall-running-to-nostalgia?variant=41592583192638","price":3450.0,"currency":"USD","framed":true,"w":66.0,"h":46.0,"label":"Exhibition"}]
hos-vincent-perraud-wynwood	Vincent Perraud	https://houseofspoils.com/products/vincent-perraud-wynwood	Wynwood	photo	film	https://cdn.shopify.com/s/files/1/0115/7385/4270/files/VP14.jpg?width=560	[{"vendor":"houseofspoils","url":"https://houseofspoils.com/products/vincent-perraud-wynwood?variant=40223474843710","price":225.0,"currency":"USD","framed":true,"w":18.5,"h":14.5,"label":"Small"},{"vendor":"houseofspoils","url":"https://houseofspoils.com/products/vincent-perraud-wynwood?variant=41592586240062","price":400.0,"currency":"USD","framed":true,"w":26.0,"h":19.5,"label":"Medium"},{"vendor":"houseofspoils","url":"https://houseofspoils.com/products/vincent-perraud-wynwood?variant=41592586371134","price":590.0,"currency":"USD","framed":true,"w":33.5,"h":24.5,"label":"Large"},{"vendor":"houseofspoils","url":"https://houseofspoils.com/products/vincent-perraud-wynwood?variant=41592586502206","price":1050.0,"currency":"USD","framed":true,"w":44.0,"h":31.5,"label":"Giant"},{"vendor":"houseofspoils","url":"https://houseofspoils.com/products/vincent-perraud-wynwood?variant=41592586633278","price":1975.0,"currency":"USD","framed":true,"w":56.0,"h":39.5,"label":"Collector"},{"vendor":"houseofspoils","url":"https://houseofspoils.com/products/vincent-perraud-wynwood?variant=41592586764350","price":3450.0,"currency":"USD","framed":true,"w":66.0,"h":46.0,"label":"Exhibition"}]
hos-natalie-obradovich-commute-to-pasta	Natalie Obradovich	https://houseofspoils.com/products/natalie-obradovich-commute-to-pasta	Commute to Pasta	photo	film	https://cdn.shopify.com/s/files/1/0115/7385/4270/files/NO31.jpg?width=560	[{"vendor":"houseofspoils","url":"https://houseofspoils.com/products/natalie-obradovich-commute-to-pasta?variant=40221268312126","price":225.0,"currency":"USD","framed":true,"w":14.5,"h":18.5,"label":"Small"},{"vendor":"houseofspoils","url":"https://houseofspoils.com/products/natalie-obradovich-commute-to-pasta?variant=41592597381182","price":400.0,"currency":"USD","framed":true,"w":19.5,"h":26.0,"label":"Medium"},{"vendor":"houseofspoils","url":"https://houseofspoils.com/products/natalie-obradovich-commute-to-pasta?variant=41592597512254","price":590.0,"currency":"USD","framed":true,"w":24.5,"h":33.5,"label":"Large"},{"vendor":"houseofspoils","url":"https://houseofspoils.com/products/natalie-obradovich-commute-to-pasta?variant=41592597643326","price":1050.0,"currency":"USD","framed":true,"w":31.5,"h":44.0,"label":"Giant"},{"vendor":"houseofspoils","url":"https://houseofspoils.com/products/natalie-obradovich-commute-to-pasta?variant=41592597774398","price":1975.0,"currency":"USD","framed":true,"w":39.5,"h":56.0,"label":"Collector"},{"vendor":"houseofspoils","url":"https://houseofspoils.com/products/natalie-obradovich-commute-to-pasta?variant=41592597905470","price":3450.0,"currency":"USD","framed":true,"w":46.0,"h":66.0,"label":"Exhibition"}]
hos-natalie-obradovich-the-money-shot	Natalie Obradovich	https://houseofspoils.com/products/natalie-obradovich-the-money-shot	The Money Shot	photo	film	https://cdn.shopify.com/s/files/1/0115/7385/4270/files/NO30.jpg?width=560	[{"vendor":"houseofspoils","url":"https://houseofspoils.com/products/natalie-obradovich-the-money-shot?variant=40214693314622","price":225.0,"currency":"USD","framed":true,"w":18.5,"h":14.5,"label":"Small"},{"vendor":"houseofspoils","url":"https://houseofspoils.com/products/natalie-obradovich-the-money-shot?variant=41592598528062","price":400.0,"currency":"USD","framed":true,"w":26.0,"h":19.5,"label":"Medium"},{"vendor":"houseofspoils","url":"https://houseofspoils.com/products/natalie-obradovich-the-money-shot?variant=41592598659134","price":590.0,"currency":"USD","framed":true,"w":33.5,"h":24.5,"label":"Large"},{"vendor":"houseofspoils","url":"https://houseofspoils.com/products/natalie-obradovich-the-money-shot?variant=41592598790206","price":1050.0,"currency":"USD","framed":true,"w":44.0,"h":31.5,"label":"Giant"},{"vendor":"houseofspoils","url":"https://houseofspoils.com/products/natalie-obradovich-the-money-shot?variant=41592598921278","price":1975.0,"currency":"USD","framed":true,"w":56.0,"h":39.5,"label":"Collector"},{"vendor":"houseofspoils","url":"https://houseofspoils.com/products/natalie-obradovich-the-money-shot?variant=41592599052350","price":3450.0,"currency":"USD","framed":true,"w":66.0,"h":46.0,"label":"Exhibition"}]
hos-natalie-obradovich-trofie-al-pesto	Natalie Obradovich	https://houseofspoils.com/products/natalie-obradovich-trofie-al-pesto	Trofie al Pesto	photo	film	https://cdn.shopify.com/s/files/1/0115/7385/4270/files/NO29.jpg?width=560	[{"vendor":"houseofspoils","url":"https://houseofspoils.com/products/natalie-obradovich-trofie-al-pesto?variant=40223444500542","price":225.0,"currency":"USD","framed":true,"w":14.5,"h":18.5,"label":"Small"},{"vendor":"houseofspoils","url":"https://houseofspoils.com/products/natalie-obradovich-trofie-al-pesto?variant=41592588894270","price":400.0,"currency":"USD","framed":true,"w":19.5,"h":26.0,"label":"Medium"},{"vendor":"houseofspoils","url":"https://houseofspoils.com/products/natalie-obradovich-trofie-al-pesto?variant=41592589025342","price":590.0,"currency":"USD","framed":true,"w":24.5,"h":33.5,"label":"Large"},{"vendor":"houseofspoils","url":"https://houseofspoils.com/products/natalie-obradovich-trofie-al-pesto?variant=41592589156414","price":1050.0,"currency":"USD","framed":true,"w":31.5,"h":44.0,"label":"Giant"},{"vendor":"houseofspoils","url":"https://houseofspoils.com/products/natalie-obradovich-trofie-al-pesto?variant=41592589287486","price":1975.0,"currency":"USD","framed":true,"w":39.5,"h":56.0,"label":"Collector"},{"vendor":"houseofspoils","url":"https://houseofspoils.com/products/natalie-obradovich-trofie-al-pesto?variant=41592589418558","price":3450.0,"currency":"USD","framed":true,"w":46.0,"h":66.0,"label":"Exhibition"}]
hos-kate-shanasy-bathe	Kate Shanasy	https://houseofspoils.com/products/kate-shanasy-bathe	Bathe	photo	film	https://cdn.shopify.com/s/files/1/0115/7385/4270/files/KS09.jpg?width=560	[{"vendor":"houseofspoils","url":"https://houseofspoils.com/products/kate-shanasy-bathe?variant=40182133456958","price":225.0,"currency":"USD","framed":true,"w":14.5,"h":18.5,"label":"Small"},{"vendor":"houseofspoils","url":"https://houseofspoils.com/products/kate-shanasy-bathe?variant=41592602132542","price":400.0,"currency":"USD","framed":true,"w":19.5,"h":26.0,"label":"Medium"},{"vendor":"houseofspoils","url":"https://houseofspoils.com/products/kate-shanasy-bathe?variant=41592602263614","price":590.0,"currency":"USD","framed":true,"w":24.5,"h":33.5,"label":"Large"},{"vendor":"houseofspoils","url":"https://houseofspoils.com/products/kate-shanasy-bathe?variant=41592602394686","price":1050.0,"currency":"USD","framed":true,"w":31.5,"h":44.0,"label":"Giant"},{"vendor":"houseofspoils","url":"https://houseofspoils.com/products/kate-shanasy-bathe?variant=41592602525758","price":1975.0,"currency":"USD","framed":true,"w":39.5,"h":56.0,"label":"Collector"},{"vendor":"houseofspoils","url":"https://houseofspoils.com/products/kate-shanasy-bathe?variant=41592602656830","price":3450.0,"currency":"USD","framed":true,"w":46.0,"h":66.0,"label":"Exhibition"}]
hos-jonathan-zaoui-on-the-edge	Jonathan Zaoui	https://houseofspoils.com/products/jonathan-zaoui-on-the-edge	On The Edge	photo	film	https://cdn.shopify.com/s/files/1/0115/7385/4270/files/JZ04.jpg?width=560	[{"vendor":"houseofspoils","url":"https://houseofspoils.com/products/jonathan-zaoui-on-the-edge?variant=40223436243006","price":225.0,"currency":"USD","framed":true,"w":14.5,"h":18.5,"label":"Small"},{"vendor":"houseofspoils","url":"https://houseofspoils.com/products/jonathan-zaoui-on-the-edge?variant=41592591646782","price":400.0,"currency":"USD","framed":true,"w":19.5,"h":26.0,"label":"Medium"},{"vendor":"houseofspoils","url":"https://houseofspoils.com/products/jonathan-zaoui-on-the-edge?variant=41592591777854","price":590.0,"currency":"USD","framed":true,"w":24.5,"h":33.5,"label":"Large"},{"vendor":"houseofspoils","url":"https://houseofspoils.com/products/jonathan-zaoui-on-the-edge?variant=41592591908926","price":1050.0,"currency":"USD","framed":true,"w":31.5,"h":44.0,"label":"Giant"},{"vendor":"houseofspoils","url":"https://houseofspoils.com/products/jonathan-zaoui-on-the-edge?variant=41592592039998","price":1975.0,"currency":"USD","framed":true,"w":39.5,"h":56.0,"label":"Collector"},{"vendor":"houseofspoils","url":"https://houseofspoils.com/products/jonathan-zaoui-on-the-edge?variant=41592592171070","price":3450.0,"currency":"USD","framed":true,"w":46.0,"h":66.0,"label":"Exhibition"}]
hos-jared-chambers-rodeo	Jared Chambers	https://houseofspoils.com/products/jared-chambers-rodeo	Rodeo	photo	film	https://cdn.shopify.com/s/files/1/0115/7385/4270/files/JC08.jpg?width=560	[{"vendor":"houseofspoils","url":"https://houseofspoils.com/products/jared-chambers-rodeo?variant=40223423332414","price":225.0,"currency":"USD","framed":true,"w":18.5,"h":14.5,"label":"Small"},{"vendor":"houseofspoils","url":"https://houseofspoils.com/products/jared-chambers-rodeo?variant=41592593940542","price":400.0,"currency":"USD","framed":true,"w":26.0,"h":19.5,"label":"Medium"},{"vendor":"houseofspoils","url":"https://houseofspoils.com/products/jared-chambers-rodeo?variant=41592594071614","price":590.0,"currency":"USD","framed":true,"w":33.5,"h":24.5,"label":"Large"},{"vendor":"houseofspoils","url":"https://houseofspoils.com/products/jared-chambers-rodeo?variant=41592594202686","price":1050.0,"currency":"USD","framed":true,"w":44.0,"h":31.5,"label":"Giant"},{"vendor":"houseofspoils","url":"https://houseofspoils.com/products/jared-chambers-rodeo?variant=41592594333758","price":1975.0,"currency":"USD","framed":true,"w":56.0,"h":39.5,"label":"Collector"},{"vendor":"houseofspoils","url":"https://houseofspoils.com/products/jared-chambers-rodeo?variant=41592594464830","price":3450.0,"currency":"USD","framed":true,"w":66.0,"h":46.0,"label":"Exhibition"}]
hos-jared-chambers-wrangle	Jared Chambers	https://houseofspoils.com/products/jared-chambers-wrangle	Wrangle	photo	film	https://cdn.shopify.com/s/files/1/0115/7385/4270/files/JC09.jpg?width=560	[{"vendor":"houseofspoils","url":"https://houseofspoils.com/products/jared-chambers-wrangle?variant=40223429263422","price":225.0,"currency":"USD","framed":true,"w":18.5,"h":14.5,"label":"Small"},{"vendor":"houseofspoils","url":"https://houseofspoils.com/products/jared-chambers-wrangle?variant=41592592793662","price":400.0,"currency":"USD","framed":true,"w":26.0,"h":19.5,"label":"Medium"},{"vendor":"houseofspoils","url":"https://houseofspoils.com/products/jared-chambers-wrangle?variant=41592592924734","price":590.0,"currency":"USD","framed":true,"w":33.5,"h":24.5,"label":"Large"},{"vendor":"houseofspoils","url":"https://houseofspoils.com/products/jared-chambers-wrangle?variant=41592593055806","price":1050.0,"currency":"USD","framed":true,"w":44.0,"h":31.5,"label":"Giant"},{"vendor":"houseofspoils","url":"https://houseofspoils.com/products/jared-chambers-wrangle?variant=41592593186878","price":1975.0,"currency":"USD","framed":true,"w":56.0,"h":39.5,"label":"Collector"},{"vendor":"houseofspoils","url":"https://houseofspoils.com/products/jared-chambers-wrangle?variant=41592593317950","price":3450.0,"currency":"USD","framed":true,"w":66.0,"h":46.0,"label":"Exhibition"}]
hos-jared-chambers-land-of-the-free	Jared Chambers	https://houseofspoils.com/products/jared-chambers-land-of-the-free	Land Of The Free	photo	film	https://cdn.shopify.com/s/files/1/0115/7385/4270/files/JC07.jpg?width=560	[{"vendor":"houseofspoils","url":"https://houseofspoils.com/products/jared-chambers-land-of-the-free?variant=40222514249790","price":225.0,"currency":"USD","framed":true,"w":18.5,"h":14.5,"label":"Small"},{"vendor":"houseofspoils","url":"https://houseofspoils.com/products/jared-chambers-land-of-the-free?variant=41592595087422","price":400.0,"currency":"USD","framed":true,"w":26.0,"h":19.5,"label":"Medium"},{"vendor":"houseofspoils","url":"https://houseofspoils.com/products/jared-chambers-land-of-the-free?variant=41592595218494","price":590.0,"currency":"USD","framed":true,"w":33.5,"h":24.5,"label":"Large"},{"vendor":"houseofspoils","url":"https://houseofspoils.com/products/jared-chambers-land-of-the-free?variant=41592595349566","price":1050.0,"currency":"USD","framed":true,"w":44.0,"h":31.5,"label":"Giant"},{"vendor":"houseofspoils","url":"https://houseofspoils.com/products/jared-chambers-land-of-the-free?variant=41592595480638","price":1975.0,"currency":"USD","framed":true,"w":56.0,"h":39.5,"label":"Collector"},{"vendor":"houseofspoils","url":"https://houseofspoils.com/products/jared-chambers-land-of-the-free?variant=41592595611710","price":3450.0,"currency":"USD","framed":true,"w":66.0,"h":46.0,"label":"Exhibition"}]
hos-desert-drive	Alexandru Costin	https://houseofspoils.com/products/desert-drive	Desert Drive	photo	film	https://cdn.shopify.com/s/files/1/0115/7385/4270/files/AC14.jpg?width=560	[{"vendor":"houseofspoils","url":"https://houseofspoils.com/products/desert-drive?variant=40184950554686","price":225.0,"currency":"USD","framed":true,"w":18.5,"h":14.5,"label":"Small"},{"vendor":"houseofspoils","url":"https://houseofspoils.com/products/desert-drive?variant=41592599773246","price":400.0,"currency":"USD","framed":true,"w":26.0,"h":19.5,"label":"Medium"},{"vendor":"houseofspoils","url":"https://houseofspoils.com/products/desert-drive?variant=41592599904318","price":590.0,"currency":"USD","framed":true,"w":33.5,"h":24.5,"label":"Large"},{"vendor":"houseofspoils","url":"https://houseofspoils.com/products/desert-drive?variant=41592600035390","price":1050.0,"currency":"USD","framed":true,"w":44.0,"h":31.5,"label":"Giant"},{"vendor":"houseofspoils","url":"https://houseofspoils.com/products/desert-drive?variant=41592600166462","price":1975.0,"currency":"USD","framed":true,"w":56.0,"h":39.5,"label":"Collector"},{"vendor":"houseofspoils","url":"https://houseofspoils.com/products/desert-drive?variant=41592600297534","price":3450.0,"currency":"USD","framed":true,"w":66.0,"h":46.0,"label":"Exhibition"}]
hos-lella-soper-a-fishermans-luck	Lella Soper	https://houseofspoils.com/products/lella-soper-a-fishermans-luck	A Fisherman's Luck	photo	film	https://cdn.shopify.com/s/files/1/0115/7385/4270/files/LS07.jpg?width=560	[{"vendor":"houseofspoils","url":"https://houseofspoils.com/products/lella-soper-a-fishermans-luck?variant=40184556847166","price":225.0,"currency":"USD","framed":true,"w":14.5,"h":18.5,"label":"Small"},{"vendor":"houseofspoils","url":"https://houseofspoils.com/products/lella-soper-a-fishermans-luck?variant=41592600920126","price":400.0,"currency":"USD","framed":true,"w":19.5,"h":26.0,"label":"Medium"},{"vendor":"houseofspoils","url":"https://houseofspoils.com/products/lella-soper-a-fishermans-luck?variant=41592601051198","price":590.0,"currency":"USD","framed":true,"w":24.5,"h":33.5,"label":"Large"},{"vendor":"houseofspoils","url":"https://houseofspoils.com/products/lella-soper-a-fishermans-luck?variant=41592601182270","price":1050.0,"currency":"USD","framed":true,"w":31.5,"h":44.0,"label":"Giant"},{"vendor":"houseofspoils","url":"https://houseofspoils.com/products/lella-soper-a-fishermans-luck?variant=41592601313342","price":1975.0,"currency":"USD","framed":true,"w":39.5,"h":56.0,"label":"Collector"},{"vendor":"houseofspoils","url":"https://houseofspoils.com/products/lella-soper-a-fishermans-luck?variant=41592601444414","price":3450.0,"currency":"USD","framed":true,"w":46.0,"h":66.0,"label":"Exhibition"}]
hos-ana-kutija-mediterranean	Ana Kutija	https://houseofspoils.com/products/ana-kutija-mediterranean	Mediterranean	photo	film	https://cdn.shopify.com/s/files/1/0115/7385/4270/files/AK01.jpg?width=560	[{"vendor":"houseofspoils","url":"https://houseofspoils.com/products/ana-kutija-mediterranean?variant=40233229385790","price":225.0,"currency":"USD","framed":true,"w":14.5,"h":18.5,"label":"Small"},{"vendor":"houseofspoils","url":"https://houseofspoils.com/products/ana-kutija-mediterranean?variant=41592583815230","price":400.0,"currency":"USD","framed":true,"w":19.5,"h":26.0,"label":"Medium"},{"vendor":"houseofspoils","url":"https://houseofspoils.com/products/ana-kutija-mediterranean?variant=41592583946302","price":590.0,"currency":"USD","framed":true,"w":24.5,"h":33.5,"label":"Large"},{"vendor":"houseofspoils","url":"https://houseofspoils.com/products/ana-kutija-mediterranean?variant=41592584077374","price":1050.0,"currency":"USD","framed":true,"w":31.5,"h":44.0,"label":"Giant"},{"vendor":"houseofspoils","url":"https://houseofspoils.com/products/ana-kutija-mediterranean?variant=41592584208446","price":1975.0,"currency":"USD","framed":true,"w":39.5,"h":56.0,"label":"Collector"},{"vendor":"houseofspoils","url":"https://houseofspoils.com/products/ana-kutija-mediterranean?variant=41592584339518","price":3450.0,"currency":"USD","framed":true,"w":46.0,"h":66.0,"label":"Exhibition"}]
hos-harry-mark-all-terrain	Harry Mark	https://houseofspoils.com/products/harry-mark-all-terrain	All Terrain	photo	film	https://cdn.shopify.com/s/files/1/0115/7385/4270/files/HM-AllTerrain.jpg?width=560	[{"vendor":"houseofspoils","url":"https://houseofspoils.com/products/harry-mark-all-terrain?variant=40154826506302","price":225.0,"currency":"USD","framed":true,"w":18.5,"h":14.5,"label":"Small"},{"vendor":"houseofspoils","url":"https://houseofspoils.com/products/harry-mark-all-terrain?variant=41592603279422","price":400.0,"currency":"USD","framed":true,"w":26.0,"h":19.5,"label":"Medium"},{"vendor":"houseofspoils","url":"https://houseofspoils.com/products/harry-mark-all-terrain?variant=41592603410494","price":590.0,"currency":"USD","framed":true,"w":33.5,"h":24.5,"label":"Large"},{"vendor":"houseofspoils","url":"https://houseofspoils.com/products/harry-mark-all-terrain?variant=41592603541566","price":1050.0,"currency":"USD","framed":true,"w":44.0,"h":31.5,"label":"Giant"},{"vendor":"houseofspoils","url":"https://houseofspoils.com/products/harry-mark-all-terrain?variant=41592603672638","price":1975.0,"currency":"USD","framed":true,"w":56.0,"h":39.5,"label":"Collector"},{"vendor":"houseofspoils","url":"https://houseofspoils.com/products/harry-mark-all-terrain?variant=41592603803710","price":3450.0,"currency":"USD","framed":true,"w":66.0,"h":46.0,"label":"Exhibition"}]
hos-harry-mark-belly-tank	Harry Mark	https://houseofspoils.com/products/harry-mark-belly-tank	Belly Tank	photo	film	https://cdn.shopify.com/s/files/1/0115/7385/4270/files/HM-BellyTank.jpg?width=560	[{"vendor":"houseofspoils","url":"https://houseofspoils.com/products/harry-mark-belly-tank?variant=40154809827390","price":225.0,"currency":"USD","framed":true,"w":18.5,"h":14.5,"label":"Small"},{"vendor":"houseofspoils","url":"https://houseofspoils.com/products/harry-mark-belly-tank?variant=41592604491838","price":400.0,"currency":"USD","framed":true,"w":26.0,"h":19.5,"label":"Medium"},{"vendor":"houseofspoils","url":"https://houseofspoils.com/products/harry-mark-belly-tank?variant=41592604622910","price":590.0,"currency":"USD","framed":true,"w":33.5,"h":24.5,"label":"Large"},{"vendor":"houseofspoils","url":"https://houseofspoils.com/products/harry-mark-belly-tank?variant=41592604753982","price":1050.0,"currency":"USD","framed":true,"w":44.0,"h":31.5,"label":"Giant"},{"vendor":"houseofspoils","url":"https://houseofspoils.com/products/harry-mark-belly-tank?variant=41592604885054","price":1975.0,"currency":"USD","framed":true,"w":56.0,"h":39.5,"label":"Collector"},{"vendor":"houseofspoils","url":"https://houseofspoils.com/products/harry-mark-belly-tank?variant=41592605016126","price":3450.0,"currency":"USD","framed":true,"w":66.0,"h":46.0,"label":"Exhibition"}]
hos-harry-mark-land-speed-dreams	Harry Mark	https://houseofspoils.com/products/harry-mark-land-speed-dreams	Land Speed Dreams	photo	film	https://cdn.shopify.com/s/files/1/0115/7385/4270/files/HM-LandSpeed.jpg?width=560	[{"vendor":"houseofspoils","url":"https://houseofspoils.com/products/harry-mark-land-speed-dreams?variant=40154800291902","price":225.0,"currency":"USD","framed":true,"w":18.5,"h":14.5,"label":"Small"},{"vendor":"houseofspoils","url":"https://houseofspoils.com/products/harry-mark-land-speed-dreams?variant=41592605638718","price":400.0,"currency":"USD","framed":true,"w":26.0,"h":19.5,"label":"Medium"},{"vendor":"houseofspoils","url":"https://houseofspoils.com/products/harry-mark-land-speed-dreams?variant=41592605769790","price":590.0,"currency":"USD","framed":true,"w":33.5,"h":24.5,"label":"Large"},{"vendor":"houseofspoils","url":"https://houseofspoils.com/products/harry-mark-land-speed-dreams?variant=41592605900862","price":1050.0,"currency":"USD","framed":true,"w":44.0,"h":31.5,"label":"Giant"},{"vendor":"houseofspoils","url":"https://houseofspoils.com/products/harry-mark-land-speed-dreams?variant=41592606031934","price":1975.0,"currency":"USD","framed":true,"w":56.0,"h":39.5,"label":"Collector"},{"vendor":"houseofspoils","url":"https://houseofspoils.com/products/harry-mark-land-speed-dreams?variant=41592606163006","price":3450.0,"currency":"USD","framed":true,"w":66.0,"h":46.0,"label":"Exhibition"}]
hos-harry-mark-gateway	Harry Mark	https://houseofspoils.com/products/harry-mark-gateway	Gateway	photo	film	https://cdn.shopify.com/s/files/1/0115/7385/4270/files/HM-PC-013.jpg?width=560	[{"vendor":"houseofspoils","url":"https://houseofspoils.com/products/harry-mark-gateway?variant=40153994526782","price":225.0,"currency":"USD","framed":true,"w":18.5,"h":14.5,"label":"Small"},{"vendor":"houseofspoils","url":"https://houseofspoils.com/products/harry-mark-gateway?variant=41592606785598","price":400.0,"currency":"USD","framed":true,"w":26.0,"h":19.5,"label":"Medium"},{"vendor":"houseofspoils","url":"https://houseofspoils.com/products/harry-mark-gateway?variant=41592606916670","price":590.0,"currency":"USD","framed":true,"w":33.5,"h":24.5,"label":"Large"},{"vendor":"houseofspoils","url":"https://houseofspoils.com/products/harry-mark-gateway?variant=41592607047742","price":1050.0,"currency":"USD","framed":true,"w":44.0,"h":31.5,"label":"Giant"},{"vendor":"houseofspoils","url":"https://houseofspoils.com/products/harry-mark-gateway?variant=41592607178814","price":1975.0,"currency":"USD","framed":true,"w":56.0,"h":39.5,"label":"Collector"},{"vendor":"houseofspoils","url":"https://houseofspoils.com/products/harry-mark-gateway?variant=41592607309886","price":3450.0,"currency":"USD","framed":true,"w":66.0,"h":46.0,"label":"Exhibition"}]
hos-harry-mark-pole-position	Harry Mark	https://houseofspoils.com/products/harry-mark-pole-position	Pole Position	photo	film	https://cdn.shopify.com/s/files/1/0115/7385/4270/files/HM-PC-011.jpg?width=560	[{"vendor":"houseofspoils","url":"https://houseofspoils.com/products/harry-mark-pole-position?variant=40153992986686","price":225.0,"currency":"USD","framed":true,"w":18.5,"h":14.5,"label":"Small"},{"vendor":"houseofspoils","url":"https://houseofspoils.com/products/harry-mark-pole-position?variant=41592607932478","price":400.0,"currency":"USD","framed":true,"w":26.0,"h":19.5,"label":"Medium"},{"vendor":"houseofspoils","url":"https://houseofspoils.com/products/harry-mark-pole-position?variant=41592608063550","price":590.0,"currency":"USD","framed":true,"w":33.5,"h":24.5,"label":"Large"},{"vendor":"houseofspoils","url":"https://houseofspoils.com/products/harry-mark-pole-position?variant=41592608194622","price":1050.0,"currency":"USD","framed":true,"w":44.0,"h":31.5,"label":"Giant"},{"vendor":"houseofspoils","url":"https://houseofspoils.com/products/harry-mark-pole-position?variant=41592608325694","price":1975.0,"currency":"USD","framed":true,"w":56.0,"h":39.5,"label":"Collector"},{"vendor":"houseofspoils","url":"https://houseofspoils.com/products/harry-mark-pole-position?variant=41592608456766","price":3450.0,"currency":"USD","framed":true,"w":66.0,"h":46.0,"label":"Exhibition"}]
hos-harry-mark-stillness	Harry Mark	https://houseofspoils.com/products/harry-mark-stillness	Stillness	photo	film	https://cdn.shopify.com/s/files/1/0115/7385/4270/files/HM-PC-010.jpg?width=560	[{"vendor":"houseofspoils","url":"https://houseofspoils.com/products/harry-mark-stillness?variant=40153991315518","price":225.0,"currency":"USD","framed":true,"w":18.5,"h":14.5,"label":"Small"},{"vendor":"houseofspoils","url":"https://houseofspoils.com/products/harry-mark-stillness?variant=41592609112126","price":400.0,"currency":"USD","framed":true,"w":26.0,"h":19.5,"label":"Medium"},{"vendor":"houseofspoils","url":"https://houseofspoils.com/products/harry-mark-stillness?variant=41592609243198","price":590.0,"currency":"USD","framed":true,"w":33.5,"h":24.5,"label":"Large"},{"vendor":"houseofspoils","url":"https://houseofspoils.com/products/harry-mark-stillness?variant=41592609374270","price":1050.0,"currency":"USD","framed":true,"w":44.0,"h":31.5,"label":"Giant"},{"vendor":"houseofspoils","url":"https://houseofspoils.com/products/harry-mark-stillness?variant=41592609505342","price":1975.0,"currency":"USD","framed":true,"w":56.0,"h":39.5,"label":"Collector"},{"vendor":"houseofspoils","url":"https://houseofspoils.com/products/harry-mark-stillness?variant=41592609636414","price":3450.0,"currency":"USD","framed":true,"w":66.0,"h":46.0,"label":"Exhibition"}]
hos-birds-of-a-feather	Harry Mark	https://houseofspoils.com/products/birds-of-a-feather	Birds of a Feather	photo	film	https://cdn.shopify.com/s/files/1/0115/7385/4270/files/HM-PC-009.jpg?width=560	[{"vendor":"houseofspoils","url":"https://houseofspoils.com/products/birds-of-a-feather?variant=40153988628542","price":225.0,"currency":"USD","framed":true,"w":18.5,"h":14.5,"label":"Small"},{"vendor":"houseofspoils","url":"https://houseofspoils.com/products/birds-of-a-feather?variant=41592610259006","price":400.0,"currency":"USD","framed":true,"w":26.0,"h":19.5,"label":"Medium"},{"vendor":"houseofspoils","url":"https://houseofspoils.com/products/birds-of-a-feather?variant=41592610390078","price":590.0,"currency":"USD","framed":true,"w":33.5,"h":24.5,"label":"Large"},{"vendor":"houseofspoils","url":"https://houseofspoils.com/products/birds-of-a-feather?variant=41592610521150","price":1050.0,"currency":"USD","framed":true,"w":44.0,"h":31.5,"label":"Giant"},{"vendor":"houseofspoils","url":"https://houseofspoils.com/products/birds-of-a-feather?variant=41592610652222","price":1975.0,"currency":"USD","framed":true,"w":56.0,"h":39.5,"label":"Collector"},{"vendor":"houseofspoils","url":"https://houseofspoils.com/products/birds-of-a-feather?variant=41592610783294","price":3450.0,"currency":"USD","framed":true,"w":66.0,"h":46.0,"label":"Exhibition"}]
hos-harry-mark-sparks-fly	Harry Mark	https://houseofspoils.com/products/harry-mark-sparks-fly	Sparks Fly	photo	film	https://cdn.shopify.com/s/files/1/0115/7385/4270/files/HM-PC-012.jpg?width=560	[{"vendor":"houseofspoils","url":"https://houseofspoils.com/products/harry-mark-sparks-fly?variant=40153986957374","price":225.0,"currency":"USD","framed":true,"w":14.5,"h":18.5,"label":"Small"},{"vendor":"houseofspoils","url":"https://houseofspoils.com/products/harry-mark-sparks-fly?variant=41592611799102","price":400.0,"currency":"USD","framed":true,"w":19.5,"h":26.0,"label":"Medium"},{"vendor":"houseofspoils","url":"https://houseofspoils.com/products/harry-mark-sparks-fly?variant=41592611930174","price":590.0,"currency":"USD","framed":true,"w":24.5,"h":33.5,"label":"Large"},{"vendor":"houseofspoils","url":"https://houseofspoils.com/products/harry-mark-sparks-fly?variant=41592612061246","price":1050.0,"currency":"USD","framed":true,"w":31.5,"h":44.0,"label":"Giant"},{"vendor":"houseofspoils","url":"https://houseofspoils.com/products/harry-mark-sparks-fly?variant=41592612192318","price":1975.0,"currency":"USD","framed":true,"w":39.5,"h":56.0,"label":"Collector"},{"vendor":"houseofspoils","url":"https://houseofspoils.com/products/harry-mark-sparks-fly?variant=41592612323390","price":3450.0,"currency":"USD","framed":true,"w":46.0,"h":66.0,"label":"Exhibition"}]
hos-harry-mark-fantastic-las-vegas	Harry Mark	https://houseofspoils.com/products/harry-mark-fantastic-las-vegas	Fantastic Las Vegas	photo	film	https://cdn.shopify.com/s/files/1/0115/7385/4270/files/HM-PC-007.jpg?width=560	[{"vendor":"houseofspoils","url":"https://houseofspoils.com/products/harry-mark-fantastic-las-vegas?variant=40153985417278","price":225.0,"currency":"USD","framed":true,"w":14.5,"h":18.5,"label":"Small"},{"vendor":"houseofspoils","url":"https://houseofspoils.com/products/harry-mark-fantastic-las-vegas?variant=41592612945982","price":400.0,"currency":"USD","framed":true,"w":19.5,"h":26.0,"label":"Medium"},{"vendor":"houseofspoils","url":"https://houseofspoils.com/products/harry-mark-fantastic-las-vegas?variant=41592613077054","price":590.0,"currency":"USD","framed":true,"w":24.5,"h":33.5,"label":"Large"},{"vendor":"houseofspoils","url":"https://houseofspoils.com/products/harry-mark-fantastic-las-vegas?variant=41592613208126","price":1050.0,"currency":"USD","framed":true,"w":31.5,"h":44.0,"label":"Giant"},{"vendor":"houseofspoils","url":"https://houseofspoils.com/products/harry-mark-fantastic-las-vegas?variant=41592613339198","price":1975.0,"currency":"USD","framed":true,"w":39.5,"h":56.0,"label":"Collector"},{"vendor":"houseofspoils","url":"https://houseofspoils.com/products/harry-mark-fantastic-las-vegas?variant=41592613470270","price":3450.0,"currency":"USD","framed":true,"w":46.0,"h":66.0,"label":"Exhibition"}]
hos-harry-mark-solidarity	Harry Mark	https://houseofspoils.com/products/harry-mark-solidarity	Solidarity	photo	film	https://cdn.shopify.com/s/files/1/0115/7385/4270/files/HM-PC-008.jpg?width=560	[{"vendor":"houseofspoils","url":"https://houseofspoils.com/products/harry-mark-solidarity?variant=40153983713342","price":225.0,"currency":"USD","framed":true,"w":18.5,"h":14.5,"label":"Small"},{"vendor":"houseofspoils","url":"https://houseofspoils.com/products/harry-mark-solidarity?variant=41592614092862","price":400.0,"currency":"USD","framed":true,"w":26.0,"h":19.5,"label":"Medium"},{"vendor":"houseofspoils","url":"https://houseofspoils.com/products/harry-mark-solidarity?variant=41592614223934","price":590.0,"currency":"USD","framed":true,"w":33.5,"h":24.5,"label":"Large"},{"vendor":"houseofspoils","url":"https://houseofspoils.com/products/harry-mark-solidarity?variant=41592614355006","price":1050.0,"currency":"USD","framed":true,"w":44.0,"h":31.5,"label":"Giant"},{"vendor":"houseofspoils","url":"https://houseofspoils.com/products/harry-mark-solidarity?variant=41592614486078","price":1975.0,"currency":"USD","framed":true,"w":56.0,"h":39.5,"label":"Collector"},{"vendor":"houseofspoils","url":"https://houseofspoils.com/products/harry-mark-solidarity?variant=41592614617150","price":3450.0,"currency":"USD","framed":true,"w":66.0,"h":46.0,"label":"Exhibition"}]
hos-harry-mark-convoy	Harry Mark	https://houseofspoils.com/products/harry-mark-convoy	Convoy	photo	film	https://cdn.shopify.com/s/files/1/0115/7385/4270/files/HM-PC-006.jpg?width=560	[{"vendor":"houseofspoils","url":"https://houseofspoils.com/products/harry-mark-convoy?variant=40153982140478","price":225.0,"currency":"USD","framed":true,"w":18.5,"h":14.5,"label":"Small"},{"vendor":"houseofspoils","url":"https://houseofspoils.com/products/harry-mark-convoy?variant=41592615239742","price":400.0,"currency":"USD","framed":true,"w":26.0,"h":19.5,"label":"Medium"},{"vendor":"houseofspoils","url":"https://houseofspoils.com/products/harry-mark-convoy?variant=41592615370814","price":590.0,"currency":"USD","framed":true,"w":33.5,"h":24.5,"label":"Large"},{"vendor":"houseofspoils","url":"https://houseofspoils.com/products/harry-mark-convoy?variant=41592615501886","price":1050.0,"currency":"USD","framed":true,"w":44.0,"h":31.5,"label":"Giant"},{"vendor":"houseofspoils","url":"https://houseofspoils.com/products/harry-mark-convoy?variant=41592615632958","price":1975.0,"currency":"USD","framed":true,"w":56.0,"h":39.5,"label":"Collector"},{"vendor":"houseofspoils","url":"https://houseofspoils.com/products/harry-mark-convoy?variant=41592615764030","price":3450.0,"currency":"USD","framed":true,"w":66.0,"h":46.0,"label":"Exhibition"}]
hos-harry-mark-highline	Harry Mark	https://houseofspoils.com/products/harry-mark-highline	Highline	photo	film	https://cdn.shopify.com/s/files/1/0115/7385/4270/files/HM-PC-005.jpg?width=560	[{"vendor":"houseofspoils","url":"https://houseofspoils.com/products/harry-mark-highline?variant=40153980436542","price":225.0,"currency":"USD","framed":true,"w":18.5,"h":14.5,"label":"Small"},{"vendor":"houseofspoils","url":"https://houseofspoils.com/products/harry-mark-highline?variant=41592616419390","price":400.0,"currency":"USD","framed":true,"w":26.0,"h":19.5,"label":"Medium"},{"vendor":"houseofspoils","url":"https://houseofspoils.com/products/harry-mark-highline?variant=41592616550462","price":590.0,"currency":"USD","framed":true,"w":33.5,"h":24.5,"label":"Large"},{"vendor":"houseofspoils","url":"https://houseofspoils.com/products/harry-mark-highline?variant=41592616681534","price":1050.0,"currency":"USD","framed":true,"w":44.0,"h":31.5,"label":"Giant"},{"vendor":"houseofspoils","url":"https://houseofspoils.com/products/harry-mark-highline?variant=41592616812606","price":1975.0,"currency":"USD","framed":true,"w":56.0,"h":39.5,"label":"Collector"},{"vendor":"houseofspoils","url":"https://houseofspoils.com/products/harry-mark-highline?variant=41592616943678","price":3450.0,"currency":"USD","framed":true,"w":66.0,"h":46.0,"label":"Exhibition"}]
hos-harry-mark-mountainous	Harry Mark	https://houseofspoils.com/products/harry-mark-mountainous	Mountainous	photo	film	https://cdn.shopify.com/s/files/1/0115/7385/4270/files/HM-PC-004.jpg?width=560	[{"vendor":"houseofspoils","url":"https://houseofspoils.com/products/harry-mark-mountainous?variant=40153979027518","price":225.0,"currency":"USD","framed":true,"w":18.5,"h":14.5,"label":"Small"},{"vendor":"houseofspoils","url":"https://houseofspoils.com/products/harry-mark-mountainous?variant=41592617566270","price":400.0,"currency":"USD","framed":true,"w":26.0,"h":19.5,"label":"Medium"},{"vendor":"houseofspoils","url":"https://houseofspoils.com/products/harry-mark-mountainous?variant=41592617697342","price":590.0,"currency":"USD","framed":true,"w":33.5,"h":24.5,"label":"Large"},{"vendor":"houseofspoils","url":"https://houseofspoils.com/products/harry-mark-mountainous?variant=41592617828414","price":1050.0,"currency":"USD","framed":true,"w":44.0,"h":31.5,"label":"Giant"},{"vendor":"houseofspoils","url":"https://houseofspoils.com/products/harry-mark-mountainous?variant=41592617959486","price":1975.0,"currency":"USD","framed":true,"w":56.0,"h":39.5,"label":"Collector"},{"vendor":"houseofspoils","url":"https://houseofspoils.com/products/harry-mark-mountainous?variant=41592618090558","price":3450.0,"currency":"USD","framed":true,"w":66.0,"h":46.0,"label":"Exhibition"}]
hos-harry-mark-natures-playground	Harry Mark	https://houseofspoils.com/products/harry-mark-natures-playground	Nature's Playground	photo	film	https://cdn.shopify.com/s/files/1/0115/7385/4270/files/HM-PC-003.jpg?width=560	[{"vendor":"houseofspoils","url":"https://houseofspoils.com/products/harry-mark-natures-playground?variant=40153977552958","price":225.0,"currency":"USD","framed":true,"w":18.5,"h":14.5,"label":"Small"},{"vendor":"houseofspoils","url":"https://houseofspoils.com/products/harry-mark-natures-playground?variant=41592618745918","price":400.0,"currency":"USD","framed":true,"w":26.0,"h":19.5,"label":"Medium"},{"vendor":"houseofspoils","url":"https://houseofspoils.com/products/harry-mark-natures-playground?variant=41592618876990","price":590.0,"currency":"USD","framed":true,"w":33.5,"h":24.5,"label":"Large"},{"vendor":"houseofspoils","url":"https://houseofspoils.com/products/harry-mark-natures-playground?variant=41592619008062","price":1050.0,"currency":"USD","framed":true,"w":44.0,"h":31.5,"label":"Giant"},{"vendor":"houseofspoils","url":"https://houseofspoils.com/products/harry-mark-natures-playground?variant=41592619139134","price":1975.0,"currency":"USD","framed":true,"w":56.0,"h":39.5,"label":"Collector"},{"vendor":"houseofspoils","url":"https://houseofspoils.com/products/harry-mark-natures-playground?variant=41592619270206","price":3450.0,"currency":"USD","framed":true,"w":66.0,"h":46.0,"label":"Exhibition"}]
hos-harry-mark-take-the-lead	Harry Mark	https://houseofspoils.com/products/harry-mark-take-the-lead	Take The Lead	photo	film	https://cdn.shopify.com/s/files/1/0115/7385/4270/files/HM-PC-002.jpg?width=560	[{"vendor":"houseofspoils","url":"https://houseofspoils.com/products/harry-mark-take-the-lead?variant=40153083772990","price":225.0,"currency":"USD","framed":true,"w":18.5,"h":14.5,"label":"Small"},{"vendor":"houseofspoils","url":"https://houseofspoils.com/products/harry-mark-take-the-lead?variant=41592619892798","price":400.0,"currency":"USD","framed":true,"w":26.0,"h":19.5,"label":"Medium"},{"vendor":"houseofspoils","url":"https://houseofspoils.com/products/harry-mark-take-the-lead?variant=41592620023870","price":590.0,"currency":"USD","framed":true,"w":33.5,"h":24.5,"label":"Large"},{"vendor":"houseofspoils","url":"https://houseofspoils.com/products/harry-mark-take-the-lead?variant=41592620154942","price":1050.0,"currency":"USD","framed":true,"w":44.0,"h":31.5,"label":"Giant"},{"vendor":"houseofspoils","url":"https://houseofspoils.com/products/harry-mark-take-the-lead?variant=41592620286014","price":1975.0,"currency":"USD","framed":true,"w":56.0,"h":39.5,"label":"Collector"},{"vendor":"houseofspoils","url":"https://houseofspoils.com/products/harry-mark-take-the-lead?variant=41592620417086","price":3450.0,"currency":"USD","framed":true,"w":66.0,"h":46.0,"label":"Exhibition"}]
hos-harry-mark-sunshine	Harry Mark	https://houseofspoils.com/products/harry-mark-sunshine	Sunshine	photo	film	https://cdn.shopify.com/s/files/1/0115/7385/4270/files/HM-PC-001.jpg?width=560	[{"vendor":"houseofspoils","url":"https://houseofspoils.com/products/harry-mark-sunshine?variant=40153082298430","price":225.0,"currency":"USD","framed":true,"w":18.5,"h":14.5,"label":"Small"},{"vendor":"houseofspoils","url":"https://houseofspoils.com/products/harry-mark-sunshine?variant=41592621039678","price":400.0,"currency":"USD","framed":true,"w":26.0,"h":19.5,"label":"Medium"},{"vendor":"houseofspoils","url":"https://houseofspoils.com/products/harry-mark-sunshine?variant=41592621170750","price":590.0,"currency":"USD","framed":true,"w":33.5,"h":24.5,"label":"Large"},{"vendor":"houseofspoils","url":"https://houseofspoils.com/products/harry-mark-sunshine?variant=41592621301822","price":1050.0,"currency":"USD","framed":true,"w":44.0,"h":31.5,"label":"Giant"},{"vendor":"houseofspoils","url":"https://houseofspoils.com/products/harry-mark-sunshine?variant=41592621432894","price":1975.0,"currency":"USD","framed":true,"w":56.0,"h":39.5,"label":"Collector"},{"vendor":"houseofspoils","url":"https://houseofspoils.com/products/harry-mark-sunshine?variant=41592621563966","price":3450.0,"currency":"USD","framed":true,"w":66.0,"h":46.0,"label":"Exhibition"}]
hos-gt1-goes-to-st-moritz	Ted Gushue	https://houseofspoils.com/products/gt1-goes-to-st-moritz	GT1 Goes to St. Moritz	photo	film	https://cdn.shopify.com/s/files/1/0115/7385/4270/products/TG19.jpg?width=560	[{"vendor":"houseofspoils","url":"https://houseofspoils.com/products/gt1-goes-to-st-moritz?variant=40038093946942","price":225.0,"currency":"USD","framed":true,"w":14.5,"h":18.5,"label":"Small"},{"vendor":"houseofspoils","url":"https://houseofspoils.com/products/gt1-goes-to-st-moritz?variant=41592263737406","price":400.0,"currency":"USD","framed":true,"w":19.5,"h":26.0,"label":"Medium"},{"vendor":"houseofspoils","url":"https://houseofspoils.com/products/gt1-goes-to-st-moritz?variant=41592263868478","price":590.0,"currency":"USD","framed":true,"w":24.5,"h":33.5,"label":"Large"},{"vendor":"houseofspoils","url":"https://houseofspoils.com/products/gt1-goes-to-st-moritz?variant=41592263999550","price":1050.0,"currency":"USD","framed":true,"w":31.5,"h":44.0,"label":"Giant"},{"vendor":"houseofspoils","url":"https://houseofspoils.com/products/gt1-goes-to-st-moritz?variant=41592264130622","price":1975.0,"currency":"USD","framed":true,"w":39.5,"h":56.0,"label":"Collector"},{"vendor":"houseofspoils","url":"https://houseofspoils.com/products/gt1-goes-to-st-moritz?variant=41592264261694","price":3450.0,"currency":"USD","framed":true,"w":46.0,"h":66.0,"label":"Exhibition"}]
hos-alexandru-costin-gondola	Alexandru Costin	https://houseofspoils.com/products/alexandru-costin-gondola	Gondola	photo	film	https://cdn.shopify.com/s/files/1/0115/7385/4270/products/AC13_1.jpg?width=560	[{"vendor":"houseofspoils","url":"https://houseofspoils.com/products/alexandru-costin-gondola?variant=40038755041342","price":225.0,"currency":"USD","framed":true,"w":18.5,"h":14.5,"label":"Small"},{"vendor":"houseofspoils","url":"https://houseofspoils.com/products/alexandru-costin-gondola?variant=41592257904702","price":400.0,"currency":"USD","framed":true,"w":26.0,"h":19.5,"label":"Medium"},{"vendor":"houseofspoils","url":"https://houseofspoils.com/products/alexandru-costin-gondola?variant=41592258035774","price":590.0,"currency":"USD","framed":true,"w":33.5,"h":24.5,"label":"Large"},{"vendor":"houseofspoils","url":"https://houseofspoils.com/products/alexandru-costin-gondola?variant=41592258166846","price":1050.0,"currency":"USD","framed":true,"w":44.0,"h":31.5,"label":"Giant"},{"vendor":"houseofspoils","url":"https://houseofspoils.com/products/alexandru-costin-gondola?variant=41592258297918","price":1975.0,"currency":"USD","framed":true,"w":56.0,"h":39.5,"label":"Collector"},{"vendor":"houseofspoils","url":"https://houseofspoils.com/products/alexandru-costin-gondola?variant=41592258428990","price":3450.0,"currency":"USD","framed":true,"w":66.0,"h":46.0,"label":"Exhibition"}]
hos-oasis	Clint Robert	https://houseofspoils.com/products/oasis	Oasis	photo	film	https://cdn.shopify.com/s/files/1/0115/7385/4270/files/1690822935-cr14.jpg?width=560	[{"vendor":"houseofspoils","url":"https://houseofspoils.com/products/oasis?variant=40116830371902","price":225.0,"currency":"USD","framed":true,"w":14.5,"h":18.5,"label":"Small"},{"vendor":"houseofspoils","url":"https://houseofspoils.com/products/oasis?variant=41592625758270","price":400.0,"currency":"USD","framed":true,"w":19.5,"h":26.0,"label":"Medium"},{"vendor":"houseofspoils","url":"https://houseofspoils.com/products/oasis?variant=41592625889342","price":590.0,"currency":"USD","framed":true,"w":24.5,"h":33.5,"label":"Large"},{"vendor":"houseofspoils","url":"https://houseofspoils.com/products/oasis?variant=41592626020414","price":1050.0,"currency":"USD","framed":true,"w":31.5,"h":44.0,"label":"Giant"},{"vendor":"houseofspoils","url":"https://houseofspoils.com/products/oasis?variant=41592626151486","price":1975.0,"currency":"USD","framed":true,"w":39.5,"h":56.0,"label":"Collector"},{"vendor":"houseofspoils","url":"https://houseofspoils.com/products/oasis?variant=41592626282558","price":3450.0,"currency":"USD","framed":true,"w":46.0,"h":66.0,"label":"Exhibition"}]
hos-clint-robert-summer-dream	Clint Robert	https://houseofspoils.com/products/clint-robert-summer-dream	Summer Dream	photo	film	https://cdn.shopify.com/s/files/1/0115/7385/4270/files/Summer-Dream--Laguna-Beach.jpg?width=560	[{"vendor":"houseofspoils","url":"https://houseofspoils.com/products/clint-robert-summer-dream?variant=40116835680318","price":225.0,"currency":"USD","framed":true,"w":14.5,"h":18.5,"label":"Small"},{"vendor":"houseofspoils","url":"https://houseofspoils.com/products/clint-robert-summer-dream?variant=41592623333438","price":400.0,"currency":"USD","framed":true,"w":19.5,"h":26.0,"label":"Medium"},{"vendor":"houseofspoils","url":"https://houseofspoils.com/products/clint-robert-summer-dream?variant=41592623464510","price":590.0,"currency":"USD","framed":true,"w":24.5,"h":33.5,"label":"Large"},{"vendor":"houseofspoils","url":"https://houseofspoils.com/products/clint-robert-summer-dream?variant=41592623595582","price":1050.0,"currency":"USD","framed":true,"w":31.5,"h":44.0,"label":"Giant"},{"vendor":"houseofspoils","url":"https://houseofspoils.com/products/clint-robert-summer-dream?variant=41592623726654","price":1975.0,"currency":"USD","framed":true,"w":39.5,"h":56.0,"label":"Collector"},{"vendor":"houseofspoils","url":"https://houseofspoils.com/products/clint-robert-summer-dream?variant=41592623857726","price":3450.0,"currency":"USD","framed":true,"w":46.0,"h":66.0,"label":"Exhibition"}]
hos-clint-robert-sk8	Clint Robert	https://houseofspoils.com/products/clint-robert-sk8	SK8	photo	film	https://cdn.shopify.com/s/files/1/0115/7385/4270/files/1690822941-cr15.jpg?width=560	[{"vendor":"houseofspoils","url":"https://houseofspoils.com/products/clint-robert-sk8?variant=40116832993342","price":225.0,"currency":"USD","framed":true,"w":14.5,"h":18.5,"label":"Small"},{"vendor":"houseofspoils","url":"https://houseofspoils.com/products/clint-robert-sk8?variant=41592624480318","price":400.0,"currency":"USD","framed":true,"w":19.5,"h":26.0,"label":"Medium"},{"vendor":"houseofspoils","url":"https://houseofspoils.com/products/clint-robert-sk8?variant=41592624611390","price":590.0,"currency":"USD","framed":true,"w":24.5,"h":33.5,"label":"Large"},{"vendor":"houseofspoils","url":"https://houseofspoils.com/products/clint-robert-sk8?variant=41592624742462","price":1050.0,"currency":"USD","framed":true,"w":31.5,"h":44.0,"label":"Giant"},{"vendor":"houseofspoils","url":"https://houseofspoils.com/products/clint-robert-sk8?variant=41592624873534","price":1975.0,"currency":"USD","framed":true,"w":39.5,"h":56.0,"label":"Collector"},{"vendor":"houseofspoils","url":"https://houseofspoils.com/products/clint-robert-sk8?variant=41592625004606","price":3450.0,"currency":"USD","framed":true,"w":46.0,"h":66.0,"label":"Exhibition"}]
hos-clint-robert-hot-shot	Clint Robert	https://houseofspoils.com/products/clint-robert-hot-shot	Hot Shot	photo	film	https://cdn.shopify.com/s/files/1/0115/7385/4270/files/Hot-Shot--Malibu-CA-2.jpg?width=560	[{"vendor":"houseofspoils","url":"https://houseofspoils.com/products/clint-robert-hot-shot?variant=40116826374206","price":225.0,"currency":"USD","framed":true,"w":14.5,"h":18.5,"label":"Small"},{"vendor":"houseofspoils","url":"https://houseofspoils.com/products/clint-robert-hot-shot?variant=41592634966078","price":400.0,"currency":"USD","framed":true,"w":19.5,"h":26.0,"label":"Medium"},{"vendor":"houseofspoils","url":"https://houseofspoils.com/products/clint-robert-hot-shot?variant=41592635097150","price":590.0,"currency":"USD","framed":true,"w":24.5,"h":33.5,"label":"Large"},{"vendor":"houseofspoils","url":"https://houseofspoils.com/products/clint-robert-hot-shot?variant=41592635228222","price":1050.0,"currency":"USD","framed":true,"w":31.5,"h":44.0,"label":"Giant"},{"vendor":"houseofspoils","url":"https://houseofspoils.com/products/clint-robert-hot-shot?variant=41592635359294","price":1975.0,"currency":"USD","framed":true,"w":39.5,"h":56.0,"label":"Collector"},{"vendor":"houseofspoils","url":"https://houseofspoils.com/products/clint-robert-hot-shot?variant=41592635490366","price":3450.0,"currency":"USD","framed":true,"w":46.0,"h":66.0,"label":"Exhibition"}]
hos-clint-robert-midnight	Clint Robert	https://houseofspoils.com/products/clint-robert-midnight	Midnight	photo	film	https://cdn.shopify.com/s/files/1/0115/7385/4270/files/Midnight-Hollywood-Hills.jpg?width=560	[{"vendor":"houseofspoils","url":"https://houseofspoils.com/products/clint-robert-midnight?variant=40116828569662","price":225.0,"currency":"USD","framed":true,"w":14.5,"h":18.5,"label":"Small"},{"vendor":"houseofspoils","url":"https://houseofspoils.com/products/clint-robert-midnight?variant=41592628052030","price":400.0,"currency":"USD","framed":true,"w":19.5,"h":26.0,"label":"Medium"},{"vendor":"houseofspoils","url":"https://houseofspoils.com/products/clint-robert-midnight?variant=41592628215870","price":590.0,"currency":"USD","framed":true,"w":24.5,"h":33.5,"label":"Large"},{"vendor":"houseofspoils","url":"https://houseofspoils.com/products/clint-robert-midnight?variant=41592628346942","price":1050.0,"currency":"USD","framed":true,"w":31.5,"h":44.0,"label":"Giant"},{"vendor":"houseofspoils","url":"https://houseofspoils.com/products/clint-robert-midnight?variant=41592628478014","price":1975.0,"currency":"USD","framed":true,"w":39.5,"h":56.0,"label":"Collector"},{"vendor":"houseofspoils","url":"https://houseofspoils.com/products/clint-robert-midnight?variant=41592628609086","price":3450.0,"currency":"USD","framed":true,"w":46.0,"h":66.0,"label":"Exhibition"}]
hos-clint-robert-heat-wave	Clint Robert	https://houseofspoils.com/products/clint-robert-heat-wave	Heat Wave	photo	film	https://cdn.shopify.com/s/files/1/0115/7385/4270/files/Heat-Wave---Miami-Beach.jpg?width=560	[{"vendor":"houseofspoils","url":"https://houseofspoils.com/products/clint-robert-heat-wave?variant=40116823064638","price":225.0,"currency":"USD","framed":true,"w":14.5,"h":18.5,"label":"Small"},{"vendor":"houseofspoils","url":"https://houseofspoils.com/products/clint-robert-heat-wave?variant=41592636145726","price":400.0,"currency":"USD","framed":true,"w":19.5,"h":26.0,"label":"Medium"},{"vendor":"houseofspoils","url":"https://houseofspoils.com/products/clint-robert-heat-wave?variant=41592636276798","price":590.0,"currency":"USD","framed":true,"w":24.5,"h":33.5,"label":"Large"},{"vendor":"houseofspoils","url":"https://houseofspoils.com/products/clint-robert-heat-wave?variant=41592636407870","price":1050.0,"currency":"USD","framed":true,"w":31.5,"h":44.0,"label":"Giant"},{"vendor":"houseofspoils","url":"https://houseofspoils.com/products/clint-robert-heat-wave?variant=41592636538942","price":1975.0,"currency":"USD","framed":true,"w":39.5,"h":56.0,"label":"Collector"},{"vendor":"houseofspoils","url":"https://houseofspoils.com/products/clint-robert-heat-wave?variant=41592636670014","price":3450.0,"currency":"USD","framed":true,"w":46.0,"h":66.0,"label":"Exhibition"}]
hos-harry-mark-speedster-ii	Harry Mark	https://houseofspoils.com/products/harry-mark-speedster-ii	Speedster II	photo	film	https://cdn.shopify.com/s/files/1/0115/7385/4270/products/HM12.jpg?width=560	[{"vendor":"houseofspoils","url":"https://houseofspoils.com/products/harry-mark-speedster-ii?variant=40047598993470","price":225.0,"currency":"USD","framed":true,"w":18.5,"h":14.5,"label":"Small"},{"vendor":"houseofspoils","url":"https://houseofspoils.com/products/harry-mark-speedster-ii?variant=41592666980414","price":400.0,"currency":"USD","framed":true,"w":26.0,"h":19.5,"label":"Medium"},{"vendor":"houseofspoils","url":"https://houseofspoils.com/products/harry-mark-speedster-ii?variant=41592667111486","price":590.0,"currency":"USD","framed":true,"w":33.5,"h":24.5,"label":"Large"},{"vendor":"houseofspoils","url":"https://houseofspoils.com/products/harry-mark-speedster-ii?variant=41592667242558","price":1050.0,"currency":"USD","framed":true,"w":44.0,"h":31.5,"label":"Giant"},{"vendor":"houseofspoils","url":"https://houseofspoils.com/products/harry-mark-speedster-ii?variant=41592667373630","price":1975.0,"currency":"USD","framed":true,"w":56.0,"h":39.5,"label":"Collector"},{"vendor":"houseofspoils","url":"https://houseofspoils.com/products/harry-mark-speedster-ii?variant=41592667504702","price":3450.0,"currency":"USD","framed":true,"w":66.0,"h":46.0,"label":"Exhibition"}]
hos-harry-mark-speedster-iii	Harry Mark	https://houseofspoils.com/products/harry-mark-speedster-iii	Speedster III	photo	film	https://cdn.shopify.com/s/files/1/0115/7385/4270/products/HM13.jpg?width=560	[{"vendor":"houseofspoils","url":"https://houseofspoils.com/products/harry-mark-speedster-iii?variant=40047600566334","price":225.0,"currency":"USD","framed":true,"w":14.5,"h":18.5,"label":"Small"},{"vendor":"houseofspoils","url":"https://houseofspoils.com/products/harry-mark-speedster-iii?variant=41592665833534","price":400.0,"currency":"USD","framed":true,"w":19.5,"h":26.0,"label":"Medium"},{"vendor":"houseofspoils","url":"https://houseofspoils.com/products/harry-mark-speedster-iii?variant=41592665964606","price":590.0,"currency":"USD","framed":true,"w":24.5,"h":33.5,"label":"Large"},{"vendor":"houseofspoils","url":"https://houseofspoils.com/products/harry-mark-speedster-iii?variant=41592666095678","price":1050.0,"currency":"USD","framed":true,"w":31.5,"h":44.0,"label":"Giant"},{"vendor":"houseofspoils","url":"https://houseofspoils.com/products/harry-mark-speedster-iii?variant=41592666226750","price":1975.0,"currency":"USD","framed":true,"w":39.5,"h":56.0,"label":"Collector"},{"vendor":"houseofspoils","url":"https://houseofspoils.com/products/harry-mark-speedster-iii?variant=41592666357822","price":3450.0,"currency":"USD","framed":true,"w":46.0,"h":66.0,"label":"Exhibition"}]
hos-harry-mark-speedster-i	Harry Mark	https://houseofspoils.com/products/harry-mark-speedster-i	Speedster I	photo	film	https://cdn.shopify.com/s/files/1/0115/7385/4270/products/HM11.jpg?width=560	[{"vendor":"houseofspoils","url":"https://houseofspoils.com/products/harry-mark-speedster-i?variant=40047597617214","price":225.0,"currency":"USD","framed":true,"w":18.5,"h":14.5,"label":"Small"},{"vendor":"houseofspoils","url":"https://houseofspoils.com/products/harry-mark-speedster-i?variant=41592668160062","price":400.0,"currency":"USD","framed":true,"w":26.0,"h":19.5,"label":"Medium"},{"vendor":"houseofspoils","url":"https://houseofspoils.com/products/harry-mark-speedster-i?variant=41592668291134","price":590.0,"currency":"USD","framed":true,"w":33.5,"h":24.5,"label":"Large"},{"vendor":"houseofspoils","url":"https://houseofspoils.com/products/harry-mark-speedster-i?variant=41592668422206","price":1050.0,"currency":"USD","framed":true,"w":44.0,"h":31.5,"label":"Giant"},{"vendor":"houseofspoils","url":"https://houseofspoils.com/products/harry-mark-speedster-i?variant=41592668553278","price":1975.0,"currency":"USD","framed":true,"w":56.0,"h":39.5,"label":"Collector"},{"vendor":"houseofspoils","url":"https://houseofspoils.com/products/harry-mark-speedster-i?variant=41592668684350","price":3450.0,"currency":"USD","framed":true,"w":66.0,"h":46.0,"label":"Exhibition"}]
hos-kate-shanasy-edge	Kate Shanasy	https://houseofspoils.com/products/kate-shanasy-edge	Edge	photo	film	https://cdn.shopify.com/s/files/1/0115/7385/4270/files/KS08.jpg?width=560	[{"vendor":"houseofspoils","url":"https://houseofspoils.com/products/kate-shanasy-edge?variant=40090225377342","price":225.0,"currency":"USD","framed":true,"w":18.5,"h":14.5,"label":"Small"},{"vendor":"houseofspoils","url":"https://houseofspoils.com/products/kate-shanasy-edge?variant=41592641388606","price":400.0,"currency":"USD","framed":true,"w":26.0,"h":19.5,"label":"Medium"},{"vendor":"houseofspoils","url":"https://houseofspoils.com/products/kate-shanasy-edge?variant=41592641519678","price":590.0,"currency":"USD","framed":true,"w":33.5,"h":24.5,"label":"Large"},{"vendor":"houseofspoils","url":"https://houseofspoils.com/products/kate-shanasy-edge?variant=41592641650750","price":1050.0,"currency":"USD","framed":true,"w":44.0,"h":31.5,"label":"Giant"},{"vendor":"houseofspoils","url":"https://houseofspoils.com/products/kate-shanasy-edge?variant=41592641781822","price":1975.0,"currency":"USD","framed":true,"w":56.0,"h":39.5,"label":"Collector"},{"vendor":"houseofspoils","url":"https://houseofspoils.com/products/kate-shanasy-edge?variant=41592641912894","price":3450.0,"currency":"USD","framed":true,"w":66.0,"h":46.0,"label":"Exhibition"}]
hos-vincent-perraud-trocadero	Vincent Perraud	https://houseofspoils.com/products/vincent-perraud-trocadero	Trocadéro	photo	film	https://cdn.shopify.com/s/files/1/0115/7385/4270/files/VP17-PDP.jpg?width=560	[{"vendor":"houseofspoils","url":"https://houseofspoils.com/products/vincent-perraud-trocadero?variant=40089636667454","price":225.0,"currency":"USD","framed":true,"w":14.5,"h":18.5,"label":"Small"},{"vendor":"houseofspoils","url":"https://houseofspoils.com/products/vincent-perraud-trocadero?variant=41592642535486","price":400.0,"currency":"USD","framed":true,"w":19.5,"h":26.0,"label":"Medium"},{"vendor":"houseofspoils","url":"https://houseofspoils.com/products/vincent-perraud-trocadero?variant=41592642666558","price":590.0,"currency":"USD","framed":true,"w":24.5,"h":33.5,"label":"Large"},{"vendor":"houseofspoils","url":"https://houseofspoils.com/products/vincent-perraud-trocadero?variant=41592642797630","price":1050.0,"currency":"USD","framed":true,"w":31.5,"h":44.0,"label":"Giant"},{"vendor":"houseofspoils","url":"https://houseofspoils.com/products/vincent-perraud-trocadero?variant=41592642928702","price":1975.0,"currency":"USD","framed":true,"w":39.5,"h":56.0,"label":"Collector"},{"vendor":"houseofspoils","url":"https://houseofspoils.com/products/vincent-perraud-trocadero?variant=41592643059774","price":3450.0,"currency":"USD","framed":true,"w":46.0,"h":66.0,"label":"Exhibition"}]
hos-riley-harper-porsche-cowboys	Riley Harper	https://houseofspoils.com/products/riley-harper-porsche-cowboys	Porsche Cowboys	photo	film	https://cdn.shopify.com/s/files/1/0115/7385/4270/files/RH38.jpg?width=560	[{"vendor":"houseofspoils","url":"https://houseofspoils.com/products/riley-harper-porsche-cowboys?variant=40047603548222","price":225.0,"currency":"USD","framed":true,"w":14.5,"h":18.5,"label":"Small"},{"vendor":"houseofspoils","url":"https://houseofspoils.com/products/riley-harper-porsche-cowboys?variant=41592663474238","price":400.0,"currency":"USD","framed":true,"w":19.5,"h":26.0,"label":"Medium"},{"vendor":"houseofspoils","url":"https://houseofspoils.com/products/riley-harper-porsche-cowboys?variant=41592663638078","price":590.0,"currency":"USD","framed":true,"w":24.5,"h":33.5,"label":"Large"},{"vendor":"houseofspoils","url":"https://houseofspoils.com/products/riley-harper-porsche-cowboys?variant=41592663769150","price":1050.0,"currency":"USD","framed":true,"w":31.5,"h":44.0,"label":"Giant"},{"vendor":"houseofspoils","url":"https://houseofspoils.com/products/riley-harper-porsche-cowboys?variant=41592663900222","price":1975.0,"currency":"USD","framed":true,"w":39.5,"h":56.0,"label":"Collector"},{"vendor":"houseofspoils","url":"https://houseofspoils.com/products/riley-harper-porsche-cowboys?variant=41592664031294","price":3450.0,"currency":"USD","framed":true,"w":46.0,"h":66.0,"label":"Exhibition"}]
hos-ben-fink-shapiro-sunset	Ben Fink Shapiro	https://houseofspoils.com/products/ben-fink-shapiro-sunset	Sunrise Beach I	photo	film	https://cdn.shopify.com/s/files/1/0115/7385/4270/files/BF07-PDP.jpg?width=560	[{"vendor":"houseofspoils","url":"https://houseofspoils.com/products/ben-fink-shapiro-sunset?variant=40085509799998","price":225.0,"currency":"USD","framed":true,"w":18.5,"h":14.5,"label":"Small"},{"vendor":"houseofspoils","url":"https://houseofspoils.com/products/ben-fink-shapiro-sunset?variant=41592643747902","price":400.0,"currency":"USD","framed":true,"w":26.0,"h":19.5,"label":"Medium"},{"vendor":"houseofspoils","url":"https://houseofspoils.com/products/ben-fink-shapiro-sunset?variant=41592643878974","price":590.0,"currency":"USD","framed":true,"w":33.5,"h":24.5,"label":"Large"},{"vendor":"houseofspoils","url":"https://houseofspoils.com/products/ben-fink-shapiro-sunset?variant=41592644010046","price":1050.0,"currency":"USD","framed":true,"w":44.0,"h":31.5,"label":"Giant"},{"vendor":"houseofspoils","url":"https://houseofspoils.com/products/ben-fink-shapiro-sunset?variant=41592644141118","price":1975.0,"currency":"USD","framed":true,"w":56.0,"h":39.5,"label":"Collector"},{"vendor":"houseofspoils","url":"https://houseofspoils.com/products/ben-fink-shapiro-sunset?variant=41592644272190","price":3450.0,"currency":"USD","framed":true,"w":66.0,"h":46.0,"label":"Exhibition"}]
hos-natalie-obradovich-polignano-a-mare-	Natalie Obradovich	https://houseofspoils.com/products/natalie-obradovich-polignano-a-mare-ii	Polignano a Mare II	photo	film	https://cdn.shopify.com/s/files/1/0115/7385/4270/files/NO05.jpg?width=560	[{"vendor":"houseofspoils","url":"https://houseofspoils.com/products/natalie-obradovich-polignano-a-mare-ii?variant=40038440206398","price":225.0,"currency":"USD","framed":true,"w":18.5,"h":14.5,"label":"Small"},{"vendor":"houseofspoils","url":"https://houseofspoils.com/products/natalie-obradovich-polignano-a-mare-ii?variant=41592025055294","price":400.0,"currency":"USD","framed":true,"w":26.0,"h":19.5,"label":"Medium"},{"vendor":"houseofspoils","url":"https://houseofspoils.com/products/natalie-obradovich-polignano-a-mare-ii?variant=41592025186366","price":590.0,"currency":"USD","framed":true,"w":33.5,"h":24.5,"label":"Large"},{"vendor":"houseofspoils","url":"https://houseofspoils.com/products/natalie-obradovich-polignano-a-mare-ii?variant=41592025317438","price":1050.0,"currency":"USD","framed":true,"w":44.0,"h":31.5,"label":"Giant"},{"vendor":"houseofspoils","url":"https://houseofspoils.com/products/natalie-obradovich-polignano-a-mare-ii?variant=41592025448510","price":1975.0,"currency":"USD","framed":true,"w":56.0,"h":39.5,"label":"Collector"},{"vendor":"houseofspoils","url":"https://houseofspoils.com/products/natalie-obradovich-polignano-a-mare-ii?variant=41592025579582","price":3450.0,"currency":"USD","framed":true,"w":66.0,"h":46.0,"label":"Exhibition"}]
hos-beau-simmons-old-money	Beau Simmons	https://houseofspoils.com/products/beau-simmons-old-money	High Class	photo	film	https://cdn.shopify.com/s/files/1/0115/7385/4270/files/BS29-PDP.jpg?width=560	[{"vendor":"houseofspoils","url":"https://houseofspoils.com/products/beau-simmons-old-money?variant=40085506687038","price":225.0,"currency":"USD","framed":true,"w":18.5,"h":14.5,"label":"Small"},{"vendor":"houseofspoils","url":"https://houseofspoils.com/products/beau-simmons-old-money?variant=41592644894782","price":400.0,"currency":"USD","framed":true,"w":26.0,"h":19.5,"label":"Medium"},{"vendor":"houseofspoils","url":"https://houseofspoils.com/products/beau-simmons-old-money?variant=41592645025854","price":590.0,"currency":"USD","framed":true,"w":33.5,"h":24.5,"label":"Large"},{"vendor":"houseofspoils","url":"https://houseofspoils.com/products/beau-simmons-old-money?variant=41592645156926","price":1050.0,"currency":"USD","framed":true,"w":44.0,"h":31.5,"label":"Giant"},{"vendor":"houseofspoils","url":"https://houseofspoils.com/products/beau-simmons-old-money?variant=41592645320766","price":1975.0,"currency":"USD","framed":true,"w":56.0,"h":39.5,"label":"Collector"},{"vendor":"houseofspoils","url":"https://houseofspoils.com/products/beau-simmons-old-money?variant=41592645451838","price":3450.0,"currency":"USD","framed":true,"w":66.0,"h":46.0,"label":"Exhibition"}]
hos-beau-simmons-high-class	Beau Simmons	https://houseofspoils.com/products/beau-simmons-high-class	Old Money	photo	film	https://cdn.shopify.com/s/files/1/0115/7385/4270/files/BS28-PDP.jpg?width=560	[{"vendor":"houseofspoils","url":"https://houseofspoils.com/products/beau-simmons-high-class?variant=40085502722110","price":225.0,"currency":"USD","framed":true,"w":18.5,"h":14.5,"label":"Small"},{"vendor":"houseofspoils","url":"https://houseofspoils.com/products/beau-simmons-high-class?variant=41592646139966","price":400.0,"currency":"USD","framed":true,"w":26.0,"h":19.5,"label":"Medium"},{"vendor":"houseofspoils","url":"https://houseofspoils.com/products/beau-simmons-high-class?variant=41592646271038","price":590.0,"currency":"USD","framed":true,"w":33.5,"h":24.5,"label":"Large"},{"vendor":"houseofspoils","url":"https://houseofspoils.com/products/beau-simmons-high-class?variant=41592646402110","price":1050.0,"currency":"USD","framed":true,"w":44.0,"h":31.5,"label":"Giant"},{"vendor":"houseofspoils","url":"https://houseofspoils.com/products/beau-simmons-high-class?variant=41592646533182","price":1975.0,"currency":"USD","framed":true,"w":56.0,"h":39.5,"label":"Collector"},{"vendor":"houseofspoils","url":"https://houseofspoils.com/products/beau-simmons-high-class?variant=41592646664254","price":3450.0,"currency":"USD","framed":true,"w":66.0,"h":46.0,"label":"Exhibition"}]
hos-beau-simmons-a-day-of-polo	Beau Simmons	https://houseofspoils.com/products/beau-simmons-a-day-of-polo	A Day of Polo	photo	film	https://cdn.shopify.com/s/files/1/0115/7385/4270/files/BS27-PDP.jpg?width=560	[{"vendor":"houseofspoils","url":"https://houseofspoils.com/products/beau-simmons-a-day-of-polo?variant=40084661403710","price":225.0,"currency":"USD","framed":true,"w":18.5,"h":14.5,"label":"Small"},{"vendor":"houseofspoils","url":"https://houseofspoils.com/products/beau-simmons-a-day-of-polo?variant=41592647286846","price":400.0,"currency":"USD","framed":true,"w":26.0,"h":19.5,"label":"Medium"},{"vendor":"houseofspoils","url":"https://houseofspoils.com/products/beau-simmons-a-day-of-polo?variant=41592647417918","price":590.0,"currency":"USD","framed":true,"w":33.5,"h":24.5,"label":"Large"},{"vendor":"houseofspoils","url":"https://houseofspoils.com/products/beau-simmons-a-day-of-polo?variant=41592647548990","price":1050.0,"currency":"USD","framed":true,"w":44.0,"h":31.5,"label":"Giant"},{"vendor":"houseofspoils","url":"https://houseofspoils.com/products/beau-simmons-a-day-of-polo?variant=41592647680062","price":1975.0,"currency":"USD","framed":true,"w":56.0,"h":39.5,"label":"Collector"},{"vendor":"houseofspoils","url":"https://houseofspoils.com/products/beau-simmons-a-day-of-polo?variant=41592647811134","price":3450.0,"currency":"USD","framed":true,"w":66.0,"h":46.0,"label":"Exhibition"}]
hos-harry-mark-como-507	Harry Mark	https://houseofspoils.com/products/harry-mark-como-507	Como 507	photo	film	https://cdn.shopify.com/s/files/1/0115/7385/4270/files/HM15-PDP.jpg?width=560	[{"vendor":"houseofspoils","url":"https://houseofspoils.com/products/harry-mark-como-507?variant=40084103069758","price":225.0,"currency":"USD","framed":true,"w":18.5,"h":14.5,"label":"Small"},{"vendor":"houseofspoils","url":"https://houseofspoils.com/products/harry-mark-como-507?variant=41592649646142","price":400.0,"currency":"USD","framed":true,"w":26.0,"h":19.5,"label":"Medium"},{"vendor":"houseofspoils","url":"https://houseofspoils.com/products/harry-mark-como-507?variant=41592649777214","price":590.0,"currency":"USD","framed":true,"w":33.5,"h":24.5,"label":"Large"},{"vendor":"houseofspoils","url":"https://houseofspoils.com/products/harry-mark-como-507?variant=41592649908286","price":1050.0,"currency":"USD","framed":true,"w":44.0,"h":31.5,"label":"Giant"},{"vendor":"houseofspoils","url":"https://houseofspoils.com/products/harry-mark-como-507?variant=41592650039358","price":1975.0,"currency":"USD","framed":true,"w":56.0,"h":39.5,"label":"Collector"},{"vendor":"houseofspoils","url":"https://houseofspoils.com/products/harry-mark-como-507?variant=41592650170430","price":3450.0,"currency":"USD","framed":true,"w":66.0,"h":46.0,"label":"Exhibition"}]
hos-marcus-lloyd-room-service	Marcus Lloyd	https://houseofspoils.com/products/marcus-lloyd-room-service	Room Service	photo	film	https://cdn.shopify.com/s/files/1/0115/7385/4270/files/ML04-PDP.jpg?width=560	[{"vendor":"houseofspoils","url":"https://houseofspoils.com/products/marcus-lloyd-room-service?variant=40081506205758","price":225.0,"currency":"USD","framed":true,"w":14.5,"h":18.5,"label":"Small"},{"vendor":"houseofspoils","url":"https://houseofspoils.com/products/marcus-lloyd-room-service?variant=41592650825790","price":400.0,"currency":"USD","framed":true,"w":19.5,"h":26.0,"label":"Medium"},{"vendor":"houseofspoils","url":"https://houseofspoils.com/products/marcus-lloyd-room-service?variant=41592650956862","price":590.0,"currency":"USD","framed":true,"w":24.5,"h":33.5,"label":"Large"},{"vendor":"houseofspoils","url":"https://houseofspoils.com/products/marcus-lloyd-room-service?variant=41592651087934","price":1050.0,"currency":"USD","framed":true,"w":31.5,"h":44.0,"label":"Giant"},{"vendor":"houseofspoils","url":"https://houseofspoils.com/products/marcus-lloyd-room-service?variant=41592651219006","price":1975.0,"currency":"USD","framed":true,"w":39.5,"h":56.0,"label":"Collector"},{"vendor":"houseofspoils","url":"https://houseofspoils.com/products/marcus-lloyd-room-service?variant=41592651350078","price":3450.0,"currency":"USD","framed":true,"w":46.0,"h":66.0,"label":"Exhibition"}]
hos-lella-soper-bring-ear-plugs	Lella Soper	https://houseofspoils.com/products/lella-soper-bring-ear-plugs	Bring Ear Plugs	photo	film	https://cdn.shopify.com/s/files/1/0115/7385/4270/files/LS09-PDP.jpg?width=560	[{"vendor":"houseofspoils","url":"https://houseofspoils.com/products/lella-soper-bring-ear-plugs?variant=40081081794622","price":225.0,"currency":"USD","framed":true,"w":14.5,"h":18.5,"label":"Small"},{"vendor":"houseofspoils","url":"https://houseofspoils.com/products/lella-soper-bring-ear-plugs?variant=41592651972670","price":400.0,"currency":"USD","framed":true,"w":19.5,"h":26.0,"label":"Medium"},{"vendor":"houseofspoils","url":"https://houseofspoils.com/products/lella-soper-bring-ear-plugs?variant=41592652103742","price":590.0,"currency":"USD","framed":true,"w":24.5,"h":33.5,"label":"Large"},{"vendor":"houseofspoils","url":"https://houseofspoils.com/products/lella-soper-bring-ear-plugs?variant=41592652234814","price":1050.0,"currency":"USD","framed":true,"w":31.5,"h":44.0,"label":"Giant"},{"vendor":"houseofspoils","url":"https://houseofspoils.com/products/lella-soper-bring-ear-plugs?variant=41592652365886","price":1975.0,"currency":"USD","framed":true,"w":39.5,"h":56.0,"label":"Collector"},{"vendor":"houseofspoils","url":"https://houseofspoils.com/products/lella-soper-bring-ear-plugs?variant=41592652496958","price":3450.0,"currency":"USD","framed":true,"w":46.0,"h":66.0,"label":"Exhibition"}]
hos-david-lopez-only-you	David Lopez	https://houseofspoils.com/products/david-lopez-only-you	Only You	photo	film	https://cdn.shopify.com/s/files/1/0115/7385/4270/files/DL13-PDP.jpg?width=560	[{"vendor":"houseofspoils","url":"https://houseofspoils.com/products/david-lopez-only-you?variant=40080583622718","price":225.0,"currency":"USD","framed":true,"w":14.5,"h":18.5,"label":"Small"},{"vendor":"houseofspoils","url":"https://houseofspoils.com/products/david-lopez-only-you?variant=41592653119550","price":400.0,"currency":"USD","framed":true,"w":19.5,"h":26.0,"label":"Medium"},{"vendor":"houseofspoils","url":"https://houseofspoils.com/products/david-lopez-only-you?variant=41592653250622","price":590.0,"currency":"USD","framed":true,"w":24.5,"h":33.5,"label":"Large"},{"vendor":"houseofspoils","url":"https://houseofspoils.com/products/david-lopez-only-you?variant=41592653381694","price":1050.0,"currency":"USD","framed":true,"w":31.5,"h":44.0,"label":"Giant"},{"vendor":"houseofspoils","url":"https://houseofspoils.com/products/david-lopez-only-you?variant=41592653512766","price":1975.0,"currency":"USD","framed":true,"w":39.5,"h":56.0,"label":"Collector"},{"vendor":"houseofspoils","url":"https://houseofspoils.com/products/david-lopez-only-you?variant=41592653643838","price":3450.0,"currency":"USD","framed":true,"w":46.0,"h":66.0,"label":"Exhibition"}]
hos-riley-harper-tuscan-shade	Riley Harper	https://houseofspoils.com/products/riley-harper-tuscan-shade	Tuscan Shade	photo	film	https://cdn.shopify.com/s/files/1/0115/7385/4270/products/RH39_0c04c5a8-9bd8-43ac-85e1-7103641df9e8.jpg?width=560	[{"vendor":"houseofspoils","url":"https://houseofspoils.com/products/riley-harper-tuscan-shade?variant=40047605317694","price":225.0,"currency":"USD","framed":true,"w":18.5,"h":14.5,"label":"Small"},{"vendor":"houseofspoils","url":"https://houseofspoils.com/products/riley-harper-tuscan-shade?variant=41592662163518","price":400.0,"currency":"USD","framed":true,"w":26.0,"h":19.5,"label":"Medium"},{"vendor":"houseofspoils","url":"https://houseofspoils.com/products/riley-harper-tuscan-shade?variant=41592662294590","price":590.0,"currency":"USD","framed":true,"w":33.5,"h":24.5,"label":"Large"},{"vendor":"houseofspoils","url":"https://houseofspoils.com/products/riley-harper-tuscan-shade?variant=41592662425662","price":1050.0,"currency":"USD","framed":true,"w":44.0,"h":31.5,"label":"Giant"},{"vendor":"houseofspoils","url":"https://houseofspoils.com/products/riley-harper-tuscan-shade?variant=41592662556734","price":1975.0,"currency":"USD","framed":true,"w":56.0,"h":39.5,"label":"Collector"},{"vendor":"houseofspoils","url":"https://houseofspoils.com/products/riley-harper-tuscan-shade?variant=41592662687806","price":3450.0,"currency":"USD","framed":true,"w":66.0,"h":46.0,"label":"Exhibition"}]
hos-riley-harper-open-road	Riley Harper	https://houseofspoils.com/products/riley-harper-open-road	Open Road	photo	film	https://cdn.shopify.com/s/files/1/0115/7385/4270/products/RH42.jpg?width=560	[{"vendor":"houseofspoils","url":"https://houseofspoils.com/products/riley-harper-open-road?variant=40047609839678","price":225.0,"currency":"USD","framed":true,"w":18.5,"h":14.5,"label":"Small"},{"vendor":"houseofspoils","url":"https://houseofspoils.com/products/riley-harper-open-road?variant=41592658624574","price":400.0,"currency":"USD","framed":true,"w":26.0,"h":19.5,"label":"Medium"},{"vendor":"houseofspoils","url":"https://houseofspoils.com/products/riley-harper-open-road?variant=41592658755646","price":590.0,"currency":"USD","framed":true,"w":33.5,"h":24.5,"label":"Large"},{"vendor":"houseofspoils","url":"https://houseofspoils.com/products/riley-harper-open-road?variant=41592658886718","price":1050.0,"currency":"USD","framed":true,"w":44.0,"h":31.5,"label":"Giant"},{"vendor":"houseofspoils","url":"https://houseofspoils.com/products/riley-harper-open-road?variant=41592659017790","price":1975.0,"currency":"USD","framed":true,"w":56.0,"h":39.5,"label":"Collector"},{"vendor":"houseofspoils","url":"https://houseofspoils.com/products/riley-harper-open-road?variant=41592659148862","price":3450.0,"currency":"USD","framed":true,"w":66.0,"h":46.0,"label":"Exhibition"}]
hos-riley-harper-round-the-bend	Riley Harper	https://houseofspoils.com/products/riley-harper-round-the-bend	Round the Bend	photo	film	https://cdn.shopify.com/s/files/1/0115/7385/4270/products/RH41.jpg?width=560	[{"vendor":"houseofspoils","url":"https://houseofspoils.com/products/riley-harper-round-the-bend?variant=40047608266814","price":225.0,"currency":"USD","framed":true,"w":14.5,"h":18.5,"label":"Small"},{"vendor":"houseofspoils","url":"https://houseofspoils.com/products/riley-harper-round-the-bend?variant=41592659804222","price":400.0,"currency":"USD","framed":true,"w":19.5,"h":26.0,"label":"Medium"},{"vendor":"houseofspoils","url":"https://houseofspoils.com/products/riley-harper-round-the-bend?variant=41592659935294","price":590.0,"currency":"USD","framed":true,"w":24.5,"h":33.5,"label":"Large"},{"vendor":"houseofspoils","url":"https://houseofspoils.com/products/riley-harper-round-the-bend?variant=41592660066366","price":1050.0,"currency":"USD","framed":true,"w":31.5,"h":44.0,"label":"Giant"},{"vendor":"houseofspoils","url":"https://houseofspoils.com/products/riley-harper-round-the-bend?variant=41592660197438","price":1975.0,"currency":"USD","framed":true,"w":39.5,"h":56.0,"label":"Collector"},{"vendor":"houseofspoils","url":"https://houseofspoils.com/products/riley-harper-round-the-bend?variant=41592660328510","price":3450.0,"currency":"USD","framed":true,"w":46.0,"h":66.0,"label":"Exhibition"}]
hos-riley-harper-cockpit	Riley Harper	https://houseofspoils.com/products/riley-harper-cockpit	Cockpit	photo	film	https://cdn.shopify.com/s/files/1/0115/7385/4270/products/RH40.jpg?width=560	[{"vendor":"houseofspoils","url":"https://houseofspoils.com/products/riley-harper-cockpit?variant=40047606693950","price":225.0,"currency":"USD","framed":true,"w":14.5,"h":18.5,"label":"Small"},{"vendor":"houseofspoils","url":"https://houseofspoils.com/products/riley-harper-cockpit?variant=41592660951102","price":400.0,"currency":"USD","framed":true,"w":19.5,"h":26.0,"label":"Medium"},{"vendor":"houseofspoils","url":"https://houseofspoils.com/products/riley-harper-cockpit?variant=41592661082174","price":590.0,"currency":"USD","framed":true,"w":24.5,"h":33.5,"label":"Large"},{"vendor":"houseofspoils","url":"https://houseofspoils.com/products/riley-harper-cockpit?variant=41592661213246","price":1050.0,"currency":"USD","framed":true,"w":31.5,"h":44.0,"label":"Giant"},{"vendor":"houseofspoils","url":"https://houseofspoils.com/products/riley-harper-cockpit?variant=41592661344318","price":1975.0,"currency":"USD","framed":true,"w":39.5,"h":56.0,"label":"Collector"},{"vendor":"houseofspoils","url":"https://houseofspoils.com/products/riley-harper-cockpit?variant=41592661475390","price":3450.0,"currency":"USD","framed":true,"w":46.0,"h":66.0,"label":"Exhibition"}]
hos-david-lopez-breathe	David Lopez	https://houseofspoils.com/products/david-lopez-breathe	They Breathe	photo	film	https://cdn.shopify.com/s/files/1/0115/7385/4270/products/dl01-m-f.jpg?width=560	[{"vendor":"houseofspoils","url":"https://houseofspoils.com/products/david-lopez-breathe?variant=40038472155198","price":225.0,"currency":"USD","framed":true,"w":14.5,"h":18.5,"label":"Small"},{"vendor":"houseofspoils","url":"https://houseofspoils.com/products/david-lopez-breathe?variant=41592047796286","price":400.0,"currency":"USD","framed":true,"w":19.5,"h":26.0,"label":"Medium"},{"vendor":"houseofspoils","url":"https://houseofspoils.com/products/david-lopez-breathe?variant=41592047927358","price":590.0,"currency":"USD","framed":true,"w":24.5,"h":33.5,"label":"Large"},{"vendor":"houseofspoils","url":"https://houseofspoils.com/products/david-lopez-breathe?variant=41592048058430","price":1050.0,"currency":"USD","framed":true,"w":31.5,"h":44.0,"label":"Giant"},{"vendor":"houseofspoils","url":"https://houseofspoils.com/products/david-lopez-breathe?variant=41592048189502","price":1975.0,"currency":"USD","framed":true,"w":39.5,"h":56.0,"label":"Collector"},{"vendor":"houseofspoils","url":"https://houseofspoils.com/products/david-lopez-breathe?variant=41592048320574","price":3450.0,"currency":"USD","framed":true,"w":46.0,"h":66.0,"label":"Exhibition"}]
hos-fabrizio-d-aloisio-skating-waiters	Fabrizio D'Aloisio	https://houseofspoils.com/products/fabrizio-d-aloisio-skating-waiters	Skating Waiters	photo	film	https://cdn.shopify.com/s/files/1/0115/7385/4270/products/FA08-PDP.jpg?width=560	[{"vendor":"houseofspoils","url":"https://houseofspoils.com/products/fabrizio-d-aloisio-skating-waiters?variant=40037901172798","price":225.0,"currency":"USD","framed":true,"w":18.5,"h":14.5,"label":"Small"},{"vendor":"houseofspoils","url":"https://houseofspoils.com/products/fabrizio-d-aloisio-skating-waiters?variant=41592673992766","price":400.0,"currency":"USD","framed":true,"w":26.0,"h":19.5,"label":"Medium"},{"vendor":"houseofspoils","url":"https://houseofspoils.com/products/fabrizio-d-aloisio-skating-waiters?variant=41592674123838","price":590.0,"currency":"USD","framed":true,"w":33.5,"h":24.5,"label":"Large"},{"vendor":"houseofspoils","url":"https://houseofspoils.com/products/fabrizio-d-aloisio-skating-waiters?variant=41592674254910","price":1050.0,"currency":"USD","framed":true,"w":44.0,"h":31.5,"label":"Giant"},{"vendor":"houseofspoils","url":"https://houseofspoils.com/products/fabrizio-d-aloisio-skating-waiters?variant=41592674385982","price":1975.0,"currency":"USD","framed":true,"w":56.0,"h":39.5,"label":"Collector"},{"vendor":"houseofspoils","url":"https://houseofspoils.com/products/fabrizio-d-aloisio-skating-waiters?variant=41592674517054","price":3450.0,"currency":"USD","framed":true,"w":66.0,"h":46.0,"label":"Exhibition"}]
hos-dane-grady-jupiter	Dane Grady	https://houseofspoils.com/products/dane-grady-jupiter	Jupiter	photo	film	https://cdn.shopify.com/s/files/1/0115/7385/4270/products/Jupiter-PDP.jpg?width=560	[{"vendor":"houseofspoils","url":"https://houseofspoils.com/products/dane-grady-jupiter?variant=40037902647358","price":225.0,"currency":"USD","framed":true,"w":18.5,"h":14.5,"label":"Small"},{"vendor":"houseofspoils","url":"https://houseofspoils.com/products/dane-grady-jupiter?variant=41592081580094","price":400.0,"currency":"USD","framed":true,"w":26.0,"h":19.5,"label":"Medium"},{"vendor":"houseofspoils","url":"https://houseofspoils.com/products/dane-grady-jupiter?variant=41592081711166","price":590.0,"currency":"USD","framed":true,"w":33.5,"h":24.5,"label":"Large"},{"vendor":"houseofspoils","url":"https://houseofspoils.com/products/dane-grady-jupiter?variant=41592081842238","price":1050.0,"currency":"USD","framed":true,"w":44.0,"h":31.5,"label":"Giant"},{"vendor":"houseofspoils","url":"https://houseofspoils.com/products/dane-grady-jupiter?variant=41592081973310","price":1975.0,"currency":"USD","framed":true,"w":56.0,"h":39.5,"label":"Collector"},{"vendor":"houseofspoils","url":"https://houseofspoils.com/products/dane-grady-jupiter?variant=41592082104382","price":3450.0,"currency":"USD","framed":true,"w":66.0,"h":46.0,"label":"Exhibition"}]
hos-nikki-brand-nostalgia-ii	Nikki Brand	https://houseofspoils.com/products/nikki-brand-nostalgia-ii	Nostalgia II	photo	film	https://cdn.shopify.com/s/files/1/0115/7385/4270/products/NB06-PDP.jpg?width=560	[{"vendor":"houseofspoils","url":"https://houseofspoils.com/products/nikki-brand-nostalgia-ii?variant=40037906055230","price":225.0,"currency":"USD","framed":true,"w":14.5,"h":18.5,"label":"Small"},{"vendor":"houseofspoils","url":"https://houseofspoils.com/products/nikki-brand-nostalgia-ii?variant=41592085020734","price":400.0,"currency":"USD","framed":true,"w":19.5,"h":26.0,"label":"Medium"},{"vendor":"houseofspoils","url":"https://houseofspoils.com/products/nikki-brand-nostalgia-ii?variant=41592085151806","price":590.0,"currency":"USD","framed":true,"w":24.5,"h":33.5,"label":"Large"},{"vendor":"houseofspoils","url":"https://houseofspoils.com/products/nikki-brand-nostalgia-ii?variant=41592085282878","price":1050.0,"currency":"USD","framed":true,"w":31.5,"h":44.0,"label":"Giant"},{"vendor":"houseofspoils","url":"https://houseofspoils.com/products/nikki-brand-nostalgia-ii?variant=41592085413950","price":1975.0,"currency":"USD","framed":true,"w":39.5,"h":56.0,"label":"Collector"},{"vendor":"houseofspoils","url":"https://houseofspoils.com/products/nikki-brand-nostalgia-ii?variant=41592085545022","price":3450.0,"currency":"USD","framed":true,"w":46.0,"h":66.0,"label":"Exhibition"}]
hos-nikki-brand-nostalgia	Nikki Brand	https://houseofspoils.com/products/nikki-brand-nostalgia	Nostalgia	photo	film	https://cdn.shopify.com/s/files/1/0115/7385/4270/products/NB05-PDP.jpg?width=560	[{"vendor":"houseofspoils","url":"https://houseofspoils.com/products/nikki-brand-nostalgia?variant=40037907890238","price":225.0,"currency":"USD","framed":true,"w":18.5,"h":14.5,"label":"Small"},{"vendor":"houseofspoils","url":"https://houseofspoils.com/products/nikki-brand-nostalgia?variant=41592086167614","price":400.0,"currency":"USD","framed":true,"w":26.0,"h":19.5,"label":"Medium"},{"vendor":"houseofspoils","url":"https://houseofspoils.com/products/nikki-brand-nostalgia?variant=41592086298686","price":590.0,"currency":"USD","framed":true,"w":33.5,"h":24.5,"label":"Large"},{"vendor":"houseofspoils","url":"https://houseofspoils.com/products/nikki-brand-nostalgia?variant=41592086429758","price":1050.0,"currency":"USD","framed":true,"w":44.0,"h":31.5,"label":"Giant"},{"vendor":"houseofspoils","url":"https://houseofspoils.com/products/nikki-brand-nostalgia?variant=41592086560830","price":1975.0,"currency":"USD","framed":true,"w":56.0,"h":39.5,"label":"Collector"},{"vendor":"houseofspoils","url":"https://houseofspoils.com/products/nikki-brand-nostalgia?variant=41592086691902","price":3450.0,"currency":"USD","framed":true,"w":66.0,"h":46.0,"label":"Exhibition"}]
hos-lella-soper-monaco-incoming	Lella Soper	https://houseofspoils.com/products/lella-soper-monaco-incoming	Monaco Incoming	photo	film	https://cdn.shopify.com/s/files/1/0115/7385/4270/products/LS04.jpg?width=560	[{"vendor":"houseofspoils","url":"https://houseofspoils.com/products/lella-soper-monaco-incoming?variant=40037981061182","price":225.0,"currency":"USD","framed":true,"w":14.5,"h":18.5,"label":"Small"},{"vendor":"houseofspoils","url":"https://houseofspoils.com/products/lella-soper-monaco-incoming?variant=41592162451518","price":400.0,"currency":"USD","framed":true,"w":19.5,"h":26.0,"label":"Medium"},{"vendor":"houseofspoils","url":"https://houseofspoils.com/products/lella-soper-monaco-incoming?variant=41592162582590","price":590.0,"currency":"USD","framed":true,"w":24.5,"h":33.5,"label":"Large"},{"vendor":"houseofspoils","url":"https://houseofspoils.com/products/lella-soper-monaco-incoming?variant=41592162713662","price":1050.0,"currency":"USD","framed":true,"w":31.5,"h":44.0,"label":"Giant"},{"vendor":"houseofspoils","url":"https://houseofspoils.com/products/lella-soper-monaco-incoming?variant=41592162844734","price":1975.0,"currency":"USD","framed":true,"w":39.5,"h":56.0,"label":"Collector"},{"vendor":"houseofspoils","url":"https://houseofspoils.com/products/lella-soper-monaco-incoming?variant=41592162975806","price":3450.0,"currency":"USD","framed":true,"w":46.0,"h":66.0,"label":"Exhibition"}]
hos-harry-mark-silk	Harry Mark	https://houseofspoils.com/products/harry-mark-silk	Silk	photo	film	https://cdn.shopify.com/s/files/1/0115/7385/4270/products/HM09-PDP.jpg?width=560	[{"vendor":"houseofspoils","url":"https://houseofspoils.com/products/harry-mark-silk?variant=40037912543294","price":225.0,"currency":"USD","framed":true,"w":18.5,"h":14.5,"label":"Small"},{"vendor":"houseofspoils","url":"https://houseofspoils.com/products/harry-mark-silk?variant=41592090755134","price":400.0,"currency":"USD","framed":true,"w":26.0,"h":19.5,"label":"Medium"},{"vendor":"houseofspoils","url":"https://houseofspoils.com/products/harry-mark-silk?variant=41592090886206","price":590.0,"currency":"USD","framed":true,"w":33.5,"h":24.5,"label":"Large"},{"vendor":"houseofspoils","url":"https://houseofspoils.com/products/harry-mark-silk?variant=41592091017278","price":1050.0,"currency":"USD","framed":true,"w":44.0,"h":31.5,"label":"Giant"},{"vendor":"houseofspoils","url":"https://houseofspoils.com/products/harry-mark-silk?variant=41592091148350","price":1975.0,"currency":"USD","framed":true,"w":56.0,"h":39.5,"label":"Collector"},{"vendor":"houseofspoils","url":"https://houseofspoils.com/products/harry-mark-silk?variant=41592091279422","price":3450.0,"currency":"USD","framed":true,"w":66.0,"h":46.0,"label":"Exhibition"}]
hos-brecht-vanthof-larc	Brecht Van't Hof	https://houseofspoils.com/products/brecht-vanthof-larc	Eiffel	photo	film	https://cdn.shopify.com/s/files/1/0115/7385/4270/products/BV14-PDP.jpg?width=560	[{"vendor":"houseofspoils","url":"https://houseofspoils.com/products/brecht-vanthof-larc?variant=40037911134270","price":225.0,"currency":"USD","framed":true,"w":14.5,"h":18.5,"label":"Small"},{"vendor":"houseofspoils","url":"https://houseofspoils.com/products/brecht-vanthof-larc?variant=41592088461374","price":400.0,"currency":"USD","framed":true,"w":19.5,"h":26.0,"label":"Medium"},{"vendor":"houseofspoils","url":"https://houseofspoils.com/products/brecht-vanthof-larc?variant=41592088592446","price":590.0,"currency":"USD","framed":true,"w":24.5,"h":33.5,"label":"Large"},{"vendor":"houseofspoils","url":"https://houseofspoils.com/products/brecht-vanthof-larc?variant=41592088723518","price":1050.0,"currency":"USD","framed":true,"w":31.5,"h":44.0,"label":"Giant"},{"vendor":"houseofspoils","url":"https://houseofspoils.com/products/brecht-vanthof-larc?variant=41592088854590","price":1975.0,"currency":"USD","framed":true,"w":39.5,"h":56.0,"label":"Collector"},{"vendor":"houseofspoils","url":"https://houseofspoils.com/products/brecht-vanthof-larc?variant=41592088985662","price":3450.0,"currency":"USD","framed":true,"w":46.0,"h":66.0,"label":"Exhibition"}]
hos-ted-gushue-the-pink-porsche-picture	Ted Gushue	https://houseofspoils.com/products/ted-gushue-the-pink-porsche-picture	The Pink Porsche Picture	photo	film	https://cdn.shopify.com/s/files/1/0115/7385/4270/products/TG22-PDP.jpg?width=560	[{"vendor":"houseofspoils","url":"https://houseofspoils.com/products/ted-gushue-the-pink-porsche-picture?variant=40037930893374","price":225.0,"currency":"USD","framed":true,"w":14.5,"h":18.5,"label":"Small"},{"vendor":"houseofspoils","url":"https://houseofspoils.com/products/ted-gushue-the-pink-porsche-picture?variant=41592110383166","price":400.0,"currency":"USD","framed":true,"w":19.5,"h":26.0,"label":"Medium"},{"vendor":"houseofspoils","url":"https://houseofspoils.com/products/ted-gushue-the-pink-porsche-picture?variant=41592110514238","price":590.0,"currency":"USD","framed":true,"w":24.5,"h":33.5,"label":"Large"},{"vendor":"houseofspoils","url":"https://houseofspoils.com/products/ted-gushue-the-pink-porsche-picture?variant=41592110645310","price":1050.0,"currency":"USD","framed":true,"w":31.5,"h":44.0,"label":"Giant"},{"vendor":"houseofspoils","url":"https://houseofspoils.com/products/ted-gushue-the-pink-porsche-picture?variant=41592110776382","price":1975.0,"currency":"USD","framed":true,"w":39.5,"h":56.0,"label":"Collector"},{"vendor":"houseofspoils","url":"https://houseofspoils.com/products/ted-gushue-the-pink-porsche-picture?variant=41592110907454","price":3450.0,"currency":"USD","framed":true,"w":46.0,"h":66.0,"label":"Exhibition"}]
hos-clint-robert-after-shock	Clint Robert	https://houseofspoils.com/products/clint-robert-after-shock	After Shock	photo	film	https://cdn.shopify.com/s/files/1/0115/7385/4270/products/CR07-PDP.jpg?width=560	[{"vendor":"houseofspoils","url":"https://houseofspoils.com/products/clint-robert-after-shock?variant=40037915623486","price":225.0,"currency":"USD","framed":true,"w":14.5,"h":18.5,"label":"Small"},{"vendor":"houseofspoils","url":"https://houseofspoils.com/products/clint-robert-after-shock?variant=41592093966398","price":400.0,"currency":"USD","framed":true,"w":19.5,"h":26.0,"label":"Medium"},{"vendor":"houseofspoils","url":"https://houseofspoils.com/products/clint-robert-after-shock?variant=41592094097470","price":590.0,"currency":"USD","framed":true,"w":24.5,"h":33.5,"label":"Large"},{"vendor":"houseofspoils","url":"https://houseofspoils.com/products/clint-robert-after-shock?variant=41592094228542","price":1050.0,"currency":"USD","framed":true,"w":31.5,"h":44.0,"label":"Giant"},{"vendor":"houseofspoils","url":"https://houseofspoils.com/products/clint-robert-after-shock?variant=41592094359614","price":1975.0,"currency":"USD","framed":true,"w":39.5,"h":56.0,"label":"Collector"},{"vendor":"houseofspoils","url":"https://houseofspoils.com/products/clint-robert-after-shock?variant=41592094490686","price":3450.0,"currency":"USD","framed":true,"w":46.0,"h":66.0,"label":"Exhibition"}]
hos-clint-robert-good-as-gold	Clint Robert	https://houseofspoils.com/products/clint-robert-good-as-gold	Good as Gold	photo	film	https://cdn.shopify.com/s/files/1/0115/7385/4270/products/CR08-PDP.jpg?width=560	[{"vendor":"houseofspoils","url":"https://houseofspoils.com/products/clint-robert-good-as-gold?variant=40037917196350","price":225.0,"currency":"USD","framed":true,"w":14.5,"h":18.5,"label":"Small"},{"vendor":"houseofspoils","url":"https://houseofspoils.com/products/clint-robert-good-as-gold?variant=41592095113278","price":400.0,"currency":"USD","framed":true,"w":19.5,"h":26.0,"label":"Medium"},{"vendor":"houseofspoils","url":"https://houseofspoils.com/products/clint-robert-good-as-gold?variant=41592095244350","price":590.0,"currency":"USD","framed":true,"w":24.5,"h":33.5,"label":"Large"},{"vendor":"houseofspoils","url":"https://houseofspoils.com/products/clint-robert-good-as-gold?variant=41592095375422","price":1050.0,"currency":"USD","framed":true,"w":31.5,"h":44.0,"label":"Giant"},{"vendor":"houseofspoils","url":"https://houseofspoils.com/products/clint-robert-good-as-gold?variant=41592095506494","price":1975.0,"currency":"USD","framed":true,"w":39.5,"h":56.0,"label":"Collector"},{"vendor":"houseofspoils","url":"https://houseofspoils.com/products/clint-robert-good-as-gold?variant=41592095637566","price":3450.0,"currency":"USD","framed":true,"w":46.0,"h":66.0,"label":"Exhibition"}]
hos-beau-simmons-a-day-in-the-west	Beau Simmons	https://houseofspoils.com/products/beau-simmons-a-day-in-the-west	A Day In The West	photo	film	https://cdn.shopify.com/s/files/1/0115/7385/4270/products/BS25-PDP.jpg?width=560	[{"vendor":"houseofspoils","url":"https://houseofspoils.com/products/beau-simmons-a-day-in-the-west?variant=40037918638142","price":225.0,"currency":"USD","framed":true,"w":18.5,"h":14.5,"label":"Small"},{"vendor":"houseofspoils","url":"https://houseofspoils.com/products/beau-simmons-a-day-in-the-west?variant=41592096456766","price":400.0,"currency":"USD","framed":true,"w":26.0,"h":19.5,"label":"Medium"},{"vendor":"houseofspoils","url":"https://houseofspoils.com/products/beau-simmons-a-day-in-the-west?variant=41592096587838","price":590.0,"currency":"USD","framed":true,"w":33.5,"h":24.5,"label":"Large"},{"vendor":"houseofspoils","url":"https://houseofspoils.com/products/beau-simmons-a-day-in-the-west?variant=41592096718910","price":1050.0,"currency":"USD","framed":true,"w":44.0,"h":31.5,"label":"Giant"},{"vendor":"houseofspoils","url":"https://houseofspoils.com/products/beau-simmons-a-day-in-the-west?variant=41592096849982","price":1975.0,"currency":"USD","framed":true,"w":56.0,"h":39.5,"label":"Collector"},{"vendor":"houseofspoils","url":"https://houseofspoils.com/products/beau-simmons-a-day-in-the-west?variant=41592096981054","price":3450.0,"currency":"USD","framed":true,"w":66.0,"h":46.0,"label":"Exhibition"}]
hos-riley-harper-apres-ski-i	Riley Harper	https://houseofspoils.com/products/riley-harper-apres-ski-i	Apres Ski I	photo	film	https://cdn.shopify.com/s/files/1/0115/7385/4270/products/RH37-PDP.jpg?width=560	[{"vendor":"houseofspoils","url":"https://houseofspoils.com/products/riley-harper-apres-ski-i?variant=40037920079934","price":225.0,"currency":"USD","framed":true,"w":14.5,"h":18.5,"label":"Small"},{"vendor":"houseofspoils","url":"https://houseofspoils.com/products/riley-harper-apres-ski-i?variant=41592098783294","price":400.0,"currency":"USD","framed":true,"w":19.5,"h":26.0,"label":"Medium"},{"vendor":"houseofspoils","url":"https://houseofspoils.com/products/riley-harper-apres-ski-i?variant=41592098914366","price":590.0,"currency":"USD","framed":true,"w":24.5,"h":33.5,"label":"Large"},{"vendor":"houseofspoils","url":"https://houseofspoils.com/products/riley-harper-apres-ski-i?variant=41592099045438","price":1050.0,"currency":"USD","framed":true,"w":31.5,"h":44.0,"label":"Giant"},{"vendor":"houseofspoils","url":"https://houseofspoils.com/products/riley-harper-apres-ski-i?variant=41592099176510","price":1975.0,"currency":"USD","framed":true,"w":39.5,"h":56.0,"label":"Collector"},{"vendor":"houseofspoils","url":"https://houseofspoils.com/products/riley-harper-apres-ski-i?variant=41592099307582","price":3450.0,"currency":"USD","framed":true,"w":46.0,"h":66.0,"label":"Exhibition"}]
hos-riley-harper-wheres-waldo	Riley Harper	https://houseofspoils.com/products/riley-harper-wheres-waldo	Where's Waldo	photo	film	https://cdn.shopify.com/s/files/1/0115/7385/4270/products/RH36-PDP.jpg?width=560	[{"vendor":"houseofspoils","url":"https://houseofspoils.com/products/riley-harper-wheres-waldo?variant=40037921783870","price":225.0,"currency":"USD","framed":true,"w":18.5,"h":14.5,"label":"Small"},{"vendor":"houseofspoils","url":"https://houseofspoils.com/products/riley-harper-wheres-waldo?variant=41592099930174","price":400.0,"currency":"USD","framed":true,"w":26.0,"h":19.5,"label":"Medium"},{"vendor":"houseofspoils","url":"https://houseofspoils.com/products/riley-harper-wheres-waldo?variant=41592100061246","price":590.0,"currency":"USD","framed":true,"w":33.5,"h":24.5,"label":"Large"},{"vendor":"houseofspoils","url":"https://houseofspoils.com/products/riley-harper-wheres-waldo?variant=41592100192318","price":1050.0,"currency":"USD","framed":true,"w":44.0,"h":31.5,"label":"Giant"},{"vendor":"houseofspoils","url":"https://houseofspoils.com/products/riley-harper-wheres-waldo?variant=41592100323390","price":1975.0,"currency":"USD","framed":true,"w":56.0,"h":39.5,"label":"Collector"},{"vendor":"houseofspoils","url":"https://houseofspoils.com/products/riley-harper-wheres-waldo?variant=41592100454462","price":3450.0,"currency":"USD","framed":true,"w":66.0,"h":46.0,"label":"Exhibition"}]
hos-riley-harper-wheres-waldo-ii	Riley Harper	https://houseofspoils.com/products/riley-harper-wheres-waldo-ii	Where's Waldo II	photo	film	https://cdn.shopify.com/s/files/1/0115/7385/4270/products/RH35-PDP.jpg?width=560	[{"vendor":"houseofspoils","url":"https://houseofspoils.com/products/riley-harper-wheres-waldo-ii?variant=40037923225662","price":225.0,"currency":"USD","framed":true,"w":14.5,"h":18.5,"label":"Small"},{"vendor":"houseofspoils","url":"https://houseofspoils.com/products/riley-harper-wheres-waldo-ii?variant=41592102256702","price":400.0,"currency":"USD","framed":true,"w":19.5,"h":26.0,"label":"Medium"},{"vendor":"houseofspoils","url":"https://houseofspoils.com/products/riley-harper-wheres-waldo-ii?variant=41592102387774","price":590.0,"currency":"USD","framed":true,"w":24.5,"h":33.5,"label":"Large"},{"vendor":"houseofspoils","url":"https://houseofspoils.com/products/riley-harper-wheres-waldo-ii?variant=41592102518846","price":1050.0,"currency":"USD","framed":true,"w":31.5,"h":44.0,"label":"Giant"},{"vendor":"houseofspoils","url":"https://houseofspoils.com/products/riley-harper-wheres-waldo-ii?variant=41592102649918","price":1975.0,"currency":"USD","framed":true,"w":39.5,"h":56.0,"label":"Collector"},{"vendor":"houseofspoils","url":"https://houseofspoils.com/products/riley-harper-wheres-waldo-ii?variant=41592102780990","price":3450.0,"currency":"USD","framed":true,"w":46.0,"h":66.0,"label":"Exhibition"}]
hos-riley-harper-first-light-in-st-morit	Riley Harper	https://houseofspoils.com/products/riley-harper-first-light-in-st-moritz	First Light in St Moritz	photo	film	https://cdn.shopify.com/s/files/1/0115/7385/4270/products/RH32-PDP.jpg?width=560	[{"vendor":"houseofspoils","url":"https://houseofspoils.com/products/riley-harper-first-light-in-st-moritz?variant=40037924601918","price":225.0,"currency":"USD","framed":true,"w":14.5,"h":18.5,"label":"Small"},{"vendor":"houseofspoils","url":"https://houseofspoils.com/products/riley-harper-first-light-in-st-moritz?variant=41592103436350","price":400.0,"currency":"USD","framed":true,"w":19.5,"h":26.0,"label":"Medium"},{"vendor":"houseofspoils","url":"https://houseofspoils.com/products/riley-harper-first-light-in-st-moritz?variant=41592103567422","price":590.0,"currency":"USD","framed":true,"w":24.5,"h":33.5,"label":"Large"},{"vendor":"houseofspoils","url":"https://houseofspoils.com/products/riley-harper-first-light-in-st-moritz?variant=41592103698494","price":1050.0,"currency":"USD","framed":true,"w":31.5,"h":44.0,"label":"Giant"},{"vendor":"houseofspoils","url":"https://houseofspoils.com/products/riley-harper-first-light-in-st-moritz?variant=41592103829566","price":1975.0,"currency":"USD","framed":true,"w":39.5,"h":56.0,"label":"Collector"},{"vendor":"houseofspoils","url":"https://houseofspoils.com/products/riley-harper-first-light-in-st-moritz?variant=41592103960638","price":3450.0,"currency":"USD","framed":true,"w":46.0,"h":66.0,"label":"Exhibition"}]
hos-vincent-perraud-fairmont-hairpin-72	Vincent Perraud	https://houseofspoils.com/products/vincent-perraud-fairmont-hairpin-72	Fairmont Hairpin 72	photo	film	https://cdn.shopify.com/s/files/1/0115/7385/4270/products/VP13-PDP.jpg?width=560	[{"vendor":"houseofspoils","url":"https://houseofspoils.com/products/vincent-perraud-fairmont-hairpin-72?variant=40037929353278","price":225.0,"currency":"USD","framed":true,"w":14.5,"h":18.5,"label":"Small"},{"vendor":"houseofspoils","url":"https://houseofspoils.com/products/vincent-perraud-fairmont-hairpin-72?variant=41592108089406","price":400.0,"currency":"USD","framed":true,"w":19.5,"h":26.0,"label":"Medium"},{"vendor":"houseofspoils","url":"https://houseofspoils.com/products/vincent-perraud-fairmont-hairpin-72?variant=41592108220478","price":590.0,"currency":"USD","framed":true,"w":24.5,"h":33.5,"label":"Large"},{"vendor":"houseofspoils","url":"https://houseofspoils.com/products/vincent-perraud-fairmont-hairpin-72?variant=41592108351550","price":1050.0,"currency":"USD","framed":true,"w":31.5,"h":44.0,"label":"Giant"},{"vendor":"houseofspoils","url":"https://houseofspoils.com/products/vincent-perraud-fairmont-hairpin-72?variant=41592108482622","price":1975.0,"currency":"USD","framed":true,"w":39.5,"h":56.0,"label":"Collector"},{"vendor":"houseofspoils","url":"https://houseofspoils.com/products/vincent-perraud-fairmont-hairpin-72?variant=41592108613694","price":3450.0,"currency":"USD","framed":true,"w":46.0,"h":66.0,"label":"Exhibition"}]
hos-natalie-obradovich-dip-in-the-adriat	Natalie Obradovich	https://houseofspoils.com/products/natalie-obradovich-dip-in-the-adriatic	Dip in the Adriatic	photo	film	https://cdn.shopify.com/s/files/1/0115/7385/4270/products/NO28-PDP.jpg?width=560	[{"vendor":"houseofspoils","url":"https://houseofspoils.com/products/natalie-obradovich-dip-in-the-adriatic?variant=40037932269630","price":225.0,"currency":"USD","framed":true,"w":14.5,"h":18.5,"label":"Small"},{"vendor":"houseofspoils","url":"https://houseofspoils.com/products/natalie-obradovich-dip-in-the-adriatic?variant=41592111530046","price":400.0,"currency":"USD","framed":true,"w":19.5,"h":26.0,"label":"Medium"},{"vendor":"houseofspoils","url":"https://houseofspoils.com/products/natalie-obradovich-dip-in-the-adriatic?variant=41592111661118","price":590.0,"currency":"USD","framed":true,"w":24.5,"h":33.5,"label":"Large"},{"vendor":"houseofspoils","url":"https://houseofspoils.com/products/natalie-obradovich-dip-in-the-adriatic?variant=41592111792190","price":1050.0,"currency":"USD","framed":true,"w":31.5,"h":44.0,"label":"Giant"},{"vendor":"houseofspoils","url":"https://houseofspoils.com/products/natalie-obradovich-dip-in-the-adriatic?variant=41592111923262","price":1975.0,"currency":"USD","framed":true,"w":39.5,"h":56.0,"label":"Collector"},{"vendor":"houseofspoils","url":"https://houseofspoils.com/products/natalie-obradovich-dip-in-the-adriatic?variant=41592112054334","price":3450.0,"currency":"USD","framed":true,"w":46.0,"h":66.0,"label":"Exhibition"}]
hos-natalie-obradovich-before-dusk	Natalie Obradovich	https://houseofspoils.com/products/natalie-obradovich-before-dusk	Before Dusk	photo	film	https://cdn.shopify.com/s/files/1/0115/7385/4270/products/NO27-PDP.jpg?width=560	[{"vendor":"houseofspoils","url":"https://houseofspoils.com/products/natalie-obradovich-before-dusk?variant=40037935284286","price":225.0,"currency":"USD","framed":true,"w":14.5,"h":18.5,"label":"Small"},{"vendor":"houseofspoils","url":"https://houseofspoils.com/products/natalie-obradovich-before-dusk?variant=41592113889342","price":400.0,"currency":"USD","framed":true,"w":19.5,"h":26.0,"label":"Medium"},{"vendor":"houseofspoils","url":"https://houseofspoils.com/products/natalie-obradovich-before-dusk?variant=41592114020414","price":590.0,"currency":"USD","framed":true,"w":24.5,"h":33.5,"label":"Large"},{"vendor":"houseofspoils","url":"https://houseofspoils.com/products/natalie-obradovich-before-dusk?variant=41592114151486","price":1050.0,"currency":"USD","framed":true,"w":31.5,"h":44.0,"label":"Giant"},{"vendor":"houseofspoils","url":"https://houseofspoils.com/products/natalie-obradovich-before-dusk?variant=41592114282558","price":1975.0,"currency":"USD","framed":true,"w":39.5,"h":56.0,"label":"Collector"},{"vendor":"houseofspoils","url":"https://houseofspoils.com/products/natalie-obradovich-before-dusk?variant=41592114413630","price":3450.0,"currency":"USD","framed":true,"w":46.0,"h":66.0,"label":"Exhibition"}]
hos-riley-harper-tennis-on-the-med	Riley Harper	https://houseofspoils.com/products/riley-harper-tennis-on-the-med	Tennis on the Med	photo	film	https://cdn.shopify.com/s/files/1/0115/7385/4270/products/RH27-PDP.jpg?width=560	[{"vendor":"houseofspoils","url":"https://houseofspoils.com/products/riley-harper-tennis-on-the-med?variant=40037938561086","price":225.0,"currency":"USD","framed":true,"w":14.5,"h":18.5,"label":"Small"},{"vendor":"houseofspoils","url":"https://houseofspoils.com/products/riley-harper-tennis-on-the-med?variant=41592118542398","price":400.0,"currency":"USD","framed":true,"w":19.5,"h":26.0,"label":"Medium"},{"vendor":"houseofspoils","url":"https://houseofspoils.com/products/riley-harper-tennis-on-the-med?variant=41592118673470","price":590.0,"currency":"USD","framed":true,"w":24.5,"h":33.5,"label":"Large"},{"vendor":"houseofspoils","url":"https://houseofspoils.com/products/riley-harper-tennis-on-the-med?variant=41592118804542","price":1050.0,"currency":"USD","framed":true,"w":31.5,"h":44.0,"label":"Giant"},{"vendor":"houseofspoils","url":"https://houseofspoils.com/products/riley-harper-tennis-on-the-med?variant=41592118935614","price":1975.0,"currency":"USD","framed":true,"w":39.5,"h":56.0,"label":"Collector"},{"vendor":"houseofspoils","url":"https://houseofspoils.com/products/riley-harper-tennis-on-the-med?variant=41592119066686","price":3450.0,"currency":"USD","framed":true,"w":46.0,"h":66.0,"label":"Exhibition"}]
hos-riley-harper-french-riviera	Riley Harper	https://houseofspoils.com/products/riley-harper-french-riviera	French Riviera	photo	film	https://cdn.shopify.com/s/files/1/0115/7385/4270/products/RH26-PDP.jpg?width=560	[{"vendor":"houseofspoils","url":"https://houseofspoils.com/products/riley-harper-french-riviera?variant=40037939937342","price":225.0,"currency":"USD","framed":true,"w":14.5,"h":18.5,"label":"Small"},{"vendor":"houseofspoils","url":"https://houseofspoils.com/products/riley-harper-french-riviera?variant=41592119689278","price":400.0,"currency":"USD","framed":true,"w":19.5,"h":26.0,"label":"Medium"},{"vendor":"houseofspoils","url":"https://houseofspoils.com/products/riley-harper-french-riviera?variant=41592119820350","price":590.0,"currency":"USD","framed":true,"w":24.5,"h":33.5,"label":"Large"},{"vendor":"houseofspoils","url":"https://houseofspoils.com/products/riley-harper-french-riviera?variant=41592119951422","price":1050.0,"currency":"USD","framed":true,"w":31.5,"h":44.0,"label":"Giant"},{"vendor":"houseofspoils","url":"https://houseofspoils.com/products/riley-harper-french-riviera?variant=41592120082494","price":1975.0,"currency":"USD","framed":true,"w":39.5,"h":56.0,"label":"Collector"},{"vendor":"houseofspoils","url":"https://houseofspoils.com/products/riley-harper-french-riviera?variant=41592120213566","price":3450.0,"currency":"USD","framed":true,"w":46.0,"h":66.0,"label":"Exhibition"}]
hos-riley-harper-como-911	Riley Harper	https://houseofspoils.com/products/riley-harper-como-911	Como 911	photo	film	https://cdn.shopify.com/s/files/1/0115/7385/4270/products/RH25-PDP.jpg?width=560	[{"vendor":"houseofspoils","url":"https://houseofspoils.com/products/riley-harper-como-911?variant=40037941411902","price":225.0,"currency":"USD","framed":true,"w":14.5,"h":18.5,"label":"Small"},{"vendor":"houseofspoils","url":"https://houseofspoils.com/products/riley-harper-como-911?variant=41592120836158","price":400.0,"currency":"USD","framed":true,"w":19.5,"h":26.0,"label":"Medium"},{"vendor":"houseofspoils","url":"https://houseofspoils.com/products/riley-harper-como-911?variant=41592120967230","price":590.0,"currency":"USD","framed":true,"w":24.5,"h":33.5,"label":"Large"},{"vendor":"houseofspoils","url":"https://houseofspoils.com/products/riley-harper-como-911?variant=41592121098302","price":1050.0,"currency":"USD","framed":true,"w":31.5,"h":44.0,"label":"Giant"},{"vendor":"houseofspoils","url":"https://houseofspoils.com/products/riley-harper-como-911?variant=41592121229374","price":1975.0,"currency":"USD","framed":true,"w":39.5,"h":56.0,"label":"Collector"},{"vendor":"houseofspoils","url":"https://houseofspoils.com/products/riley-harper-como-911?variant=41592121360446","price":3450.0,"currency":"USD","framed":true,"w":46.0,"h":66.0,"label":"Exhibition"}]
hos-david-lopez-yosemite-n-02	David Lopez	https://houseofspoils.com/products/david-lopez-yosemite-n-02	Yosemite	photo	film	https://cdn.shopify.com/s/files/1/0115/7385/4270/products/DL12-PDP.jpg?width=560	[{"vendor":"houseofspoils","url":"https://houseofspoils.com/products/david-lopez-yosemite-n-02?variant=40037942853694","price":225.0,"currency":"USD","framed":true,"w":18.5,"h":14.5,"label":"Small"},{"vendor":"houseofspoils","url":"https://houseofspoils.com/products/david-lopez-yosemite-n-02?variant=41592123195454","price":400.0,"currency":"USD","framed":true,"w":26.0,"h":19.5,"label":"Medium"},{"vendor":"houseofspoils","url":"https://houseofspoils.com/products/david-lopez-yosemite-n-02?variant=41592123326526","price":590.0,"currency":"USD","framed":true,"w":33.5,"h":24.5,"label":"Large"},{"vendor":"houseofspoils","url":"https://houseofspoils.com/products/david-lopez-yosemite-n-02?variant=41592123457598","price":1050.0,"currency":"USD","framed":true,"w":44.0,"h":31.5,"label":"Giant"},{"vendor":"houseofspoils","url":"https://houseofspoils.com/products/david-lopez-yosemite-n-02?variant=41592123588670","price":1975.0,"currency":"USD","framed":true,"w":56.0,"h":39.5,"label":"Collector"},{"vendor":"houseofspoils","url":"https://houseofspoils.com/products/david-lopez-yosemite-n-02?variant=41592123719742","price":3450.0,"currency":"USD","framed":true,"w":66.0,"h":46.0,"label":"Exhibition"}]
hos-vincent-perraud-randys-donuts	Vincent Perraud	https://houseofspoils.com/products/vincent-perraud-randys-donuts	Randy's Donuts	photo	film	https://cdn.shopify.com/s/files/1/0115/7385/4270/products/VP12-PDP.jpg?width=560	[{"vendor":"houseofspoils","url":"https://houseofspoils.com/products/vincent-perraud-randys-donuts?variant=40037944229950","price":225.0,"currency":"USD","framed":true,"w":14.5,"h":18.5,"label":"Small"},{"vendor":"houseofspoils","url":"https://houseofspoils.com/products/vincent-perraud-randys-donuts?variant=41592125653054","price":400.0,"currency":"USD","framed":true,"w":19.5,"h":26.0,"label":"Medium"},{"vendor":"houseofspoils","url":"https://houseofspoils.com/products/vincent-perraud-randys-donuts?variant=41592125784126","price":590.0,"currency":"USD","framed":true,"w":24.5,"h":33.5,"label":"Large"},{"vendor":"houseofspoils","url":"https://houseofspoils.com/products/vincent-perraud-randys-donuts?variant=41592125915198","price":1050.0,"currency":"USD","framed":true,"w":31.5,"h":44.0,"label":"Giant"},{"vendor":"houseofspoils","url":"https://houseofspoils.com/products/vincent-perraud-randys-donuts?variant=41592126046270","price":1975.0,"currency":"USD","framed":true,"w":39.5,"h":56.0,"label":"Collector"},{"vendor":"houseofspoils","url":"https://houseofspoils.com/products/vincent-perraud-randys-donuts?variant=41592126177342","price":3450.0,"currency":"USD","framed":true,"w":46.0,"h":66.0,"label":"Exhibition"}]
hos-emily-abay-the-icon	Emily Abay	https://houseofspoils.com/products/emily-abay-the-icon	The Icon	photo	film	https://cdn.shopify.com/s/files/1/0115/7385/4270/products/EA19-PDP.jpg?width=560	[{"vendor":"houseofspoils","url":"https://houseofspoils.com/products/emily-abay-the-icon?variant=40037945770046","price":225.0,"currency":"USD","framed":true,"w":14.5,"h":18.5,"label":"Small"},{"vendor":"houseofspoils","url":"https://houseofspoils.com/products/emily-abay-the-icon?variant=41592126963774","price":400.0,"currency":"USD","framed":true,"w":19.5,"h":26.0,"label":"Medium"},{"vendor":"houseofspoils","url":"https://houseofspoils.com/products/emily-abay-the-icon?variant=41592127094846","price":590.0,"currency":"USD","framed":true,"w":24.5,"h":33.5,"label":"Large"},{"vendor":"houseofspoils","url":"https://houseofspoils.com/products/emily-abay-the-icon?variant=41592127225918","price":1050.0,"currency":"USD","framed":true,"w":31.5,"h":44.0,"label":"Giant"},{"vendor":"houseofspoils","url":"https://houseofspoils.com/products/emily-abay-the-icon?variant=41592127356990","price":1975.0,"currency":"USD","framed":true,"w":39.5,"h":56.0,"label":"Collector"},{"vendor":"houseofspoils","url":"https://houseofspoils.com/products/emily-abay-the-icon?variant=41592127488062","price":3450.0,"currency":"USD","framed":true,"w":46.0,"h":66.0,"label":"Exhibition"}]
hos-lella-soper-the-manor	Lella Soper	https://houseofspoils.com/products/lella-soper-the-manor	The Manor	photo	film	https://cdn.shopify.com/s/files/1/0115/7385/4270/products/LS05-PDP.jpg?width=560	[{"vendor":"houseofspoils","url":"https://houseofspoils.com/products/lella-soper-the-manor?variant=40037977817150","price":225.0,"currency":"USD","framed":true,"w":14.5,"h":18.5,"label":"Small"},{"vendor":"houseofspoils","url":"https://houseofspoils.com/products/lella-soper-the-manor?variant=41592161173566","price":400.0,"currency":"USD","framed":true,"w":19.5,"h":26.0,"label":"Medium"},{"vendor":"houseofspoils","url":"https://houseofspoils.com/products/lella-soper-the-manor?variant=41592161304638","price":590.0,"currency":"USD","framed":true,"w":24.5,"h":33.5,"label":"Large"},{"vendor":"houseofspoils","url":"https://houseofspoils.com/products/lella-soper-the-manor?variant=41592161435710","price":1050.0,"currency":"USD","framed":true,"w":31.5,"h":44.0,"label":"Giant"},{"vendor":"houseofspoils","url":"https://houseofspoils.com/products/lella-soper-the-manor?variant=41592161566782","price":1975.0,"currency":"USD","framed":true,"w":39.5,"h":56.0,"label":"Collector"},{"vendor":"houseofspoils","url":"https://houseofspoils.com/products/lella-soper-the-manor?variant=41592161697854","price":3450.0,"currency":"USD","framed":true,"w":46.0,"h":66.0,"label":"Exhibition"}]
hos-marcus-lloyd-poolside-spritz	Marcus Lloyd	https://houseofspoils.com/products/marcus-lloyd-poolside-spritz	Poolside Spritz	photo	film	https://cdn.shopify.com/s/files/1/0115/7385/4270/products/ML03-PDP.jpg?width=560	[{"vendor":"houseofspoils","url":"https://houseofspoils.com/products/marcus-lloyd-poolside-spritz?variant=40037947310142","price":225.0,"currency":"USD","framed":true,"w":14.5,"h":18.5,"label":"Small"},{"vendor":"houseofspoils","url":"https://houseofspoils.com/products/marcus-lloyd-poolside-spritz?variant=41592128143422","price":400.0,"currency":"USD","framed":true,"w":19.5,"h":26.0,"label":"Medium"},{"vendor":"houseofspoils","url":"https://houseofspoils.com/products/marcus-lloyd-poolside-spritz?variant=41592128274494","price":590.0,"currency":"USD","framed":true,"w":24.5,"h":33.5,"label":"Large"},{"vendor":"houseofspoils","url":"https://houseofspoils.com/products/marcus-lloyd-poolside-spritz?variant=41592128405566","price":1050.0,"currency":"USD","framed":true,"w":31.5,"h":44.0,"label":"Giant"},{"vendor":"houseofspoils","url":"https://houseofspoils.com/products/marcus-lloyd-poolside-spritz?variant=41592128536638","price":1975.0,"currency":"USD","framed":true,"w":39.5,"h":56.0,"label":"Collector"},{"vendor":"houseofspoils","url":"https://houseofspoils.com/products/marcus-lloyd-poolside-spritz?variant=41592128667710","price":3450.0,"currency":"USD","framed":true,"w":46.0,"h":66.0,"label":"Exhibition"}]
hos-danny-franzreb-air-conditioners	Danny Franzreb	https://houseofspoils.com/products/danny-franzreb-air-conditioners	Air Conditioners	photo	film	https://cdn.shopify.com/s/files/1/0115/7385/4270/products/DF04-S-F.jpg?width=560	[{"vendor":"houseofspoils","url":"https://houseofspoils.com/products/danny-franzreb-air-conditioners?variant=40038744326206","price":225.0,"currency":"USD","framed":true,"w":14.5,"h":18.5,"label":"Small"},{"vendor":"houseofspoils","url":"https://houseofspoils.com/products/danny-franzreb-air-conditioners?variant=41592234377278","price":400.0,"currency":"USD","framed":true,"w":19.5,"h":26.0,"label":"Medium"},{"vendor":"houseofspoils","url":"https://houseofspoils.com/products/danny-franzreb-air-conditioners?variant=41592234508350","price":590.0,"currency":"USD","framed":true,"w":24.5,"h":33.5,"label":"Large"},{"vendor":"houseofspoils","url":"https://houseofspoils.com/products/danny-franzreb-air-conditioners?variant=41592234639422","price":1050.0,"currency":"USD","framed":true,"w":31.5,"h":44.0,"label":"Giant"},{"vendor":"houseofspoils","url":"https://houseofspoils.com/products/danny-franzreb-air-conditioners?variant=41592234770494","price":1975.0,"currency":"USD","framed":true,"w":39.5,"h":56.0,"label":"Collector"},{"vendor":"houseofspoils","url":"https://houseofspoils.com/products/danny-franzreb-air-conditioners?variant=41592234901566","price":3450.0,"currency":"USD","framed":true,"w":46.0,"h":66.0,"label":"Exhibition"}]
hos-emily-abay-hurricane	Emily Abay	https://houseofspoils.com/products/emily-abay-hurricane	Hurricane	photo	film	https://cdn.shopify.com/s/files/1/0115/7385/4270/products/EA15.jpg?width=560	[{"vendor":"houseofspoils","url":"https://houseofspoils.com/products/emily-abay-hurricane?variant=40037998297150","price":225.0,"currency":"USD","framed":true,"w":14.5,"h":18.5,"label":"Small"},{"vendor":"houseofspoils","url":"https://houseofspoils.com/products/emily-abay-hurricane?variant=41592171364414","price":400.0,"currency":"USD","framed":true,"w":19.5,"h":26.0,"label":"Medium"},{"vendor":"houseofspoils","url":"https://houseofspoils.com/products/emily-abay-hurricane?variant=41592171495486","price":590.0,"currency":"USD","framed":true,"w":24.5,"h":33.5,"label":"Large"},{"vendor":"houseofspoils","url":"https://houseofspoils.com/products/emily-abay-hurricane?variant=41592171626558","price":1050.0,"currency":"USD","framed":true,"w":31.5,"h":44.0,"label":"Giant"},{"vendor":"houseofspoils","url":"https://houseofspoils.com/products/emily-abay-hurricane?variant=41592171757630","price":1975.0,"currency":"USD","framed":true,"w":39.5,"h":56.0,"label":"Collector"},{"vendor":"houseofspoils","url":"https://houseofspoils.com/products/emily-abay-hurricane?variant=41592171888702","price":3450.0,"currency":"USD","framed":true,"w":46.0,"h":66.0,"label":"Exhibition"}]
hos-jeremy-soma-baby-listen	Jeremy Soma	https://houseofspoils.com/products/jeremy-soma-baby-listen	Baby, Listen	photo	film	https://cdn.shopify.com/s/files/1/0115/7385/4270/products/JS03-PDP.jpg?width=560	[{"vendor":"houseofspoils","url":"https://houseofspoils.com/products/jeremy-soma-baby-listen?variant=40037948948542","price":225.0,"currency":"USD","framed":true,"w":18.5,"h":14.5,"label":"Small"},{"vendor":"houseofspoils","url":"https://houseofspoils.com/products/jeremy-soma-baby-listen?variant=41592129552446","price":400.0,"currency":"USD","framed":true,"w":26.0,"h":19.5,"label":"Medium"},{"vendor":"houseofspoils","url":"https://houseofspoils.com/products/jeremy-soma-baby-listen?variant=41592129683518","price":590.0,"currency":"USD","framed":true,"w":33.5,"h":24.5,"label":"Large"},{"vendor":"houseofspoils","url":"https://houseofspoils.com/products/jeremy-soma-baby-listen?variant=41592129814590","price":1050.0,"currency":"USD","framed":true,"w":44.0,"h":31.5,"label":"Giant"},{"vendor":"houseofspoils","url":"https://houseofspoils.com/products/jeremy-soma-baby-listen?variant=41592129945662","price":1975.0,"currency":"USD","framed":true,"w":56.0,"h":39.5,"label":"Collector"},{"vendor":"houseofspoils","url":"https://houseofspoils.com/products/jeremy-soma-baby-listen?variant=41592130076734","price":3450.0,"currency":"USD","framed":true,"w":66.0,"h":46.0,"label":"Exhibition"}]
hos-riley-harper-ice-fleet	Riley Harper	https://houseofspoils.com/products/riley-harper-ice-fleet	Ice Fleet	photo	film	https://cdn.shopify.com/s/files/1/0115/7385/4270/products/RH24.jpg?width=560	[{"vendor":"houseofspoils","url":"https://houseofspoils.com/products/riley-harper-ice-fleet?variant=40037972377662","price":225.0,"currency":"USD","framed":true,"w":14.5,"h":18.5,"label":"Small"},{"vendor":"houseofspoils","url":"https://houseofspoils.com/products/riley-harper-ice-fleet?variant=41592154980414","price":400.0,"currency":"USD","framed":true,"w":19.5,"h":26.0,"label":"Medium"},{"vendor":"houseofspoils","url":"https://houseofspoils.com/products/riley-harper-ice-fleet?variant=41592155111486","price":590.0,"currency":"USD","framed":true,"w":24.5,"h":33.5,"label":"Large"},{"vendor":"houseofspoils","url":"https://houseofspoils.com/products/riley-harper-ice-fleet?variant=41592155242558","price":1050.0,"currency":"USD","framed":true,"w":31.5,"h":44.0,"label":"Giant"},{"vendor":"houseofspoils","url":"https://houseofspoils.com/products/riley-harper-ice-fleet?variant=41592155373630","price":1975.0,"currency":"USD","framed":true,"w":39.5,"h":56.0,"label":"Collector"},{"vendor":"houseofspoils","url":"https://houseofspoils.com/products/riley-harper-ice-fleet?variant=41592155504702","price":3450.0,"currency":"USD","framed":true,"w":46.0,"h":66.0,"label":"Exhibition"}]
hos-nick-green-palm-trees	Nick Green	https://houseofspoils.com/products/nick-green-palm-trees	Palm Trees	photo	film	https://cdn.shopify.com/s/files/1/0115/7385/4270/products/NG07-PDP.jpg?width=560	[{"vendor":"houseofspoils","url":"https://houseofspoils.com/products/nick-green-palm-trees?variant=40037953241150","price":225.0,"currency":"USD","framed":true,"w":18.5,"h":14.5,"label":"Small"},{"vendor":"houseofspoils","url":"https://houseofspoils.com/products/nick-green-palm-trees?variant=41592133287998","price":400.0,"currency":"USD","framed":true,"w":26.0,"h":19.5,"label":"Medium"},{"vendor":"houseofspoils","url":"https://houseofspoils.com/products/nick-green-palm-trees?variant=41592133419070","price":590.0,"currency":"USD","framed":true,"w":33.5,"h":24.5,"label":"Large"},{"vendor":"houseofspoils","url":"https://houseofspoils.com/products/nick-green-palm-trees?variant=41592133550142","price":1050.0,"currency":"USD","framed":true,"w":44.0,"h":31.5,"label":"Giant"},{"vendor":"houseofspoils","url":"https://houseofspoils.com/products/nick-green-palm-trees?variant=41592133681214","price":1975.0,"currency":"USD","framed":true,"w":56.0,"h":39.5,"label":"Collector"},{"vendor":"houseofspoils","url":"https://houseofspoils.com/products/nick-green-palm-trees?variant=41592133976126","price":3450.0,"currency":"USD","framed":true,"w":66.0,"h":46.0,"label":"Exhibition"}]
hos-nick-green-mikey-february	Nick Green	https://houseofspoils.com/products/nick-green-mikey-february	Mikey February	photo	film	https://cdn.shopify.com/s/files/1/0115/7385/4270/products/NG08-PDP.jpg?width=560	[{"vendor":"houseofspoils","url":"https://houseofspoils.com/products/nick-green-mikey-february?variant=40037951832126","price":225.0,"currency":"USD","framed":true,"w":18.5,"h":14.5,"label":"Small"},{"vendor":"houseofspoils","url":"https://houseofspoils.com/products/nick-green-mikey-february?variant=41592132042814","price":400.0,"currency":"USD","framed":true,"w":26.0,"h":19.5,"label":"Medium"},{"vendor":"houseofspoils","url":"https://houseofspoils.com/products/nick-green-mikey-february?variant=41592132173886","price":590.0,"currency":"USD","framed":true,"w":33.5,"h":24.5,"label":"Large"},{"vendor":"houseofspoils","url":"https://houseofspoils.com/products/nick-green-mikey-february?variant=41592132304958","price":1050.0,"currency":"USD","framed":true,"w":44.0,"h":31.5,"label":"Giant"},{"vendor":"houseofspoils","url":"https://houseofspoils.com/products/nick-green-mikey-february?variant=41592132436030","price":1975.0,"currency":"USD","framed":true,"w":56.0,"h":39.5,"label":"Collector"},{"vendor":"houseofspoils","url":"https://houseofspoils.com/products/nick-green-mikey-february?variant=41592132567102","price":3450.0,"currency":"USD","framed":true,"w":66.0,"h":46.0,"label":"Exhibition"}]
hos-harry-mark-homeward-bound	Harry Mark	https://houseofspoils.com/products/harry-mark-homeward-bound	Homeward Bound	photo	film	https://cdn.shopify.com/s/files/1/0115/7385/4270/products/HM10-PDP.jpg?width=560	[{"vendor":"houseofspoils","url":"https://houseofspoils.com/products/harry-mark-homeward-bound?variant=40037954617406","price":225.0,"currency":"USD","framed":true,"w":18.5,"h":14.5,"label":"Small"},{"vendor":"houseofspoils","url":"https://houseofspoils.com/products/harry-mark-homeward-bound?variant=41592135712830","price":400.0,"currency":"USD","framed":true,"w":26.0,"h":19.5,"label":"Medium"},{"vendor":"houseofspoils","url":"https://houseofspoils.com/products/harry-mark-homeward-bound?variant=41592135843902","price":590.0,"currency":"USD","framed":true,"w":33.5,"h":24.5,"label":"Large"},{"vendor":"houseofspoils","url":"https://houseofspoils.com/products/harry-mark-homeward-bound?variant=41592135974974","price":1050.0,"currency":"USD","framed":true,"w":44.0,"h":31.5,"label":"Giant"},{"vendor":"houseofspoils","url":"https://houseofspoils.com/products/harry-mark-homeward-bound?variant=41592136106046","price":1975.0,"currency":"USD","framed":true,"w":56.0,"h":39.5,"label":"Collector"},{"vendor":"houseofspoils","url":"https://houseofspoils.com/products/harry-mark-homeward-bound?variant=41592136237118","price":3450.0,"currency":"USD","framed":true,"w":66.0,"h":46.0,"label":"Exhibition"}]
hos-st-tropez-getaway-lella-soper	Lella Soper	https://houseofspoils.com/products/st-tropez-getaway-lella-soper	St Tropez Getaway	photo	film	https://cdn.shopify.com/s/files/1/0115/7385/4270/products/LS08.jpg?width=560	[{"vendor":"houseofspoils","url":"https://houseofspoils.com/products/st-tropez-getaway-lella-soper?variant=40037956026430","price":225.0,"currency":"USD","framed":true,"w":14.5,"h":18.5,"label":"Small"},{"vendor":"houseofspoils","url":"https://houseofspoils.com/products/st-tropez-getaway-lella-soper?variant=41592136958014","price":400.0,"currency":"USD","framed":true,"w":19.5,"h":26.0,"label":"Medium"},{"vendor":"houseofspoils","url":"https://houseofspoils.com/products/st-tropez-getaway-lella-soper?variant=41592137089086","price":590.0,"currency":"USD","framed":true,"w":24.5,"h":33.5,"label":"Large"},{"vendor":"houseofspoils","url":"https://houseofspoils.com/products/st-tropez-getaway-lella-soper?variant=41592137220158","price":1050.0,"currency":"USD","framed":true,"w":31.5,"h":44.0,"label":"Giant"},{"vendor":"houseofspoils","url":"https://houseofspoils.com/products/st-tropez-getaway-lella-soper?variant=41592137351230","price":1975.0,"currency":"USD","framed":true,"w":39.5,"h":56.0,"label":"Collector"},{"vendor":"houseofspoils","url":"https://houseofspoils.com/products/st-tropez-getaway-lella-soper?variant=41592137482302","price":3450.0,"currency":"USD","framed":true,"w":46.0,"h":66.0,"label":"Exhibition"}]
hos-emily-abay-the-swimmer	Emily Abay	https://houseofspoils.com/products/emily-abay-the-swimmer	The Swimmer	photo	film	https://cdn.shopify.com/s/files/1/0115/7385/4270/products/EA17.jpg?width=560	[{"vendor":"houseofspoils","url":"https://houseofspoils.com/products/emily-abay-the-swimmer?variant=40037995282494","price":225.0,"currency":"USD","framed":true,"w":14.5,"h":18.5,"label":"Small"},{"vendor":"houseofspoils","url":"https://houseofspoils.com/products/emily-abay-the-swimmer?variant=41592170086462","price":400.0,"currency":"USD","framed":true,"w":19.5,"h":26.0,"label":"Medium"},{"vendor":"houseofspoils","url":"https://houseofspoils.com/products/emily-abay-the-swimmer?variant=41592170217534","price":590.0,"currency":"USD","framed":true,"w":24.5,"h":33.5,"label":"Large"},{"vendor":"houseofspoils","url":"https://houseofspoils.com/products/emily-abay-the-swimmer?variant=41592170348606","price":1050.0,"currency":"USD","framed":true,"w":31.5,"h":44.0,"label":"Giant"},{"vendor":"houseofspoils","url":"https://houseofspoils.com/products/emily-abay-the-swimmer?variant=41592170479678","price":1975.0,"currency":"USD","framed":true,"w":39.5,"h":56.0,"label":"Collector"},{"vendor":"houseofspoils","url":"https://houseofspoils.com/products/emily-abay-the-swimmer?variant=41592170610750","price":3450.0,"currency":"USD","framed":true,"w":46.0,"h":66.0,"label":"Exhibition"}]
hos-nikki-brand-teardrop-of-india	Nikki Brand	https://houseofspoils.com/products/nikki-brand-teardrop-of-india	Teardrop of India	photo	film	https://cdn.shopify.com/s/files/1/0115/7385/4270/products/NB04-PDP.jpg?width=560	[{"vendor":"houseofspoils","url":"https://houseofspoils.com/products/nikki-brand-teardrop-of-india?variant=40038720208958","price":225.0,"currency":"USD","framed":true,"w":18.5,"h":14.5,"label":"Small"},{"vendor":"houseofspoils","url":"https://houseofspoils.com/products/nikki-brand-teardrop-of-india?variant=41592139415614","price":400.0,"currency":"USD","framed":true,"w":26.0,"h":19.5,"label":"Medium"},{"vendor":"houseofspoils","url":"https://houseofspoils.com/products/nikki-brand-teardrop-of-india?variant=41592139546686","price":590.0,"currency":"USD","framed":true,"w":33.5,"h":24.5,"label":"Large"},{"vendor":"houseofspoils","url":"https://houseofspoils.com/products/nikki-brand-teardrop-of-india?variant=41592139677758","price":1050.0,"currency":"USD","framed":true,"w":44.0,"h":31.5,"label":"Giant"},{"vendor":"houseofspoils","url":"https://houseofspoils.com/products/nikki-brand-teardrop-of-india?variant=41592139808830","price":1975.0,"currency":"USD","framed":true,"w":56.0,"h":39.5,"label":"Collector"},{"vendor":"houseofspoils","url":"https://houseofspoils.com/products/nikki-brand-teardrop-of-india?variant=41592139972670","price":3450.0,"currency":"USD","framed":true,"w":66.0,"h":46.0,"label":"Exhibition"}]
hos-lella-soper-advantage	Lella Soper	https://houseofspoils.com/products/lella-soper-advantage	Advantage	photo	film	https://cdn.shopify.com/s/files/1/0115/7385/4270/products/LS06.jpg?width=560	[{"vendor":"houseofspoils","url":"https://houseofspoils.com/products/lella-soper-advantage?variant=40038723354686","price":225.0,"currency":"USD","framed":true,"w":14.5,"h":18.5,"label":"Small"},{"vendor":"houseofspoils","url":"https://houseofspoils.com/products/lella-soper-advantage?variant=41592141840446","price":400.0,"currency":"USD","framed":true,"w":19.5,"h":26.0,"label":"Medium"},{"vendor":"houseofspoils","url":"https://houseofspoils.com/products/lella-soper-advantage?variant=41592141971518","price":590.0,"currency":"USD","framed":true,"w":24.5,"h":33.5,"label":"Large"},{"vendor":"houseofspoils","url":"https://houseofspoils.com/products/lella-soper-advantage?variant=41592142102590","price":1050.0,"currency":"USD","framed":true,"w":31.5,"h":44.0,"label":"Giant"},{"vendor":"houseofspoils","url":"https://houseofspoils.com/products/lella-soper-advantage?variant=41592142233662","price":1975.0,"currency":"USD","framed":true,"w":39.5,"h":56.0,"label":"Collector"},{"vendor":"houseofspoils","url":"https://houseofspoils.com/products/lella-soper-advantage?variant=41592142364734","price":3450.0,"currency":"USD","framed":true,"w":46.0,"h":66.0,"label":"Exhibition"}]
hos-danny-franzreb-balconies-ii	Danny Franzreb	https://houseofspoils.com/products/danny-franzreb-balconies-ii	Balconies II	photo	film	https://cdn.shopify.com/s/files/1/0115/7385/4270/products/DF07.jpg?width=560	[{"vendor":"houseofspoils","url":"https://houseofspoils.com/products/danny-franzreb-balconies-ii?variant=40038006095934","price":225.0,"currency":"USD","framed":true,"w":14.5,"h":18.5,"label":"Small"},{"vendor":"houseofspoils","url":"https://houseofspoils.com/products/danny-franzreb-balconies-ii?variant=41592174149694","price":400.0,"currency":"USD","framed":true,"w":19.5,"h":26.0,"label":"Medium"},{"vendor":"houseofspoils","url":"https://houseofspoils.com/products/danny-franzreb-balconies-ii?variant=41592174280766","price":590.0,"currency":"USD","framed":true,"w":24.5,"h":33.5,"label":"Large"},{"vendor":"houseofspoils","url":"https://houseofspoils.com/products/danny-franzreb-balconies-ii?variant=41592174411838","price":1050.0,"currency":"USD","framed":true,"w":31.5,"h":44.0,"label":"Giant"},{"vendor":"houseofspoils","url":"https://houseofspoils.com/products/danny-franzreb-balconies-ii?variant=41592174542910","price":1975.0,"currency":"USD","framed":true,"w":39.5,"h":56.0,"label":"Collector"},{"vendor":"houseofspoils","url":"https://houseofspoils.com/products/danny-franzreb-balconies-ii?variant=41592174673982","price":3450.0,"currency":"USD","framed":true,"w":46.0,"h":66.0,"label":"Exhibition"}]
hos-monti-smith-outside	Monti Smith	https://houseofspoils.com/products/monti-smith-outside	Outside	photo	film	https://cdn.shopify.com/s/files/1/0115/7385/4270/products/MS06.jpg?width=560	[{"vendor":"houseofspoils","url":"https://houseofspoils.com/products/monti-smith-outside?variant=40037974802494","price":225.0,"currency":"USD","framed":true,"w":14.5,"h":18.5,"label":"Small"},{"vendor":"houseofspoils","url":"https://houseofspoils.com/products/monti-smith-outside?variant=41592156291134","price":400.0,"currency":"USD","framed":true,"w":19.5,"h":26.0,"label":"Medium"},{"vendor":"houseofspoils","url":"https://houseofspoils.com/products/monti-smith-outside?variant=41592156422206","price":590.0,"currency":"USD","framed":true,"w":24.5,"h":33.5,"label":"Large"},{"vendor":"houseofspoils","url":"https://houseofspoils.com/products/monti-smith-outside?variant=41592156553278","price":1050.0,"currency":"USD","framed":true,"w":31.5,"h":44.0,"label":"Giant"},{"vendor":"houseofspoils","url":"https://houseofspoils.com/products/monti-smith-outside?variant=41592156684350","price":1975.0,"currency":"USD","framed":true,"w":39.5,"h":56.0,"label":"Collector"},{"vendor":"houseofspoils","url":"https://houseofspoils.com/products/monti-smith-outside?variant=41592156815422","price":3450.0,"currency":"USD","framed":true,"w":46.0,"h":66.0,"label":"Exhibition"}]
hos-beau-simmons-teton-glow	Beau Simmons	https://houseofspoils.com/products/beau-simmons-teton-glow	Teton Glow	photo	film	https://cdn.shopify.com/s/files/1/0115/7385/4270/products/BS17.jpg?width=560	[{"vendor":"houseofspoils","url":"https://houseofspoils.com/products/beau-simmons-teton-glow?variant=40037992235070","price":225.0,"currency":"USD","framed":true,"w":18.5,"h":14.5,"label":"Small"},{"vendor":"houseofspoils","url":"https://houseofspoils.com/products/beau-simmons-teton-glow?variant=41592167694398","price":400.0,"currency":"USD","framed":true,"w":26.0,"h":19.5,"label":"Medium"},{"vendor":"houseofspoils","url":"https://houseofspoils.com/products/beau-simmons-teton-glow?variant=41592167825470","price":590.0,"currency":"USD","framed":true,"w":33.5,"h":24.5,"label":"Large"},{"vendor":"houseofspoils","url":"https://houseofspoils.com/products/beau-simmons-teton-glow?variant=41592167956542","price":1050.0,"currency":"USD","framed":true,"w":44.0,"h":31.5,"label":"Giant"},{"vendor":"houseofspoils","url":"https://houseofspoils.com/products/beau-simmons-teton-glow?variant=41592168087614","price":1975.0,"currency":"USD","framed":true,"w":56.0,"h":39.5,"label":"Collector"},{"vendor":"houseofspoils","url":"https://houseofspoils.com/products/beau-simmons-teton-glow?variant=41592168218686","price":3450.0,"currency":"USD","framed":true,"w":66.0,"h":46.0,"label":"Exhibition"}]
hos-emily-abay-palm-springs-ix	Emily Abay	https://houseofspoils.com/products/emily-abay-palm-springs-ix	Palm Springs IX	photo	film	https://cdn.shopify.com/s/files/1/0115/7385/4270/products/EA14.jpg?width=560	[{"vendor":"houseofspoils","url":"https://houseofspoils.com/products/emily-abay-palm-springs-ix?variant=40038002032702","price":225.0,"currency":"USD","framed":true,"w":14.5,"h":18.5,"label":"Small"},{"vendor":"houseofspoils","url":"https://houseofspoils.com/products/emily-abay-palm-springs-ix?variant=41592172871742","price":400.0,"currency":"USD","framed":true,"w":19.5,"h":26.0,"label":"Medium"},{"vendor":"houseofspoils","url":"https://houseofspoils.com/products/emily-abay-palm-springs-ix?variant=41592173002814","price":590.0,"currency":"USD","framed":true,"w":24.5,"h":33.5,"label":"Large"},{"vendor":"houseofspoils","url":"https://houseofspoils.com/products/emily-abay-palm-springs-ix?variant=41592173133886","price":1050.0,"currency":"USD","framed":true,"w":31.5,"h":44.0,"label":"Giant"},{"vendor":"houseofspoils","url":"https://houseofspoils.com/products/emily-abay-palm-springs-ix?variant=41592173264958","price":1975.0,"currency":"USD","framed":true,"w":39.5,"h":56.0,"label":"Collector"},{"vendor":"houseofspoils","url":"https://houseofspoils.com/products/emily-abay-palm-springs-ix?variant=41592173396030","price":3450.0,"currency":"USD","framed":true,"w":46.0,"h":66.0,"label":"Exhibition"}]
hos-lella-soper-ls02	Lella Soper	https://houseofspoils.com/products/lella-soper-ls02	Old Toys	photo	film	https://cdn.shopify.com/s/files/1/0115/7385/4270/products/LS02.jpg?width=560	[{"vendor":"houseofspoils","url":"https://houseofspoils.com/products/lella-soper-ls02?variant=40037983748158","price":225.0,"currency":"USD","framed":true,"w":18.5,"h":14.5,"label":"Small"},{"vendor":"houseofspoils","url":"https://houseofspoils.com/products/lella-soper-ls02?variant=41592163762238","price":400.0,"currency":"USD","framed":true,"w":26.0,"h":19.5,"label":"Medium"},{"vendor":"houseofspoils","url":"https://houseofspoils.com/products/lella-soper-ls02?variant=41592163893310","price":590.0,"currency":"USD","framed":true,"w":33.5,"h":24.5,"label":"Large"},{"vendor":"houseofspoils","url":"https://houseofspoils.com/products/lella-soper-ls02?variant=41592164024382","price":1050.0,"currency":"USD","framed":true,"w":44.0,"h":31.5,"label":"Giant"},{"vendor":"houseofspoils","url":"https://houseofspoils.com/products/lella-soper-ls02?variant=41592164155454","price":1975.0,"currency":"USD","framed":true,"w":56.0,"h":39.5,"label":"Collector"},{"vendor":"houseofspoils","url":"https://houseofspoils.com/products/lella-soper-ls02?variant=41592164319294","price":3450.0,"currency":"USD","framed":true,"w":66.0,"h":46.0,"label":"Exhibition"}]
hos-beau-simmons-the-cowboy	Beau Simmons	https://houseofspoils.com/products/beau-simmons-the-cowboy	The Cowboy	photo	film	https://cdn.shopify.com/s/files/1/0115/7385/4270/products/BS16.jpg?width=560	[{"vendor":"houseofspoils","url":"https://houseofspoils.com/products/beau-simmons-the-cowboy?variant=40038012944446","price":225.0,"currency":"USD","framed":true,"w":14.5,"h":18.5,"label":"Small"},{"vendor":"houseofspoils","url":"https://houseofspoils.com/products/beau-simmons-the-cowboy?variant=41592177918014","price":400.0,"currency":"USD","framed":true,"w":19.5,"h":26.0,"label":"Medium"},{"vendor":"houseofspoils","url":"https://houseofspoils.com/products/beau-simmons-the-cowboy?variant=41592178049086","price":590.0,"currency":"USD","framed":true,"w":24.5,"h":33.5,"label":"Large"},{"vendor":"houseofspoils","url":"https://houseofspoils.com/products/beau-simmons-the-cowboy?variant=41592178180158","price":1050.0,"currency":"USD","framed":true,"w":31.5,"h":44.0,"label":"Giant"},{"vendor":"houseofspoils","url":"https://houseofspoils.com/products/beau-simmons-the-cowboy?variant=41592178311230","price":1975.0,"currency":"USD","framed":true,"w":39.5,"h":56.0,"label":"Collector"},{"vendor":"houseofspoils","url":"https://houseofspoils.com/products/beau-simmons-the-cowboy?variant=41592178442302","price":3450.0,"currency":"USD","framed":true,"w":46.0,"h":66.0,"label":"Exhibition"}]
hos-beau-simmons-summers-in-pioneertown	Beau Simmons	https://houseofspoils.com/products/beau-simmons-summers-in-pioneertown	Summers In Pioneertown	photo	film	https://cdn.shopify.com/s/files/1/0115/7385/4270/products/BS24.jpg?width=560	[{"vendor":"houseofspoils","url":"https://houseofspoils.com/products/beau-simmons-summers-in-pioneertown?variant=40037962121278","price":225.0,"currency":"USD","framed":true,"w":18.5,"h":14.5,"label":"Small"},{"vendor":"houseofspoils","url":"https://houseofspoils.com/products/beau-simmons-summers-in-pioneertown?variant=41592144494654","price":400.0,"currency":"USD","framed":true,"w":26.0,"h":19.5,"label":"Medium"},{"vendor":"houseofspoils","url":"https://houseofspoils.com/products/beau-simmons-summers-in-pioneertown?variant=41592144625726","price":590.0,"currency":"USD","framed":true,"w":33.5,"h":24.5,"label":"Large"},{"vendor":"houseofspoils","url":"https://houseofspoils.com/products/beau-simmons-summers-in-pioneertown?variant=41592144756798","price":1050.0,"currency":"USD","framed":true,"w":44.0,"h":31.5,"label":"Giant"},{"vendor":"houseofspoils","url":"https://houseofspoils.com/products/beau-simmons-summers-in-pioneertown?variant=41592144887870","price":1975.0,"currency":"USD","framed":true,"w":56.0,"h":39.5,"label":"Collector"},{"vendor":"houseofspoils","url":"https://houseofspoils.com/products/beau-simmons-summers-in-pioneertown?variant=41592145018942","price":3450.0,"currency":"USD","framed":true,"w":66.0,"h":46.0,"label":"Exhibition"}]
hos-beau-simmons-desert-glow	Beau Simmons	https://houseofspoils.com/products/beau-simmons-desert-glow	Desert Glow	photo	film	https://cdn.shopify.com/s/files/1/0115/7385/4270/products/BS22.jpg?width=560	[{"vendor":"houseofspoils","url":"https://houseofspoils.com/products/beau-simmons-desert-glow?variant=40037965004862","price":225.0,"currency":"USD","framed":true,"w":18.5,"h":14.5,"label":"Small"},{"vendor":"houseofspoils","url":"https://houseofspoils.com/products/beau-simmons-desert-glow?variant=41592147148862","price":400.0,"currency":"USD","framed":true,"w":26.0,"h":19.5,"label":"Medium"},{"vendor":"houseofspoils","url":"https://houseofspoils.com/products/beau-simmons-desert-glow?variant=41592147279934","price":590.0,"currency":"USD","framed":true,"w":33.5,"h":24.5,"label":"Large"},{"vendor":"houseofspoils","url":"https://houseofspoils.com/products/beau-simmons-desert-glow?variant=41592147411006","price":1050.0,"currency":"USD","framed":true,"w":44.0,"h":31.5,"label":"Giant"},{"vendor":"houseofspoils","url":"https://houseofspoils.com/products/beau-simmons-desert-glow?variant=41592147542078","price":1975.0,"currency":"USD","framed":true,"w":56.0,"h":39.5,"label":"Collector"},{"vendor":"houseofspoils","url":"https://houseofspoils.com/products/beau-simmons-desert-glow?variant=41592147673150","price":3450.0,"currency":"USD","framed":true,"w":66.0,"h":46.0,"label":"Exhibition"}]
hos-beau-simmons-among-the-cholla	Beau Simmons	https://houseofspoils.com/products/beau-simmons-among-the-cholla	Among The Cholla	photo	film	https://cdn.shopify.com/s/files/1/0115/7385/4270/products/BS21.jpg?width=560	[{"vendor":"houseofspoils","url":"https://houseofspoils.com/products/beau-simmons-among-the-cholla?variant=40038724730942","price":225.0,"currency":"USD","framed":true,"w":18.5,"h":14.5,"label":"Small"},{"vendor":"houseofspoils","url":"https://houseofspoils.com/products/beau-simmons-among-the-cholla?variant=41592148656190","price":400.0,"currency":"USD","framed":true,"w":26.0,"h":19.5,"label":"Medium"},{"vendor":"houseofspoils","url":"https://houseofspoils.com/products/beau-simmons-among-the-cholla?variant=41592149180478","price":590.0,"currency":"USD","framed":true,"w":33.5,"h":24.5,"label":"Large"},{"vendor":"houseofspoils","url":"https://houseofspoils.com/products/beau-simmons-among-the-cholla?variant=41592149409854","price":1050.0,"currency":"USD","framed":true,"w":44.0,"h":31.5,"label":"Giant"},{"vendor":"houseofspoils","url":"https://houseofspoils.com/products/beau-simmons-among-the-cholla?variant=41592149540926","price":1975.0,"currency":"USD","framed":true,"w":56.0,"h":39.5,"label":"Collector"},{"vendor":"houseofspoils","url":"https://houseofspoils.com/products/beau-simmons-among-the-cholla?variant=41592149671998","price":3450.0,"currency":"USD","framed":true,"w":66.0,"h":46.0,"label":"Exhibition"}]
hos-beau-simmons-hidden-valley	Beau Simmons	https://houseofspoils.com/products/beau-simmons-hidden-valley	Hidden Valley	photo	film	https://cdn.shopify.com/s/files/1/0115/7385/4270/products/BS20.jpg?width=560	[{"vendor":"houseofspoils","url":"https://houseofspoils.com/products/beau-simmons-hidden-valley?variant=40038726860862","price":225.0,"currency":"USD","framed":true,"w":14.5,"h":18.5,"label":"Small"},{"vendor":"houseofspoils","url":"https://houseofspoils.com/products/beau-simmons-hidden-valley?variant=41592150982718","price":400.0,"currency":"USD","framed":true,"w":19.5,"h":26.0,"label":"Medium"},{"vendor":"houseofspoils","url":"https://houseofspoils.com/products/beau-simmons-hidden-valley?variant=41592151113790","price":590.0,"currency":"USD","framed":true,"w":24.5,"h":33.5,"label":"Large"},{"vendor":"houseofspoils","url":"https://houseofspoils.com/products/beau-simmons-hidden-valley?variant=41592151244862","price":1050.0,"currency":"USD","framed":true,"w":31.5,"h":44.0,"label":"Giant"},{"vendor":"houseofspoils","url":"https://houseofspoils.com/products/beau-simmons-hidden-valley?variant=41592151375934","price":1975.0,"currency":"USD","framed":true,"w":39.5,"h":56.0,"label":"Collector"},{"vendor":"houseofspoils","url":"https://houseofspoils.com/products/beau-simmons-hidden-valley?variant=41592151507006","price":3450.0,"currency":"USD","framed":true,"w":46.0,"h":66.0,"label":"Exhibition"}]
hos-kate-shanasy-captn-shan	Kate Shanasy	https://houseofspoils.com/products/kate-shanasy-captn-shan	Capt'n Shan	photo	film	https://cdn.shopify.com/s/files/1/0115/7385/4270/products/KS07.jpg?width=560	[{"vendor":"houseofspoils","url":"https://houseofspoils.com/products/kate-shanasy-captn-shan?variant=40037986467902","price":225.0,"currency":"USD","framed":true,"w":14.5,"h":18.5,"label":"Small"},{"vendor":"houseofspoils","url":"https://houseofspoils.com/products/kate-shanasy-captn-shan?variant=41592165072958","price":400.0,"currency":"USD","framed":true,"w":19.5,"h":26.0,"label":"Medium"},{"vendor":"houseofspoils","url":"https://houseofspoils.com/products/kate-shanasy-captn-shan?variant=41592165204030","price":590.0,"currency":"USD","framed":true,"w":24.5,"h":33.5,"label":"Large"},{"vendor":"houseofspoils","url":"https://houseofspoils.com/products/kate-shanasy-captn-shan?variant=41592165335102","price":1050.0,"currency":"USD","framed":true,"w":31.5,"h":44.0,"label":"Giant"},{"vendor":"houseofspoils","url":"https://houseofspoils.com/products/kate-shanasy-captn-shan?variant=41592165466174","price":1975.0,"currency":"USD","framed":true,"w":39.5,"h":56.0,"label":"Collector"},{"vendor":"houseofspoils","url":"https://houseofspoils.com/products/kate-shanasy-captn-shan?variant=41592165597246","price":3450.0,"currency":"USD","framed":true,"w":46.0,"h":66.0,"label":"Exhibition"}]
hos-lella-soper-mulholland-drive	Lella Soper	https://houseofspoils.com/products/lella-soper-mulholland-drive	Mulholland Drive	photo	film	https://cdn.shopify.com/s/files/1/0115/7385/4270/products/LS01.jpg?width=560	[{"vendor":"houseofspoils","url":"https://houseofspoils.com/products/lella-soper-mulholland-drive?variant=40038019825726","price":225.0,"currency":"USD","framed":true,"w":14.5,"h":18.5,"label":"Small"},{"vendor":"houseofspoils","url":"https://houseofspoils.com/products/lella-soper-mulholland-drive?variant=41592182833214","price":400.0,"currency":"USD","framed":true,"w":19.5,"h":26.0,"label":"Medium"},{"vendor":"houseofspoils","url":"https://houseofspoils.com/products/lella-soper-mulholland-drive?variant=41592182964286","price":590.0,"currency":"USD","framed":true,"w":24.5,"h":33.5,"label":"Large"},{"vendor":"houseofspoils","url":"https://houseofspoils.com/products/lella-soper-mulholland-drive?variant=41592183095358","price":1050.0,"currency":"USD","framed":true,"w":31.5,"h":44.0,"label":"Giant"},{"vendor":"houseofspoils","url":"https://houseofspoils.com/products/lella-soper-mulholland-drive?variant=41592183226430","price":1975.0,"currency":"USD","framed":true,"w":39.5,"h":56.0,"label":"Collector"},{"vendor":"houseofspoils","url":"https://houseofspoils.com/products/lella-soper-mulholland-drive?variant=41592183521342","price":3450.0,"currency":"USD","framed":true,"w":46.0,"h":66.0,"label":"Exhibition"}]
hos-lella-soper-fast-girl	Lella Soper	https://houseofspoils.com/products/lella-soper-fast-girl	Fast Girl	photo	film	https://cdn.shopify.com/s/files/1/0115/7385/4270/products/LS03.jpg?width=560	[{"vendor":"houseofspoils","url":"https://houseofspoils.com/products/lella-soper-fast-girl?variant=40038016450622","price":225.0,"currency":"USD","framed":true,"w":14.5,"h":18.5,"label":"Small"},{"vendor":"houseofspoils","url":"https://houseofspoils.com/products/lella-soper-fast-girl?variant=41592180342846","price":400.0,"currency":"USD","framed":true,"w":19.5,"h":26.0,"label":"Medium"},{"vendor":"houseofspoils","url":"https://houseofspoils.com/products/lella-soper-fast-girl?variant=41592180473918","price":590.0,"currency":"USD","framed":true,"w":24.5,"h":33.5,"label":"Large"},{"vendor":"houseofspoils","url":"https://houseofspoils.com/products/lella-soper-fast-girl?variant=41592180604990","price":1050.0,"currency":"USD","framed":true,"w":31.5,"h":44.0,"label":"Giant"},{"vendor":"houseofspoils","url":"https://houseofspoils.com/products/lella-soper-fast-girl?variant=41592180736062","price":1975.0,"currency":"USD","framed":true,"w":39.5,"h":56.0,"label":"Collector"},{"vendor":"houseofspoils","url":"https://houseofspoils.com/products/lella-soper-fast-girl?variant=41592180867134","price":3450.0,"currency":"USD","framed":true,"w":46.0,"h":66.0,"label":"Exhibition"}]
hos-emily-abay-eye-on-you	Emily Abay	https://houseofspoils.com/products/emily-abay-eye-on-you	Eye on You	photo	film	https://cdn.shopify.com/s/files/1/0115/7385/4270/products/image_b98a6559-38a7-4030-a9a6-19bc3ad1ac28.jpg?width=560	[{"vendor":"houseofspoils","url":"https://houseofspoils.com/products/emily-abay-eye-on-you?variant=40038009569342","price":225.0,"currency":"USD","framed":true,"w":14.5,"h":18.5,"label":"Small"},{"vendor":"houseofspoils","url":"https://houseofspoils.com/products/emily-abay-eye-on-you?variant=41592176607294","price":400.0,"currency":"USD","framed":true,"w":19.5,"h":26.0,"label":"Medium"},{"vendor":"houseofspoils","url":"https://houseofspoils.com/products/emily-abay-eye-on-you?variant=41592176738366","price":590.0,"currency":"USD","framed":true,"w":24.5,"h":33.5,"label":"Large"},{"vendor":"houseofspoils","url":"https://houseofspoils.com/products/emily-abay-eye-on-you?variant=41592176869438","price":1050.0,"currency":"USD","framed":true,"w":31.5,"h":44.0,"label":"Giant"},{"vendor":"houseofspoils","url":"https://houseofspoils.com/products/emily-abay-eye-on-you?variant=41592177000510","price":1975.0,"currency":"USD","framed":true,"w":39.5,"h":56.0,"label":"Collector"},{"vendor":"houseofspoils","url":"https://houseofspoils.com/products/emily-abay-eye-on-you?variant=41592177131582","price":3450.0,"currency":"USD","framed":true,"w":46.0,"h":66.0,"label":"Exhibition"}]
hos-kailani-david-lopez	David Lopez	https://houseofspoils.com/products/kailani-david-lopez	Kailani	photo	film	https://cdn.shopify.com/s/files/1/0115/7385/4270/products/DL11-L-F.jpg?width=560	[{"vendor":"houseofspoils","url":"https://houseofspoils.com/products/kailani-david-lopez?variant=40038022840382","price":225.0,"currency":"USD","framed":true,"w":14.5,"h":18.5,"label":"Small"},{"vendor":"houseofspoils","url":"https://houseofspoils.com/products/kailani-david-lopez?variant=41592184307774","price":400.0,"currency":"USD","framed":true,"w":19.5,"h":26.0,"label":"Medium"},{"vendor":"houseofspoils","url":"https://houseofspoils.com/products/kailani-david-lopez?variant=41592184438846","price":590.0,"currency":"USD","framed":true,"w":24.5,"h":33.5,"label":"Large"},{"vendor":"houseofspoils","url":"https://houseofspoils.com/products/kailani-david-lopez?variant=41592184569918","price":1050.0,"currency":"USD","framed":true,"w":31.5,"h":44.0,"label":"Giant"},{"vendor":"houseofspoils","url":"https://houseofspoils.com/products/kailani-david-lopez?variant=41592184700990","price":1975.0,"currency":"USD","framed":true,"w":39.5,"h":56.0,"label":"Collector"},{"vendor":"houseofspoils","url":"https://houseofspoils.com/products/kailani-david-lopez?variant=41592184832062","price":3450.0,"currency":"USD","framed":true,"w":46.0,"h":66.0,"label":"Exhibition"}]
hos-eye-candy-davide-de-martis	Davide de Martis	https://houseofspoils.com/products/eye-candy-davide-de-martis	Eye Candy	photo	film	https://cdn.shopify.com/s/files/1/0115/7385/4270/products/GUCCI.jpg?width=560	[{"vendor":"houseofspoils","url":"https://houseofspoils.com/products/eye-candy-davide-de-martis?variant=40038024773694","price":225.0,"currency":"USD","framed":true,"w":14.5,"h":18.5,"label":"Small"},{"vendor":"houseofspoils","url":"https://houseofspoils.com/products/eye-candy-davide-de-martis?variant=41592185815102","price":400.0,"currency":"USD","framed":true,"w":19.5,"h":26.0,"label":"Medium"},{"vendor":"houseofspoils","url":"https://houseofspoils.com/products/eye-candy-davide-de-martis?variant=41592185946174","price":590.0,"currency":"USD","framed":true,"w":24.5,"h":33.5,"label":"Large"},{"vendor":"houseofspoils","url":"https://houseofspoils.com/products/eye-candy-davide-de-martis?variant=41592186077246","price":1050.0,"currency":"USD","framed":true,"w":31.5,"h":44.0,"label":"Giant"},{"vendor":"houseofspoils","url":"https://houseofspoils.com/products/eye-candy-davide-de-martis?variant=41592186208318","price":1975.0,"currency":"USD","framed":true,"w":39.5,"h":56.0,"label":"Collector"},{"vendor":"houseofspoils","url":"https://houseofspoils.com/products/eye-candy-davide-de-martis?variant=41592186339390","price":3450.0,"currency":"USD","framed":true,"w":46.0,"h":66.0,"label":"Exhibition"}]
hos-wild-nights-in-jackson-beau-simmons	Beau Simmons	https://houseofspoils.com/products/wild-nights-in-jackson-beau-simmons	Wild Nights in Jackson	photo	film	https://cdn.shopify.com/s/files/1/0115/7385/4270/products/BS15-G-Fcopy.jpg?width=560	[{"vendor":"houseofspoils","url":"https://houseofspoils.com/products/wild-nights-in-jackson-beau-simmons?variant=40038027886654","price":225.0,"currency":"USD","framed":true,"w":18.5,"h":14.5,"label":"Small"},{"vendor":"houseofspoils","url":"https://houseofspoils.com/products/wild-nights-in-jackson-beau-simmons?variant=41592187093054","price":400.0,"currency":"USD","framed":true,"w":26.0,"h":19.5,"label":"Medium"},{"vendor":"houseofspoils","url":"https://houseofspoils.com/products/wild-nights-in-jackson-beau-simmons?variant=41592187224126","price":590.0,"currency":"USD","framed":true,"w":33.5,"h":24.5,"label":"Large"},{"vendor":"houseofspoils","url":"https://houseofspoils.com/products/wild-nights-in-jackson-beau-simmons?variant=41592187387966","price":1050.0,"currency":"USD","framed":true,"w":44.0,"h":31.5,"label":"Giant"},{"vendor":"houseofspoils","url":"https://houseofspoils.com/products/wild-nights-in-jackson-beau-simmons?variant=41592187519038","price":1975.0,"currency":"USD","framed":true,"w":56.0,"h":39.5,"label":"Collector"},{"vendor":"houseofspoils","url":"https://houseofspoils.com/products/wild-nights-in-jackson-beau-simmons?variant=41592187650110","price":3450.0,"currency":"USD","framed":true,"w":66.0,"h":46.0,"label":"Exhibition"}]
hos-capri	Emily Abay	https://houseofspoils.com/products/capri	Capri	photo	film	https://cdn.shopify.com/s/files/1/0115/7385/4270/products/EA04-S-F.jpg?width=560	[{"vendor":"houseofspoils","url":"https://houseofspoils.com/products/capri?variant=40038291243070","price":225.0,"currency":"USD","framed":true,"w":18.5,"h":14.5,"label":"Small"},{"vendor":"houseofspoils","url":"https://houseofspoils.com/products/capri?variant=41592432263230","price":400.0,"currency":"USD","framed":true,"w":26.0,"h":19.5,"label":"Medium"},{"vendor":"houseofspoils","url":"https://houseofspoils.com/products/capri?variant=41592432394302","price":590.0,"currency":"USD","framed":true,"w":33.5,"h":24.5,"label":"Large"},{"vendor":"houseofspoils","url":"https://houseofspoils.com/products/capri?variant=41592432525374","price":1050.0,"currency":"USD","framed":true,"w":44.0,"h":31.5,"label":"Giant"},{"vendor":"houseofspoils","url":"https://houseofspoils.com/products/capri?variant=41592432656446","price":1975.0,"currency":"USD","framed":true,"w":56.0,"h":39.5,"label":"Collector"},{"vendor":"houseofspoils","url":"https://houseofspoils.com/products/capri?variant=41592432787518","price":3450.0,"currency":"USD","framed":true,"w":66.0,"h":46.0,"label":"Exhibition"}]
hos-vincent-perraud-dusk-days	Vincent Perraud	https://houseofspoils.com/products/vincent-perraud-dusk-days	Dusk Days	photo	film	https://cdn.shopify.com/s/files/1/0115/7385/4270/products/Dusk-Days.jpg?width=560	[{"vendor":"houseofspoils","url":"https://houseofspoils.com/products/vincent-perraud-dusk-days?variant=40038413467710","price":225.0,"currency":"USD","framed":true,"w":18.5,"h":14.5,"label":"Small"},{"vendor":"houseofspoils","url":"https://houseofspoils.com/products/vincent-perraud-dusk-days?variant=41592000184382","price":400.0,"currency":"USD","framed":true,"w":26.0,"h":19.5,"label":"Medium"},{"vendor":"houseofspoils","url":"https://houseofspoils.com/products/vincent-perraud-dusk-days?variant=41592000315454","price":590.0,"currency":"USD","framed":true,"w":33.5,"h":24.5,"label":"Large"},{"vendor":"houseofspoils","url":"https://houseofspoils.com/products/vincent-perraud-dusk-days?variant=41592000446526","price":1050.0,"currency":"USD","framed":true,"w":44.0,"h":31.5,"label":"Giant"},{"vendor":"houseofspoils","url":"https://houseofspoils.com/products/vincent-perraud-dusk-days?variant=41592000577598","price":1975.0,"currency":"USD","framed":true,"w":56.0,"h":39.5,"label":"Collector"},{"vendor":"houseofspoils","url":"https://houseofspoils.com/products/vincent-perraud-dusk-days?variant=41592000708670","price":3450.0,"currency":"USD","framed":true,"w":66.0,"h":46.0,"label":"Exhibition"}]
hos-natalie-obradovich-faraglioni-v	Natalie Obradovich	https://houseofspoils.com/products/natalie-obradovich-faraglioni-v	Faraglioni V	photo	film	https://cdn.shopify.com/s/files/1/0115/7385/4270/products/Faraglioni-V.jpg?width=560	[{"vendor":"houseofspoils","url":"https://houseofspoils.com/products/natalie-obradovich-faraglioni-v?variant=40038436667454","price":225.0,"currency":"USD","framed":true,"w":18.5,"h":14.5,"label":"Small"},{"vendor":"houseofspoils","url":"https://houseofspoils.com/products/natalie-obradovich-faraglioni-v?variant=41592022499390","price":400.0,"currency":"USD","framed":true,"w":26.0,"h":19.5,"label":"Medium"},{"vendor":"houseofspoils","url":"https://houseofspoils.com/products/natalie-obradovich-faraglioni-v?variant=41592022630462","price":590.0,"currency":"USD","framed":true,"w":33.5,"h":24.5,"label":"Large"},{"vendor":"houseofspoils","url":"https://houseofspoils.com/products/natalie-obradovich-faraglioni-v?variant=41592022761534","price":1050.0,"currency":"USD","framed":true,"w":44.0,"h":31.5,"label":"Giant"},{"vendor":"houseofspoils","url":"https://houseofspoils.com/products/natalie-obradovich-faraglioni-v?variant=41592022892606","price":1975.0,"currency":"USD","framed":true,"w":56.0,"h":39.5,"label":"Collector"},{"vendor":"houseofspoils","url":"https://houseofspoils.com/products/natalie-obradovich-faraglioni-v?variant=41592023023678","price":3450.0,"currency":"USD","framed":true,"w":66.0,"h":46.0,"label":"Exhibition"}]
hos-monroe-alvarez-solo-iii	Monroe Alvarez	https://houseofspoils.com/products/monroe-alvarez-solo-iii	Solo III	photo	film	https://cdn.shopify.com/s/files/1/0115/7385/4270/products/Solo-III.jpg?width=560	[{"vendor":"houseofspoils","url":"https://houseofspoils.com/products/monroe-alvarez-solo-iii?variant=40038402261054","price":225.0,"currency":"USD","framed":true,"w":18.5,"h":14.5,"label":"Small"},{"vendor":"houseofspoils","url":"https://houseofspoils.com/products/monroe-alvarez-solo-iii?variant=41591962894398","price":400.0,"currency":"USD","framed":true,"w":26.0,"h":19.5,"label":"Medium"},{"vendor":"houseofspoils","url":"https://houseofspoils.com/products/monroe-alvarez-solo-iii?variant=41591963025470","price":590.0,"currency":"USD","framed":true,"w":33.5,"h":24.5,"label":"Large"},{"vendor":"houseofspoils","url":"https://houseofspoils.com/products/monroe-alvarez-solo-iii?variant=41591963156542","price":1050.0,"currency":"USD","framed":true,"w":44.0,"h":31.5,"label":"Giant"},{"vendor":"houseofspoils","url":"https://houseofspoils.com/products/monroe-alvarez-solo-iii?variant=41591963287614","price":1975.0,"currency":"USD","framed":true,"w":56.0,"h":39.5,"label":"Collector"},{"vendor":"houseofspoils","url":"https://houseofspoils.com/products/monroe-alvarez-solo-iii?variant=41591963418686","price":3450.0,"currency":"USD","framed":true,"w":66.0,"h":46.0,"label":"Exhibition"}]
hos-sweet-dreams-emily-abay	Emily Abay	https://houseofspoils.com/products/sweet-dreams-emily-abay	Sweet Dreams	photo	film	https://cdn.shopify.com/s/files/1/0115/7385/4270/products/EA11.jpg?width=560	[{"vendor":"houseofspoils","url":"https://houseofspoils.com/products/sweet-dreams-emily-abay?variant=40038031556670","price":225.0,"currency":"USD","framed":true,"w":18.5,"h":14.5,"label":"Small"},{"vendor":"houseofspoils","url":"https://houseofspoils.com/products/sweet-dreams-emily-abay?variant=41592188436542","price":400.0,"currency":"USD","framed":true,"w":26.0,"h":19.5,"label":"Medium"},{"vendor":"houseofspoils","url":"https://houseofspoils.com/products/sweet-dreams-emily-abay?variant=41592188567614","price":590.0,"currency":"USD","framed":true,"w":33.5,"h":24.5,"label":"Large"},{"vendor":"houseofspoils","url":"https://houseofspoils.com/products/sweet-dreams-emily-abay?variant=41592188698686","price":1050.0,"currency":"USD","framed":true,"w":44.0,"h":31.5,"label":"Giant"},{"vendor":"houseofspoils","url":"https://houseofspoils.com/products/sweet-dreams-emily-abay?variant=41592188829758","price":1975.0,"currency":"USD","framed":true,"w":56.0,"h":39.5,"label":"Collector"},{"vendor":"houseofspoils","url":"https://houseofspoils.com/products/sweet-dreams-emily-abay?variant=41592188960830","price":3450.0,"currency":"USD","framed":true,"w":66.0,"h":46.0,"label":"Exhibition"}]
hos-on-the-road-ben-fink-shapiro	Ben Fink Shapiro	https://houseofspoils.com/products/on-the-road-ben-fink-shapiro	On the Road	photo	film	https://cdn.shopify.com/s/files/1/0115/7385/4270/products/BF06-M-F.jpg?width=560	[{"vendor":"houseofspoils","url":"https://houseofspoils.com/products/on-the-road-ben-fink-shapiro?variant=40038034079806","price":225.0,"currency":"USD","framed":true,"w":18.5,"h":14.5,"label":"Small"},{"vendor":"houseofspoils","url":"https://houseofspoils.com/products/on-the-road-ben-fink-shapiro?variant=41592191025214","price":400.0,"currency":"USD","framed":true,"w":26.0,"h":19.5,"label":"Medium"},{"vendor":"houseofspoils","url":"https://houseofspoils.com/products/on-the-road-ben-fink-shapiro?variant=41592191156286","price":590.0,"currency":"USD","framed":true,"w":33.5,"h":24.5,"label":"Large"},{"vendor":"houseofspoils","url":"https://houseofspoils.com/products/on-the-road-ben-fink-shapiro?variant=41592191287358","price":1050.0,"currency":"USD","framed":true,"w":44.0,"h":31.5,"label":"Giant"},{"vendor":"houseofspoils","url":"https://houseofspoils.com/products/on-the-road-ben-fink-shapiro?variant=41592191418430","price":1975.0,"currency":"USD","framed":true,"w":56.0,"h":39.5,"label":"Collector"},{"vendor":"houseofspoils","url":"https://houseofspoils.com/products/on-the-road-ben-fink-shapiro?variant=41592191549502","price":3450.0,"currency":"USD","framed":true,"w":66.0,"h":46.0,"label":"Exhibition"}]
hos-swell-lines-nick-green	Nick Green	https://houseofspoils.com/products/swell-lines-nick-green	Swell Lines	photo	film	https://cdn.shopify.com/s/files/1/0115/7385/4270/products/NG06-S-F.jpg?width=560	[{"vendor":"houseofspoils","url":"https://houseofspoils.com/products/swell-lines-nick-green?variant=40038036013118","price":225.0,"currency":"USD","framed":true,"w":18.5,"h":14.5,"label":"Small"},{"vendor":"houseofspoils","url":"https://houseofspoils.com/products/swell-lines-nick-green?variant=41592192499774","price":400.0,"currency":"USD","framed":true,"w":26.0,"h":19.5,"label":"Medium"},{"vendor":"houseofspoils","url":"https://houseofspoils.com/products/swell-lines-nick-green?variant=41592192630846","price":590.0,"currency":"USD","framed":true,"w":33.5,"h":24.5,"label":"Large"},{"vendor":"houseofspoils","url":"https://houseofspoils.com/products/swell-lines-nick-green?variant=41592192761918","price":1050.0,"currency":"USD","framed":true,"w":44.0,"h":31.5,"label":"Giant"},{"vendor":"houseofspoils","url":"https://houseofspoils.com/products/swell-lines-nick-green?variant=41592192892990","price":1975.0,"currency":"USD","framed":true,"w":56.0,"h":39.5,"label":"Collector"},{"vendor":"houseofspoils","url":"https://houseofspoils.com/products/swell-lines-nick-green?variant=41592193024062","price":3450.0,"currency":"USD","framed":true,"w":66.0,"h":46.0,"label":"Exhibition"}]
hos-alexandru-costin-poison-tree	Alexandru Costin	https://houseofspoils.com/products/alexandru-costin-poison-tree	Poison Tree	photo	film	https://cdn.shopify.com/s/files/1/0115/7385/4270/products/Poison-Tree.jpg?width=560	[{"vendor":"houseofspoils","url":"https://houseofspoils.com/products/alexandru-costin-poison-tree?variant=40038360514622","price":225.0,"currency":"USD","framed":true,"w":18.5,"h":14.5,"label":"Small"},{"vendor":"houseofspoils","url":"https://houseofspoils.com/products/alexandru-costin-poison-tree?variant=41591914922046","price":400.0,"currency":"USD","framed":true,"w":26.0,"h":19.5,"label":"Medium"},{"vendor":"houseofspoils","url":"https://houseofspoils.com/products/alexandru-costin-poison-tree?variant=41591915053118","price":590.0,"currency":"USD","framed":true,"w":33.5,"h":24.5,"label":"Large"},{"vendor":"houseofspoils","url":"https://houseofspoils.com/products/alexandru-costin-poison-tree?variant=41591915184190","price":1050.0,"currency":"USD","framed":true,"w":44.0,"h":31.5,"label":"Giant"},{"vendor":"houseofspoils","url":"https://houseofspoils.com/products/alexandru-costin-poison-tree?variant=41591915315262","price":1975.0,"currency":"USD","framed":true,"w":56.0,"h":39.5,"label":"Collector"},{"vendor":"houseofspoils","url":"https://houseofspoils.com/products/alexandru-costin-poison-tree?variant=41591915446334","price":3450.0,"currency":"USD","framed":true,"w":66.0,"h":46.0,"label":"Exhibition"}]
hos-breht-vanthof-solo-monument	Brecht Van't Hof	https://houseofspoils.com/products/breht-vanthof-solo-monument	Solo Monument	photo	film	https://cdn.shopify.com/s/files/1/0115/7385/4270/products/BV06-S-F.jpg?width=560	[{"vendor":"houseofspoils","url":"https://houseofspoils.com/products/breht-vanthof-solo-monument?variant=40038336004158","price":225.0,"currency":"USD","framed":true,"w":18.5,"h":14.5,"label":"Small"},{"vendor":"houseofspoils","url":"https://houseofspoils.com/products/breht-vanthof-solo-monument?variant=41592475516990","price":400.0,"currency":"USD","framed":true,"w":26.0,"h":19.5,"label":"Medium"},{"vendor":"houseofspoils","url":"https://houseofspoils.com/products/breht-vanthof-solo-monument?variant=41592475648062","price":590.0,"currency":"USD","framed":true,"w":33.5,"h":24.5,"label":"Large"},{"vendor":"houseofspoils","url":"https://houseofspoils.com/products/breht-vanthof-solo-monument?variant=41592475779134","price":1050.0,"currency":"USD","framed":true,"w":44.0,"h":31.5,"label":"Giant"},{"vendor":"houseofspoils","url":"https://houseofspoils.com/products/breht-vanthof-solo-monument?variant=41592475910206","price":1975.0,"currency":"USD","framed":true,"w":56.0,"h":39.5,"label":"Collector"},{"vendor":"houseofspoils","url":"https://houseofspoils.com/products/breht-vanthof-solo-monument?variant=41592476041278","price":3450.0,"currency":"USD","framed":true,"w":66.0,"h":46.0,"label":"Exhibition"}]
hos-raquette-de-tennis-clint-robert	Clint Robert	https://houseofspoils.com/products/raquette-de-tennis-clint-robert	Raquette de Tennis	photo	film	https://cdn.shopify.com/s/files/1/0115/7385/4270/products/CR.jpg?width=560	[{"vendor":"houseofspoils","url":"https://houseofspoils.com/products/raquette-de-tennis-clint-robert?variant=40038038503486","price":225.0,"currency":"USD","framed":true,"w":18.5,"h":14.5,"label":"Small"},{"vendor":"houseofspoils","url":"https://houseofspoils.com/products/raquette-de-tennis-clint-robert?variant=41592196300862","price":400.0,"currency":"USD","framed":true,"w":26.0,"h":19.5,"label":"Medium"},{"vendor":"houseofspoils","url":"https://houseofspoils.com/products/raquette-de-tennis-clint-robert?variant=41592196431934","price":590.0,"currency":"USD","framed":true,"w":33.5,"h":24.5,"label":"Large"},{"vendor":"houseofspoils","url":"https://houseofspoils.com/products/raquette-de-tennis-clint-robert?variant=41592196563006","price":1050.0,"currency":"USD","framed":true,"w":44.0,"h":31.5,"label":"Giant"},{"vendor":"houseofspoils","url":"https://houseofspoils.com/products/raquette-de-tennis-clint-robert?variant=41592196694078","price":1975.0,"currency":"USD","framed":true,"w":56.0,"h":39.5,"label":"Collector"},{"vendor":"houseofspoils","url":"https://houseofspoils.com/products/raquette-de-tennis-clint-robert?variant=41592196825150","price":3450.0,"currency":"USD","framed":true,"w":66.0,"h":46.0,"label":"Exhibition"}]
hos-atrani-natalie-obradovich	Natalie Obradovich	https://houseofspoils.com/products/atrani-natalie-obradovich	Atrani	photo	film	https://cdn.shopify.com/s/files/1/0115/7385/4270/products/NO26-M-F.jpg?width=560	[{"vendor":"houseofspoils","url":"https://houseofspoils.com/products/atrani-natalie-obradovich?variant=40038039879742","price":225.0,"currency":"USD","framed":true,"w":18.5,"h":14.5,"label":"Small"},{"vendor":"houseofspoils","url":"https://houseofspoils.com/products/atrani-natalie-obradovich?variant=41592203018302","price":400.0,"currency":"USD","framed":true,"w":26.0,"h":19.5,"label":"Medium"},{"vendor":"houseofspoils","url":"https://houseofspoils.com/products/atrani-natalie-obradovich?variant=41592203149374","price":590.0,"currency":"USD","framed":true,"w":33.5,"h":24.5,"label":"Large"},{"vendor":"houseofspoils","url":"https://houseofspoils.com/products/atrani-natalie-obradovich?variant=41592203280446","price":1050.0,"currency":"USD","framed":true,"w":44.0,"h":31.5,"label":"Giant"},{"vendor":"houseofspoils","url":"https://houseofspoils.com/products/atrani-natalie-obradovich?variant=41592203444286","price":1975.0,"currency":"USD","framed":true,"w":56.0,"h":39.5,"label":"Collector"},{"vendor":"houseofspoils","url":"https://houseofspoils.com/products/atrani-natalie-obradovich?variant=41592203575358","price":3450.0,"currency":"USD","framed":true,"w":66.0,"h":46.0,"label":"Exhibition"}]
hos-nick-green-rough-seas	Nick Green	https://houseofspoils.com/products/nick-green-rough-seas	Rough Seas	photo	film	https://cdn.shopify.com/s/files/1/0115/7385/4270/products/Rough-Seas.jpg?width=560	[{"vendor":"houseofspoils","url":"https://houseofspoils.com/products/nick-green-rough-seas?variant=40038729744446","price":225.0,"currency":"USD","framed":true,"w":18.5,"h":14.5,"label":"Small"},{"vendor":"houseofspoils","url":"https://houseofspoils.com/products/nick-green-rough-seas?variant=41592215404606","price":400.0,"currency":"USD","framed":true,"w":26.0,"h":19.5,"label":"Medium"},{"vendor":"houseofspoils","url":"https://houseofspoils.com/products/nick-green-rough-seas?variant=41592215535678","price":590.0,"currency":"USD","framed":true,"w":33.5,"h":24.5,"label":"Large"},{"vendor":"houseofspoils","url":"https://houseofspoils.com/products/nick-green-rough-seas?variant=41592215666750","price":1050.0,"currency":"USD","framed":true,"w":44.0,"h":31.5,"label":"Giant"},{"vendor":"houseofspoils","url":"https://houseofspoils.com/products/nick-green-rough-seas?variant=41592215797822","price":1975.0,"currency":"USD","framed":true,"w":56.0,"h":39.5,"label":"Collector"},{"vendor":"houseofspoils","url":"https://houseofspoils.com/products/nick-green-rough-seas?variant=41592215928894","price":3450.0,"currency":"USD","framed":true,"w":66.0,"h":46.0,"label":"Exhibition"}]
hos-clint-robert-game-watch	Clint Robert	https://houseofspoils.com/products/clint-robert-game-watch	Game & Watch	photo	film	https://cdn.shopify.com/s/files/1/0115/7385/4270/products/CR02-S-F.jpg?width=560	[{"vendor":"houseofspoils","url":"https://houseofspoils.com/products/clint-robert-game-watch?variant=40038341640254","price":225.0,"currency":"USD","framed":true,"w":14.5,"h":18.5,"label":"Small"},{"vendor":"houseofspoils","url":"https://houseofspoils.com/products/clint-robert-game-watch?variant=41592482431038","price":400.0,"currency":"USD","framed":true,"w":19.5,"h":26.0,"label":"Medium"},{"vendor":"houseofspoils","url":"https://houseofspoils.com/products/clint-robert-game-watch?variant=41592482562110","price":590.0,"currency":"USD","framed":true,"w":24.5,"h":33.5,"label":"Large"},{"vendor":"houseofspoils","url":"https://houseofspoils.com/products/clint-robert-game-watch?variant=41592482693182","price":1050.0,"currency":"USD","framed":true,"w":31.5,"h":44.0,"label":"Giant"},{"vendor":"houseofspoils","url":"https://houseofspoils.com/products/clint-robert-game-watch?variant=41592482824254","price":1975.0,"currency":"USD","framed":true,"w":39.5,"h":56.0,"label":"Collector"},{"vendor":"houseofspoils","url":"https://houseofspoils.com/products/clint-robert-game-watch?variant=41592482955326","price":3450.0,"currency":"USD","framed":true,"w":46.0,"h":66.0,"label":"Exhibition"}]
hos-nick-green-rocketship	Nick Green	https://houseofspoils.com/products/nick-green-rocketship	Rocketship	photo	film	https://cdn.shopify.com/s/files/1/0115/7385/4270/products/AX0I9446.jpg?width=560	[{"vendor":"houseofspoils","url":"https://houseofspoils.com/products/nick-green-rocketship?variant=40038042861630","price":225.0,"currency":"USD","framed":true,"w":18.5,"h":14.5,"label":"Small"},{"vendor":"houseofspoils","url":"https://houseofspoils.com/products/nick-green-rocketship?variant=41592211406910","price":400.0,"currency":"USD","framed":true,"w":26.0,"h":19.5,"label":"Medium"},{"vendor":"houseofspoils","url":"https://houseofspoils.com/products/nick-green-rocketship?variant=41592211537982","price":590.0,"currency":"USD","framed":true,"w":33.5,"h":24.5,"label":"Large"},{"vendor":"houseofspoils","url":"https://houseofspoils.com/products/nick-green-rocketship?variant=41592211669054","price":1050.0,"currency":"USD","framed":true,"w":44.0,"h":31.5,"label":"Giant"},{"vendor":"houseofspoils","url":"https://houseofspoils.com/products/nick-green-rocketship?variant=41592211800126","price":1975.0,"currency":"USD","framed":true,"w":56.0,"h":39.5,"label":"Collector"},{"vendor":"houseofspoils","url":"https://houseofspoils.com/products/nick-green-rocketship?variant=41592211963966","price":3450.0,"currency":"USD","framed":true,"w":66.0,"h":46.0,"label":"Exhibition"}]
hos-nick-green-pipeline-pack	Nick Green	https://houseofspoils.com/products/nick-green-pipeline-pack	Pipeline Pack	photo	film	https://cdn.shopify.com/s/files/1/0115/7385/4270/products/NG02-M-F.jpg?width=560	[{"vendor":"houseofspoils","url":"https://houseofspoils.com/products/nick-green-pipeline-pack?variant=40038731251774","price":225.0,"currency":"USD","framed":true,"w":18.5,"h":14.5,"label":"Small"},{"vendor":"houseofspoils","url":"https://houseofspoils.com/products/nick-green-pipeline-pack?variant=41592216682558","price":400.0,"currency":"USD","framed":true,"w":26.0,"h":19.5,"label":"Medium"},{"vendor":"houseofspoils","url":"https://houseofspoils.com/products/nick-green-pipeline-pack?variant=41592216813630","price":590.0,"currency":"USD","framed":true,"w":33.5,"h":24.5,"label":"Large"},{"vendor":"houseofspoils","url":"https://houseofspoils.com/products/nick-green-pipeline-pack?variant=41592216944702","price":1050.0,"currency":"USD","framed":true,"w":44.0,"h":31.5,"label":"Giant"},{"vendor":"houseofspoils","url":"https://houseofspoils.com/products/nick-green-pipeline-pack?variant=41592217075774","price":1975.0,"currency":"USD","framed":true,"w":56.0,"h":39.5,"label":"Collector"},{"vendor":"houseofspoils","url":"https://houseofspoils.com/products/nick-green-pipeline-pack?variant=41592217206846","price":3450.0,"currency":"USD","framed":true,"w":66.0,"h":46.0,"label":"Exhibition"}]
hos-nick-green-eddystone-rock	Nick Green	https://houseofspoils.com/products/nick-green-eddystone-rock	Eddystone Rock	photo	film	https://cdn.shopify.com/s/files/1/0115/7385/4270/products/NG01-M-F.jpg?width=560	[{"vendor":"houseofspoils","url":"https://houseofspoils.com/products/nick-green-eddystone-rock?variant=40038733381694","price":225.0,"currency":"USD","framed":true,"w":18.5,"h":14.5,"label":"Small"},{"vendor":"houseofspoils","url":"https://houseofspoils.com/products/nick-green-eddystone-rock?variant=41592218026046","price":400.0,"currency":"USD","framed":true,"w":26.0,"h":19.5,"label":"Medium"},{"vendor":"houseofspoils","url":"https://houseofspoils.com/products/nick-green-eddystone-rock?variant=41592218157118","price":590.0,"currency":"USD","framed":true,"w":33.5,"h":24.5,"label":"Large"},{"vendor":"houseofspoils","url":"https://houseofspoils.com/products/nick-green-eddystone-rock?variant=41592218288190","price":1050.0,"currency":"USD","framed":true,"w":44.0,"h":31.5,"label":"Giant"},{"vendor":"houseofspoils","url":"https://houseofspoils.com/products/nick-green-eddystone-rock?variant=41592218419262","price":1975.0,"currency":"USD","framed":true,"w":56.0,"h":39.5,"label":"Collector"},{"vendor":"houseofspoils","url":"https://houseofspoils.com/products/nick-green-eddystone-rock?variant=41592218550334","price":3450.0,"currency":"USD","framed":true,"w":66.0,"h":46.0,"label":"Exhibition"}]
hos-monti-smith-strata	Monti Smith	https://houseofspoils.com/products/monti-smith-strata	Strata	photo	film	https://cdn.shopify.com/s/files/1/0115/7385/4270/products/MS05-M-F.jpg?width=560	[{"vendor":"houseofspoils","url":"https://houseofspoils.com/products/monti-smith-strata?variant=40038737150014","price":225.0,"currency":"USD","framed":true,"w":14.5,"h":18.5,"label":"Small"},{"vendor":"houseofspoils","url":"https://houseofspoils.com/products/monti-smith-strata?variant=41592223137854","price":400.0,"currency":"USD","framed":true,"w":19.5,"h":26.0,"label":"Medium"},{"vendor":"houseofspoils","url":"https://houseofspoils.com/products/monti-smith-strata?variant=41592223268926","price":590.0,"currency":"USD","framed":true,"w":24.5,"h":33.5,"label":"Large"},{"vendor":"houseofspoils","url":"https://houseofspoils.com/products/monti-smith-strata?variant=41592223399998","price":1050.0,"currency":"USD","framed":true,"w":31.5,"h":44.0,"label":"Giant"},{"vendor":"houseofspoils","url":"https://houseofspoils.com/products/monti-smith-strata?variant=41592223531070","price":1975.0,"currency":"USD","framed":true,"w":39.5,"h":56.0,"label":"Collector"},{"vendor":"houseofspoils","url":"https://houseofspoils.com/products/monti-smith-strata?variant=41592223662142","price":3450.0,"currency":"USD","framed":true,"w":46.0,"h":66.0,"label":"Exhibition"}]
hos-ted-gushue-riva-valet	Ted Gushue	https://houseofspoils.com/products/ted-gushue-riva-valet	Riva Valet	photo	film	https://cdn.shopify.com/s/files/1/0115/7385/4270/products/DSC01010-1.jpg?width=560	[{"vendor":"houseofspoils","url":"https://houseofspoils.com/products/ted-gushue-riva-valet?variant=40038738722878","price":225.0,"currency":"USD","framed":true,"w":14.5,"h":18.5,"label":"Small"},{"vendor":"houseofspoils","url":"https://houseofspoils.com/products/ted-gushue-riva-valet?variant=41592225562686","price":400.0,"currency":"USD","framed":true,"w":19.5,"h":26.0,"label":"Medium"},{"vendor":"houseofspoils","url":"https://houseofspoils.com/products/ted-gushue-riva-valet?variant=41592225693758","price":590.0,"currency":"USD","framed":true,"w":24.5,"h":33.5,"label":"Large"},{"vendor":"houseofspoils","url":"https://houseofspoils.com/products/ted-gushue-riva-valet?variant=41592225824830","price":1050.0,"currency":"USD","framed":true,"w":31.5,"h":44.0,"label":"Giant"},{"vendor":"houseofspoils","url":"https://houseofspoils.com/products/ted-gushue-riva-valet?variant=41592225955902","price":1975.0,"currency":"USD","framed":true,"w":39.5,"h":56.0,"label":"Collector"},{"vendor":"houseofspoils","url":"https://houseofspoils.com/products/ted-gushue-riva-valet?variant=41592226086974","price":3450.0,"currency":"USD","framed":true,"w":46.0,"h":66.0,"label":"Exhibition"}]
hos-josefina-erosa-soplada	Josefina Erosa	https://houseofspoils.com/products/josefina-erosa-soplada	Soplada	photo	film	https://cdn.shopify.com/s/files/1/0115/7385/4270/products/Soplada3.jpg?width=560	[{"vendor":"houseofspoils","url":"https://houseofspoils.com/products/josefina-erosa-soplada?variant=40038741508158","price":225.0,"currency":"USD","framed":true,"w":18.5,"h":14.5,"label":"Small"},{"vendor":"houseofspoils","url":"https://houseofspoils.com/products/josefina-erosa-soplada?variant=41592226873406","price":400.0,"currency":"USD","framed":true,"w":26.0,"h":19.5,"label":"Medium"},{"vendor":"houseofspoils","url":"https://houseofspoils.com/products/josefina-erosa-soplada?variant=41592227004478","price":590.0,"currency":"USD","framed":true,"w":33.5,"h":24.5,"label":"Large"},{"vendor":"houseofspoils","url":"https://houseofspoils.com/products/josefina-erosa-soplada?variant=41592227135550","price":1050.0,"currency":"USD","framed":true,"w":44.0,"h":31.5,"label":"Giant"},{"vendor":"houseofspoils","url":"https://houseofspoils.com/products/josefina-erosa-soplada?variant=41592227266622","price":1975.0,"currency":"USD","framed":true,"w":56.0,"h":39.5,"label":"Collector"},{"vendor":"houseofspoils","url":"https://houseofspoils.com/products/josefina-erosa-soplada?variant=41592227397694","price":3450.0,"currency":"USD","framed":true,"w":66.0,"h":46.0,"label":"Exhibition"}]
hos-sleeping-queen-fabrizio-daloisio	Fabrizio D'Aloisio	https://houseofspoils.com/products/sleeping-queen-fabrizio-daloisio	Sleeping Queen	photo	film	https://cdn.shopify.com/s/files/1/0115/7385/4270/products/fb.jpg?width=560	[{"vendor":"houseofspoils","url":"https://houseofspoils.com/products/sleeping-queen-fabrizio-daloisio?variant=40038742949950","price":225.0,"currency":"USD","framed":true,"w":14.5,"h":18.5,"label":"Small"},{"vendor":"houseofspoils","url":"https://houseofspoils.com/products/sleeping-queen-fabrizio-daloisio?variant=41592228151358","price":400.0,"currency":"USD","framed":true,"w":19.5,"h":26.0,"label":"Medium"},{"vendor":"houseofspoils","url":"https://houseofspoils.com/products/sleeping-queen-fabrizio-daloisio?variant=41592228282430","price":590.0,"currency":"USD","framed":true,"w":24.5,"h":33.5,"label":"Large"},{"vendor":"houseofspoils","url":"https://houseofspoils.com/products/sleeping-queen-fabrizio-daloisio?variant=41592228413502","price":1050.0,"currency":"USD","framed":true,"w":31.5,"h":44.0,"label":"Giant"},{"vendor":"houseofspoils","url":"https://houseofspoils.com/products/sleeping-queen-fabrizio-daloisio?variant=41592228544574","price":1975.0,"currency":"USD","framed":true,"w":39.5,"h":56.0,"label":"Collector"},{"vendor":"houseofspoils","url":"https://houseofspoils.com/products/sleeping-queen-fabrizio-daloisio?variant=41592228675646","price":3450.0,"currency":"USD","framed":true,"w":46.0,"h":66.0,"label":"Exhibition"}]
hos-vincent-perraud-shadows	Vincent Perraud	https://houseofspoils.com/products/vincent-perraud-shadows	Shadows	photo	film	https://cdn.shopify.com/s/files/1/0115/7385/4270/products/Shadows.jpg?width=560	[{"vendor":"houseofspoils","url":"https://houseofspoils.com/products/vincent-perraud-shadows?variant=40038309429310","price":225.0,"currency":"USD","framed":true,"w":18.5,"h":14.5,"label":"Small"},{"vendor":"houseofspoils","url":"https://houseofspoils.com/products/vincent-perraud-shadows?variant=41592451137598","price":400.0,"currency":"USD","framed":true,"w":26.0,"h":19.5,"label":"Medium"},{"vendor":"houseofspoils","url":"https://houseofspoils.com/products/vincent-perraud-shadows?variant=41592451268670","price":590.0,"currency":"USD","framed":true,"w":33.5,"h":24.5,"label":"Large"},{"vendor":"houseofspoils","url":"https://houseofspoils.com/products/vincent-perraud-shadows?variant=41592451399742","price":1050.0,"currency":"USD","framed":true,"w":44.0,"h":31.5,"label":"Giant"},{"vendor":"houseofspoils","url":"https://houseofspoils.com/products/vincent-perraud-shadows?variant=41592451530814","price":1975.0,"currency":"USD","framed":true,"w":56.0,"h":39.5,"label":"Collector"},{"vendor":"houseofspoils","url":"https://houseofspoils.com/products/vincent-perraud-shadows?variant=41592451661886","price":3450.0,"currency":"USD","framed":true,"w":66.0,"h":46.0,"label":"Exhibition"}]
hos-ben-fink-madequecham-beach	Ben Fink Shapiro	https://houseofspoils.com/products/ben-fink-madequecham-beach	Madequecham Beach	photo	film	https://cdn.shopify.com/s/files/1/0115/7385/4270/products/BF03.jpg?width=560	[{"vendor":"houseofspoils","url":"https://houseofspoils.com/products/ben-fink-madequecham-beach?variant=40038074318910","price":225.0,"currency":"USD","framed":true,"w":18.5,"h":14.5,"label":"Small"},{"vendor":"houseofspoils","url":"https://houseofspoils.com/products/ben-fink-madequecham-beach?variant=41592244502590","price":400.0,"currency":"USD","framed":true,"w":26.0,"h":19.5,"label":"Medium"},{"vendor":"houseofspoils","url":"https://houseofspoils.com/products/ben-fink-madequecham-beach?variant=41592244633662","price":590.0,"currency":"USD","framed":true,"w":33.5,"h":24.5,"label":"Large"},{"vendor":"houseofspoils","url":"https://houseofspoils.com/products/ben-fink-madequecham-beach?variant=41592244764734","price":1050.0,"currency":"USD","framed":true,"w":44.0,"h":31.5,"label":"Giant"},{"vendor":"houseofspoils","url":"https://houseofspoils.com/products/ben-fink-madequecham-beach?variant=41592244895806","price":1975.0,"currency":"USD","framed":true,"w":56.0,"h":39.5,"label":"Collector"},{"vendor":"houseofspoils","url":"https://houseofspoils.com/products/ben-fink-madequecham-beach?variant=41592245026878","price":3450.0,"currency":"USD","framed":true,"w":66.0,"h":46.0,"label":"Exhibition"}]
hos-monti-smith-golden-gate	Monti Smith	https://houseofspoils.com/products/monti-smith-golden-gate	Golden Gate	photo	film	https://cdn.shopify.com/s/files/1/0115/7385/4270/products/ms.jpg?width=560	[{"vendor":"houseofspoils","url":"https://houseofspoils.com/products/monti-smith-golden-gate?variant=40038061375550","price":225.0,"currency":"USD","framed":true,"w":14.5,"h":18.5,"label":"Small"},{"vendor":"houseofspoils","url":"https://houseofspoils.com/products/monti-smith-golden-gate?variant=41592231788606","price":400.0,"currency":"USD","framed":true,"w":19.5,"h":26.0,"label":"Medium"},{"vendor":"houseofspoils","url":"https://houseofspoils.com/products/monti-smith-golden-gate?variant=41592231919678","price":590.0,"currency":"USD","framed":true,"w":24.5,"h":33.5,"label":"Large"},{"vendor":"houseofspoils","url":"https://houseofspoils.com/products/monti-smith-golden-gate?variant=41592232050750","price":1050.0,"currency":"USD","framed":true,"w":31.5,"h":44.0,"label":"Giant"},{"vendor":"houseofspoils","url":"https://houseofspoils.com/products/monti-smith-golden-gate?variant=41592232181822","price":1975.0,"currency":"USD","framed":true,"w":39.5,"h":56.0,"label":"Collector"},{"vendor":"houseofspoils","url":"https://houseofspoils.com/products/monti-smith-golden-gate?variant=41592232312894","price":3450.0,"currency":"USD","framed":true,"w":46.0,"h":66.0,"label":"Exhibition"}]
hos-brecht-vanthof-dtla	Brecht Van't Hof	https://houseofspoils.com/products/brecht-vanthof-dtla	DTLA I	photo	film	https://cdn.shopify.com/s/files/1/0115/7385/4270/products/DTLA-I.jpg?width=560	[{"vendor":"houseofspoils","url":"https://houseofspoils.com/products/brecht-vanthof-dtla?variant=40038491226174","price":225.0,"currency":"USD","framed":true,"w":18.5,"h":14.5,"label":"Small"},{"vendor":"houseofspoils","url":"https://houseofspoils.com/products/brecht-vanthof-dtla?variant=41592057069630","price":400.0,"currency":"USD","framed":true,"w":26.0,"h":19.5,"label":"Medium"},{"vendor":"houseofspoils","url":"https://houseofspoils.com/products/brecht-vanthof-dtla?variant=41592057200702","price":590.0,"currency":"USD","framed":true,"w":33.5,"h":24.5,"label":"Large"},{"vendor":"houseofspoils","url":"https://houseofspoils.com/products/brecht-vanthof-dtla?variant=41592057331774","price":1050.0,"currency":"USD","framed":true,"w":44.0,"h":31.5,"label":"Giant"},{"vendor":"houseofspoils","url":"https://houseofspoils.com/products/brecht-vanthof-dtla?variant=41592057462846","price":1975.0,"currency":"USD","framed":true,"w":56.0,"h":39.5,"label":"Collector"},{"vendor":"houseofspoils","url":"https://houseofspoils.com/products/brecht-vanthof-dtla?variant=41592057593918","price":3450.0,"currency":"USD","framed":true,"w":66.0,"h":46.0,"label":"Exhibition"}]
hos-riley-harper-splendido	Riley Harper	https://houseofspoils.com/products/riley-harper-splendido	Splendido	photo	film	https://cdn.shopify.com/s/files/1/0115/7385/4270/products/RH23.jpg?width=560	[{"vendor":"houseofspoils","url":"https://houseofspoils.com/products/riley-harper-splendido?variant=40038072778814","price":225.0,"currency":"USD","framed":true,"w":18.5,"h":14.5,"label":"Small"},{"vendor":"houseofspoils","url":"https://houseofspoils.com/products/riley-harper-splendido?variant=41592243159102","price":400.0,"currency":"USD","framed":true,"w":26.0,"h":19.5,"label":"Medium"},{"vendor":"houseofspoils","url":"https://houseofspoils.com/products/riley-harper-splendido?variant=41592243290174","price":590.0,"currency":"USD","framed":true,"w":33.5,"h":24.5,"label":"Large"},{"vendor":"houseofspoils","url":"https://houseofspoils.com/products/riley-harper-splendido?variant=41592243421246","price":1050.0,"currency":"USD","framed":true,"w":44.0,"h":31.5,"label":"Giant"},{"vendor":"houseofspoils","url":"https://houseofspoils.com/products/riley-harper-splendido?variant=41592243552318","price":1975.0,"currency":"USD","framed":true,"w":56.0,"h":39.5,"label":"Collector"},{"vendor":"houseofspoils","url":"https://houseofspoils.com/products/riley-harper-splendido?variant=41592243683390","price":3450.0,"currency":"USD","framed":true,"w":66.0,"h":46.0,"label":"Exhibition"}]
hos-david-lopez-pyrenees	David Lopez	https://houseofspoils.com/products/david-lopez-pyrenees	Pyrenees	photo	film	https://cdn.shopify.com/s/files/1/0115/7385/4270/products/Pyrenees.jpg?width=560	[{"vendor":"houseofspoils","url":"https://houseofspoils.com/products/david-lopez-pyrenees?variant=40038378274878","price":225.0,"currency":"USD","framed":true,"w":14.5,"h":18.5,"label":"Small"},{"vendor":"houseofspoils","url":"https://houseofspoils.com/products/david-lopez-pyrenees?variant=41591937007678","price":400.0,"currency":"USD","framed":true,"w":19.5,"h":26.0,"label":"Medium"},{"vendor":"houseofspoils","url":"https://houseofspoils.com/products/david-lopez-pyrenees?variant=41591937138750","price":590.0,"currency":"USD","framed":true,"w":24.5,"h":33.5,"label":"Large"},{"vendor":"houseofspoils","url":"https://houseofspoils.com/products/david-lopez-pyrenees?variant=41591937269822","price":1050.0,"currency":"USD","framed":true,"w":31.5,"h":44.0,"label":"Giant"},{"vendor":"houseofspoils","url":"https://houseofspoils.com/products/david-lopez-pyrenees?variant=41591937400894","price":1975.0,"currency":"USD","framed":true,"w":39.5,"h":56.0,"label":"Collector"},{"vendor":"houseofspoils","url":"https://houseofspoils.com/products/david-lopez-pyrenees?variant=41591937531966","price":3450.0,"currency":"USD","framed":true,"w":46.0,"h":66.0,"label":"Exhibition"}]
hos-sun-n-surf-1	Ben Fink Shapiro	https://houseofspoils.com/products/sun-n-surf-1	Sun 'n Surf	photo	film	https://cdn.shopify.com/s/files/1/0115/7385/4270/products/BF05.jpg?width=560	[{"vendor":"houseofspoils","url":"https://houseofspoils.com/products/sun-n-surf-1?variant=40038067896382","price":225.0,"currency":"USD","framed":true,"w":18.5,"h":14.5,"label":"Small"},{"vendor":"houseofspoils","url":"https://houseofspoils.com/products/sun-n-surf-1?variant=41592236998718","price":400.0,"currency":"USD","framed":true,"w":26.0,"h":19.5,"label":"Medium"},{"vendor":"houseofspoils","url":"https://houseofspoils.com/products/sun-n-surf-1?variant=41592237129790","price":590.0,"currency":"USD","framed":true,"w":33.5,"h":24.5,"label":"Large"},{"vendor":"houseofspoils","url":"https://houseofspoils.com/products/sun-n-surf-1?variant=41592237260862","price":1050.0,"currency":"USD","framed":true,"w":44.0,"h":31.5,"label":"Giant"},{"vendor":"houseofspoils","url":"https://houseofspoils.com/products/sun-n-surf-1?variant=41592237391934","price":1975.0,"currency":"USD","framed":true,"w":56.0,"h":39.5,"label":"Collector"},{"vendor":"houseofspoils","url":"https://houseofspoils.com/products/sun-n-surf-1?variant=41592237523006","price":3450.0,"currency":"USD","framed":true,"w":66.0,"h":46.0,"label":"Exhibition"}]
hos-danny-franzreb-benidorm	Danny Franzreb	https://houseofspoils.com/products/danny-franzreb-benidorm	Benidorm	photo	film	https://cdn.shopify.com/s/files/1/0115/7385/4270/products/DF06-S-F.jpg?width=560	[{"vendor":"houseofspoils","url":"https://houseofspoils.com/products/danny-franzreb-benidorm?variant=40038071173182","price":225.0,"currency":"USD","framed":true,"w":18.5,"h":14.5,"label":"Small"},{"vendor":"houseofspoils","url":"https://houseofspoils.com/products/danny-franzreb-benidorm?variant=41592240701502","price":400.0,"currency":"USD","framed":true,"w":26.0,"h":19.5,"label":"Medium"},{"vendor":"houseofspoils","url":"https://houseofspoils.com/products/danny-franzreb-benidorm?variant=41592240832574","price":590.0,"currency":"USD","framed":true,"w":33.5,"h":24.5,"label":"Large"},{"vendor":"houseofspoils","url":"https://houseofspoils.com/products/danny-franzreb-benidorm?variant=41592240963646","price":1050.0,"currency":"USD","framed":true,"w":44.0,"h":31.5,"label":"Giant"},{"vendor":"houseofspoils","url":"https://houseofspoils.com/products/danny-franzreb-benidorm?variant=41592241094718","price":1975.0,"currency":"USD","framed":true,"w":56.0,"h":39.5,"label":"Collector"},{"vendor":"houseofspoils","url":"https://houseofspoils.com/products/danny-franzreb-benidorm?variant=41592241225790","price":3450.0,"currency":"USD","framed":true,"w":66.0,"h":46.0,"label":"Exhibition"}]
hos-davide-de-martis-sunday-drive-ii	Davide de Martis	https://houseofspoils.com/products/davide-de-martis-sunday-drive-ii	Sunday Drive II	photo	film	https://cdn.shopify.com/s/files/1/0115/7385/4270/products/DM03.jpg?width=560	[{"vendor":"houseofspoils","url":"https://houseofspoils.com/products/davide-de-martis-sunday-drive-ii?variant=40038069600318","price":225.0,"currency":"USD","framed":true,"w":18.5,"h":14.5,"label":"Small"},{"vendor":"houseofspoils","url":"https://houseofspoils.com/products/davide-de-martis-sunday-drive-ii?variant=41592239423550","price":400.0,"currency":"USD","framed":true,"w":26.0,"h":19.5,"label":"Medium"},{"vendor":"houseofspoils","url":"https://houseofspoils.com/products/davide-de-martis-sunday-drive-ii?variant=41592239554622","price":590.0,"currency":"USD","framed":true,"w":33.5,"h":24.5,"label":"Large"},{"vendor":"houseofspoils","url":"https://houseofspoils.com/products/davide-de-martis-sunday-drive-ii?variant=41592239685694","price":1050.0,"currency":"USD","framed":true,"w":44.0,"h":31.5,"label":"Giant"},{"vendor":"houseofspoils","url":"https://houseofspoils.com/products/davide-de-martis-sunday-drive-ii?variant=41592239816766","price":1975.0,"currency":"USD","framed":true,"w":56.0,"h":39.5,"label":"Collector"},{"vendor":"houseofspoils","url":"https://houseofspoils.com/products/davide-de-martis-sunday-drive-ii?variant=41592239947838","price":3450.0,"currency":"USD","framed":true,"w":66.0,"h":46.0,"label":"Exhibition"}]
hos-riley-harper-caught-in-the-middle	Riley Harper	https://houseofspoils.com/products/riley-harper-caught-in-the-middle	Caught in the Middle	photo	film	https://cdn.shopify.com/s/files/1/0115/7385/4270/products/RH21.jpg?width=560	[{"vendor":"houseofspoils","url":"https://houseofspoils.com/products/riley-harper-caught-in-the-middle?variant=40038077464638","price":225.0,"currency":"USD","framed":true,"w":18.5,"h":14.5,"label":"Small"},{"vendor":"houseofspoils","url":"https://houseofspoils.com/products/riley-harper-caught-in-the-middle?variant=41592247550014","price":400.0,"currency":"USD","framed":true,"w":26.0,"h":19.5,"label":"Medium"},{"vendor":"houseofspoils","url":"https://houseofspoils.com/products/riley-harper-caught-in-the-middle?variant=41592247681086","price":590.0,"currency":"USD","framed":true,"w":33.5,"h":24.5,"label":"Large"},{"vendor":"houseofspoils","url":"https://houseofspoils.com/products/riley-harper-caught-in-the-middle?variant=41592247812158","price":1050.0,"currency":"USD","framed":true,"w":44.0,"h":31.5,"label":"Giant"},{"vendor":"houseofspoils","url":"https://houseofspoils.com/products/riley-harper-caught-in-the-middle?variant=41592247943230","price":1975.0,"currency":"USD","framed":true,"w":56.0,"h":39.5,"label":"Collector"},{"vendor":"houseofspoils","url":"https://houseofspoils.com/products/riley-harper-caught-in-the-middle?variant=41592248074302","price":3450.0,"currency":"USD","framed":true,"w":66.0,"h":46.0,"label":"Exhibition"}]
hos-ben-fink-bubbles	Ben Fink Shapiro	https://houseofspoils.com/products/ben-fink-bubbles	Bubbles	photo	film	https://cdn.shopify.com/s/files/1/0115/7385/4270/products/BF04.jpg?width=560	[{"vendor":"houseofspoils","url":"https://houseofspoils.com/products/ben-fink-bubbles?variant=40038079365182","price":225.0,"currency":"USD","framed":true,"w":18.5,"h":14.5,"label":"Small"},{"vendor":"houseofspoils","url":"https://houseofspoils.com/products/ben-fink-bubbles?variant=41592248729662","price":400.0,"currency":"USD","framed":true,"w":26.0,"h":19.5,"label":"Medium"},{"vendor":"houseofspoils","url":"https://houseofspoils.com/products/ben-fink-bubbles?variant=41592248860734","price":590.0,"currency":"USD","framed":true,"w":33.5,"h":24.5,"label":"Large"},{"vendor":"houseofspoils","url":"https://houseofspoils.com/products/ben-fink-bubbles?variant=41592248991806","price":1050.0,"currency":"USD","framed":true,"w":44.0,"h":31.5,"label":"Giant"},{"vendor":"houseofspoils","url":"https://houseofspoils.com/products/ben-fink-bubbles?variant=41592249122878","price":1975.0,"currency":"USD","framed":true,"w":56.0,"h":39.5,"label":"Collector"},{"vendor":"houseofspoils","url":"https://houseofspoils.com/products/ben-fink-bubbles?variant=41592249253950","price":3450.0,"currency":"USD","framed":true,"w":66.0,"h":46.0,"label":"Exhibition"}]
hos-danny-franzreb-balconies	Danny Franzreb	https://houseofspoils.com/products/danny-franzreb-balconies	Balconies	photo	film	https://cdn.shopify.com/s/files/1/0115/7385/4270/products/DF01-S-F.jpg?width=560	[{"vendor":"houseofspoils","url":"https://houseofspoils.com/products/danny-franzreb-balconies?variant=40038748651582","price":225.0,"currency":"USD","framed":true,"w":14.5,"h":18.5,"label":"Small"},{"vendor":"houseofspoils","url":"https://houseofspoils.com/products/danny-franzreb-balconies?variant=41592251023422","price":400.0,"currency":"USD","framed":true,"w":19.5,"h":26.0,"label":"Medium"},{"vendor":"houseofspoils","url":"https://houseofspoils.com/products/danny-franzreb-balconies?variant=41592251154494","price":590.0,"currency":"USD","framed":true,"w":24.5,"h":33.5,"label":"Large"},{"vendor":"houseofspoils","url":"https://houseofspoils.com/products/danny-franzreb-balconies?variant=41592251285566","price":1050.0,"currency":"USD","framed":true,"w":31.5,"h":44.0,"label":"Giant"},{"vendor":"houseofspoils","url":"https://houseofspoils.com/products/danny-franzreb-balconies?variant=41592251416638","price":1975.0,"currency":"USD","framed":true,"w":39.5,"h":56.0,"label":"Collector"},{"vendor":"houseofspoils","url":"https://houseofspoils.com/products/danny-franzreb-balconies?variant=41592251547710","price":3450.0,"currency":"USD","framed":true,"w":46.0,"h":66.0,"label":"Exhibition"}]
hos-ben-fink-amagansett-beach	Ben Fink Shapiro	https://houseofspoils.com/products/ben-fink-amagansett-beach	Gibson Bleu	photo	film	https://cdn.shopify.com/s/files/1/0115/7385/4270/products/BF01.jpg?width=560	[{"vendor":"houseofspoils","url":"https://houseofspoils.com/products/ben-fink-amagansett-beach?variant=40038083985470","price":225.0,"currency":"USD","framed":true,"w":18.5,"h":14.5,"label":"Small"},{"vendor":"houseofspoils","url":"https://houseofspoils.com/products/ben-fink-amagansett-beach?variant=41592254464062","price":400.0,"currency":"USD","framed":true,"w":26.0,"h":19.5,"label":"Medium"},{"vendor":"houseofspoils","url":"https://houseofspoils.com/products/ben-fink-amagansett-beach?variant=41592254595134","price":590.0,"currency":"USD","framed":true,"w":33.5,"h":24.5,"label":"Large"},{"vendor":"houseofspoils","url":"https://houseofspoils.com/products/ben-fink-amagansett-beach?variant=41592254726206","price":1050.0,"currency":"USD","framed":true,"w":44.0,"h":31.5,"label":"Giant"},{"vendor":"houseofspoils","url":"https://houseofspoils.com/products/ben-fink-amagansett-beach?variant=41592254857278","price":1975.0,"currency":"USD","framed":true,"w":56.0,"h":39.5,"label":"Collector"},{"vendor":"houseofspoils","url":"https://houseofspoils.com/products/ben-fink-amagansett-beach?variant=41592254988350","price":3450.0,"currency":"USD","framed":true,"w":66.0,"h":46.0,"label":"Exhibition"}]
hos-ben-fink-gibson-bleu	Ben Fink Shapiro	https://houseofspoils.com/products/ben-fink-gibson-bleu	Amagansett Beach	photo	film	https://cdn.shopify.com/s/files/1/0115/7385/4270/products/BF02.jpg?width=560	[{"vendor":"houseofspoils","url":"https://houseofspoils.com/products/ben-fink-gibson-bleu?variant=40038750552126","price":225.0,"currency":"USD","framed":true,"w":18.5,"h":14.5,"label":"Small"},{"vendor":"houseofspoils","url":"https://houseofspoils.com/products/ben-fink-gibson-bleu?variant=41592252170302","price":400.0,"currency":"USD","framed":true,"w":26.0,"h":19.5,"label":"Medium"},{"vendor":"houseofspoils","url":"https://houseofspoils.com/products/ben-fink-gibson-bleu?variant=41592252301374","price":590.0,"currency":"USD","framed":true,"w":33.5,"h":24.5,"label":"Large"},{"vendor":"houseofspoils","url":"https://houseofspoils.com/products/ben-fink-gibson-bleu?variant=41592252432446","price":1050.0,"currency":"USD","framed":true,"w":44.0,"h":31.5,"label":"Giant"},{"vendor":"houseofspoils","url":"https://houseofspoils.com/products/ben-fink-gibson-bleu?variant=41592252563518","price":1975.0,"currency":"USD","framed":true,"w":56.0,"h":39.5,"label":"Collector"},{"vendor":"houseofspoils","url":"https://houseofspoils.com/products/ben-fink-gibson-bleu?variant=41592252694590","price":3450.0,"currency":"USD","framed":true,"w":66.0,"h":46.0,"label":"Exhibition"}]
hos-riley-harper-pastel-cliffs	Riley Harper	https://houseofspoils.com/products/riley-harper-pastel-cliffs	Pastel Cliffs	photo	film	https://cdn.shopify.com/s/files/1/0115/7385/4270/products/RH20.jpg?width=560	[{"vendor":"houseofspoils","url":"https://houseofspoils.com/products/riley-harper-pastel-cliffs?variant=40038085460030","price":225.0,"currency":"USD","framed":true,"w":18.5,"h":14.5,"label":"Small"},{"vendor":"houseofspoils","url":"https://houseofspoils.com/products/riley-harper-pastel-cliffs?variant=41592255610942","price":400.0,"currency":"USD","framed":true,"w":26.0,"h":19.5,"label":"Medium"},{"vendor":"houseofspoils","url":"https://houseofspoils.com/products/riley-harper-pastel-cliffs?variant=41592255742014","price":590.0,"currency":"USD","framed":true,"w":33.5,"h":24.5,"label":"Large"},{"vendor":"houseofspoils","url":"https://houseofspoils.com/products/riley-harper-pastel-cliffs?variant=41592255873086","price":1050.0,"currency":"USD","framed":true,"w":44.0,"h":31.5,"label":"Giant"},{"vendor":"houseofspoils","url":"https://houseofspoils.com/products/riley-harper-pastel-cliffs?variant=41592256004158","price":1975.0,"currency":"USD","framed":true,"w":56.0,"h":39.5,"label":"Collector"},{"vendor":"houseofspoils","url":"https://houseofspoils.com/products/riley-harper-pastel-cliffs?variant=41592256135230","price":3450.0,"currency":"USD","framed":true,"w":66.0,"h":46.0,"label":"Exhibition"}]
hos-natalie-obradovich-amore-mio	Natalie Obradovich	https://houseofspoils.com/products/natalie-obradovich-amore-mio	Amore Mio	photo	film	https://cdn.shopify.com/s/files/1/0115/7385/4270/products/NO25.jpg?width=560	[{"vendor":"houseofspoils","url":"https://houseofspoils.com/products/natalie-obradovich-amore-mio?variant=40038753140798","price":225.0,"currency":"USD","framed":true,"w":14.5,"h":18.5,"label":"Small"},{"vendor":"houseofspoils","url":"https://houseofspoils.com/products/natalie-obradovich-amore-mio?variant=41592256757822","price":400.0,"currency":"USD","framed":true,"w":19.5,"h":26.0,"label":"Medium"},{"vendor":"houseofspoils","url":"https://houseofspoils.com/products/natalie-obradovich-amore-mio?variant=41592256888894","price":590.0,"currency":"USD","framed":true,"w":24.5,"h":33.5,"label":"Large"},{"vendor":"houseofspoils","url":"https://houseofspoils.com/products/natalie-obradovich-amore-mio?variant=41592257019966","price":1050.0,"currency":"USD","framed":true,"w":31.5,"h":44.0,"label":"Giant"},{"vendor":"houseofspoils","url":"https://houseofspoils.com/products/natalie-obradovich-amore-mio?variant=41592257151038","price":1975.0,"currency":"USD","framed":true,"w":39.5,"h":56.0,"label":"Collector"},{"vendor":"houseofspoils","url":"https://houseofspoils.com/products/natalie-obradovich-amore-mio?variant=41592257282110","price":3450.0,"currency":"USD","framed":true,"w":46.0,"h":66.0,"label":"Exhibition"}]
hos-riley-harper-sicilian-summer	Riley Harper	https://houseofspoils.com/products/riley-harper-sicilian-summer	Sicilian Summer	photo	film	https://cdn.shopify.com/s/files/1/0115/7385/4270/products/RH19.jpg?width=560	[{"vendor":"houseofspoils","url":"https://houseofspoils.com/products/riley-harper-sicilian-summer?variant=40038090670142","price":225.0,"currency":"USD","framed":true,"w":18.5,"h":14.5,"label":"Small"},{"vendor":"houseofspoils","url":"https://houseofspoils.com/products/riley-harper-sicilian-summer?variant=41592260263998","price":400.0,"currency":"USD","framed":true,"w":26.0,"h":19.5,"label":"Medium"},{"vendor":"houseofspoils","url":"https://houseofspoils.com/products/riley-harper-sicilian-summer?variant=41592260395070","price":590.0,"currency":"USD","framed":true,"w":33.5,"h":24.5,"label":"Large"},{"vendor":"houseofspoils","url":"https://houseofspoils.com/products/riley-harper-sicilian-summer?variant=41592260526142","price":1050.0,"currency":"USD","framed":true,"w":44.0,"h":31.5,"label":"Giant"},{"vendor":"houseofspoils","url":"https://houseofspoils.com/products/riley-harper-sicilian-summer?variant=41592260657214","price":1975.0,"currency":"USD","framed":true,"w":56.0,"h":39.5,"label":"Collector"},{"vendor":"houseofspoils","url":"https://houseofspoils.com/products/riley-harper-sicilian-summer?variant=41592260788286","price":3450.0,"currency":"USD","framed":true,"w":66.0,"h":46.0,"label":"Exhibition"}]
hos-dane-grady-spire	Dane Grady	https://houseofspoils.com/products/dane-grady-spire	Spire	photo	film	https://cdn.shopify.com/s/files/1/0115/7385/4270/products/DG03.jpg?width=560	[{"vendor":"houseofspoils","url":"https://houseofspoils.com/products/dane-grady-spire?variant=40038092374078","price":225.0,"currency":"USD","framed":true,"w":18.5,"h":14.5,"label":"Small"},{"vendor":"houseofspoils","url":"https://houseofspoils.com/products/dane-grady-spire?variant=41592262590526","price":400.0,"currency":"USD","framed":true,"w":26.0,"h":19.5,"label":"Medium"},{"vendor":"houseofspoils","url":"https://houseofspoils.com/products/dane-grady-spire?variant=41592262721598","price":590.0,"currency":"USD","framed":true,"w":33.5,"h":24.5,"label":"Large"},{"vendor":"houseofspoils","url":"https://houseofspoils.com/products/dane-grady-spire?variant=41592262852670","price":1050.0,"currency":"USD","framed":true,"w":44.0,"h":31.5,"label":"Giant"},{"vendor":"houseofspoils","url":"https://houseofspoils.com/products/dane-grady-spire?variant=41592262983742","price":1975.0,"currency":"USD","framed":true,"w":56.0,"h":39.5,"label":"Collector"},{"vendor":"houseofspoils","url":"https://houseofspoils.com/products/dane-grady-spire?variant=41592263114814","price":3450.0,"currency":"USD","framed":true,"w":66.0,"h":46.0,"label":"Exhibition"}]
hos-ted-gushue-ferrari-gto	Ted Gushue	https://houseofspoils.com/products/ted-gushue-ferrari-gto	Ferrari GTO Villa D’Este	photo	film	https://cdn.shopify.com/s/files/1/0115/7385/4270/products/TG18.jpg?width=560	[{"vendor":"houseofspoils","url":"https://houseofspoils.com/products/ted-gushue-ferrari-gto?variant=40038099648574","price":225.0,"currency":"USD","framed":true,"w":14.5,"h":18.5,"label":"Small"},{"vendor":"houseofspoils","url":"https://houseofspoils.com/products/ted-gushue-ferrari-gto?variant=41592264917054","price":400.0,"currency":"USD","framed":true,"w":19.5,"h":26.0,"label":"Medium"},{"vendor":"houseofspoils","url":"https://houseofspoils.com/products/ted-gushue-ferrari-gto?variant=41592265048126","price":590.0,"currency":"USD","framed":true,"w":24.5,"h":33.5,"label":"Large"},{"vendor":"houseofspoils","url":"https://houseofspoils.com/products/ted-gushue-ferrari-gto?variant=41592265179198","price":1050.0,"currency":"USD","framed":true,"w":31.5,"h":44.0,"label":"Giant"},{"vendor":"houseofspoils","url":"https://houseofspoils.com/products/ted-gushue-ferrari-gto?variant=41592265310270","price":1975.0,"currency":"USD","framed":true,"w":39.5,"h":56.0,"label":"Collector"},{"vendor":"houseofspoils","url":"https://houseofspoils.com/products/ted-gushue-ferrari-gto?variant=41592265441342","price":3450.0,"currency":"USD","framed":true,"w":46.0,"h":66.0,"label":"Exhibition"}]
hos-ted-gushue-air-carrera	Ted Gushue	https://houseofspoils.com/products/ted-gushue-air-carrera	Air Carrera	photo	film	https://cdn.shopify.com/s/files/1/0115/7385/4270/products/TG17.jpg?width=560	[{"vendor":"houseofspoils","url":"https://houseofspoils.com/products/ted-gushue-air-carrera?variant=40038756417598","price":225.0,"currency":"USD","framed":true,"w":14.5,"h":18.5,"label":"Small"},{"vendor":"houseofspoils","url":"https://houseofspoils.com/products/ted-gushue-air-carrera?variant=41592266424382","price":400.0,"currency":"USD","framed":true,"w":19.5,"h":26.0,"label":"Medium"},{"vendor":"houseofspoils","url":"https://houseofspoils.com/products/ted-gushue-air-carrera?variant=41592266555454","price":590.0,"currency":"USD","framed":true,"w":24.5,"h":33.5,"label":"Large"},{"vendor":"houseofspoils","url":"https://houseofspoils.com/products/ted-gushue-air-carrera?variant=41592266686526","price":1050.0,"currency":"USD","framed":true,"w":31.5,"h":44.0,"label":"Giant"},{"vendor":"houseofspoils","url":"https://houseofspoils.com/products/ted-gushue-air-carrera?variant=41592266817598","price":1975.0,"currency":"USD","framed":true,"w":39.5,"h":56.0,"label":"Collector"},{"vendor":"houseofspoils","url":"https://houseofspoils.com/products/ted-gushue-air-carrera?variant=41592266948670","price":3450.0,"currency":"USD","framed":true,"w":46.0,"h":66.0,"label":"Exhibition"}]
hos-james-barkman-view-from-the-saddle	James Barkman	https://houseofspoils.com/products/james-barkman-view-from-the-saddle	View from the Saddle	photo	film	https://cdn.shopify.com/s/files/1/0115/7385/4270/products/JB02.jpg?width=560	[{"vendor":"houseofspoils","url":"https://houseofspoils.com/products/james-barkman-view-from-the-saddle?variant=40038758514750","price":225.0,"currency":"USD","framed":true,"w":18.5,"h":14.5,"label":"Small"},{"vendor":"houseofspoils","url":"https://houseofspoils.com/products/james-barkman-view-from-the-saddle?variant=41592269045822","price":400.0,"currency":"USD","framed":true,"w":26.0,"h":19.5,"label":"Medium"},{"vendor":"houseofspoils","url":"https://houseofspoils.com/products/james-barkman-view-from-the-saddle?variant=41592269176894","price":590.0,"currency":"USD","framed":true,"w":33.5,"h":24.5,"label":"Large"},{"vendor":"houseofspoils","url":"https://houseofspoils.com/products/james-barkman-view-from-the-saddle?variant=41592269307966","price":1050.0,"currency":"USD","framed":true,"w":44.0,"h":31.5,"label":"Giant"},{"vendor":"houseofspoils","url":"https://houseofspoils.com/products/james-barkman-view-from-the-saddle?variant=41592269439038","price":1975.0,"currency":"USD","framed":true,"w":56.0,"h":39.5,"label":"Collector"},{"vendor":"houseofspoils","url":"https://houseofspoils.com/products/james-barkman-view-from-the-saddle?variant=41592269570110","price":3450.0,"currency":"USD","framed":true,"w":66.0,"h":46.0,"label":"Exhibition"}]
hos-ted-gushue-giardini-di-villa-deste	Ted Gushue	https://houseofspoils.com/products/ted-gushue-giardini-di-villa-deste	Giardini di Villa d'Este	photo	film	https://cdn.shopify.com/s/files/1/0115/7385/4270/products/Giadini-Di-Villa-D_este.jpg?width=560	[{"vendor":"houseofspoils","url":"https://houseofspoils.com/products/ted-gushue-giardini-di-villa-deste?variant=40038264340542","price":225.0,"currency":"USD","framed":true,"w":14.5,"h":18.5,"label":"Small"},{"vendor":"houseofspoils","url":"https://houseofspoils.com/products/ted-gushue-giardini-di-villa-deste?variant=41592405327934","price":400.0,"currency":"USD","framed":true,"w":19.5,"h":26.0,"label":"Medium"},{"vendor":"houseofspoils","url":"https://houseofspoils.com/products/ted-gushue-giardini-di-villa-deste?variant=41592405459006","price":590.0,"currency":"USD","framed":true,"w":24.5,"h":33.5,"label":"Large"},{"vendor":"houseofspoils","url":"https://houseofspoils.com/products/ted-gushue-giardini-di-villa-deste?variant=41592405590078","price":1050.0,"currency":"USD","framed":true,"w":31.5,"h":44.0,"label":"Giant"},{"vendor":"houseofspoils","url":"https://houseofspoils.com/products/ted-gushue-giardini-di-villa-deste?variant=41592405721150","price":1975.0,"currency":"USD","framed":true,"w":39.5,"h":56.0,"label":"Collector"},{"vendor":"houseofspoils","url":"https://houseofspoils.com/products/ted-gushue-giardini-di-villa-deste?variant=41592405852222","price":3450.0,"currency":"USD","framed":true,"w":46.0,"h":66.0,"label":"Exhibition"}]
hos-davide-de-martis-frozen	Davide de Martis	https://houseofspoils.com/products/davide-de-martis-frozen	Frozen	photo	film	https://cdn.shopify.com/s/files/1/0115/7385/4270/products/DM02.jpg?width=560	[{"vendor":"houseofspoils","url":"https://houseofspoils.com/products/davide-de-martis-frozen?variant=40038114164798","price":225.0,"currency":"USD","framed":true,"w":14.5,"h":18.5,"label":"Small"},{"vendor":"houseofspoils","url":"https://houseofspoils.com/products/davide-de-martis-frozen?variant=41592270848062","price":400.0,"currency":"USD","framed":true,"w":19.5,"h":26.0,"label":"Medium"},{"vendor":"houseofspoils","url":"https://houseofspoils.com/products/davide-de-martis-frozen?variant=41592270979134","price":590.0,"currency":"USD","framed":true,"w":24.5,"h":33.5,"label":"Large"},{"vendor":"houseofspoils","url":"https://houseofspoils.com/products/davide-de-martis-frozen?variant=41592271110206","price":1050.0,"currency":"USD","framed":true,"w":31.5,"h":44.0,"label":"Giant"},{"vendor":"houseofspoils","url":"https://houseofspoils.com/products/davide-de-martis-frozen?variant=41592271241278","price":1975.0,"currency":"USD","framed":true,"w":39.5,"h":56.0,"label":"Collector"},{"vendor":"houseofspoils","url":"https://houseofspoils.com/products/davide-de-martis-frozen?variant=41592271372350","price":3450.0,"currency":"USD","framed":true,"w":46.0,"h":66.0,"label":"Exhibition"}]
hos-natalie-obradovich-club-scannella	Natalie Obradovich	https://houseofspoils.com/products/natalie-obradovich-club-scannella	Club Scannella	photo	film	https://cdn.shopify.com/s/files/1/0115/7385/4270/products/NO24.jpg?width=560	[{"vendor":"houseofspoils","url":"https://houseofspoils.com/products/natalie-obradovich-club-scannella?variant=40038117343294","price":225.0,"currency":"USD","framed":true,"w":14.5,"h":18.5,"label":"Small"},{"vendor":"houseofspoils","url":"https://houseofspoils.com/products/natalie-obradovich-club-scannella?variant=41592275042366","price":400.0,"currency":"USD","framed":true,"w":19.5,"h":26.0,"label":"Medium"},{"vendor":"houseofspoils","url":"https://houseofspoils.com/products/natalie-obradovich-club-scannella?variant=41592275173438","price":590.0,"currency":"USD","framed":true,"w":24.5,"h":33.5,"label":"Large"},{"vendor":"houseofspoils","url":"https://houseofspoils.com/products/natalie-obradovich-club-scannella?variant=41592275304510","price":1050.0,"currency":"USD","framed":true,"w":31.5,"h":44.0,"label":"Giant"},{"vendor":"houseofspoils","url":"https://houseofspoils.com/products/natalie-obradovich-club-scannella?variant=41592275435582","price":1975.0,"currency":"USD","framed":true,"w":39.5,"h":56.0,"label":"Collector"},{"vendor":"houseofspoils","url":"https://houseofspoils.com/products/natalie-obradovich-club-scannella?variant=41592275566654","price":3450.0,"currency":"USD","framed":true,"w":46.0,"h":66.0,"label":"Exhibition"}]
hos-clint-robert-overdue	Clint Robert	https://houseofspoils.com/products/clint-robert-overdue	Overdue	photo	film	https://cdn.shopify.com/s/files/1/0115/7385/4270/products/CR05.jpg?width=560	[{"vendor":"houseofspoils","url":"https://houseofspoils.com/products/clint-robert-overdue?variant=40038119178302","price":225.0,"currency":"USD","framed":true,"w":14.5,"h":18.5,"label":"Small"},{"vendor":"houseofspoils","url":"https://houseofspoils.com/products/clint-robert-overdue?variant=41592277532734","price":400.0,"currency":"USD","framed":true,"w":19.5,"h":26.0,"label":"Medium"},{"vendor":"houseofspoils","url":"https://houseofspoils.com/products/clint-robert-overdue?variant=41592277663806","price":590.0,"currency":"USD","framed":true,"w":24.5,"h":33.5,"label":"Large"},{"vendor":"houseofspoils","url":"https://houseofspoils.com/products/clint-robert-overdue?variant=41592277794878","price":1050.0,"currency":"USD","framed":true,"w":31.5,"h":44.0,"label":"Giant"},{"vendor":"houseofspoils","url":"https://houseofspoils.com/products/clint-robert-overdue?variant=41592277925950","price":1975.0,"currency":"USD","framed":true,"w":39.5,"h":56.0,"label":"Collector"},{"vendor":"houseofspoils","url":"https://houseofspoils.com/products/clint-robert-overdue?variant=41592278057022","price":3450.0,"currency":"USD","framed":true,"w":46.0,"h":66.0,"label":"Exhibition"}]
hos-davide-de-martis-sunday-drive	Davide de Martis	https://houseofspoils.com/products/davide-de-martis-sunday-drive	Sunday Drive	photo	film	https://cdn.shopify.com/s/files/1/0115/7385/4270/products/DM01-S-F.jpg?width=560	[{"vendor":"houseofspoils","url":"https://houseofspoils.com/products/davide-de-martis-sunday-drive?variant=40038120915006","price":225.0,"currency":"USD","framed":true,"w":18.5,"h":14.5,"label":"Small"},{"vendor":"houseofspoils","url":"https://houseofspoils.com/products/davide-de-martis-sunday-drive?variant=41592278876222","price":400.0,"currency":"USD","framed":true,"w":26.0,"h":19.5,"label":"Medium"},{"vendor":"houseofspoils","url":"https://houseofspoils.com/products/davide-de-martis-sunday-drive?variant=41592279007294","price":590.0,"currency":"USD","framed":true,"w":33.5,"h":24.5,"label":"Large"},{"vendor":"houseofspoils","url":"https://houseofspoils.com/products/davide-de-martis-sunday-drive?variant=41592279138366","price":1050.0,"currency":"USD","framed":true,"w":44.0,"h":31.5,"label":"Giant"},{"vendor":"houseofspoils","url":"https://houseofspoils.com/products/davide-de-martis-sunday-drive?variant=41592279269438","price":1975.0,"currency":"USD","framed":true,"w":56.0,"h":39.5,"label":"Collector"},{"vendor":"houseofspoils","url":"https://houseofspoils.com/products/davide-de-martis-sunday-drive?variant=41592279400510","price":3450.0,"currency":"USD","framed":true,"w":66.0,"h":46.0,"label":"Exhibition"}]
hos-danny-franzreb-poniente-beach	Danny Franzreb	https://houseofspoils.com/products/danny-franzreb-poniente-beach	Poniente Beach	photo	film	https://cdn.shopify.com/s/files/1/0115/7385/4270/products/DF05.jpg?width=560	[{"vendor":"houseofspoils","url":"https://houseofspoils.com/products/danny-franzreb-poniente-beach?variant=40038122520638","price":225.0,"currency":"USD","framed":true,"w":18.5,"h":14.5,"label":"Small"},{"vendor":"houseofspoils","url":"https://houseofspoils.com/products/danny-franzreb-poniente-beach?variant=41592281595966","price":400.0,"currency":"USD","framed":true,"w":26.0,"h":19.5,"label":"Medium"},{"vendor":"houseofspoils","url":"https://houseofspoils.com/products/danny-franzreb-poniente-beach?variant=41592281727038","price":590.0,"currency":"USD","framed":true,"w":33.5,"h":24.5,"label":"Large"},{"vendor":"houseofspoils","url":"https://houseofspoils.com/products/danny-franzreb-poniente-beach?variant=41592281858110","price":1050.0,"currency":"USD","framed":true,"w":44.0,"h":31.5,"label":"Giant"},{"vendor":"houseofspoils","url":"https://houseofspoils.com/products/danny-franzreb-poniente-beach?variant=41592281989182","price":1975.0,"currency":"USD","framed":true,"w":56.0,"h":39.5,"label":"Collector"},{"vendor":"houseofspoils","url":"https://houseofspoils.com/products/danny-franzreb-poniente-beach?variant=41592282120254","price":3450.0,"currency":"USD","framed":true,"w":66.0,"h":46.0,"label":"Exhibition"}]
hos-danny-franzreb-levante-beach	Danny Franzreb	https://houseofspoils.com/products/danny-franzreb-levante-beach	Levante Beach	photo	film	https://cdn.shopify.com/s/files/1/0115/7385/4270/products/DF03.jpg?width=560	[{"vendor":"houseofspoils","url":"https://houseofspoils.com/products/danny-franzreb-levante-beach?variant=40038124060734","price":225.0,"currency":"USD","framed":true,"w":14.5,"h":18.5,"label":"Small"},{"vendor":"houseofspoils","url":"https://houseofspoils.com/products/danny-franzreb-levante-beach?variant=41592284545086","price":400.0,"currency":"USD","framed":true,"w":19.5,"h":26.0,"label":"Medium"},{"vendor":"houseofspoils","url":"https://houseofspoils.com/products/danny-franzreb-levante-beach?variant=41592284676158","price":590.0,"currency":"USD","framed":true,"w":24.5,"h":33.5,"label":"Large"},{"vendor":"houseofspoils","url":"https://houseofspoils.com/products/danny-franzreb-levante-beach?variant=41592284807230","price":1050.0,"currency":"USD","framed":true,"w":31.5,"h":44.0,"label":"Giant"},{"vendor":"houseofspoils","url":"https://houseofspoils.com/products/danny-franzreb-levante-beach?variant=41592284938302","price":1975.0,"currency":"USD","framed":true,"w":39.5,"h":56.0,"label":"Collector"},{"vendor":"houseofspoils","url":"https://houseofspoils.com/products/danny-franzreb-levante-beach?variant=41592285069374","price":3450.0,"currency":"USD","framed":true,"w":46.0,"h":66.0,"label":"Exhibition"}]
hos-danny-franzreb-olympic-stadium	Danny Franzreb	https://houseofspoils.com/products/danny-franzreb-olympic-stadium	Olympic Stadium	photo	film	https://cdn.shopify.com/s/files/1/0115/7385/4270/products/DF02.jpg?width=560	[{"vendor":"houseofspoils","url":"https://houseofspoils.com/products/danny-franzreb-olympic-stadium?variant=40038125633598","price":225.0,"currency":"USD","framed":true,"w":18.5,"h":14.5,"label":"Small"},{"vendor":"houseofspoils","url":"https://houseofspoils.com/products/danny-franzreb-olympic-stadium?variant=41592285855806","price":400.0,"currency":"USD","framed":true,"w":26.0,"h":19.5,"label":"Medium"},{"vendor":"houseofspoils","url":"https://houseofspoils.com/products/danny-franzreb-olympic-stadium?variant=41592285986878","price":590.0,"currency":"USD","framed":true,"w":33.5,"h":24.5,"label":"Large"},{"vendor":"houseofspoils","url":"https://houseofspoils.com/products/danny-franzreb-olympic-stadium?variant=41592286117950","price":1050.0,"currency":"USD","framed":true,"w":44.0,"h":31.5,"label":"Giant"},{"vendor":"houseofspoils","url":"https://houseofspoils.com/products/danny-franzreb-olympic-stadium?variant=41592286249022","price":1975.0,"currency":"USD","framed":true,"w":56.0,"h":39.5,"label":"Collector"},{"vendor":"houseofspoils","url":"https://houseofspoils.com/products/danny-franzreb-olympic-stadium?variant=41592286380094","price":3450.0,"currency":"USD","framed":true,"w":66.0,"h":46.0,"label":"Exhibition"}]
hos-tom-hawkins-casual	Tom Hawkins	https://houseofspoils.com/products/tom-hawkins-casual	Casual	photo	film	https://cdn.shopify.com/s/files/1/0115/7385/4270/products/TH08-S-F.jpg?width=560	[{"vendor":"houseofspoils","url":"https://houseofspoils.com/products/tom-hawkins-casual?variant=40038368411710","price":225.0,"currency":"USD","framed":true,"w":18.5,"h":14.5,"label":"Small"},{"vendor":"houseofspoils","url":"https://houseofspoils.com/products/tom-hawkins-casual?variant=41591922884670","price":400.0,"currency":"USD","framed":true,"w":26.0,"h":19.5,"label":"Medium"},{"vendor":"houseofspoils","url":"https://houseofspoils.com/products/tom-hawkins-casual?variant=41591923015742","price":590.0,"currency":"USD","framed":true,"w":33.5,"h":24.5,"label":"Large"},{"vendor":"houseofspoils","url":"https://houseofspoils.com/products/tom-hawkins-casual?variant=41591923146814","price":1050.0,"currency":"USD","framed":true,"w":44.0,"h":31.5,"label":"Giant"},{"vendor":"houseofspoils","url":"https://houseofspoils.com/products/tom-hawkins-casual?variant=41591923277886","price":1975.0,"currency":"USD","framed":true,"w":56.0,"h":39.5,"label":"Collector"},{"vendor":"houseofspoils","url":"https://houseofspoils.com/products/tom-hawkins-casual?variant=41591923408958","price":3450.0,"currency":"USD","framed":true,"w":66.0,"h":46.0,"label":"Exhibition"}]
hos-vincent-perraud-fall-drive	Vincent Perraud	https://houseofspoils.com/products/vincent-perraud-fall-drive	Fall Drive	photo	film	https://cdn.shopify.com/s/files/1/0115/7385/4270/products/Fall-Drive.jpg?width=560	[{"vendor":"houseofspoils","url":"https://houseofspoils.com/products/vincent-perraud-fall-drive?variant=40038300844094","price":225.0,"currency":"USD","framed":true,"w":18.5,"h":14.5,"label":"Small"},{"vendor":"houseofspoils","url":"https://houseofspoils.com/products/vincent-perraud-fall-drive?variant=41592441864254","price":400.0,"currency":"USD","framed":true,"w":26.0,"h":19.5,"label":"Medium"},{"vendor":"houseofspoils","url":"https://houseofspoils.com/products/vincent-perraud-fall-drive?variant=41592441995326","price":590.0,"currency":"USD","framed":true,"w":33.5,"h":24.5,"label":"Large"},{"vendor":"houseofspoils","url":"https://houseofspoils.com/products/vincent-perraud-fall-drive?variant=41592442126398","price":1050.0,"currency":"USD","framed":true,"w":44.0,"h":31.5,"label":"Giant"},{"vendor":"houseofspoils","url":"https://houseofspoils.com/products/vincent-perraud-fall-drive?variant=41592442257470","price":1975.0,"currency":"USD","framed":true,"w":56.0,"h":39.5,"label":"Collector"},{"vendor":"houseofspoils","url":"https://houseofspoils.com/products/vincent-perraud-fall-drive?variant=41592442388542","price":3450.0,"currency":"USD","framed":true,"w":66.0,"h":46.0,"label":"Exhibition"}]
hos-marcus-lloyd-miami	Marcus Lloyd	https://houseofspoils.com/products/marcus-lloyd-miami	Miami Beach	photo	film	https://cdn.shopify.com/s/files/1/0115/7385/4270/products/ML02.jpg?width=560	[{"vendor":"houseofspoils","url":"https://houseofspoils.com/products/marcus-lloyd-miami?variant=40038127403070","price":225.0,"currency":"USD","framed":true,"w":18.5,"h":14.5,"label":"Small"},{"vendor":"houseofspoils","url":"https://houseofspoils.com/products/marcus-lloyd-miami?variant=41592287002686","price":400.0,"currency":"USD","framed":true,"w":26.0,"h":19.5,"label":"Medium"},{"vendor":"houseofspoils","url":"https://houseofspoils.com/products/marcus-lloyd-miami?variant=41592287133758","price":590.0,"currency":"USD","framed":true,"w":33.5,"h":24.5,"label":"Large"},{"vendor":"houseofspoils","url":"https://houseofspoils.com/products/marcus-lloyd-miami?variant=41592287264830","price":1050.0,"currency":"USD","framed":true,"w":44.0,"h":31.5,"label":"Giant"},{"vendor":"houseofspoils","url":"https://houseofspoils.com/products/marcus-lloyd-miami?variant=41592287395902","price":1975.0,"currency":"USD","framed":true,"w":56.0,"h":39.5,"label":"Collector"},{"vendor":"houseofspoils","url":"https://houseofspoils.com/products/marcus-lloyd-miami?variant=41592287526974","price":3450.0,"currency":"USD","framed":true,"w":66.0,"h":46.0,"label":"Exhibition"}]
hos-nikki-brand-flower-shower	Nikki Brand	https://houseofspoils.com/products/nikki-brand-flower-shower	Flower Shower	photo	film	https://cdn.shopify.com/s/files/1/0115/7385/4270/products/NB04.jpg?width=560	[{"vendor":"houseofspoils","url":"https://houseofspoils.com/products/nikki-brand-flower-shower?variant=40038128943166","price":225.0,"currency":"USD","framed":true,"w":14.5,"h":18.5,"label":"Small"},{"vendor":"houseofspoils","url":"https://houseofspoils.com/products/nikki-brand-flower-shower?variant=41592288346174","price":400.0,"currency":"USD","framed":true,"w":19.5,"h":26.0,"label":"Medium"},{"vendor":"houseofspoils","url":"https://houseofspoils.com/products/nikki-brand-flower-shower?variant=41592288477246","price":590.0,"currency":"USD","framed":true,"w":24.5,"h":33.5,"label":"Large"},{"vendor":"houseofspoils","url":"https://houseofspoils.com/products/nikki-brand-flower-shower?variant=41592288608318","price":1050.0,"currency":"USD","framed":true,"w":31.5,"h":44.0,"label":"Giant"},{"vendor":"houseofspoils","url":"https://houseofspoils.com/products/nikki-brand-flower-shower?variant=41592288739390","price":1975.0,"currency":"USD","framed":true,"w":39.5,"h":56.0,"label":"Collector"},{"vendor":"houseofspoils","url":"https://houseofspoils.com/products/nikki-brand-flower-shower?variant=41592288870462","price":3450.0,"currency":"USD","framed":true,"w":46.0,"h":66.0,"label":"Exhibition"}]
hos-fabrizio-daloisio-kilometre-lance	Fabrizio D'Aloisio	https://houseofspoils.com/products/fabrizio-daloisio-kilometre-lance	Kilomètre Lancé	photo	film	https://cdn.shopify.com/s/files/1/0115/7385/4270/products/lance.jpg?width=560	[{"vendor":"houseofspoils","url":"https://houseofspoils.com/products/fabrizio-daloisio-kilometre-lance?variant=40038133792830","price":225.0,"currency":"USD","framed":true,"w":14.5,"h":18.5,"label":"Small"},{"vendor":"houseofspoils","url":"https://houseofspoils.com/products/fabrizio-daloisio-kilometre-lance?variant=41592295129150","price":400.0,"currency":"USD","framed":true,"w":19.5,"h":26.0,"label":"Medium"},{"vendor":"houseofspoils","url":"https://houseofspoils.com/products/fabrizio-daloisio-kilometre-lance?variant=41592295260222","price":590.0,"currency":"USD","framed":true,"w":24.5,"h":33.5,"label":"Large"},{"vendor":"houseofspoils","url":"https://houseofspoils.com/products/fabrizio-daloisio-kilometre-lance?variant=41592295391294","price":1050.0,"currency":"USD","framed":true,"w":31.5,"h":44.0,"label":"Giant"},{"vendor":"houseofspoils","url":"https://houseofspoils.com/products/fabrizio-daloisio-kilometre-lance?variant=41592295522366","price":1975.0,"currency":"USD","framed":true,"w":39.5,"h":56.0,"label":"Collector"},{"vendor":"houseofspoils","url":"https://houseofspoils.com/products/fabrizio-daloisio-kilometre-lance?variant=41592295653438","price":3450.0,"currency":"USD","framed":true,"w":46.0,"h":66.0,"label":"Exhibition"}]
hos-funboy-float-oasis	Brecht Van't Hof	https://houseofspoils.com/products/funboy-float-oasis	Float Oasis	photo	film	https://cdn.shopify.com/s/files/1/0115/7385/4270/products/Float-Oasis.jpg?width=560	[{"vendor":"houseofspoils","url":"https://houseofspoils.com/products/funboy-float-oasis?variant=40038320996414","price":225.0,"currency":"USD","framed":true,"w":18.5,"h":14.5,"label":"Small"},{"vendor":"houseofspoils","url":"https://houseofspoils.com/products/funboy-float-oasis?variant=41592462770238","price":400.0,"currency":"USD","framed":true,"w":26.0,"h":19.5,"label":"Medium"},{"vendor":"houseofspoils","url":"https://houseofspoils.com/products/funboy-float-oasis?variant=41592462901310","price":590.0,"currency":"USD","framed":true,"w":33.5,"h":24.5,"label":"Large"},{"vendor":"houseofspoils","url":"https://houseofspoils.com/products/funboy-float-oasis?variant=41592463032382","price":1050.0,"currency":"USD","framed":true,"w":44.0,"h":31.5,"label":"Giant"},{"vendor":"houseofspoils","url":"https://houseofspoils.com/products/funboy-float-oasis?variant=41592463163454","price":1975.0,"currency":"USD","framed":true,"w":56.0,"h":39.5,"label":"Collector"},{"vendor":"houseofspoils","url":"https://houseofspoils.com/products/funboy-float-oasis?variant=41592463294526","price":3450.0,"currency":"USD","framed":true,"w":66.0,"h":46.0,"label":"Exhibition"}]
hos-vincent-perraud-dusk-patrol	Vincent Perraud	https://houseofspoils.com/products/vincent-perraud-dusk-patrol	Dusk Patrol	photo	film	https://cdn.shopify.com/s/files/1/0115/7385/4270/products/Dusk-Patrol.jpg?width=560	[{"vendor":"houseofspoils","url":"https://houseofspoils.com/products/vincent-perraud-dusk-patrol?variant=40038136873022","price":225.0,"currency":"USD","framed":true,"w":18.5,"h":14.5,"label":"Small"},{"vendor":"houseofspoils","url":"https://houseofspoils.com/products/vincent-perraud-dusk-patrol?variant=41592298438718","price":400.0,"currency":"USD","framed":true,"w":26.0,"h":19.5,"label":"Medium"},{"vendor":"houseofspoils","url":"https://houseofspoils.com/products/vincent-perraud-dusk-patrol?variant=41592298569790","price":590.0,"currency":"USD","framed":true,"w":33.5,"h":24.5,"label":"Large"},{"vendor":"houseofspoils","url":"https://houseofspoils.com/products/vincent-perraud-dusk-patrol?variant=41592298700862","price":1050.0,"currency":"USD","framed":true,"w":44.0,"h":31.5,"label":"Giant"},{"vendor":"houseofspoils","url":"https://houseofspoils.com/products/vincent-perraud-dusk-patrol?variant=41592298831934","price":1975.0,"currency":"USD","framed":true,"w":56.0,"h":39.5,"label":"Collector"},{"vendor":"houseofspoils","url":"https://houseofspoils.com/products/vincent-perraud-dusk-patrol?variant=41592298963006","price":3450.0,"currency":"USD","framed":true,"w":66.0,"h":46.0,"label":"Exhibition"}]
hos-jared-chambers-navajo-nation	Jared Chambers	https://houseofspoils.com/products/jared-chambers-navajo-nation	Navajo Nation	photo	film	https://cdn.shopify.com/s/files/1/0115/7385/4270/products/Navajo-Nation.jpg?width=560	[{"vendor":"houseofspoils","url":"https://houseofspoils.com/products/jared-chambers-navajo-nation?variant=40038138478654","price":225.0,"currency":"USD","framed":true,"w":18.5,"h":14.5,"label":"Small"},{"vendor":"houseofspoils","url":"https://houseofspoils.com/products/jared-chambers-navajo-nation?variant=41592301420606","price":400.0,"currency":"USD","framed":true,"w":26.0,"h":19.5,"label":"Medium"},{"vendor":"houseofspoils","url":"https://houseofspoils.com/products/jared-chambers-navajo-nation?variant=41592302075966","price":590.0,"currency":"USD","framed":true,"w":33.5,"h":24.5,"label":"Large"},{"vendor":"houseofspoils","url":"https://houseofspoils.com/products/jared-chambers-navajo-nation?variant=41592302207038","price":1050.0,"currency":"USD","framed":true,"w":44.0,"h":31.5,"label":"Giant"},{"vendor":"houseofspoils","url":"https://houseofspoils.com/products/jared-chambers-navajo-nation?variant=41592302338110","price":1975.0,"currency":"USD","framed":true,"w":56.0,"h":39.5,"label":"Collector"},{"vendor":"houseofspoils","url":"https://houseofspoils.com/products/jared-chambers-navajo-nation?variant=41592302469182","price":3450.0,"currency":"USD","framed":true,"w":66.0,"h":46.0,"label":"Exhibition"}]
hos-fabrizio-daloisio-too-hot	Fabrizio D'Aloisio	https://houseofspoils.com/products/fabrizio-daloisio-too-hot	Too Hot	photo	film	https://cdn.shopify.com/s/files/1/0115/7385/4270/products/Too-Hot.jpg?width=560	[{"vendor":"houseofspoils","url":"https://houseofspoils.com/products/fabrizio-daloisio-too-hot?variant=40038140313662","price":225.0,"currency":"USD","framed":true,"w":18.5,"h":14.5,"label":"Small"},{"vendor":"houseofspoils","url":"https://houseofspoils.com/products/fabrizio-daloisio-too-hot?variant=41592303616062","price":400.0,"currency":"USD","framed":true,"w":26.0,"h":19.5,"label":"Medium"},{"vendor":"houseofspoils","url":"https://houseofspoils.com/products/fabrizio-daloisio-too-hot?variant=41592303747134","price":590.0,"currency":"USD","framed":true,"w":33.5,"h":24.5,"label":"Large"},{"vendor":"houseofspoils","url":"https://houseofspoils.com/products/fabrizio-daloisio-too-hot?variant=41592303878206","price":1050.0,"currency":"USD","framed":true,"w":44.0,"h":31.5,"label":"Giant"},{"vendor":"houseofspoils","url":"https://houseofspoils.com/products/fabrizio-daloisio-too-hot?variant=41592304009278","price":1975.0,"currency":"USD","framed":true,"w":56.0,"h":39.5,"label":"Collector"},{"vendor":"houseofspoils","url":"https://houseofspoils.com/products/fabrizio-daloisio-too-hot?variant=41592304140350","price":3450.0,"currency":"USD","framed":true,"w":66.0,"h":46.0,"label":"Exhibition"}]
hos-jared-chambers-bonneville	Jared Chambers	https://houseofspoils.com/products/jared-chambers-bonneville	Bonneville	photo	film	https://cdn.shopify.com/s/files/1/0115/7385/4270/products/JC05-S-F.jpg?width=560	[{"vendor":"houseofspoils","url":"https://houseofspoils.com/products/jared-chambers-bonneville?variant=40038141919294","price":225.0,"currency":"USD","framed":true,"w":18.5,"h":14.5,"label":"Small"},{"vendor":"houseofspoils","url":"https://houseofspoils.com/products/jared-chambers-bonneville?variant=41592308367422","price":400.0,"currency":"USD","framed":true,"w":26.0,"h":19.5,"label":"Medium"},{"vendor":"houseofspoils","url":"https://houseofspoils.com/products/jared-chambers-bonneville?variant=41592308498494","price":590.0,"currency":"USD","framed":true,"w":33.5,"h":24.5,"label":"Large"},{"vendor":"houseofspoils","url":"https://houseofspoils.com/products/jared-chambers-bonneville?variant=41592308629566","price":1050.0,"currency":"USD","framed":true,"w":44.0,"h":31.5,"label":"Giant"},{"vendor":"houseofspoils","url":"https://houseofspoils.com/products/jared-chambers-bonneville?variant=41592308760638","price":1975.0,"currency":"USD","framed":true,"w":56.0,"h":39.5,"label":"Collector"},{"vendor":"houseofspoils","url":"https://houseofspoils.com/products/jared-chambers-bonneville?variant=41592308891710","price":3450.0,"currency":"USD","framed":true,"w":66.0,"h":46.0,"label":"Exhibition"}]
hos-aaron-brimhall-ab05	Aaron Brimhall	https://houseofspoils.com/products/aaron-brimhall-ab05	Diluted Lemonade	photo	film	https://cdn.shopify.com/s/files/1/0115/7385/4270/products/Diluted-Lemonade.jpg?width=560	[{"vendor":"houseofspoils","url":"https://houseofspoils.com/products/aaron-brimhall-ab05?variant=40038143524926","price":225.0,"currency":"USD","framed":true,"w":14.5,"h":18.5,"label":"Small"},{"vendor":"houseofspoils","url":"https://houseofspoils.com/products/aaron-brimhall-ab05?variant=41592309678142","price":400.0,"currency":"USD","framed":true,"w":19.5,"h":26.0,"label":"Medium"},{"vendor":"houseofspoils","url":"https://houseofspoils.com/products/aaron-brimhall-ab05?variant=41592309809214","price":590.0,"currency":"USD","framed":true,"w":24.5,"h":33.5,"label":"Large"},{"vendor":"houseofspoils","url":"https://houseofspoils.com/products/aaron-brimhall-ab05?variant=41592309940286","price":1050.0,"currency":"USD","framed":true,"w":31.5,"h":44.0,"label":"Giant"},{"vendor":"houseofspoils","url":"https://houseofspoils.com/products/aaron-brimhall-ab05?variant=41592310071358","price":1975.0,"currency":"USD","framed":true,"w":39.5,"h":56.0,"label":"Collector"},{"vendor":"houseofspoils","url":"https://houseofspoils.com/products/aaron-brimhall-ab05?variant=41592310202430","price":3450.0,"currency":"USD","framed":true,"w":46.0,"h":66.0,"label":"Exhibition"}]
hos-brecht-vanthof-waikiki-vii	Brecht Van't Hof	https://houseofspoils.com/products/brecht-vanthof-waikiki-vii	Waikiki VII	photo	film	https://cdn.shopify.com/s/files/1/0115/7385/4270/products/Wikiki-VII.jpg?width=560	[{"vendor":"houseofspoils","url":"https://houseofspoils.com/products/brecht-vanthof-waikiki-vii?variant=40038145065022","price":225.0,"currency":"USD","framed":true,"w":14.5,"h":18.5,"label":"Small"},{"vendor":"houseofspoils","url":"https://houseofspoils.com/products/brecht-vanthof-waikiki-vii?variant=41592312528958","price":400.0,"currency":"USD","framed":true,"w":19.5,"h":26.0,"label":"Medium"},{"vendor":"houseofspoils","url":"https://houseofspoils.com/products/brecht-vanthof-waikiki-vii?variant=41592312660030","price":590.0,"currency":"USD","framed":true,"w":24.5,"h":33.5,"label":"Large"},{"vendor":"houseofspoils","url":"https://houseofspoils.com/products/brecht-vanthof-waikiki-vii?variant=41592312791102","price":1050.0,"currency":"USD","framed":true,"w":31.5,"h":44.0,"label":"Giant"},{"vendor":"houseofspoils","url":"https://houseofspoils.com/products/brecht-vanthof-waikiki-vii?variant=41592312922174","price":1975.0,"currency":"USD","framed":true,"w":39.5,"h":56.0,"label":"Collector"},{"vendor":"houseofspoils","url":"https://houseofspoils.com/products/brecht-vanthof-waikiki-vii?variant=41592313053246","price":3450.0,"currency":"USD","framed":true,"w":46.0,"h":66.0,"label":"Exhibition"}]
hos-brecht-vanthof-waikiki-v	Brecht Van't Hof	https://houseofspoils.com/products/brecht-vanthof-waikiki-v	Waikiki V	photo	film	https://cdn.shopify.com/s/files/1/0115/7385/4270/products/Wikiki-V.jpg?width=560	[{"vendor":"houseofspoils","url":"https://houseofspoils.com/products/brecht-vanthof-waikiki-v?variant=40038146670654","price":225.0,"currency":"USD","framed":true,"w":18.5,"h":14.5,"label":"Small"},{"vendor":"houseofspoils","url":"https://houseofspoils.com/products/brecht-vanthof-waikiki-v?variant=41592315347006","price":400.0,"currency":"USD","framed":true,"w":26.0,"h":19.5,"label":"Medium"},{"vendor":"houseofspoils","url":"https://houseofspoils.com/products/brecht-vanthof-waikiki-v?variant=41592315478078","price":590.0,"currency":"USD","framed":true,"w":33.5,"h":24.5,"label":"Large"},{"vendor":"houseofspoils","url":"https://houseofspoils.com/products/brecht-vanthof-waikiki-v?variant=41592315609150","price":1050.0,"currency":"USD","framed":true,"w":44.0,"h":31.5,"label":"Giant"},{"vendor":"houseofspoils","url":"https://houseofspoils.com/products/brecht-vanthof-waikiki-v?variant=41592315740222","price":1975.0,"currency":"USD","framed":true,"w":56.0,"h":39.5,"label":"Collector"},{"vendor":"houseofspoils","url":"https://houseofspoils.com/products/brecht-vanthof-waikiki-v?variant=41592315871294","price":3450.0,"currency":"USD","framed":true,"w":66.0,"h":46.0,"label":"Exhibition"}]
hos-natalie-obradovich-del-duoglio	Natalie Obradovich	https://houseofspoils.com/products/natalie-obradovich-del-duoglio	Del Duoglio	photo	film	https://cdn.shopify.com/s/files/1/0115/7385/4270/products/Del-Duoglio.jpg?width=560	[{"vendor":"houseofspoils","url":"https://houseofspoils.com/products/natalie-obradovich-del-duoglio?variant=40038149947454","price":225.0,"currency":"USD","framed":true,"w":18.5,"h":14.5,"label":"Small"},{"vendor":"houseofspoils","url":"https://houseofspoils.com/products/natalie-obradovich-del-duoglio?variant=41592323375166","price":400.0,"currency":"USD","framed":true,"w":26.0,"h":19.5,"label":"Medium"},{"vendor":"houseofspoils","url":"https://houseofspoils.com/products/natalie-obradovich-del-duoglio?variant=41592323506238","price":590.0,"currency":"USD","framed":true,"w":33.5,"h":24.5,"label":"Large"},{"vendor":"houseofspoils","url":"https://houseofspoils.com/products/natalie-obradovich-del-duoglio?variant=41592323637310","price":1050.0,"currency":"USD","framed":true,"w":44.0,"h":31.5,"label":"Giant"},{"vendor":"houseofspoils","url":"https://houseofspoils.com/products/natalie-obradovich-del-duoglio?variant=41592323768382","price":1975.0,"currency":"USD","framed":true,"w":56.0,"h":39.5,"label":"Collector"},{"vendor":"houseofspoils","url":"https://houseofspoils.com/products/natalie-obradovich-del-duoglio?variant=41592323899454","price":3450.0,"currency":"USD","framed":true,"w":66.0,"h":46.0,"label":"Exhibition"}]
hos-natalie-obradovich-santa-caterina	Natalie Obradovich	https://houseofspoils.com/products/natalie-obradovich-santa-caterina	Santa Caterina	photo	film	https://cdn.shopify.com/s/files/1/0115/7385/4270/products/Santa-Caterina.jpg?width=560	[{"vendor":"houseofspoils","url":"https://houseofspoils.com/products/natalie-obradovich-santa-caterina?variant=40038148309054","price":225.0,"currency":"USD","framed":true,"w":14.5,"h":18.5,"label":"Small"},{"vendor":"houseofspoils","url":"https://houseofspoils.com/products/natalie-obradovich-santa-caterina?variant=41592319541310","price":400.0,"currency":"USD","framed":true,"w":19.5,"h":26.0,"label":"Medium"},{"vendor":"houseofspoils","url":"https://houseofspoils.com/products/natalie-obradovich-santa-caterina?variant=41592319672382","price":590.0,"currency":"USD","framed":true,"w":24.5,"h":33.5,"label":"Large"},{"vendor":"houseofspoils","url":"https://houseofspoils.com/products/natalie-obradovich-santa-caterina?variant=41592319803454","price":1050.0,"currency":"USD","framed":true,"w":31.5,"h":44.0,"label":"Giant"},{"vendor":"houseofspoils","url":"https://houseofspoils.com/products/natalie-obradovich-santa-caterina?variant=41592319934526","price":1975.0,"currency":"USD","framed":true,"w":39.5,"h":56.0,"label":"Collector"},{"vendor":"houseofspoils","url":"https://houseofspoils.com/products/natalie-obradovich-santa-caterina?variant=41592320065598","price":3450.0,"currency":"USD","framed":true,"w":46.0,"h":66.0,"label":"Exhibition"}]
hos-marcus-lloyd-madison-avenue	Marcus Lloyd	https://houseofspoils.com/products/marcus-lloyd-madison-avenue	Madison Avenue	photo	film	https://cdn.shopify.com/s/files/1/0115/7385/4270/products/Madison-Avenue.jpg?width=560	[{"vendor":"houseofspoils","url":"https://houseofspoils.com/products/marcus-lloyd-madison-avenue?variant=40038151487550","price":225.0,"currency":"USD","framed":true,"w":14.5,"h":18.5,"label":"Small"},{"vendor":"houseofspoils","url":"https://houseofspoils.com/products/marcus-lloyd-madison-avenue?variant=41592325308478","price":400.0,"currency":"USD","framed":true,"w":19.5,"h":26.0,"label":"Medium"},{"vendor":"houseofspoils","url":"https://houseofspoils.com/products/marcus-lloyd-madison-avenue?variant=41592325439550","price":590.0,"currency":"USD","framed":true,"w":24.5,"h":33.5,"label":"Large"},{"vendor":"houseofspoils","url":"https://houseofspoils.com/products/marcus-lloyd-madison-avenue?variant=41592325570622","price":1050.0,"currency":"USD","framed":true,"w":31.5,"h":44.0,"label":"Giant"},{"vendor":"houseofspoils","url":"https://houseofspoils.com/products/marcus-lloyd-madison-avenue?variant=41592325701694","price":1975.0,"currency":"USD","framed":true,"w":39.5,"h":56.0,"label":"Collector"},{"vendor":"houseofspoils","url":"https://houseofspoils.com/products/marcus-lloyd-madison-avenue?variant=41592325832766","price":3450.0,"currency":"USD","framed":true,"w":46.0,"h":66.0,"label":"Exhibition"}]
hos-harry-mark-old-landy	Harry Mark	https://houseofspoils.com/products/harry-mark-old-landy	Old Landy	photo	film	https://cdn.shopify.com/s/files/1/0115/7385/4270/products/Old-Landy.jpg?width=560	[{"vendor":"houseofspoils","url":"https://houseofspoils.com/products/harry-mark-old-landy?variant=40038153027646","price":225.0,"currency":"USD","framed":true,"w":14.5,"h":18.5,"label":"Small"},{"vendor":"houseofspoils","url":"https://houseofspoils.com/products/harry-mark-old-landy?variant=41592326488126","price":400.0,"currency":"USD","framed":true,"w":19.5,"h":26.0,"label":"Medium"},{"vendor":"houseofspoils","url":"https://houseofspoils.com/products/harry-mark-old-landy?variant=41592326619198","price":590.0,"currency":"USD","framed":true,"w":24.5,"h":33.5,"label":"Large"},{"vendor":"houseofspoils","url":"https://houseofspoils.com/products/harry-mark-old-landy?variant=41592326750270","price":1050.0,"currency":"USD","framed":true,"w":31.5,"h":44.0,"label":"Giant"},{"vendor":"houseofspoils","url":"https://houseofspoils.com/products/harry-mark-old-landy?variant=41592326881342","price":1975.0,"currency":"USD","framed":true,"w":39.5,"h":56.0,"label":"Collector"},{"vendor":"houseofspoils","url":"https://houseofspoils.com/products/harry-mark-old-landy?variant=41592327012414","price":3450.0,"currency":"USD","framed":true,"w":46.0,"h":66.0,"label":"Exhibition"}]
hos-monti-smith-land-speed	Monti Smith	https://houseofspoils.com/products/monti-smith-land-speed	Land Speed	photo	film	https://cdn.shopify.com/s/files/1/0115/7385/4270/products/Land-Speed.jpg?width=560	[{"vendor":"houseofspoils","url":"https://houseofspoils.com/products/monti-smith-land-speed?variant=40038154534974","price":225.0,"currency":"USD","framed":true,"w":14.5,"h":18.5,"label":"Small"},{"vendor":"houseofspoils","url":"https://houseofspoils.com/products/monti-smith-land-speed?variant=41592328781886","price":400.0,"currency":"USD","framed":true,"w":19.5,"h":26.0,"label":"Medium"},{"vendor":"houseofspoils","url":"https://houseofspoils.com/products/monti-smith-land-speed?variant=41592328912958","price":590.0,"currency":"USD","framed":true,"w":24.5,"h":33.5,"label":"Large"},{"vendor":"houseofspoils","url":"https://houseofspoils.com/products/monti-smith-land-speed?variant=41592329044030","price":1050.0,"currency":"USD","framed":true,"w":31.5,"h":44.0,"label":"Giant"},{"vendor":"houseofspoils","url":"https://houseofspoils.com/products/monti-smith-land-speed?variant=41592329175102","price":1975.0,"currency":"USD","framed":true,"w":39.5,"h":56.0,"label":"Collector"},{"vendor":"houseofspoils","url":"https://houseofspoils.com/products/monti-smith-land-speed?variant=41592329306174","price":3450.0,"currency":"USD","framed":true,"w":46.0,"h":66.0,"label":"Exhibition"}]
hos-monti-smith-amongst-friends	Monti Smith	https://houseofspoils.com/products/monti-smith-amongst-friends	Amongst Friends	photo	film	https://cdn.shopify.com/s/files/1/0115/7385/4270/products/Amongst-Friends.jpg?width=560	[{"vendor":"houseofspoils","url":"https://houseofspoils.com/products/monti-smith-amongst-friends?variant=40038156206142","price":225.0,"currency":"USD","framed":true,"w":14.5,"h":18.5,"label":"Small"},{"vendor":"houseofspoils","url":"https://houseofspoils.com/products/monti-smith-amongst-friends?variant=41592329961534","price":400.0,"currency":"USD","framed":true,"w":19.5,"h":26.0,"label":"Medium"},{"vendor":"houseofspoils","url":"https://houseofspoils.com/products/monti-smith-amongst-friends?variant=41592330092606","price":590.0,"currency":"USD","framed":true,"w":24.5,"h":33.5,"label":"Large"},{"vendor":"houseofspoils","url":"https://houseofspoils.com/products/monti-smith-amongst-friends?variant=41592330223678","price":1050.0,"currency":"USD","framed":true,"w":31.5,"h":44.0,"label":"Giant"},{"vendor":"houseofspoils","url":"https://houseofspoils.com/products/monti-smith-amongst-friends?variant=41592330354750","price":1975.0,"currency":"USD","framed":true,"w":39.5,"h":56.0,"label":"Collector"},{"vendor":"houseofspoils","url":"https://houseofspoils.com/products/monti-smith-amongst-friends?variant=41592330485822","price":3450.0,"currency":"USD","framed":true,"w":46.0,"h":66.0,"label":"Exhibition"}]
hos-monti-smith-the-bull	Monti Smith	https://houseofspoils.com/products/monti-smith-the-bull	The Bull	photo	film	https://cdn.shopify.com/s/files/1/0115/7385/4270/products/The-Bull.jpg?width=560	[{"vendor":"houseofspoils","url":"https://houseofspoils.com/products/monti-smith-the-bull?variant=40038159155262","price":225.0,"currency":"USD","framed":true,"w":18.5,"h":14.5,"label":"Small"},{"vendor":"houseofspoils","url":"https://houseofspoils.com/products/monti-smith-the-bull?variant=41592334549054","price":400.0,"currency":"USD","framed":true,"w":26.0,"h":19.5,"label":"Medium"},{"vendor":"houseofspoils","url":"https://houseofspoils.com/products/monti-smith-the-bull?variant=41592334680126","price":590.0,"currency":"USD","framed":true,"w":33.5,"h":24.5,"label":"Large"},{"vendor":"houseofspoils","url":"https://houseofspoils.com/products/monti-smith-the-bull?variant=41592335204414","price":1050.0,"currency":"USD","framed":true,"w":44.0,"h":31.5,"label":"Giant"},{"vendor":"houseofspoils","url":"https://houseofspoils.com/products/monti-smith-the-bull?variant=41592335335486","price":1975.0,"currency":"USD","framed":true,"w":56.0,"h":39.5,"label":"Collector"},{"vendor":"houseofspoils","url":"https://houseofspoils.com/products/monti-smith-the-bull?variant=41592335466558","price":3450.0,"currency":"USD","framed":true,"w":66.0,"h":46.0,"label":"Exhibition"}]
hos-parker-schmidt-out-of-bounds	Parker Schmidt	https://houseofspoils.com/products/parker-schmidt-out-of-bounds	Out of Bounds	photo	film	https://cdn.shopify.com/s/files/1/0115/7385/4270/products/Out-of-Bounds.jpg?width=560	[{"vendor":"houseofspoils","url":"https://houseofspoils.com/products/parker-schmidt-out-of-bounds?variant=40038161023038","price":225.0,"currency":"USD","framed":true,"w":14.5,"h":18.5,"label":"Small"},{"vendor":"houseofspoils","url":"https://houseofspoils.com/products/parker-schmidt-out-of-bounds?variant=41592336089150","price":400.0,"currency":"USD","framed":true,"w":19.5,"h":26.0,"label":"Medium"},{"vendor":"houseofspoils","url":"https://houseofspoils.com/products/parker-schmidt-out-of-bounds?variant=41592336220222","price":590.0,"currency":"USD","framed":true,"w":24.5,"h":33.5,"label":"Large"},{"vendor":"houseofspoils","url":"https://houseofspoils.com/products/parker-schmidt-out-of-bounds?variant=41592336351294","price":1050.0,"currency":"USD","framed":true,"w":31.5,"h":44.0,"label":"Giant"},{"vendor":"houseofspoils","url":"https://houseofspoils.com/products/parker-schmidt-out-of-bounds?variant=41592336482366","price":1975.0,"currency":"USD","framed":true,"w":39.5,"h":56.0,"label":"Collector"},{"vendor":"houseofspoils","url":"https://houseofspoils.com/products/parker-schmidt-out-of-bounds?variant=41592336613438","price":3450.0,"currency":"USD","framed":true,"w":46.0,"h":66.0,"label":"Exhibition"}]
hos-fabrizio-daloisio-coke-with-ice	Fabrizio D'Aloisio	https://houseofspoils.com/products/fabrizio-daloisio-coke-with-ice	Coke with Ice	photo	film	https://cdn.shopify.com/s/files/1/0115/7385/4270/products/Coke-with-Ice.jpg?width=560	[{"vendor":"houseofspoils","url":"https://houseofspoils.com/products/fabrizio-daloisio-coke-with-ice?variant=40038164693054","price":225.0,"currency":"USD","framed":true,"w":14.5,"h":18.5,"label":"Small"},{"vendor":"houseofspoils","url":"https://houseofspoils.com/products/fabrizio-daloisio-coke-with-ice?variant=41592338382910","price":400.0,"currency":"USD","framed":true,"w":19.5,"h":26.0,"label":"Medium"},{"vendor":"houseofspoils","url":"https://houseofspoils.com/products/fabrizio-daloisio-coke-with-ice?variant=41592338513982","price":590.0,"currency":"USD","framed":true,"w":24.5,"h":33.5,"label":"Large"},{"vendor":"houseofspoils","url":"https://houseofspoils.com/products/fabrizio-daloisio-coke-with-ice?variant=41592338645054","price":1050.0,"currency":"USD","framed":true,"w":31.5,"h":44.0,"label":"Giant"},{"vendor":"houseofspoils","url":"https://houseofspoils.com/products/fabrizio-daloisio-coke-with-ice?variant=41592338776126","price":1975.0,"currency":"USD","framed":true,"w":39.5,"h":56.0,"label":"Collector"},{"vendor":"houseofspoils","url":"https://houseofspoils.com/products/fabrizio-daloisio-coke-with-ice?variant=41592338907198","price":3450.0,"currency":"USD","framed":true,"w":46.0,"h":66.0,"label":"Exhibition"}]
hos-fabrizio-daloisio-queen-elizabeth	Fabrizio D'Aloisio	https://houseofspoils.com/products/fabrizio-daloisio-queen-elizabeth	Queen Elizabeth	photo	film	https://cdn.shopify.com/s/files/1/0115/7385/4270/products/Queen-Elizabeth.jpg?width=560	[{"vendor":"houseofspoils","url":"https://houseofspoils.com/products/fabrizio-daloisio-queen-elizabeth?variant=40038163120190","price":225.0,"currency":"USD","framed":true,"w":14.5,"h":18.5,"label":"Small"},{"vendor":"houseofspoils","url":"https://houseofspoils.com/products/fabrizio-daloisio-queen-elizabeth?variant=41592337236030","price":400.0,"currency":"USD","framed":true,"w":19.5,"h":26.0,"label":"Medium"},{"vendor":"houseofspoils","url":"https://houseofspoils.com/products/fabrizio-daloisio-queen-elizabeth?variant=41592337367102","price":590.0,"currency":"USD","framed":true,"w":24.5,"h":33.5,"label":"Large"},{"vendor":"houseofspoils","url":"https://houseofspoils.com/products/fabrizio-daloisio-queen-elizabeth?variant=41592337498174","price":1050.0,"currency":"USD","framed":true,"w":31.5,"h":44.0,"label":"Giant"},{"vendor":"houseofspoils","url":"https://houseofspoils.com/products/fabrizio-daloisio-queen-elizabeth?variant=41592337629246","price":1975.0,"currency":"USD","framed":true,"w":39.5,"h":56.0,"label":"Collector"},{"vendor":"houseofspoils","url":"https://houseofspoils.com/products/fabrizio-daloisio-queen-elizabeth?variant=41592337760318","price":3450.0,"currency":"USD","framed":true,"w":46.0,"h":66.0,"label":"Exhibition"}]
hos-riley-harper-window-to-paradise	Riley Harper	https://houseofspoils.com/products/riley-harper-window-to-paradise	Window to Paradise	photo	film	https://cdn.shopify.com/s/files/1/0115/7385/4270/products/Window-To-Paradise.jpg?width=560	[{"vendor":"houseofspoils","url":"https://houseofspoils.com/products/riley-harper-window-to-paradise?variant=40038166462526","price":225.0,"currency":"USD","framed":true,"w":18.5,"h":14.5,"label":"Small"},{"vendor":"houseofspoils","url":"https://houseofspoils.com/products/riley-harper-window-to-paradise?variant=41592340676670","price":400.0,"currency":"USD","framed":true,"w":26.0,"h":19.5,"label":"Medium"},{"vendor":"houseofspoils","url":"https://houseofspoils.com/products/riley-harper-window-to-paradise?variant=41592340807742","price":590.0,"currency":"USD","framed":true,"w":33.5,"h":24.5,"label":"Large"},{"vendor":"houseofspoils","url":"https://houseofspoils.com/products/riley-harper-window-to-paradise?variant=41592340938814","price":1050.0,"currency":"USD","framed":true,"w":44.0,"h":31.5,"label":"Giant"},{"vendor":"houseofspoils","url":"https://houseofspoils.com/products/riley-harper-window-to-paradise?variant=41592341069886","price":1975.0,"currency":"USD","framed":true,"w":56.0,"h":39.5,"label":"Collector"},{"vendor":"houseofspoils","url":"https://houseofspoils.com/products/riley-harper-window-to-paradise?variant=41592341200958","price":3450.0,"currency":"USD","framed":true,"w":66.0,"h":46.0,"label":"Exhibition"}]
hos-fabrizio-daloisio-912	Fabrizio D'Aloisio	https://houseofspoils.com/products/fabrizio-daloisio-912	912	photo	film	https://cdn.shopify.com/s/files/1/0115/7385/4270/products/912.jpg?width=560	[{"vendor":"houseofspoils","url":"https://houseofspoils.com/products/fabrizio-daloisio-912?variant=40038167969854","price":225.0,"currency":"USD","framed":true,"w":14.5,"h":18.5,"label":"Small"},{"vendor":"houseofspoils","url":"https://houseofspoils.com/products/fabrizio-daloisio-912?variant=41592341856318","price":400.0,"currency":"USD","framed":true,"w":19.5,"h":26.0,"label":"Medium"},{"vendor":"houseofspoils","url":"https://houseofspoils.com/products/fabrizio-daloisio-912?variant=41592341987390","price":590.0,"currency":"USD","framed":true,"w":24.5,"h":33.5,"label":"Large"},{"vendor":"houseofspoils","url":"https://houseofspoils.com/products/fabrizio-daloisio-912?variant=41592342118462","price":1050.0,"currency":"USD","framed":true,"w":31.5,"h":44.0,"label":"Giant"},{"vendor":"houseofspoils","url":"https://houseofspoils.com/products/fabrizio-daloisio-912?variant=41592342249534","price":1975.0,"currency":"USD","framed":true,"w":39.5,"h":56.0,"label":"Collector"},{"vendor":"houseofspoils","url":"https://houseofspoils.com/products/fabrizio-daloisio-912?variant=41592342380606","price":3450.0,"currency":"USD","framed":true,"w":46.0,"h":66.0,"label":"Exhibition"}]
hos-fabrizio-daloisio-bernina	Fabrizio D'Aloisio	https://houseofspoils.com/products/fabrizio-daloisio-bernina	Bernina	photo	film	https://cdn.shopify.com/s/files/1/0115/7385/4270/products/Bernina.jpg?width=560	[{"vendor":"houseofspoils","url":"https://houseofspoils.com/products/fabrizio-daloisio-bernina?variant=40038760906814","price":225.0,"currency":"USD","framed":true,"w":14.5,"h":18.5,"label":"Small"},{"vendor":"houseofspoils","url":"https://houseofspoils.com/products/fabrizio-daloisio-bernina?variant=41592343003198","price":400.0,"currency":"USD","framed":true,"w":19.5,"h":26.0,"label":"Medium"},{"vendor":"houseofspoils","url":"https://houseofspoils.com/products/fabrizio-daloisio-bernina?variant=41592343232574","price":590.0,"currency":"USD","framed":true,"w":24.5,"h":33.5,"label":"Large"},{"vendor":"houseofspoils","url":"https://houseofspoils.com/products/fabrizio-daloisio-bernina?variant=41592343461950","price":1050.0,"currency":"USD","framed":true,"w":31.5,"h":44.0,"label":"Giant"},{"vendor":"houseofspoils","url":"https://houseofspoils.com/products/fabrizio-daloisio-bernina?variant=41592343691326","price":1975.0,"currency":"USD","framed":true,"w":39.5,"h":56.0,"label":"Collector"},{"vendor":"houseofspoils","url":"https://houseofspoils.com/products/fabrizio-daloisio-bernina?variant=41592343920702","price":3450.0,"currency":"USD","framed":true,"w":46.0,"h":66.0,"label":"Exhibition"}]
hos-beau-simmons-spring-glow	Beau Simmons	https://houseofspoils.com/products/beau-simmons-spring-glow	Spring Glow	photo	film	https://cdn.shopify.com/s/files/1/0115/7385/4270/products/Spring-Glow_7a0779d6-dc13-4c12-969e-1944dc9d8697.jpg?width=560	[{"vendor":"houseofspoils","url":"https://houseofspoils.com/products/beau-simmons-spring-glow?variant=40038171181118","price":225.0,"currency":"USD","framed":true,"w":14.5,"h":18.5,"label":"Small"},{"vendor":"houseofspoils","url":"https://houseofspoils.com/products/beau-simmons-spring-glow?variant=41592345395262","price":400.0,"currency":"USD","framed":true,"w":19.5,"h":26.0,"label":"Medium"},{"vendor":"houseofspoils","url":"https://houseofspoils.com/products/beau-simmons-spring-glow?variant=41592345526334","price":590.0,"currency":"USD","framed":true,"w":24.5,"h":33.5,"label":"Large"},{"vendor":"houseofspoils","url":"https://houseofspoils.com/products/beau-simmons-spring-glow?variant=41592345657406","price":1050.0,"currency":"USD","framed":true,"w":31.5,"h":44.0,"label":"Giant"},{"vendor":"houseofspoils","url":"https://houseofspoils.com/products/beau-simmons-spring-glow?variant=41592345788478","price":1975.0,"currency":"USD","framed":true,"w":39.5,"h":56.0,"label":"Collector"},{"vendor":"houseofspoils","url":"https://houseofspoils.com/products/beau-simmons-spring-glow?variant=41592345919550","price":3450.0,"currency":"USD","framed":true,"w":46.0,"h":66.0,"label":"Exhibition"}]
hos-emily-abay-bronte	Emily Abay	https://houseofspoils.com/products/emily-abay-bronte	Bronte	photo	film	https://cdn.shopify.com/s/files/1/0115/7385/4270/products/EA12-S-F.jpg?width=560	[{"vendor":"houseofspoils","url":"https://houseofspoils.com/products/emily-abay-bronte?variant=40038174294078","price":225.0,"currency":"USD","framed":true,"w":18.5,"h":14.5,"label":"Small"},{"vendor":"houseofspoils","url":"https://houseofspoils.com/products/emily-abay-bronte?variant=41592348835902","price":400.0,"currency":"USD","framed":true,"w":26.0,"h":19.5,"label":"Medium"},{"vendor":"houseofspoils","url":"https://houseofspoils.com/products/emily-abay-bronte?variant=41592348966974","price":590.0,"currency":"USD","framed":true,"w":33.5,"h":24.5,"label":"Large"},{"vendor":"houseofspoils","url":"https://houseofspoils.com/products/emily-abay-bronte?variant=41592349098046","price":1050.0,"currency":"USD","framed":true,"w":44.0,"h":31.5,"label":"Giant"},{"vendor":"houseofspoils","url":"https://houseofspoils.com/products/emily-abay-bronte?variant=41592349229118","price":1975.0,"currency":"USD","framed":true,"w":56.0,"h":39.5,"label":"Collector"},{"vendor":"houseofspoils","url":"https://houseofspoils.com/products/emily-abay-bronte?variant=41592349360190","price":3450.0,"currency":"USD","framed":true,"w":66.0,"h":46.0,"label":"Exhibition"}]
hos-riley-harper-metropol-straight	Riley Harper	https://houseofspoils.com/products/riley-harper-metropol-straight	Metropol Straight	photo	film	https://cdn.shopify.com/s/files/1/0115/7385/4270/products/Metropol-Straight.jpg?width=560	[{"vendor":"houseofspoils","url":"https://houseofspoils.com/products/riley-harper-metropol-straight?variant=40038179340350","price":225.0,"currency":"USD","framed":true,"w":14.5,"h":18.5,"label":"Small"},{"vendor":"houseofspoils","url":"https://houseofspoils.com/products/riley-harper-metropol-straight?variant=41592354603070","price":400.0,"currency":"USD","framed":true,"w":19.5,"h":26.0,"label":"Medium"},{"vendor":"houseofspoils","url":"https://houseofspoils.com/products/riley-harper-metropol-straight?variant=41592354734142","price":590.0,"currency":"USD","framed":true,"w":24.5,"h":33.5,"label":"Large"},{"vendor":"houseofspoils","url":"https://houseofspoils.com/products/riley-harper-metropol-straight?variant=41592354865214","price":1050.0,"currency":"USD","framed":true,"w":31.5,"h":44.0,"label":"Giant"},{"vendor":"houseofspoils","url":"https://houseofspoils.com/products/riley-harper-metropol-straight?variant=41592354996286","price":1975.0,"currency":"USD","framed":true,"w":39.5,"h":56.0,"label":"Collector"},{"vendor":"houseofspoils","url":"https://houseofspoils.com/products/riley-harper-metropol-straight?variant=41592355127358","price":3450.0,"currency":"USD","framed":true,"w":46.0,"h":66.0,"label":"Exhibition"}]
hos-emily-abay-west-coast	Emily Abay	https://houseofspoils.com/products/emily-abay-west-coast	West Coast	photo	film	https://cdn.shopify.com/s/files/1/0115/7385/4270/products/West-Coast.jpg?width=560	[{"vendor":"houseofspoils","url":"https://houseofspoils.com/products/emily-abay-west-coast?variant=40038180880446","price":225.0,"currency":"USD","framed":true,"w":18.5,"h":14.5,"label":"Small"},{"vendor":"houseofspoils","url":"https://houseofspoils.com/products/emily-abay-west-coast?variant=41592355749950","price":400.0,"currency":"USD","framed":true,"w":26.0,"h":19.5,"label":"Medium"},{"vendor":"houseofspoils","url":"https://houseofspoils.com/products/emily-abay-west-coast?variant=41592355881022","price":590.0,"currency":"USD","framed":true,"w":33.5,"h":24.5,"label":"Large"},{"vendor":"houseofspoils","url":"https://houseofspoils.com/products/emily-abay-west-coast?variant=41592356012094","price":1050.0,"currency":"USD","framed":true,"w":44.0,"h":31.5,"label":"Giant"},{"vendor":"houseofspoils","url":"https://houseofspoils.com/products/emily-abay-west-coast?variant=41592356143166","price":1975.0,"currency":"USD","framed":true,"w":56.0,"h":39.5,"label":"Collector"},{"vendor":"houseofspoils","url":"https://houseofspoils.com/products/emily-abay-west-coast?variant=41592356274238","price":3450.0,"currency":"USD","framed":true,"w":66.0,"h":46.0,"label":"Exhibition"}]
hos-alexandru-costin-satin-skies	Alexandru Costin	https://houseofspoils.com/products/alexandru-costin-satin-skies	Satin Skies	photo	film	https://cdn.shopify.com/s/files/1/0115/7385/4270/products/Satin-Skies.jpg?width=560	[{"vendor":"houseofspoils","url":"https://houseofspoils.com/products/alexandru-costin-satin-skies?variant=40038182584382","price":225.0,"currency":"USD","framed":true,"w":14.5,"h":18.5,"label":"Small"},{"vendor":"houseofspoils","url":"https://houseofspoils.com/products/alexandru-costin-satin-skies?variant=41592356896830","price":400.0,"currency":"USD","framed":true,"w":19.5,"h":26.0,"label":"Medium"},{"vendor":"houseofspoils","url":"https://houseofspoils.com/products/alexandru-costin-satin-skies?variant=41592357027902","price":590.0,"currency":"USD","framed":true,"w":24.5,"h":33.5,"label":"Large"},{"vendor":"houseofspoils","url":"https://houseofspoils.com/products/alexandru-costin-satin-skies?variant=41592357158974","price":1050.0,"currency":"USD","framed":true,"w":31.5,"h":44.0,"label":"Giant"},{"vendor":"houseofspoils","url":"https://houseofspoils.com/products/alexandru-costin-satin-skies?variant=41592357290046","price":1975.0,"currency":"USD","framed":true,"w":39.5,"h":56.0,"label":"Collector"},{"vendor":"houseofspoils","url":"https://houseofspoils.com/products/alexandru-costin-satin-skies?variant=41592357421118","price":3450.0,"currency":"USD","framed":true,"w":46.0,"h":66.0,"label":"Exhibition"}]
hos-natalie-obradovich-sweet-cheeks	Natalie Obradovich	https://houseofspoils.com/products/natalie-obradovich-sweet-cheeks	Sweet Cheeks	photo	film	https://cdn.shopify.com/s/files/1/0115/7385/4270/products/Sweet-Cheeks.jpg?width=560	[{"vendor":"houseofspoils","url":"https://houseofspoils.com/products/natalie-obradovich-sweet-cheeks?variant=40038185533502","price":225.0,"currency":"USD","framed":true,"w":18.5,"h":14.5,"label":"Small"},{"vendor":"houseofspoils","url":"https://houseofspoils.com/products/natalie-obradovich-sweet-cheeks?variant=41592360337470","price":400.0,"currency":"USD","framed":true,"w":26.0,"h":19.5,"label":"Medium"},{"vendor":"houseofspoils","url":"https://houseofspoils.com/products/natalie-obradovich-sweet-cheeks?variant=41592360468542","price":590.0,"currency":"USD","framed":true,"w":33.5,"h":24.5,"label":"Large"},{"vendor":"houseofspoils","url":"https://houseofspoils.com/products/natalie-obradovich-sweet-cheeks?variant=41592360599614","price":1050.0,"currency":"USD","framed":true,"w":44.0,"h":31.5,"label":"Giant"},{"vendor":"houseofspoils","url":"https://houseofspoils.com/products/natalie-obradovich-sweet-cheeks?variant=41592360730686","price":1975.0,"currency":"USD","framed":true,"w":56.0,"h":39.5,"label":"Collector"},{"vendor":"houseofspoils","url":"https://houseofspoils.com/products/natalie-obradovich-sweet-cheeks?variant=41592360861758","price":3450.0,"currency":"USD","framed":true,"w":66.0,"h":46.0,"label":"Exhibition"}]
hos-ted-gushue-zepter	Ted Gushue	https://houseofspoils.com/products/ted-gushue-zepter	Zepter	photo	film	https://cdn.shopify.com/s/files/1/0115/7385/4270/products/Zepter.jpg?width=560	[{"vendor":"houseofspoils","url":"https://houseofspoils.com/products/ted-gushue-zepter?variant=40038213943358","price":225.0,"currency":"USD","framed":true,"w":14.5,"h":18.5,"label":"Small"},{"vendor":"houseofspoils","url":"https://houseofspoils.com/products/ted-gushue-zepter?variant=41592374198334","price":400.0,"currency":"USD","framed":true,"w":19.5,"h":26.0,"label":"Medium"},{"vendor":"houseofspoils","url":"https://houseofspoils.com/products/ted-gushue-zepter?variant=41592374329406","price":590.0,"currency":"USD","framed":true,"w":24.5,"h":33.5,"label":"Large"},{"vendor":"houseofspoils","url":"https://houseofspoils.com/products/ted-gushue-zepter?variant=41592374460478","price":1050.0,"currency":"USD","framed":true,"w":31.5,"h":44.0,"label":"Giant"},{"vendor":"houseofspoils","url":"https://houseofspoils.com/products/ted-gushue-zepter?variant=41592374591550","price":1975.0,"currency":"USD","framed":true,"w":39.5,"h":56.0,"label":"Collector"},{"vendor":"houseofspoils","url":"https://houseofspoils.com/products/ted-gushue-zepter?variant=41592374722622","price":3450.0,"currency":"USD","framed":true,"w":46.0,"h":66.0,"label":"Exhibition"}]
hos-ted-gushue-escape-riva	Ted Gushue	https://houseofspoils.com/products/ted-gushue-escape-riva	Escape Riva	photo	film	https://cdn.shopify.com/s/files/1/0115/7385/4270/products/Escape-Riva.jpg?width=560	[{"vendor":"houseofspoils","url":"https://houseofspoils.com/products/ted-gushue-escape-riva?variant=40038209617982","price":225.0,"currency":"USD","framed":true,"w":18.5,"h":14.5,"label":"Small"},{"vendor":"houseofspoils","url":"https://houseofspoils.com/products/ted-gushue-escape-riva?variant=41592372985918","price":400.0,"currency":"USD","framed":true,"w":26.0,"h":19.5,"label":"Medium"},{"vendor":"houseofspoils","url":"https://houseofspoils.com/products/ted-gushue-escape-riva?variant=41592373116990","price":590.0,"currency":"USD","framed":true,"w":33.5,"h":24.5,"label":"Large"},{"vendor":"houseofspoils","url":"https://houseofspoils.com/products/ted-gushue-escape-riva?variant=41592373248062","price":1050.0,"currency":"USD","framed":true,"w":44.0,"h":31.5,"label":"Giant"},{"vendor":"houseofspoils","url":"https://houseofspoils.com/products/ted-gushue-escape-riva?variant=41592373379134","price":1975.0,"currency":"USD","framed":true,"w":56.0,"h":39.5,"label":"Collector"},{"vendor":"houseofspoils","url":"https://houseofspoils.com/products/ted-gushue-escape-riva?variant=41592373510206","price":3450.0,"currency":"USD","framed":true,"w":66.0,"h":46.0,"label":"Exhibition"}]
hos-natalie-obradovich-canon-drive	Natalie Obradovich	https://houseofspoils.com/products/natalie-obradovich-canon-drive	Canon Drive	photo	film	https://cdn.shopify.com/s/files/1/0115/7385/4270/products/NO18-S-F.jpg?width=560	[{"vendor":"houseofspoils","url":"https://houseofspoils.com/products/natalie-obradovich-canon-drive?variant=40038226100286","price":225.0,"currency":"USD","framed":true,"w":18.5,"h":14.5,"label":"Small"},{"vendor":"houseofspoils","url":"https://houseofspoils.com/products/natalie-obradovich-canon-drive?variant=41592378851390","price":400.0,"currency":"USD","framed":true,"w":26.0,"h":19.5,"label":"Medium"},{"vendor":"houseofspoils","url":"https://houseofspoils.com/products/natalie-obradovich-canon-drive?variant=41592378982462","price":590.0,"currency":"USD","framed":true,"w":33.5,"h":24.5,"label":"Large"},{"vendor":"houseofspoils","url":"https://houseofspoils.com/products/natalie-obradovich-canon-drive?variant=41592379113534","price":1050.0,"currency":"USD","framed":true,"w":44.0,"h":31.5,"label":"Giant"},{"vendor":"houseofspoils","url":"https://houseofspoils.com/products/natalie-obradovich-canon-drive?variant=41592379244606","price":1975.0,"currency":"USD","framed":true,"w":56.0,"h":39.5,"label":"Collector"},{"vendor":"houseofspoils","url":"https://houseofspoils.com/products/natalie-obradovich-canon-drive?variant=41592379375678","price":3450.0,"currency":"USD","framed":true,"w":66.0,"h":46.0,"label":"Exhibition"}]
hos-natalie-obradovich-tower-guard	Natalie Obradovich	https://houseofspoils.com/products/natalie-obradovich-tower-guard	Tower Guard	photo	film	https://cdn.shopify.com/s/files/1/0115/7385/4270/products/Tower-Guard.jpg?width=560	[{"vendor":"houseofspoils","url":"https://houseofspoils.com/products/natalie-obradovich-tower-guard?variant=40038221905982","price":225.0,"currency":"USD","framed":true,"w":14.5,"h":18.5,"label":"Small"},{"vendor":"houseofspoils","url":"https://houseofspoils.com/products/natalie-obradovich-tower-guard?variant=41592377704510","price":400.0,"currency":"USD","framed":true,"w":19.5,"h":26.0,"label":"Medium"},{"vendor":"houseofspoils","url":"https://houseofspoils.com/products/natalie-obradovich-tower-guard?variant=41592377835582","price":590.0,"currency":"USD","framed":true,"w":24.5,"h":33.5,"label":"Large"},{"vendor":"houseofspoils","url":"https://houseofspoils.com/products/natalie-obradovich-tower-guard?variant=41592377966654","price":1050.0,"currency":"USD","framed":true,"w":31.5,"h":44.0,"label":"Giant"},{"vendor":"houseofspoils","url":"https://houseofspoils.com/products/natalie-obradovich-tower-guard?variant=41592378097726","price":1975.0,"currency":"USD","framed":true,"w":39.5,"h":56.0,"label":"Collector"},{"vendor":"houseofspoils","url":"https://houseofspoils.com/products/natalie-obradovich-tower-guard?variant=41592378228798","price":3450.0,"currency":"USD","framed":true,"w":46.0,"h":66.0,"label":"Exhibition"}]
hos-brecht-vanthof-senor-wiggles	Brecht Van't Hof	https://houseofspoils.com/products/brecht-vanthof-senor-wiggles	Señor Wiggles	photo	film	https://cdn.shopify.com/s/files/1/0115/7385/4270/products/Senor-Wiggle_9121092b-98e2-4a72-9f09-aff526721fa3.jpg?width=560	[{"vendor":"houseofspoils","url":"https://houseofspoils.com/products/brecht-vanthof-senor-wiggles?variant=40038262931518","price":225.0,"currency":"USD","framed":true,"w":14.5,"h":18.5,"label":"Small"},{"vendor":"houseofspoils","url":"https://houseofspoils.com/products/brecht-vanthof-senor-wiggles?variant=41592404181054","price":400.0,"currency":"USD","framed":true,"w":19.5,"h":26.0,"label":"Medium"},{"vendor":"houseofspoils","url":"https://houseofspoils.com/products/brecht-vanthof-senor-wiggles?variant=41592404312126","price":590.0,"currency":"USD","framed":true,"w":24.5,"h":33.5,"label":"Large"},{"vendor":"houseofspoils","url":"https://houseofspoils.com/products/brecht-vanthof-senor-wiggles?variant=41592404443198","price":1050.0,"currency":"USD","framed":true,"w":31.5,"h":44.0,"label":"Giant"},{"vendor":"houseofspoils","url":"https://houseofspoils.com/products/brecht-vanthof-senor-wiggles?variant=41592404574270","price":1975.0,"currency":"USD","framed":true,"w":39.5,"h":56.0,"label":"Collector"},{"vendor":"houseofspoils","url":"https://houseofspoils.com/products/brecht-vanthof-senor-wiggles?variant=41592404705342","price":3450.0,"currency":"USD","framed":true,"w":46.0,"h":66.0,"label":"Exhibition"}]
hos-josefina-erosa-smud	Josefina Erosa	https://houseofspoils.com/products/josefina-erosa-smud	Smud	photo	film	https://cdn.shopify.com/s/files/1/0115/7385/4270/products/Smud.jpg?width=560	[{"vendor":"houseofspoils","url":"https://houseofspoils.com/products/josefina-erosa-smud?variant=40038233473086","price":225.0,"currency":"USD","framed":true,"w":18.5,"h":14.5,"label":"Small"},{"vendor":"houseofspoils","url":"https://houseofspoils.com/products/josefina-erosa-smud?variant=41592381177918","price":400.0,"currency":"USD","framed":true,"w":26.0,"h":19.5,"label":"Medium"},{"vendor":"houseofspoils","url":"https://houseofspoils.com/products/josefina-erosa-smud?variant=41592381308990","price":590.0,"currency":"USD","framed":true,"w":33.5,"h":24.5,"label":"Large"},{"vendor":"houseofspoils","url":"https://houseofspoils.com/products/josefina-erosa-smud?variant=41592381440062","price":1050.0,"currency":"USD","framed":true,"w":44.0,"h":31.5,"label":"Giant"},{"vendor":"houseofspoils","url":"https://houseofspoils.com/products/josefina-erosa-smud?variant=41592381571134","price":1975.0,"currency":"USD","framed":true,"w":56.0,"h":39.5,"label":"Collector"},{"vendor":"houseofspoils","url":"https://houseofspoils.com/products/josefina-erosa-smud?variant=41592381702206","price":3450.0,"currency":"USD","framed":true,"w":66.0,"h":46.0,"label":"Exhibition"}]
hos-harry-mark-south-of-the-border	Harry Mark	https://houseofspoils.com/products/harry-mark-south-of-the-border	South of the Border	photo	film	https://cdn.shopify.com/s/files/1/0115/7385/4270/products/South-of-The-Border.jpg?width=560	[{"vendor":"houseofspoils","url":"https://houseofspoils.com/products/harry-mark-south-of-the-border?variant=40038236979262","price":225.0,"currency":"USD","framed":true,"w":14.5,"h":18.5,"label":"Small"},{"vendor":"houseofspoils","url":"https://houseofspoils.com/products/harry-mark-south-of-the-border?variant=41592383471678","price":400.0,"currency":"USD","framed":true,"w":19.5,"h":26.0,"label":"Medium"},{"vendor":"houseofspoils","url":"https://houseofspoils.com/products/harry-mark-south-of-the-border?variant=41592383602750","price":590.0,"currency":"USD","framed":true,"w":24.5,"h":33.5,"label":"Large"},{"vendor":"houseofspoils","url":"https://houseofspoils.com/products/harry-mark-south-of-the-border?variant=41592383733822","price":1050.0,"currency":"USD","framed":true,"w":31.5,"h":44.0,"label":"Giant"},{"vendor":"houseofspoils","url":"https://houseofspoils.com/products/harry-mark-south-of-the-border?variant=41592383864894","price":1975.0,"currency":"USD","framed":true,"w":39.5,"h":56.0,"label":"Collector"},{"vendor":"houseofspoils","url":"https://houseofspoils.com/products/harry-mark-south-of-the-border?variant=41592383995966","price":3450.0,"currency":"USD","framed":true,"w":46.0,"h":66.0,"label":"Exhibition"}]
hos-jonathan-zaoui-tennis-club	Jonathan Zaoui	https://houseofspoils.com/products/jonathan-zaoui-tennis-club	Tennis Club	photo	film	https://cdn.shopify.com/s/files/1/0115/7385/4270/products/Tennis-Club.jpg?width=560	[{"vendor":"houseofspoils","url":"https://houseofspoils.com/products/jonathan-zaoui-tennis-club?variant=40038245335102","price":225.0,"currency":"USD","framed":true,"w":18.5,"h":14.5,"label":"Small"},{"vendor":"houseofspoils","url":"https://houseofspoils.com/products/jonathan-zaoui-tennis-club?variant=41592385765438","price":400.0,"currency":"USD","framed":true,"w":26.0,"h":19.5,"label":"Medium"},{"vendor":"houseofspoils","url":"https://houseofspoils.com/products/jonathan-zaoui-tennis-club?variant=41592385896510","price":590.0,"currency":"USD","framed":true,"w":33.5,"h":24.5,"label":"Large"},{"vendor":"houseofspoils","url":"https://houseofspoils.com/products/jonathan-zaoui-tennis-club?variant=41592386027582","price":1050.0,"currency":"USD","framed":true,"w":44.0,"h":31.5,"label":"Giant"},{"vendor":"houseofspoils","url":"https://houseofspoils.com/products/jonathan-zaoui-tennis-club?variant=41592386158654","price":1975.0,"currency":"USD","framed":true,"w":56.0,"h":39.5,"label":"Collector"},{"vendor":"houseofspoils","url":"https://houseofspoils.com/products/jonathan-zaoui-tennis-club?variant=41592386289726","price":3450.0,"currency":"USD","framed":true,"w":66.0,"h":46.0,"label":"Exhibition"}]
hos-jonathan-zaoui-views	Jonathan Zaoui	https://houseofspoils.com/products/jonathan-zaoui-views	Views	photo	film	https://cdn.shopify.com/s/files/1/0115/7385/4270/products/Views.jpg?width=560	[{"vendor":"houseofspoils","url":"https://houseofspoils.com/products/jonathan-zaoui-views?variant=40038248710206","price":225.0,"currency":"USD","framed":true,"w":18.5,"h":14.5,"label":"Small"},{"vendor":"houseofspoils","url":"https://houseofspoils.com/products/jonathan-zaoui-views?variant=41592386912318","price":400.0,"currency":"USD","framed":true,"w":26.0,"h":19.5,"label":"Medium"},{"vendor":"houseofspoils","url":"https://houseofspoils.com/products/jonathan-zaoui-views?variant=41592387043390","price":590.0,"currency":"USD","framed":true,"w":33.5,"h":24.5,"label":"Large"},{"vendor":"houseofspoils","url":"https://houseofspoils.com/products/jonathan-zaoui-views?variant=41592387174462","price":1050.0,"currency":"USD","framed":true,"w":44.0,"h":31.5,"label":"Giant"},{"vendor":"houseofspoils","url":"https://houseofspoils.com/products/jonathan-zaoui-views?variant=41592387305534","price":1975.0,"currency":"USD","framed":true,"w":56.0,"h":39.5,"label":"Collector"},{"vendor":"houseofspoils","url":"https://houseofspoils.com/products/jonathan-zaoui-views?variant=41592387436606","price":3450.0,"currency":"USD","framed":true,"w":66.0,"h":46.0,"label":"Exhibition"}]
hos-jeremy-soma-wallride	Jeremy Soma	https://houseofspoils.com/products/jeremy-soma-wallride	Wallride	photo	film	https://cdn.shopify.com/s/files/1/0115/7385/4270/products/Wallride.jpg?width=560	[{"vendor":"houseofspoils","url":"https://houseofspoils.com/products/jeremy-soma-wallride?variant=40038250119230","price":225.0,"currency":"USD","framed":true,"w":18.5,"h":14.5,"label":"Small"},{"vendor":"houseofspoils","url":"https://houseofspoils.com/products/jeremy-soma-wallride?variant=41592389206078","price":400.0,"currency":"USD","framed":true,"w":26.0,"h":19.5,"label":"Medium"},{"vendor":"houseofspoils","url":"https://houseofspoils.com/products/jeremy-soma-wallride?variant=41592389337150","price":590.0,"currency":"USD","framed":true,"w":33.5,"h":24.5,"label":"Large"},{"vendor":"houseofspoils","url":"https://houseofspoils.com/products/jeremy-soma-wallride?variant=41592389468222","price":1050.0,"currency":"USD","framed":true,"w":44.0,"h":31.5,"label":"Giant"},{"vendor":"houseofspoils","url":"https://houseofspoils.com/products/jeremy-soma-wallride?variant=41592389599294","price":1975.0,"currency":"USD","framed":true,"w":56.0,"h":39.5,"label":"Collector"},{"vendor":"houseofspoils","url":"https://houseofspoils.com/products/jeremy-soma-wallride?variant=41592389730366","price":3450.0,"currency":"USD","framed":true,"w":66.0,"h":46.0,"label":"Exhibition"}]
hos-kate-shanasy-cannone	Kate Shanasy	https://houseofspoils.com/products/kate-shanasy-cannone	Cannone	photo	film	https://cdn.shopify.com/s/files/1/0115/7385/4270/products/Cannone.jpg?width=560	[{"vendor":"houseofspoils","url":"https://houseofspoils.com/products/kate-shanasy-cannone?variant=40038251593790","price":225.0,"currency":"USD","framed":true,"w":14.5,"h":18.5,"label":"Small"},{"vendor":"houseofspoils","url":"https://houseofspoils.com/products/kate-shanasy-cannone?variant=41592390385726","price":400.0,"currency":"USD","framed":true,"w":19.5,"h":26.0,"label":"Medium"},{"vendor":"houseofspoils","url":"https://houseofspoils.com/products/kate-shanasy-cannone?variant=41592390516798","price":590.0,"currency":"USD","framed":true,"w":24.5,"h":33.5,"label":"Large"},{"vendor":"houseofspoils","url":"https://houseofspoils.com/products/kate-shanasy-cannone?variant=41592390647870","price":1050.0,"currency":"USD","framed":true,"w":31.5,"h":44.0,"label":"Giant"},{"vendor":"houseofspoils","url":"https://houseofspoils.com/products/kate-shanasy-cannone?variant=41592390778942","price":1975.0,"currency":"USD","framed":true,"w":39.5,"h":56.0,"label":"Collector"},{"vendor":"houseofspoils","url":"https://houseofspoils.com/products/kate-shanasy-cannone?variant=41592390910014","price":3450.0,"currency":"USD","framed":true,"w":46.0,"h":66.0,"label":"Exhibition"}]
hos-jeremy-soma-964	Jeremy Soma	https://houseofspoils.com/products/jeremy-soma-964	964	photo	film	https://cdn.shopify.com/s/files/1/0115/7385/4270/products/JS01-S-F.jpg?width=560	[{"vendor":"houseofspoils","url":"https://houseofspoils.com/products/jeremy-soma-964?variant=40038255886398","price":225.0,"currency":"USD","framed":true,"w":18.5,"h":14.5,"label":"Small"},{"vendor":"houseofspoils","url":"https://houseofspoils.com/products/jeremy-soma-964?variant=41592394973246","price":400.0,"currency":"USD","framed":true,"w":26.0,"h":19.5,"label":"Medium"},{"vendor":"houseofspoils","url":"https://houseofspoils.com/products/jeremy-soma-964?variant=41592395104318","price":590.0,"currency":"USD","framed":true,"w":33.5,"h":24.5,"label":"Large"},{"vendor":"houseofspoils","url":"https://houseofspoils.com/products/jeremy-soma-964?variant=41592395235390","price":1050.0,"currency":"USD","framed":true,"w":44.0,"h":31.5,"label":"Giant"},{"vendor":"houseofspoils","url":"https://houseofspoils.com/products/jeremy-soma-964?variant=41592395366462","price":1975.0,"currency":"USD","framed":true,"w":56.0,"h":39.5,"label":"Collector"},{"vendor":"houseofspoils","url":"https://houseofspoils.com/products/jeremy-soma-964?variant=41592395497534","price":3450.0,"currency":"USD","framed":true,"w":66.0,"h":46.0,"label":"Exhibition"}]
hos-kate-shanasy-soapstone	Kate Shanasy	https://houseofspoils.com/products/kate-shanasy-soapstone	Soapstone	photo	film	https://cdn.shopify.com/s/files/1/0115/7385/4270/products/Soapstone.jpg?width=560	[{"vendor":"houseofspoils","url":"https://houseofspoils.com/products/kate-shanasy-soapstone?variant=40038261555262","price":225.0,"currency":"USD","framed":true,"w":18.5,"h":14.5,"label":"Small"},{"vendor":"houseofspoils","url":"https://houseofspoils.com/products/kate-shanasy-soapstone?variant=41592400740414","price":400.0,"currency":"USD","framed":true,"w":26.0,"h":19.5,"label":"Medium"},{"vendor":"houseofspoils","url":"https://houseofspoils.com/products/kate-shanasy-soapstone?variant=41592400871486","price":590.0,"currency":"USD","framed":true,"w":33.5,"h":24.5,"label":"Large"},{"vendor":"houseofspoils","url":"https://houseofspoils.com/products/kate-shanasy-soapstone?variant=41592401002558","price":1050.0,"currency":"USD","framed":true,"w":44.0,"h":31.5,"label":"Giant"},{"vendor":"houseofspoils","url":"https://houseofspoils.com/products/kate-shanasy-soapstone?variant=41592401133630","price":1975.0,"currency":"USD","framed":true,"w":56.0,"h":39.5,"label":"Collector"},{"vendor":"houseofspoils","url":"https://houseofspoils.com/products/kate-shanasy-soapstone?variant=41592401264702","price":3450.0,"currency":"USD","framed":true,"w":66.0,"h":46.0,"label":"Exhibition"}]
hos-kate-shanasy-rocksalt	Kate Shanasy	https://houseofspoils.com/products/kate-shanasy-rocksalt	Rocksalt	photo	film	https://cdn.shopify.com/s/files/1/0115/7385/4270/products/Rocksalt.jpg?width=560	[{"vendor":"houseofspoils","url":"https://houseofspoils.com/products/kate-shanasy-rocksalt?variant=40038258638910","price":225.0,"currency":"USD","framed":true,"w":18.5,"h":14.5,"label":"Small"},{"vendor":"houseofspoils","url":"https://houseofspoils.com/products/kate-shanasy-rocksalt?variant=41592398413886","price":400.0,"currency":"USD","framed":true,"w":26.0,"h":19.5,"label":"Medium"},{"vendor":"houseofspoils","url":"https://houseofspoils.com/products/kate-shanasy-rocksalt?variant=41592398544958","price":590.0,"currency":"USD","framed":true,"w":33.5,"h":24.5,"label":"Large"},{"vendor":"houseofspoils","url":"https://houseofspoils.com/products/kate-shanasy-rocksalt?variant=41592398676030","price":1050.0,"currency":"USD","framed":true,"w":44.0,"h":31.5,"label":"Giant"},{"vendor":"houseofspoils","url":"https://houseofspoils.com/products/kate-shanasy-rocksalt?variant=41592398807102","price":1975.0,"currency":"USD","framed":true,"w":56.0,"h":39.5,"label":"Collector"},{"vendor":"houseofspoils","url":"https://houseofspoils.com/products/kate-shanasy-rocksalt?variant=41592398938174","price":3450.0,"currency":"USD","framed":true,"w":66.0,"h":46.0,"label":"Exhibition"}]
hos-jonathan-zaoui-to-the-top	Jonathan Zaoui	https://houseofspoils.com/products/jonathan-zaoui-to-the-top	To the Top	photo	film	https://cdn.shopify.com/s/files/1/0115/7385/4270/products/To-The-Top.jpg?width=560	[{"vendor":"houseofspoils","url":"https://houseofspoils.com/products/jonathan-zaoui-to-the-top?variant=40038260015166","price":225.0,"currency":"USD","framed":true,"w":14.5,"h":18.5,"label":"Small"},{"vendor":"houseofspoils","url":"https://houseofspoils.com/products/jonathan-zaoui-to-the-top?variant=41592399560766","price":400.0,"currency":"USD","framed":true,"w":19.5,"h":26.0,"label":"Medium"},{"vendor":"houseofspoils","url":"https://houseofspoils.com/products/jonathan-zaoui-to-the-top?variant=41592399691838","price":590.0,"currency":"USD","framed":true,"w":24.5,"h":33.5,"label":"Large"},{"vendor":"houseofspoils","url":"https://houseofspoils.com/products/jonathan-zaoui-to-the-top?variant=41592399822910","price":1050.0,"currency":"USD","framed":true,"w":31.5,"h":44.0,"label":"Giant"},{"vendor":"houseofspoils","url":"https://houseofspoils.com/products/jonathan-zaoui-to-the-top?variant=41592399953982","price":1975.0,"currency":"USD","framed":true,"w":39.5,"h":56.0,"label":"Collector"},{"vendor":"houseofspoils","url":"https://houseofspoils.com/products/jonathan-zaoui-to-the-top?variant=41592400085054","price":3450.0,"currency":"USD","framed":true,"w":46.0,"h":66.0,"label":"Exhibition"}]
hos-beau-simmons-desert-days	Beau Simmons	https://houseofspoils.com/products/beau-simmons-desert-days	Desert Days	photo	film	https://cdn.shopify.com/s/files/1/0115/7385/4270/products/Desert-Days.jpg?width=560	[{"vendor":"houseofspoils","url":"https://houseofspoils.com/products/beau-simmons-desert-days?variant=40038265716798","price":225.0,"currency":"USD","framed":true,"w":14.5,"h":18.5,"label":"Small"},{"vendor":"houseofspoils","url":"https://houseofspoils.com/products/beau-simmons-desert-days?variant=41592406474814","price":400.0,"currency":"USD","framed":true,"w":19.5,"h":26.0,"label":"Medium"},{"vendor":"houseofspoils","url":"https://houseofspoils.com/products/beau-simmons-desert-days?variant=41592406605886","price":590.0,"currency":"USD","framed":true,"w":24.5,"h":33.5,"label":"Large"},{"vendor":"houseofspoils","url":"https://houseofspoils.com/products/beau-simmons-desert-days?variant=41592406736958","price":1050.0,"currency":"USD","framed":true,"w":31.5,"h":44.0,"label":"Giant"},{"vendor":"houseofspoils","url":"https://houseofspoils.com/products/beau-simmons-desert-days?variant=41592406868030","price":1975.0,"currency":"USD","framed":true,"w":39.5,"h":56.0,"label":"Collector"},{"vendor":"houseofspoils","url":"https://houseofspoils.com/products/beau-simmons-desert-days?variant=41592406999102","price":3450.0,"currency":"USD","framed":true,"w":46.0,"h":66.0,"label":"Exhibition"}]
hos-josefina-erosa-monix	Josefina Erosa	https://houseofspoils.com/products/josefina-erosa-monix	Monix	photo	film	https://cdn.shopify.com/s/files/1/0115/7385/4270/products/Monix.jpg?width=560	[{"vendor":"houseofspoils","url":"https://houseofspoils.com/products/josefina-erosa-monix?variant=40038267125822","price":225.0,"currency":"USD","framed":true,"w":14.5,"h":18.5,"label":"Small"},{"vendor":"houseofspoils","url":"https://houseofspoils.com/products/josefina-erosa-monix?variant=41592408768574","price":400.0,"currency":"USD","framed":true,"w":19.5,"h":26.0,"label":"Medium"},{"vendor":"houseofspoils","url":"https://houseofspoils.com/products/josefina-erosa-monix?variant=41592408899646","price":590.0,"currency":"USD","framed":true,"w":24.5,"h":33.5,"label":"Large"},{"vendor":"houseofspoils","url":"https://houseofspoils.com/products/josefina-erosa-monix?variant=41592409030718","price":1050.0,"currency":"USD","framed":true,"w":31.5,"h":44.0,"label":"Giant"},{"vendor":"houseofspoils","url":"https://houseofspoils.com/products/josefina-erosa-monix?variant=41592409161790","price":1975.0,"currency":"USD","framed":true,"w":39.5,"h":56.0,"label":"Collector"},{"vendor":"houseofspoils","url":"https://houseofspoils.com/products/josefina-erosa-monix?variant=41592409292862","price":3450.0,"currency":"USD","framed":true,"w":46.0,"h":66.0,"label":"Exhibition"}]
hos-brecht-vanthof-bondi-i	Brecht Van't Hof	https://houseofspoils.com/products/brecht-vanthof-bondi-i	Bondi II	photo	film	https://cdn.shopify.com/s/files/1/0115/7385/4270/products/Bondi-II.jpg?width=560	[{"vendor":"houseofspoils","url":"https://houseofspoils.com/products/brecht-vanthof-bondi-i?variant=40038273056830","price":225.0,"currency":"USD","framed":true,"w":14.5,"h":18.5,"label":"Small"},{"vendor":"houseofspoils","url":"https://houseofspoils.com/products/brecht-vanthof-bondi-i?variant=41592413782078","price":400.0,"currency":"USD","framed":true,"w":19.5,"h":26.0,"label":"Medium"},{"vendor":"houseofspoils","url":"https://houseofspoils.com/products/brecht-vanthof-bondi-i?variant=41592413913150","price":590.0,"currency":"USD","framed":true,"w":24.5,"h":33.5,"label":"Large"},{"vendor":"houseofspoils","url":"https://houseofspoils.com/products/brecht-vanthof-bondi-i?variant=41592414044222","price":1050.0,"currency":"USD","framed":true,"w":31.5,"h":44.0,"label":"Giant"},{"vendor":"houseofspoils","url":"https://houseofspoils.com/products/brecht-vanthof-bondi-i?variant=41592414175294","price":1975.0,"currency":"USD","framed":true,"w":39.5,"h":56.0,"label":"Collector"},{"vendor":"houseofspoils","url":"https://houseofspoils.com/products/brecht-vanthof-bondi-i?variant=41592414306366","price":3450.0,"currency":"USD","framed":true,"w":46.0,"h":66.0,"label":"Exhibition"}]
hos-aaron-brimhall-88mph	Aaron Brimhall	https://houseofspoils.com/products/aaron-brimhall-88mph	88MPH	photo	film	https://cdn.shopify.com/s/files/1/0115/7385/4270/products/88MPH.jpg?width=560	[{"vendor":"houseofspoils","url":"https://houseofspoils.com/products/aaron-brimhall-88mph?variant=40038274433086","price":225.0,"currency":"USD","framed":true,"w":14.5,"h":18.5,"label":"Small"},{"vendor":"houseofspoils","url":"https://houseofspoils.com/products/aaron-brimhall-88mph?variant=41592414961726","price":400.0,"currency":"USD","framed":true,"w":19.5,"h":26.0,"label":"Medium"},{"vendor":"houseofspoils","url":"https://houseofspoils.com/products/aaron-brimhall-88mph?variant=41592415092798","price":590.0,"currency":"USD","framed":true,"w":24.5,"h":33.5,"label":"Large"},{"vendor":"houseofspoils","url":"https://houseofspoils.com/products/aaron-brimhall-88mph?variant=41592415223870","price":1050.0,"currency":"USD","framed":true,"w":31.5,"h":44.0,"label":"Giant"},{"vendor":"houseofspoils","url":"https://houseofspoils.com/products/aaron-brimhall-88mph?variant=41592415354942","price":1975.0,"currency":"USD","framed":true,"w":39.5,"h":56.0,"label":"Collector"},{"vendor":"houseofspoils","url":"https://houseofspoils.com/products/aaron-brimhall-88mph?variant=41592415486014","price":3450.0,"currency":"USD","framed":true,"w":46.0,"h":66.0,"label":"Exhibition"}]
hos-emily-abay-the-glitter-sailor	Emily Abay	https://houseofspoils.com/products/emily-abay-the-glitter-sailor	The Glitter Sailor	photo	film	https://cdn.shopify.com/s/files/1/0115/7385/4270/products/The-Glitter-Sailor.jpg?width=560	[{"vendor":"houseofspoils","url":"https://houseofspoils.com/products/emily-abay-the-glitter-sailor?variant=40038276169790","price":225.0,"currency":"USD","framed":true,"w":18.5,"h":14.5,"label":"Small"},{"vendor":"houseofspoils","url":"https://houseofspoils.com/products/emily-abay-the-glitter-sailor?variant=41592416141374","price":400.0,"currency":"USD","framed":true,"w":26.0,"h":19.5,"label":"Medium"},{"vendor":"houseofspoils","url":"https://houseofspoils.com/products/emily-abay-the-glitter-sailor?variant=41592416272446","price":590.0,"currency":"USD","framed":true,"w":33.5,"h":24.5,"label":"Large"},{"vendor":"houseofspoils","url":"https://houseofspoils.com/products/emily-abay-the-glitter-sailor?variant=41592416403518","price":1050.0,"currency":"USD","framed":true,"w":44.0,"h":31.5,"label":"Giant"},{"vendor":"houseofspoils","url":"https://houseofspoils.com/products/emily-abay-the-glitter-sailor?variant=41592416534590","price":1975.0,"currency":"USD","framed":true,"w":56.0,"h":39.5,"label":"Collector"},{"vendor":"houseofspoils","url":"https://houseofspoils.com/products/emily-abay-the-glitter-sailor?variant=41592416665662","price":3450.0,"currency":"USD","framed":true,"w":66.0,"h":46.0,"label":"Exhibition"}]
hos-emily-abay-girls-of-one-fire	Emily Abay	https://houseofspoils.com/products/emily-abay-girls-of-one-fire	Girls of One Fire	photo	film	https://cdn.shopify.com/s/files/1/0115/7385/4270/products/Girls-on-One-Fire.jpg?width=560	[{"vendor":"houseofspoils","url":"https://houseofspoils.com/products/emily-abay-girls-of-one-fire?variant=40038277578814","price":225.0,"currency":"USD","framed":true,"w":18.5,"h":14.5,"label":"Small"},{"vendor":"houseofspoils","url":"https://houseofspoils.com/products/emily-abay-girls-of-one-fire?variant=41592417288254","price":400.0,"currency":"USD","framed":true,"w":26.0,"h":19.5,"label":"Medium"},{"vendor":"houseofspoils","url":"https://houseofspoils.com/products/emily-abay-girls-of-one-fire?variant=41592417419326","price":590.0,"currency":"USD","framed":true,"w":33.5,"h":24.5,"label":"Large"},{"vendor":"houseofspoils","url":"https://houseofspoils.com/products/emily-abay-girls-of-one-fire?variant=41592417550398","price":1050.0,"currency":"USD","framed":true,"w":44.0,"h":31.5,"label":"Giant"},{"vendor":"houseofspoils","url":"https://houseofspoils.com/products/emily-abay-girls-of-one-fire?variant=41592417681470","price":1975.0,"currency":"USD","framed":true,"w":56.0,"h":39.5,"label":"Collector"},{"vendor":"houseofspoils","url":"https://houseofspoils.com/products/emily-abay-girls-of-one-fire?variant=41592417812542","price":3450.0,"currency":"USD","framed":true,"w":66.0,"h":46.0,"label":"Exhibition"}]
hos-emily-abay-take-a-bite	Emily Abay	https://houseofspoils.com/products/emily-abay-take-a-bite	Take a Bite	photo	film	https://cdn.shopify.com/s/files/1/0115/7385/4270/products/Take-a-Bite.jpg?width=560	[{"vendor":"houseofspoils","url":"https://houseofspoils.com/products/emily-abay-take-a-bite?variant=40038279151678","price":225.0,"currency":"USD","framed":true,"w":14.5,"h":18.5,"label":"Small"},{"vendor":"houseofspoils","url":"https://houseofspoils.com/products/emily-abay-take-a-bite?variant=41592420728894","price":400.0,"currency":"USD","framed":true,"w":19.5,"h":26.0,"label":"Medium"},{"vendor":"houseofspoils","url":"https://houseofspoils.com/products/emily-abay-take-a-bite?variant=41592420859966","price":590.0,"currency":"USD","framed":true,"w":24.5,"h":33.5,"label":"Large"},{"vendor":"houseofspoils","url":"https://houseofspoils.com/products/emily-abay-take-a-bite?variant=41592420991038","price":1050.0,"currency":"USD","framed":true,"w":31.5,"h":44.0,"label":"Giant"},{"vendor":"houseofspoils","url":"https://houseofspoils.com/products/emily-abay-take-a-bite?variant=41592421122110","price":1975.0,"currency":"USD","framed":true,"w":39.5,"h":56.0,"label":"Collector"},{"vendor":"houseofspoils","url":"https://houseofspoils.com/products/emily-abay-take-a-bite?variant=41592421253182","price":3450.0,"currency":"USD","framed":true,"w":46.0,"h":66.0,"label":"Exhibition"}]
hos-brecht-vanthof-los-gigantes	Brecht Van't Hof	https://houseofspoils.com/products/brecht-vanthof-los-gigantes	Los Gigantes	photo	film	https://cdn.shopify.com/s/files/1/0115/7385/4270/products/Los-Gigantes.jpg?width=560	[{"vendor":"houseofspoils","url":"https://houseofspoils.com/products/brecht-vanthof-los-gigantes?variant=40038282068030","price":225.0,"currency":"USD","framed":true,"w":18.5,"h":14.5,"label":"Small"},{"vendor":"houseofspoils","url":"https://houseofspoils.com/products/brecht-vanthof-los-gigantes?variant=41592423022654","price":400.0,"currency":"USD","framed":true,"w":26.0,"h":19.5,"label":"Medium"},{"vendor":"houseofspoils","url":"https://houseofspoils.com/products/brecht-vanthof-los-gigantes?variant=41592423153726","price":590.0,"currency":"USD","framed":true,"w":33.5,"h":24.5,"label":"Large"},{"vendor":"houseofspoils","url":"https://houseofspoils.com/products/brecht-vanthof-los-gigantes?variant=41592423284798","price":1050.0,"currency":"USD","framed":true,"w":44.0,"h":31.5,"label":"Giant"},{"vendor":"houseofspoils","url":"https://houseofspoils.com/products/brecht-vanthof-los-gigantes?variant=41592423415870","price":1975.0,"currency":"USD","framed":true,"w":56.0,"h":39.5,"label":"Collector"},{"vendor":"houseofspoils","url":"https://houseofspoils.com/products/brecht-vanthof-los-gigantes?variant=41592423546942","price":3450.0,"currency":"USD","framed":true,"w":66.0,"h":46.0,"label":"Exhibition"}]
hos-emily-abay-golden-hour	Emily Abay	https://houseofspoils.com/products/emily-abay-golden-hour	Golden Hour	photo	film	https://cdn.shopify.com/s/files/1/0115/7385/4270/products/Golden-Hour.jpg?width=560	[{"vendor":"houseofspoils","url":"https://houseofspoils.com/products/emily-abay-golden-hour?variant=40038285082686","price":225.0,"currency":"USD","framed":true,"w":14.5,"h":18.5,"label":"Small"},{"vendor":"houseofspoils","url":"https://houseofspoils.com/products/emily-abay-golden-hour?variant=41592426463294","price":400.0,"currency":"USD","framed":true,"w":19.5,"h":26.0,"label":"Medium"},{"vendor":"houseofspoils","url":"https://houseofspoils.com/products/emily-abay-golden-hour?variant=41592426594366","price":590.0,"currency":"USD","framed":true,"w":24.5,"h":33.5,"label":"Large"},{"vendor":"houseofspoils","url":"https://houseofspoils.com/products/emily-abay-golden-hour?variant=41592426725438","price":1050.0,"currency":"USD","framed":true,"w":31.5,"h":44.0,"label":"Giant"},{"vendor":"houseofspoils","url":"https://houseofspoils.com/products/emily-abay-golden-hour?variant=41592426856510","price":1975.0,"currency":"USD","framed":true,"w":39.5,"h":56.0,"label":"Collector"},{"vendor":"houseofspoils","url":"https://houseofspoils.com/products/emily-abay-golden-hour?variant=41592426987582","price":3450.0,"currency":"USD","framed":true,"w":46.0,"h":66.0,"label":"Exhibition"}]
hos-emily-abay-newtons-ladies	Emily Abay	https://houseofspoils.com/products/emily-abay-newtons-ladies	Newton's Ladies	photo	film	https://cdn.shopify.com/s/files/1/0115/7385/4270/products/Newton_s-Ladies.jpg?width=560	[{"vendor":"houseofspoils","url":"https://houseofspoils.com/products/emily-abay-newtons-ladies?variant=40038286655550","price":225.0,"currency":"USD","framed":true,"w":14.5,"h":18.5,"label":"Small"},{"vendor":"houseofspoils","url":"https://houseofspoils.com/products/emily-abay-newtons-ladies?variant=41592427675710","price":400.0,"currency":"USD","framed":true,"w":19.5,"h":26.0,"label":"Medium"},{"vendor":"houseofspoils","url":"https://houseofspoils.com/products/emily-abay-newtons-ladies?variant=41592427806782","price":590.0,"currency":"USD","framed":true,"w":24.5,"h":33.5,"label":"Large"},{"vendor":"houseofspoils","url":"https://houseofspoils.com/products/emily-abay-newtons-ladies?variant=41592427937854","price":1050.0,"currency":"USD","framed":true,"w":31.5,"h":44.0,"label":"Giant"},{"vendor":"houseofspoils","url":"https://houseofspoils.com/products/emily-abay-newtons-ladies?variant=41592428068926","price":1975.0,"currency":"USD","framed":true,"w":39.5,"h":56.0,"label":"Collector"},{"vendor":"houseofspoils","url":"https://houseofspoils.com/products/emily-abay-newtons-ladies?variant=41592428199998","price":3450.0,"currency":"USD","framed":true,"w":46.0,"h":66.0,"label":"Exhibition"}]
hos-emily-abay-on-hold	Emily Abay	https://houseofspoils.com/products/emily-abay-on-hold	On Hold	photo	film	https://cdn.shopify.com/s/files/1/0115/7385/4270/products/On-Hold.jpg?width=560	[{"vendor":"houseofspoils","url":"https://houseofspoils.com/products/emily-abay-on-hold?variant=40038288195646","price":225.0,"currency":"USD","framed":true,"w":14.5,"h":18.5,"label":"Small"},{"vendor":"houseofspoils","url":"https://houseofspoils.com/products/emily-abay-on-hold?variant=41592428822590","price":400.0,"currency":"USD","framed":true,"w":19.5,"h":26.0,"label":"Medium"},{"vendor":"houseofspoils","url":"https://houseofspoils.com/products/emily-abay-on-hold?variant=41592428953662","price":590.0,"currency":"USD","framed":true,"w":24.5,"h":33.5,"label":"Large"},{"vendor":"houseofspoils","url":"https://houseofspoils.com/products/emily-abay-on-hold?variant=41592429084734","price":1050.0,"currency":"USD","framed":true,"w":31.5,"h":44.0,"label":"Giant"},{"vendor":"houseofspoils","url":"https://houseofspoils.com/products/emily-abay-on-hold?variant=41592429215806","price":1975.0,"currency":"USD","framed":true,"w":39.5,"h":56.0,"label":"Collector"},{"vendor":"houseofspoils","url":"https://houseofspoils.com/products/emily-abay-on-hold?variant=41592429346878","price":3450.0,"currency":"USD","framed":true,"w":46.0,"h":66.0,"label":"Exhibition"}]
hos-emily-abay-hanalei	Emily Abay	https://houseofspoils.com/products/emily-abay-hanalei	Hanalei	photo	film	https://cdn.shopify.com/s/files/1/0115/7385/4270/products/Hanalei.jpg?width=560	[{"vendor":"houseofspoils","url":"https://houseofspoils.com/products/emily-abay-hanalei?variant=40038289571902","price":225.0,"currency":"USD","framed":true,"w":14.5,"h":18.5,"label":"Small"},{"vendor":"houseofspoils","url":"https://houseofspoils.com/products/emily-abay-hanalei?variant=41592431116350","price":400.0,"currency":"USD","framed":true,"w":19.5,"h":26.0,"label":"Medium"},{"vendor":"houseofspoils","url":"https://houseofspoils.com/products/emily-abay-hanalei?variant=41592431247422","price":590.0,"currency":"USD","framed":true,"w":24.5,"h":33.5,"label":"Large"},{"vendor":"houseofspoils","url":"https://houseofspoils.com/products/emily-abay-hanalei?variant=41592431378494","price":1050.0,"currency":"USD","framed":true,"w":31.5,"h":44.0,"label":"Giant"},{"vendor":"houseofspoils","url":"https://houseofspoils.com/products/emily-abay-hanalei?variant=41592431509566","price":1975.0,"currency":"USD","framed":true,"w":39.5,"h":56.0,"label":"Collector"},{"vendor":"houseofspoils","url":"https://houseofspoils.com/products/emily-abay-hanalei?variant=41592431640638","price":3450.0,"currency":"USD","framed":true,"w":46.0,"h":66.0,"label":"Exhibition"}]
hos-emily-abay-in-the-groove	Emily Abay	https://houseofspoils.com/products/emily-abay-in-the-groove	In the Groove	photo	film	https://cdn.shopify.com/s/files/1/0115/7385/4270/products/In-The-Groove.jpg?width=560	[{"vendor":"houseofspoils","url":"https://houseofspoils.com/products/emily-abay-in-the-groove?variant=40038293012542","price":225.0,"currency":"USD","framed":true,"w":18.5,"h":14.5,"label":"Small"},{"vendor":"houseofspoils","url":"https://houseofspoils.com/products/emily-abay-in-the-groove?variant=41592433442878","price":400.0,"currency":"USD","framed":true,"w":26.0,"h":19.5,"label":"Medium"},{"vendor":"houseofspoils","url":"https://houseofspoils.com/products/emily-abay-in-the-groove?variant=41592433573950","price":590.0,"currency":"USD","framed":true,"w":33.5,"h":24.5,"label":"Large"},{"vendor":"houseofspoils","url":"https://houseofspoils.com/products/emily-abay-in-the-groove?variant=41592433705022","price":1050.0,"currency":"USD","framed":true,"w":44.0,"h":31.5,"label":"Giant"},{"vendor":"houseofspoils","url":"https://houseofspoils.com/products/emily-abay-in-the-groove?variant=41592433836094","price":1975.0,"currency":"USD","framed":true,"w":56.0,"h":39.5,"label":"Collector"},{"vendor":"houseofspoils","url":"https://houseofspoils.com/products/emily-abay-in-the-groove?variant=41592433967166","price":3450.0,"currency":"USD","framed":true,"w":66.0,"h":46.0,"label":"Exhibition"}]
hos-emily-abay-straight-six	Emily Abay	https://houseofspoils.com/products/emily-abay-straight-six	Straight Six	photo	film	https://cdn.shopify.com/s/files/1/0115/7385/4270/products/Straight-Six.jpg?width=560	[{"vendor":"houseofspoils","url":"https://houseofspoils.com/products/emily-abay-straight-six?variant=40038294650942","price":225.0,"currency":"USD","framed":true,"w":18.5,"h":14.5,"label":"Small"},{"vendor":"houseofspoils","url":"https://houseofspoils.com/products/emily-abay-straight-six?variant=41592434589758","price":400.0,"currency":"USD","framed":true,"w":26.0,"h":19.5,"label":"Medium"},{"vendor":"houseofspoils","url":"https://houseofspoils.com/products/emily-abay-straight-six?variant=41592434720830","price":590.0,"currency":"USD","framed":true,"w":33.5,"h":24.5,"label":"Large"},{"vendor":"houseofspoils","url":"https://houseofspoils.com/products/emily-abay-straight-six?variant=41592434851902","price":1050.0,"currency":"USD","framed":true,"w":44.0,"h":31.5,"label":"Giant"},{"vendor":"houseofspoils","url":"https://houseofspoils.com/products/emily-abay-straight-six?variant=41592434982974","price":1975.0,"currency":"USD","framed":true,"w":56.0,"h":39.5,"label":"Collector"},{"vendor":"houseofspoils","url":"https://houseofspoils.com/products/emily-abay-straight-six?variant=41592435114046","price":3450.0,"currency":"USD","framed":true,"w":66.0,"h":46.0,"label":"Exhibition"}]
hos-dane-grady-coral	Dane Grady	https://houseofspoils.com/products/dane-grady-coral	Coral	photo	film	https://cdn.shopify.com/s/files/1/0115/7385/4270/products/DG02-S-F.jpg?width=560	[{"vendor":"houseofspoils","url":"https://houseofspoils.com/products/dane-grady-coral?variant=40038296485950","price":225.0,"currency":"USD","framed":true,"w":18.5,"h":14.5,"label":"Small"},{"vendor":"houseofspoils","url":"https://houseofspoils.com/products/dane-grady-coral?variant=41592436129854","price":400.0,"currency":"USD","framed":true,"w":26.0,"h":19.5,"label":"Medium"},{"vendor":"houseofspoils","url":"https://houseofspoils.com/products/dane-grady-coral?variant=41592436260926","price":590.0,"currency":"USD","framed":true,"w":33.5,"h":24.5,"label":"Large"},{"vendor":"houseofspoils","url":"https://houseofspoils.com/products/dane-grady-coral?variant=41592436391998","price":1050.0,"currency":"USD","framed":true,"w":44.0,"h":31.5,"label":"Giant"},{"vendor":"houseofspoils","url":"https://houseofspoils.com/products/dane-grady-coral?variant=41592436523070","price":1975.0,"currency":"USD","framed":true,"w":56.0,"h":39.5,"label":"Collector"},{"vendor":"houseofspoils","url":"https://houseofspoils.com/products/dane-grady-coral?variant=41592436654142","price":3450.0,"currency":"USD","framed":true,"w":66.0,"h":46.0,"label":"Exhibition"}]
hos-natalie-obradovich-giraffic-jam	Natalie Obradovich	https://houseofspoils.com/products/natalie-obradovich-giraffic-jam	Giraffic Jam	photo	film	https://cdn.shopify.com/s/files/1/0115/7385/4270/products/Giraffic-Jam.jpg?width=560	[{"vendor":"houseofspoils","url":"https://houseofspoils.com/products/natalie-obradovich-giraffic-jam?variant=40038297894974","price":225.0,"currency":"USD","framed":true,"w":18.5,"h":14.5,"label":"Small"},{"vendor":"houseofspoils","url":"https://houseofspoils.com/products/natalie-obradovich-giraffic-jam?variant=41592437276734","price":400.0,"currency":"USD","framed":true,"w":26.0,"h":19.5,"label":"Medium"},{"vendor":"houseofspoils","url":"https://houseofspoils.com/products/natalie-obradovich-giraffic-jam?variant=41592437407806","price":590.0,"currency":"USD","framed":true,"w":33.5,"h":24.5,"label":"Large"},{"vendor":"houseofspoils","url":"https://houseofspoils.com/products/natalie-obradovich-giraffic-jam?variant=41592437538878","price":1050.0,"currency":"USD","framed":true,"w":44.0,"h":31.5,"label":"Giant"},{"vendor":"houseofspoils","url":"https://houseofspoils.com/products/natalie-obradovich-giraffic-jam?variant=41592437669950","price":1975.0,"currency":"USD","framed":true,"w":56.0,"h":39.5,"label":"Collector"},{"vendor":"houseofspoils","url":"https://houseofspoils.com/products/natalie-obradovich-giraffic-jam?variant=41592437801022","price":3450.0,"currency":"USD","framed":true,"w":66.0,"h":46.0,"label":"Exhibition"}]
hos-natalie-obradovich-la-fontelina-xxi	Natalie Obradovich	https://houseofspoils.com/products/natalie-obradovich-la-fontelina-xxi	La Fontelina XXI	photo	film	https://cdn.shopify.com/s/files/1/0115/7385/4270/products/La-Fontelina-XXI.jpg?width=560	[{"vendor":"houseofspoils","url":"https://houseofspoils.com/products/natalie-obradovich-la-fontelina-xxi?variant=40038299402302","price":225.0,"currency":"USD","framed":true,"w":14.5,"h":18.5,"label":"Small"},{"vendor":"houseofspoils","url":"https://houseofspoils.com/products/natalie-obradovich-la-fontelina-xxi?variant=41592439570494","price":400.0,"currency":"USD","framed":true,"w":19.5,"h":26.0,"label":"Medium"},{"vendor":"houseofspoils","url":"https://houseofspoils.com/products/natalie-obradovich-la-fontelina-xxi?variant=41592439701566","price":590.0,"currency":"USD","framed":true,"w":24.5,"h":33.5,"label":"Large"},{"vendor":"houseofspoils","url":"https://houseofspoils.com/products/natalie-obradovich-la-fontelina-xxi?variant=41592439832638","price":1050.0,"currency":"USD","framed":true,"w":31.5,"h":44.0,"label":"Giant"},{"vendor":"houseofspoils","url":"https://houseofspoils.com/products/natalie-obradovich-la-fontelina-xxi?variant=41592439963710","price":1975.0,"currency":"USD","framed":true,"w":39.5,"h":56.0,"label":"Collector"},{"vendor":"houseofspoils","url":"https://houseofspoils.com/products/natalie-obradovich-la-fontelina-xxi?variant=41592440094782","price":3450.0,"currency":"USD","framed":true,"w":46.0,"h":66.0,"label":"Exhibition"}]
hos-james-barkman-sleeping-with-giants	James Barkman	https://houseofspoils.com/products/james-barkman-sleeping-with-giants	Sleeping with Giants	photo	film	https://cdn.shopify.com/s/files/1/0115/7385/4270/products/Sleeping-With-Giants.jpg?width=560	[{"vendor":"houseofspoils","url":"https://houseofspoils.com/products/james-barkman-sleeping-with-giants?variant=40038302351422","price":225.0,"currency":"USD","framed":true,"w":18.5,"h":14.5,"label":"Small"},{"vendor":"houseofspoils","url":"https://houseofspoils.com/products/james-barkman-sleeping-with-giants?variant=41592443076670","price":400.0,"currency":"USD","framed":true,"w":26.0,"h":19.5,"label":"Medium"},{"vendor":"houseofspoils","url":"https://houseofspoils.com/products/james-barkman-sleeping-with-giants?variant=41592443207742","price":590.0,"currency":"USD","framed":true,"w":33.5,"h":24.5,"label":"Large"},{"vendor":"houseofspoils","url":"https://houseofspoils.com/products/james-barkman-sleeping-with-giants?variant=41592443338814","price":1050.0,"currency":"USD","framed":true,"w":44.0,"h":31.5,"label":"Giant"},{"vendor":"houseofspoils","url":"https://houseofspoils.com/products/james-barkman-sleeping-with-giants?variant=41592443469886","price":1975.0,"currency":"USD","framed":true,"w":56.0,"h":39.5,"label":"Collector"},{"vendor":"houseofspoils","url":"https://houseofspoils.com/products/james-barkman-sleeping-with-giants?variant=41592443600958","price":3450.0,"currency":"USD","framed":true,"w":66.0,"h":46.0,"label":"Exhibition"}]
hos-david-lopez-salty-foam	David Lopez	https://houseofspoils.com/products/david-lopez-salty-foam	Salty Foam	photo	film	https://cdn.shopify.com/s/files/1/0115/7385/4270/products/Salty-Foam.jpg?width=560	[{"vendor":"houseofspoils","url":"https://houseofspoils.com/products/david-lopez-salty-foam?variant=40038305103934","price":225.0,"currency":"USD","framed":true,"w":18.5,"h":14.5,"label":"Small"},{"vendor":"houseofspoils","url":"https://houseofspoils.com/products/david-lopez-salty-foam?variant=41592446550078","price":400.0,"currency":"USD","framed":true,"w":26.0,"h":19.5,"label":"Medium"},{"vendor":"houseofspoils","url":"https://houseofspoils.com/products/david-lopez-salty-foam?variant=41592446681150","price":590.0,"currency":"USD","framed":true,"w":33.5,"h":24.5,"label":"Large"},{"vendor":"houseofspoils","url":"https://houseofspoils.com/products/david-lopez-salty-foam?variant=41592446812222","price":1050.0,"currency":"USD","framed":true,"w":44.0,"h":31.5,"label":"Giant"},{"vendor":"houseofspoils","url":"https://houseofspoils.com/products/david-lopez-salty-foam?variant=41592446943294","price":1975.0,"currency":"USD","framed":true,"w":56.0,"h":39.5,"label":"Collector"},{"vendor":"houseofspoils","url":"https://houseofspoils.com/products/david-lopez-salty-foam?variant=41592447074366","price":3450.0,"currency":"USD","framed":true,"w":66.0,"h":46.0,"label":"Exhibition"}]
hos-alexandru-costin-born-free	Alexandru Costin	https://houseofspoils.com/products/alexandru-costin-born-free	Born Free	photo	film	https://cdn.shopify.com/s/files/1/0115/7385/4270/products/Born-Free.jpg?width=560	[{"vendor":"houseofspoils","url":"https://houseofspoils.com/products/alexandru-costin-born-free?variant=40038306578494","price":225.0,"currency":"USD","framed":true,"w":14.5,"h":18.5,"label":"Small"},{"vendor":"houseofspoils","url":"https://houseofspoils.com/products/alexandru-costin-born-free?variant=41592447696958","price":400.0,"currency":"USD","framed":true,"w":19.5,"h":26.0,"label":"Medium"},{"vendor":"houseofspoils","url":"https://houseofspoils.com/products/alexandru-costin-born-free?variant=41592447828030","price":590.0,"currency":"USD","framed":true,"w":24.5,"h":33.5,"label":"Large"},{"vendor":"houseofspoils","url":"https://houseofspoils.com/products/alexandru-costin-born-free?variant=41592447959102","price":1050.0,"currency":"USD","framed":true,"w":31.5,"h":44.0,"label":"Giant"},{"vendor":"houseofspoils","url":"https://houseofspoils.com/products/alexandru-costin-born-free?variant=41592448090174","price":1975.0,"currency":"USD","framed":true,"w":39.5,"h":56.0,"label":"Collector"},{"vendor":"houseofspoils","url":"https://houseofspoils.com/products/alexandru-costin-born-free?variant=41592448221246","price":3450.0,"currency":"USD","framed":true,"w":46.0,"h":66.0,"label":"Exhibition"}]
hos-natalie-obradovich-li-galli	Natalie Obradovich	https://houseofspoils.com/products/natalie-obradovich-li-galli	Li Galli	photo	film	https://cdn.shopify.com/s/files/1/0115/7385/4270/products/Li-Galli.jpg?width=560	[{"vendor":"houseofspoils","url":"https://houseofspoils.com/products/natalie-obradovich-li-galli?variant=40038310805566","price":225.0,"currency":"USD","framed":true,"w":18.5,"h":14.5,"label":"Small"},{"vendor":"houseofspoils","url":"https://houseofspoils.com/products/natalie-obradovich-li-galli?variant=41592452284478","price":400.0,"currency":"USD","framed":true,"w":26.0,"h":19.5,"label":"Medium"},{"vendor":"houseofspoils","url":"https://houseofspoils.com/products/natalie-obradovich-li-galli?variant=41592452415550","price":590.0,"currency":"USD","framed":true,"w":33.5,"h":24.5,"label":"Large"},{"vendor":"houseofspoils","url":"https://houseofspoils.com/products/natalie-obradovich-li-galli?variant=41592452546622","price":1050.0,"currency":"USD","framed":true,"w":44.0,"h":31.5,"label":"Giant"},{"vendor":"houseofspoils","url":"https://houseofspoils.com/products/natalie-obradovich-li-galli?variant=41592452677694","price":1975.0,"currency":"USD","framed":true,"w":56.0,"h":39.5,"label":"Collector"},{"vendor":"houseofspoils","url":"https://houseofspoils.com/products/natalie-obradovich-li-galli?variant=41592452808766","price":3450.0,"currency":"USD","framed":true,"w":66.0,"h":46.0,"label":"Exhibition"}]
hos-beau-simmons-untamed	Beau Simmons	https://houseofspoils.com/products/beau-simmons-untamed	Untamed	photo	film	https://cdn.shopify.com/s/files/1/0115/7385/4270/products/Untamed.jpg?width=560	[{"vendor":"houseofspoils","url":"https://houseofspoils.com/products/beau-simmons-untamed?variant=40038316572734","price":225.0,"currency":"USD","framed":true,"w":14.5,"h":18.5,"label":"Small"},{"vendor":"houseofspoils","url":"https://houseofspoils.com/products/beau-simmons-untamed?variant=41592458182718","price":400.0,"currency":"USD","framed":true,"w":19.5,"h":26.0,"label":"Medium"},{"vendor":"houseofspoils","url":"https://houseofspoils.com/products/beau-simmons-untamed?variant=41592458313790","price":590.0,"currency":"USD","framed":true,"w":24.5,"h":33.5,"label":"Large"},{"vendor":"houseofspoils","url":"https://houseofspoils.com/products/beau-simmons-untamed?variant=41592458444862","price":1050.0,"currency":"USD","framed":true,"w":31.5,"h":44.0,"label":"Giant"},{"vendor":"houseofspoils","url":"https://houseofspoils.com/products/beau-simmons-untamed?variant=41592458575934","price":1975.0,"currency":"USD","framed":true,"w":39.5,"h":56.0,"label":"Collector"},{"vendor":"houseofspoils","url":"https://houseofspoils.com/products/beau-simmons-untamed?variant=41592458707006","price":3450.0,"currency":"USD","framed":true,"w":46.0,"h":66.0,"label":"Exhibition"}]
hos-ted-gushue-pellicano-iv	Ted Gushue	https://houseofspoils.com/products/ted-gushue-pellicano-iv	Pellicano IV	photo	film	https://cdn.shopify.com/s/files/1/0115/7385/4270/products/Pellicano-IV.jpg?width=560	[{"vendor":"houseofspoils","url":"https://houseofspoils.com/products/ted-gushue-pellicano-iv?variant=40038313754686","price":225.0,"currency":"USD","framed":true,"w":18.5,"h":14.5,"label":"Small"},{"vendor":"houseofspoils","url":"https://houseofspoils.com/products/ted-gushue-pellicano-iv?variant=41592454643774","price":400.0,"currency":"USD","framed":true,"w":26.0,"h":19.5,"label":"Medium"},{"vendor":"houseofspoils","url":"https://houseofspoils.com/products/ted-gushue-pellicano-iv?variant=41592454774846","price":590.0,"currency":"USD","framed":true,"w":33.5,"h":24.5,"label":"Large"},{"vendor":"houseofspoils","url":"https://houseofspoils.com/products/ted-gushue-pellicano-iv?variant=41592454905918","price":1050.0,"currency":"USD","framed":true,"w":44.0,"h":31.5,"label":"Giant"},{"vendor":"houseofspoils","url":"https://houseofspoils.com/products/ted-gushue-pellicano-iv?variant=41592455036990","price":1975.0,"currency":"USD","framed":true,"w":56.0,"h":39.5,"label":"Collector"},{"vendor":"houseofspoils","url":"https://houseofspoils.com/products/ted-gushue-pellicano-iv?variant=41592455168062","price":3450.0,"currency":"USD","framed":true,"w":66.0,"h":46.0,"label":"Exhibition"}]
hos-beau-simmons-daydream	Beau Simmons	https://houseofspoils.com/products/beau-simmons-daydream	Daydream	photo	film	https://cdn.shopify.com/s/files/1/0115/7385/4270/products/BS05-S-F.jpg?width=560	[{"vendor":"houseofspoils","url":"https://houseofspoils.com/products/beau-simmons-daydream?variant=40038315163710","price":225.0,"currency":"USD","framed":true,"w":18.5,"h":14.5,"label":"Small"},{"vendor":"houseofspoils","url":"https://houseofspoils.com/products/beau-simmons-daydream?variant=41592455888958","price":400.0,"currency":"USD","framed":true,"w":26.0,"h":19.5,"label":"Medium"},{"vendor":"houseofspoils","url":"https://houseofspoils.com/products/beau-simmons-daydream?variant=41592456020030","price":590.0,"currency":"USD","framed":true,"w":33.5,"h":24.5,"label":"Large"},{"vendor":"houseofspoils","url":"https://houseofspoils.com/products/beau-simmons-daydream?variant=41592456151102","price":1050.0,"currency":"USD","framed":true,"w":44.0,"h":31.5,"label":"Giant"},{"vendor":"houseofspoils","url":"https://houseofspoils.com/products/beau-simmons-daydream?variant=41592456282174","price":1975.0,"currency":"USD","framed":true,"w":56.0,"h":39.5,"label":"Collector"},{"vendor":"houseofspoils","url":"https://houseofspoils.com/products/beau-simmons-daydream?variant=41592456413246","price":3450.0,"currency":"USD","framed":true,"w":66.0,"h":46.0,"label":"Exhibition"}]
hos-david-lopez-magic-hour	David Lopez	https://houseofspoils.com/products/david-lopez-magic-hour	Magic Hour	photo	film	https://cdn.shopify.com/s/files/1/0115/7385/4270/products/Magic-Hour.jpg?width=560	[{"vendor":"houseofspoils","url":"https://houseofspoils.com/products/david-lopez-magic-hour?variant=40038317981758","price":225.0,"currency":"USD","framed":true,"w":18.5,"h":14.5,"label":"Small"},{"vendor":"houseofspoils","url":"https://houseofspoils.com/products/david-lopez-magic-hour?variant=41592459329598","price":400.0,"currency":"USD","framed":true,"w":26.0,"h":19.5,"label":"Medium"},{"vendor":"houseofspoils","url":"https://houseofspoils.com/products/david-lopez-magic-hour?variant=41592459460670","price":590.0,"currency":"USD","framed":true,"w":33.5,"h":24.5,"label":"Large"},{"vendor":"houseofspoils","url":"https://houseofspoils.com/products/david-lopez-magic-hour?variant=41592459591742","price":1050.0,"currency":"USD","framed":true,"w":44.0,"h":31.5,"label":"Giant"},{"vendor":"houseofspoils","url":"https://houseofspoils.com/products/david-lopez-magic-hour?variant=41592459722814","price":1975.0,"currency":"USD","framed":true,"w":56.0,"h":39.5,"label":"Collector"},{"vendor":"houseofspoils","url":"https://houseofspoils.com/products/david-lopez-magic-hour?variant=41592459853886","price":3450.0,"currency":"USD","framed":true,"w":66.0,"h":46.0,"label":"Exhibition"}]
hos-funboy-secret-palm	Brecht Van't Hof	https://houseofspoils.com/products/funboy-secret-palm	Secret Palm	photo	film	https://cdn.shopify.com/s/files/1/0115/7385/4270/products/Secret-Palm.jpg?width=560	[{"vendor":"houseofspoils","url":"https://houseofspoils.com/products/funboy-secret-palm?variant=40038322896958","price":225.0,"currency":"USD","framed":true,"w":14.5,"h":18.5,"label":"Small"},{"vendor":"houseofspoils","url":"https://houseofspoils.com/products/funboy-secret-palm?variant=41592463949886","price":400.0,"currency":"USD","framed":true,"w":19.5,"h":26.0,"label":"Medium"},{"vendor":"houseofspoils","url":"https://houseofspoils.com/products/funboy-secret-palm?variant=41592464080958","price":590.0,"currency":"USD","framed":true,"w":24.5,"h":33.5,"label":"Large"},{"vendor":"houseofspoils","url":"https://houseofspoils.com/products/funboy-secret-palm?variant=41592464212030","price":1050.0,"currency":"USD","framed":true,"w":31.5,"h":44.0,"label":"Giant"},{"vendor":"houseofspoils","url":"https://houseofspoils.com/products/funboy-secret-palm?variant=41592464343102","price":1975.0,"currency":"USD","framed":true,"w":39.5,"h":56.0,"label":"Collector"},{"vendor":"houseofspoils","url":"https://houseofspoils.com/products/funboy-secret-palm?variant=41592464474174","price":3450.0,"currency":"USD","framed":true,"w":46.0,"h":66.0,"label":"Exhibition"}]
hos-clint-robert-the-daily	Clint Robert	https://houseofspoils.com/products/clint-robert-the-daily	The Daily	photo	film	https://cdn.shopify.com/s/files/1/0115/7385/4270/products/The-Daily.jpg?width=560	[{"vendor":"houseofspoils","url":"https://houseofspoils.com/products/clint-robert-the-daily?variant=40038324273214","price":225.0,"currency":"USD","framed":true,"w":14.5,"h":18.5,"label":"Small"},{"vendor":"houseofspoils","url":"https://houseofspoils.com/products/clint-robert-the-daily?variant=41592466309182","price":400.0,"currency":"USD","framed":true,"w":19.5,"h":26.0,"label":"Medium"},{"vendor":"houseofspoils","url":"https://houseofspoils.com/products/clint-robert-the-daily?variant=41592466440254","price":590.0,"currency":"USD","framed":true,"w":24.5,"h":33.5,"label":"Large"},{"vendor":"houseofspoils","url":"https://houseofspoils.com/products/clint-robert-the-daily?variant=41592466571326","price":1050.0,"currency":"USD","framed":true,"w":31.5,"h":44.0,"label":"Giant"},{"vendor":"houseofspoils","url":"https://houseofspoils.com/products/clint-robert-the-daily?variant=41592466702398","price":1975.0,"currency":"USD","framed":true,"w":39.5,"h":56.0,"label":"Collector"},{"vendor":"houseofspoils","url":"https://houseofspoils.com/products/clint-robert-the-daily?variant=41592466833470","price":3450.0,"currency":"USD","framed":true,"w":46.0,"h":66.0,"label":"Exhibition"}]
hos-riley-harper-the-pass-ii	Riley Harper	https://houseofspoils.com/products/riley-harper-the-pass-ii	The Pass II	photo	film	https://cdn.shopify.com/s/files/1/0115/7385/4270/products/The-Pass-II.jpg?width=560	[{"vendor":"houseofspoils","url":"https://houseofspoils.com/products/riley-harper-the-pass-ii?variant=40038327091262","price":225.0,"currency":"USD","framed":true,"w":18.5,"h":14.5,"label":"Small"},{"vendor":"houseofspoils","url":"https://houseofspoils.com/products/riley-harper-the-pass-ii?variant=41592468602942","price":400.0,"currency":"USD","framed":true,"w":26.0,"h":19.5,"label":"Medium"},{"vendor":"houseofspoils","url":"https://houseofspoils.com/products/riley-harper-the-pass-ii?variant=41592468734014","price":590.0,"currency":"USD","framed":true,"w":33.5,"h":24.5,"label":"Large"},{"vendor":"houseofspoils","url":"https://houseofspoils.com/products/riley-harper-the-pass-ii?variant=41592468865086","price":1050.0,"currency":"USD","framed":true,"w":44.0,"h":31.5,"label":"Giant"},{"vendor":"houseofspoils","url":"https://houseofspoils.com/products/riley-harper-the-pass-ii?variant=41592468996158","price":1975.0,"currency":"USD","framed":true,"w":56.0,"h":39.5,"label":"Collector"},{"vendor":"houseofspoils","url":"https://houseofspoils.com/products/riley-harper-the-pass-ii?variant=41592469127230","price":3450.0,"currency":"USD","framed":true,"w":66.0,"h":46.0,"label":"Exhibition"}]
hos-jared-chambers-white-pocket	Jared Chambers	https://houseofspoils.com/products/jared-chambers-white-pocket	White Pocket	photo	film	https://cdn.shopify.com/s/files/1/0115/7385/4270/products/White-Pocket.jpg?width=560	[{"vendor":"houseofspoils","url":"https://houseofspoils.com/products/jared-chambers-white-pocket?variant=40038328467518","price":225.0,"currency":"USD","framed":true,"w":18.5,"h":14.5,"label":"Small"},{"vendor":"houseofspoils","url":"https://houseofspoils.com/products/jared-chambers-white-pocket?variant=41592470896702","price":400.0,"currency":"USD","framed":true,"w":26.0,"h":19.5,"label":"Medium"},{"vendor":"houseofspoils","url":"https://houseofspoils.com/products/jared-chambers-white-pocket?variant=41592471027774","price":590.0,"currency":"USD","framed":true,"w":33.5,"h":24.5,"label":"Large"},{"vendor":"houseofspoils","url":"https://houseofspoils.com/products/jared-chambers-white-pocket?variant=41592471158846","price":1050.0,"currency":"USD","framed":true,"w":44.0,"h":31.5,"label":"Giant"},{"vendor":"houseofspoils","url":"https://houseofspoils.com/products/jared-chambers-white-pocket?variant=41592471289918","price":1975.0,"currency":"USD","framed":true,"w":56.0,"h":39.5,"label":"Collector"},{"vendor":"houseofspoils","url":"https://houseofspoils.com/products/jared-chambers-white-pocket?variant=41592471420990","price":3450.0,"currency":"USD","framed":true,"w":66.0,"h":46.0,"label":"Exhibition"}]
hos-wayne-fracis-stretch-test	Wayne Francis	https://houseofspoils.com/products/wayne-fracis-stretch-test	Stretch Test	photo	film	https://cdn.shopify.com/s/files/1/0115/7385/4270/products/Stretch-Test.jpg?width=560	[{"vendor":"houseofspoils","url":"https://houseofspoils.com/products/wayne-fracis-stretch-test?variant=40038331285566","price":225.0,"currency":"USD","framed":true,"w":14.5,"h":18.5,"label":"Small"},{"vendor":"houseofspoils","url":"https://houseofspoils.com/products/wayne-fracis-stretch-test?variant=41592473223230","price":400.0,"currency":"USD","framed":true,"w":19.5,"h":26.0,"label":"Medium"},{"vendor":"houseofspoils","url":"https://houseofspoils.com/products/wayne-fracis-stretch-test?variant=41592473354302","price":590.0,"currency":"USD","framed":true,"w":24.5,"h":33.5,"label":"Large"},{"vendor":"houseofspoils","url":"https://houseofspoils.com/products/wayne-fracis-stretch-test?variant=41592473485374","price":1050.0,"currency":"USD","framed":true,"w":31.5,"h":44.0,"label":"Giant"},{"vendor":"houseofspoils","url":"https://houseofspoils.com/products/wayne-fracis-stretch-test?variant=41592473616446","price":1975.0,"currency":"USD","framed":true,"w":39.5,"h":56.0,"label":"Collector"},{"vendor":"houseofspoils","url":"https://houseofspoils.com/products/wayne-fracis-stretch-test?variant=41592473747518","price":3450.0,"currency":"USD","framed":true,"w":46.0,"h":66.0,"label":"Exhibition"}]
hos-josefina-erosa-morro	Josefina Erosa	https://houseofspoils.com/products/josefina-erosa-morro	Morro	photo	film	https://cdn.shopify.com/s/files/1/0115/7385/4270/products/Morro.jpg?width=560	[{"vendor":"houseofspoils","url":"https://houseofspoils.com/products/josefina-erosa-morro?variant=40038337413182","price":225.0,"currency":"USD","framed":true,"w":14.5,"h":18.5,"label":"Small"},{"vendor":"houseofspoils","url":"https://houseofspoils.com/products/josefina-erosa-morro?variant=41592477843518","price":400.0,"currency":"USD","framed":true,"w":19.5,"h":26.0,"label":"Medium"},{"vendor":"houseofspoils","url":"https://houseofspoils.com/products/josefina-erosa-morro?variant=41592477974590","price":590.0,"currency":"USD","framed":true,"w":24.5,"h":33.5,"label":"Large"},{"vendor":"houseofspoils","url":"https://houseofspoils.com/products/josefina-erosa-morro?variant=41592478105662","price":1050.0,"currency":"USD","framed":true,"w":31.5,"h":44.0,"label":"Giant"},{"vendor":"houseofspoils","url":"https://houseofspoils.com/products/josefina-erosa-morro?variant=41592478236734","price":1975.0,"currency":"USD","framed":true,"w":39.5,"h":56.0,"label":"Collector"},{"vendor":"houseofspoils","url":"https://houseofspoils.com/products/josefina-erosa-morro?variant=41592478367806","price":3450.0,"currency":"USD","framed":true,"w":46.0,"h":66.0,"label":"Exhibition"}]
hos-ted-gushue-pellicano-ii	Ted Gushue	https://houseofspoils.com/products/ted-gushue-pellicano-ii	Pellicano II	photo	film	https://cdn.shopify.com/s/files/1/0115/7385/4270/products/Pellicano-II.jpg?width=560	[{"vendor":"houseofspoils","url":"https://houseofspoils.com/products/ted-gushue-pellicano-ii?variant=40038340198462","price":225.0,"currency":"USD","framed":true,"w":14.5,"h":18.5,"label":"Small"},{"vendor":"houseofspoils","url":"https://houseofspoils.com/products/ted-gushue-pellicano-ii?variant=41592481284158","price":400.0,"currency":"USD","framed":true,"w":19.5,"h":26.0,"label":"Medium"},{"vendor":"houseofspoils","url":"https://houseofspoils.com/products/ted-gushue-pellicano-ii?variant=41592481415230","price":590.0,"currency":"USD","framed":true,"w":24.5,"h":33.5,"label":"Large"},{"vendor":"houseofspoils","url":"https://houseofspoils.com/products/ted-gushue-pellicano-ii?variant=41592481546302","price":1050.0,"currency":"USD","framed":true,"w":31.5,"h":44.0,"label":"Giant"},{"vendor":"houseofspoils","url":"https://houseofspoils.com/products/ted-gushue-pellicano-ii?variant=41592481677374","price":1975.0,"currency":"USD","framed":true,"w":39.5,"h":56.0,"label":"Collector"},{"vendor":"houseofspoils","url":"https://houseofspoils.com/products/ted-gushue-pellicano-ii?variant=41592481808446","price":3450.0,"currency":"USD","framed":true,"w":46.0,"h":66.0,"label":"Exhibition"}]
hos-clint-robert-alice	Clint Robert	https://houseofspoils.com/products/clint-robert-alice	Alice	photo	film	https://cdn.shopify.com/s/files/1/0115/7385/4270/products/Alice.jpg?width=560	[{"vendor":"houseofspoils","url":"https://houseofspoils.com/products/clint-robert-alice?variant=40038343049278","price":225.0,"currency":"USD","framed":true,"w":14.5,"h":18.5,"label":"Small"},{"vendor":"houseofspoils","url":"https://houseofspoils.com/products/clint-robert-alice?variant=41592483577918","price":400.0,"currency":"USD","framed":true,"w":19.5,"h":26.0,"label":"Medium"},{"vendor":"houseofspoils","url":"https://houseofspoils.com/products/clint-robert-alice?variant=41592483708990","price":590.0,"currency":"USD","framed":true,"w":24.5,"h":33.5,"label":"Large"},{"vendor":"houseofspoils","url":"https://houseofspoils.com/products/clint-robert-alice?variant=41592483840062","price":1050.0,"currency":"USD","framed":true,"w":31.5,"h":44.0,"label":"Giant"},{"vendor":"houseofspoils","url":"https://houseofspoils.com/products/clint-robert-alice?variant=41592483971134","price":1975.0,"currency":"USD","framed":true,"w":39.5,"h":56.0,"label":"Collector"},{"vendor":"houseofspoils","url":"https://houseofspoils.com/products/clint-robert-alice?variant=41592484102206","price":3450.0,"currency":"USD","framed":true,"w":46.0,"h":66.0,"label":"Exhibition"}]
hos-wayne-francis-cool-down	Wayne Francis	https://houseofspoils.com/products/wayne-francis-cool-down	Cool Down	photo	film	https://cdn.shopify.com/s/files/1/0115/7385/4270/products/Cool-Down.jpg?width=560	[{"vendor":"houseofspoils","url":"https://houseofspoils.com/products/wayne-francis-cool-down?variant=40038344425534","price":225.0,"currency":"USD","framed":true,"w":14.5,"h":18.5,"label":"Small"},{"vendor":"houseofspoils","url":"https://houseofspoils.com/products/wayne-francis-cool-down?variant=41592484724798","price":400.0,"currency":"USD","framed":true,"w":19.5,"h":26.0,"label":"Medium"},{"vendor":"houseofspoils","url":"https://houseofspoils.com/products/wayne-francis-cool-down?variant=41592484855870","price":590.0,"currency":"USD","framed":true,"w":24.5,"h":33.5,"label":"Large"},{"vendor":"houseofspoils","url":"https://houseofspoils.com/products/wayne-francis-cool-down?variant=41592484986942","price":1050.0,"currency":"USD","framed":true,"w":31.5,"h":44.0,"label":"Giant"},{"vendor":"houseofspoils","url":"https://houseofspoils.com/products/wayne-francis-cool-down?variant=41592485118014","price":1975.0,"currency":"USD","framed":true,"w":39.5,"h":56.0,"label":"Collector"},{"vendor":"houseofspoils","url":"https://houseofspoils.com/products/wayne-francis-cool-down?variant=41592485249086","price":3450.0,"currency":"USD","framed":true,"w":46.0,"h":66.0,"label":"Exhibition"}]
hos-wayne-francis-the-search	Wayne Francis	https://houseofspoils.com/products/wayne-francis-the-search	The Search	photo	film	https://cdn.shopify.com/s/files/1/0115/7385/4270/products/The-Search.jpg?width=560	[{"vendor":"houseofspoils","url":"https://houseofspoils.com/products/wayne-francis-the-search?variant=40038346358846","price":225.0,"currency":"USD","framed":true,"w":14.5,"h":18.5,"label":"Small"},{"vendor":"houseofspoils","url":"https://houseofspoils.com/products/wayne-francis-the-search?variant=41592485937214","price":400.0,"currency":"USD","framed":true,"w":19.5,"h":26.0,"label":"Medium"},{"vendor":"houseofspoils","url":"https://houseofspoils.com/products/wayne-francis-the-search?variant=41592486395966","price":590.0,"currency":"USD","framed":true,"w":24.5,"h":33.5,"label":"Large"},{"vendor":"houseofspoils","url":"https://houseofspoils.com/products/wayne-francis-the-search?variant=41592486789182","price":1050.0,"currency":"USD","framed":true,"w":31.5,"h":44.0,"label":"Giant"},{"vendor":"houseofspoils","url":"https://houseofspoils.com/products/wayne-francis-the-search?variant=41592487149630","price":1975.0,"currency":"USD","framed":true,"w":39.5,"h":56.0,"label":"Collector"},{"vendor":"houseofspoils","url":"https://houseofspoils.com/products/wayne-francis-the-search?variant=41592487542846","price":3450.0,"currency":"USD","framed":true,"w":46.0,"h":66.0,"label":"Exhibition"}]
hos-josefina-erosa-espiritus	Josefina Erosa	https://houseofspoils.com/products/josefina-erosa-espiritus	Espiritus	photo	film	https://cdn.shopify.com/s/files/1/0115/7385/4270/products/Espiritus.jpg?width=560	[{"vendor":"houseofspoils","url":"https://houseofspoils.com/products/josefina-erosa-espiritus?variant=40038347767870","price":225.0,"currency":"USD","framed":true,"w":18.5,"h":14.5,"label":"Small"},{"vendor":"houseofspoils","url":"https://houseofspoils.com/products/josefina-erosa-espiritus?variant=41592488230974","price":400.0,"currency":"USD","framed":true,"w":26.0,"h":19.5,"label":"Medium"},{"vendor":"houseofspoils","url":"https://houseofspoils.com/products/josefina-erosa-espiritus?variant=41592488362046","price":590.0,"currency":"USD","framed":true,"w":33.5,"h":24.5,"label":"Large"},{"vendor":"houseofspoils","url":"https://houseofspoils.com/products/josefina-erosa-espiritus?variant=41592488493118","price":1050.0,"currency":"USD","framed":true,"w":44.0,"h":31.5,"label":"Giant"},{"vendor":"houseofspoils","url":"https://houseofspoils.com/products/josefina-erosa-espiritus?variant=41592488624190","price":1975.0,"currency":"USD","framed":true,"w":56.0,"h":39.5,"label":"Collector"},{"vendor":"houseofspoils","url":"https://houseofspoils.com/products/josefina-erosa-espiritus?variant=41592488755262","price":3450.0,"currency":"USD","framed":true,"w":66.0,"h":46.0,"label":"Exhibition"}]
hos-josefina-erosa-galope	Josefina Erosa	https://houseofspoils.com/products/josefina-erosa-galope	Galope	photo	film	https://cdn.shopify.com/s/files/1/0115/7385/4270/products/Galope.jpg?width=560	[{"vendor":"houseofspoils","url":"https://houseofspoils.com/products/josefina-erosa-galope?variant=40038349209662","price":225.0,"currency":"USD","framed":true,"w":18.5,"h":14.5,"label":"Small"},{"vendor":"houseofspoils","url":"https://houseofspoils.com/products/josefina-erosa-galope?variant=41592489377854","price":400.0,"currency":"USD","framed":true,"w":26.0,"h":19.5,"label":"Medium"},{"vendor":"houseofspoils","url":"https://houseofspoils.com/products/josefina-erosa-galope?variant=41592489508926","price":590.0,"currency":"USD","framed":true,"w":33.5,"h":24.5,"label":"Large"},{"vendor":"houseofspoils","url":"https://houseofspoils.com/products/josefina-erosa-galope?variant=41592489639998","price":1050.0,"currency":"USD","framed":true,"w":44.0,"h":31.5,"label":"Giant"},{"vendor":"houseofspoils","url":"https://houseofspoils.com/products/josefina-erosa-galope?variant=41592489771070","price":1975.0,"currency":"USD","framed":true,"w":56.0,"h":39.5,"label":"Collector"},{"vendor":"houseofspoils","url":"https://houseofspoils.com/products/josefina-erosa-galope?variant=41592489902142","price":3450.0,"currency":"USD","framed":true,"w":66.0,"h":46.0,"label":"Exhibition"}]
hos-josefina-erosa-neblina	Josefina Erosa	https://houseofspoils.com/products/josefina-erosa-neblina	Neblina	photo	film	https://cdn.shopify.com/s/files/1/0115/7385/4270/products/Neblina.jpg?width=560	[{"vendor":"houseofspoils","url":"https://houseofspoils.com/products/josefina-erosa-neblina?variant=40038350585918","price":225.0,"currency":"USD","framed":true,"w":18.5,"h":14.5,"label":"Small"},{"vendor":"houseofspoils","url":"https://houseofspoils.com/products/josefina-erosa-neblina?variant=41592490524734","price":400.0,"currency":"USD","framed":true,"w":26.0,"h":19.5,"label":"Medium"},{"vendor":"houseofspoils","url":"https://houseofspoils.com/products/josefina-erosa-neblina?variant=41592490655806","price":590.0,"currency":"USD","framed":true,"w":33.5,"h":24.5,"label":"Large"},{"vendor":"houseofspoils","url":"https://houseofspoils.com/products/josefina-erosa-neblina?variant=41592490786878","price":1050.0,"currency":"USD","framed":true,"w":44.0,"h":31.5,"label":"Giant"},{"vendor":"houseofspoils","url":"https://houseofspoils.com/products/josefina-erosa-neblina?variant=41592490917950","price":1975.0,"currency":"USD","framed":true,"w":56.0,"h":39.5,"label":"Collector"},{"vendor":"houseofspoils","url":"https://houseofspoils.com/products/josefina-erosa-neblina?variant=41592491049022","price":3450.0,"currency":"USD","framed":true,"w":66.0,"h":46.0,"label":"Exhibition"}]
hos-josefine-erosa-mont	Josefina Erosa	https://houseofspoils.com/products/josefine-erosa-mont	Mont	photo	film	https://cdn.shopify.com/s/files/1/0115/7385/4270/products/Mont.jpg?width=560	[{"vendor":"houseofspoils","url":"https://houseofspoils.com/products/josefine-erosa-mont?variant=40038352158782","price":225.0,"currency":"USD","framed":true,"w":18.5,"h":14.5,"label":"Small"},{"vendor":"houseofspoils","url":"https://houseofspoils.com/products/josefine-erosa-mont?variant=41591902699582","price":400.0,"currency":"USD","framed":true,"w":26.0,"h":19.5,"label":"Medium"},{"vendor":"houseofspoils","url":"https://houseofspoils.com/products/josefine-erosa-mont?variant=41591902830654","price":590.0,"currency":"USD","framed":true,"w":33.5,"h":24.5,"label":"Large"},{"vendor":"houseofspoils","url":"https://houseofspoils.com/products/josefine-erosa-mont?variant=41591902961726","price":1050.0,"currency":"USD","framed":true,"w":44.0,"h":31.5,"label":"Giant"},{"vendor":"houseofspoils","url":"https://houseofspoils.com/products/josefine-erosa-mont?variant=41591903125566","price":1975.0,"currency":"USD","framed":true,"w":56.0,"h":39.5,"label":"Collector"},{"vendor":"houseofspoils","url":"https://houseofspoils.com/products/josefine-erosa-mont?variant=41591903256638","price":3450.0,"currency":"USD","framed":true,"w":66.0,"h":46.0,"label":"Exhibition"}]
hos-beau-simmons-vintage-summer	Beau Simmons	https://houseofspoils.com/products/beau-simmons-vintage-summer	Vintage Summer	photo	film	https://cdn.shopify.com/s/files/1/0115/7385/4270/products/Vintage-Summer.jpg?width=560	[{"vendor":"houseofspoils","url":"https://houseofspoils.com/products/beau-simmons-vintage-summer?variant=40038353535038","price":225.0,"currency":"USD","framed":true,"w":18.5,"h":14.5,"label":"Small"},{"vendor":"houseofspoils","url":"https://houseofspoils.com/products/beau-simmons-vintage-summer?variant=41591904501822","price":400.0,"currency":"USD","framed":true,"w":26.0,"h":19.5,"label":"Medium"},{"vendor":"houseofspoils","url":"https://houseofspoils.com/products/beau-simmons-vintage-summer?variant=41591904632894","price":590.0,"currency":"USD","framed":true,"w":33.5,"h":24.5,"label":"Large"},{"vendor":"houseofspoils","url":"https://houseofspoils.com/products/beau-simmons-vintage-summer?variant=41591904763966","price":1050.0,"currency":"USD","framed":true,"w":44.0,"h":31.5,"label":"Giant"},{"vendor":"houseofspoils","url":"https://houseofspoils.com/products/beau-simmons-vintage-summer?variant=41591904895038","price":1975.0,"currency":"USD","framed":true,"w":56.0,"h":39.5,"label":"Collector"},{"vendor":"houseofspoils","url":"https://houseofspoils.com/products/beau-simmons-vintage-summer?variant=41591905026110","price":3450.0,"currency":"USD","framed":true,"w":66.0,"h":46.0,"label":"Exhibition"}]
hos-beau-simmons-goliath	Beau Simmons	https://houseofspoils.com/products/beau-simmons-goliath	Goliath	photo	film	https://cdn.shopify.com/s/files/1/0115/7385/4270/products/Goliath.jpg?width=560	[{"vendor":"houseofspoils","url":"https://houseofspoils.com/products/beau-simmons-goliath?variant=40038354911294","price":225.0,"currency":"USD","framed":true,"w":14.5,"h":18.5,"label":"Small"},{"vendor":"houseofspoils","url":"https://houseofspoils.com/products/beau-simmons-goliath?variant=41591905910846","price":400.0,"currency":"USD","framed":true,"w":19.5,"h":26.0,"label":"Medium"},{"vendor":"houseofspoils","url":"https://houseofspoils.com/products/beau-simmons-goliath?variant=41591906041918","price":590.0,"currency":"USD","framed":true,"w":24.5,"h":33.5,"label":"Large"},{"vendor":"houseofspoils","url":"https://houseofspoils.com/products/beau-simmons-goliath?variant=41591906172990","price":1050.0,"currency":"USD","framed":true,"w":31.5,"h":44.0,"label":"Giant"},{"vendor":"houseofspoils","url":"https://houseofspoils.com/products/beau-simmons-goliath?variant=41591906304062","price":1975.0,"currency":"USD","framed":true,"w":39.5,"h":56.0,"label":"Collector"},{"vendor":"houseofspoils","url":"https://houseofspoils.com/products/beau-simmons-goliath?variant=41591906435134","price":3450.0,"currency":"USD","framed":true,"w":46.0,"h":66.0,"label":"Exhibition"}]
hos-beau-simmons-riser	Beau Simmons	https://houseofspoils.com/products/beau-simmons-riser	Riser	photo	film	https://cdn.shopify.com/s/files/1/0115/7385/4270/products/Riser.jpg?width=560	[{"vendor":"houseofspoils","url":"https://houseofspoils.com/products/beau-simmons-riser?variant=40038356287550","price":225.0,"currency":"USD","framed":true,"w":14.5,"h":18.5,"label":"Small"},{"vendor":"houseofspoils","url":"https://houseofspoils.com/products/beau-simmons-riser?variant=41591908368446","price":400.0,"currency":"USD","framed":true,"w":19.5,"h":26.0,"label":"Medium"},{"vendor":"houseofspoils","url":"https://houseofspoils.com/products/beau-simmons-riser?variant=41591908499518","price":590.0,"currency":"USD","framed":true,"w":24.5,"h":33.5,"label":"Large"},{"vendor":"houseofspoils","url":"https://houseofspoils.com/products/beau-simmons-riser?variant=41591908630590","price":1050.0,"currency":"USD","framed":true,"w":31.5,"h":44.0,"label":"Giant"},{"vendor":"houseofspoils","url":"https://houseofspoils.com/products/beau-simmons-riser?variant=41591908761662","price":1975.0,"currency":"USD","framed":true,"w":39.5,"h":56.0,"label":"Collector"},{"vendor":"houseofspoils","url":"https://houseofspoils.com/products/beau-simmons-riser?variant=41591908892734","price":3450.0,"currency":"USD","framed":true,"w":46.0,"h":66.0,"label":"Exhibition"}]
hos-beau-simmons-ride-west	Beau Simmons	https://houseofspoils.com/products/beau-simmons-ride-west	Ride West	photo	film	https://cdn.shopify.com/s/files/1/0115/7385/4270/products/Ride-West.jpg?width=560	[{"vendor":"houseofspoils","url":"https://houseofspoils.com/products/beau-simmons-ride-west?variant=40038357663806","price":225.0,"currency":"USD","framed":true,"w":14.5,"h":18.5,"label":"Small"},{"vendor":"houseofspoils","url":"https://houseofspoils.com/products/beau-simmons-ride-west?variant=41591910924350","price":400.0,"currency":"USD","framed":true,"w":19.5,"h":26.0,"label":"Medium"},{"vendor":"houseofspoils","url":"https://houseofspoils.com/products/beau-simmons-ride-west?variant=41591911055422","price":590.0,"currency":"USD","framed":true,"w":24.5,"h":33.5,"label":"Large"},{"vendor":"houseofspoils","url":"https://houseofspoils.com/products/beau-simmons-ride-west?variant=41591911186494","price":1050.0,"currency":"USD","framed":true,"w":31.5,"h":44.0,"label":"Giant"},{"vendor":"houseofspoils","url":"https://houseofspoils.com/products/beau-simmons-ride-west?variant=41591911317566","price":1975.0,"currency":"USD","framed":true,"w":39.5,"h":56.0,"label":"Collector"},{"vendor":"houseofspoils","url":"https://houseofspoils.com/products/beau-simmons-ride-west?variant=41591911448638","price":3450.0,"currency":"USD","framed":true,"w":46.0,"h":66.0,"label":"Exhibition"}]
hos-natalie-obradovich-gallipoli-i	Natalie Obradovich	https://houseofspoils.com/products/natalie-obradovich-gallipoli-i	Gallipoli I	photo	film	https://cdn.shopify.com/s/files/1/0115/7385/4270/products/Gallipoli-I.jpg?width=560	[{"vendor":"houseofspoils","url":"https://houseofspoils.com/products/natalie-obradovich-gallipoli-i?variant=40038362054718","price":225.0,"currency":"USD","framed":true,"w":14.5,"h":18.5,"label":"Small"},{"vendor":"houseofspoils","url":"https://houseofspoils.com/products/natalie-obradovich-gallipoli-i?variant=41591916494910","price":400.0,"currency":"USD","framed":true,"w":19.5,"h":26.0,"label":"Medium"},{"vendor":"houseofspoils","url":"https://houseofspoils.com/products/natalie-obradovich-gallipoli-i?variant=41591916625982","price":590.0,"currency":"USD","framed":true,"w":24.5,"h":33.5,"label":"Large"},{"vendor":"houseofspoils","url":"https://houseofspoils.com/products/natalie-obradovich-gallipoli-i?variant=41591916757054","price":1050.0,"currency":"USD","framed":true,"w":31.5,"h":44.0,"label":"Giant"},{"vendor":"houseofspoils","url":"https://houseofspoils.com/products/natalie-obradovich-gallipoli-i?variant=41591916888126","price":1975.0,"currency":"USD","framed":true,"w":39.5,"h":56.0,"label":"Collector"},{"vendor":"houseofspoils","url":"https://houseofspoils.com/products/natalie-obradovich-gallipoli-i?variant=41591917019198","price":3450.0,"currency":"USD","framed":true,"w":46.0,"h":66.0,"label":"Exhibition"}]
hos-natalie-obradovich-monaco-ii	Natalie Obradovich	https://houseofspoils.com/products/natalie-obradovich-monaco-ii	Monaco II	photo	film	https://cdn.shopify.com/s/files/1/0115/7385/4270/products/Monaco-II.jpg?width=560	[{"vendor":"houseofspoils","url":"https://houseofspoils.com/products/natalie-obradovich-monaco-ii?variant=40038363693118","price":225.0,"currency":"USD","framed":true,"w":14.5,"h":18.5,"label":"Small"},{"vendor":"houseofspoils","url":"https://houseofspoils.com/products/natalie-obradovich-monaco-ii?variant=41591917838398","price":400.0,"currency":"USD","framed":true,"w":19.5,"h":26.0,"label":"Medium"},{"vendor":"houseofspoils","url":"https://houseofspoils.com/products/natalie-obradovich-monaco-ii?variant=41591917969470","price":590.0,"currency":"USD","framed":true,"w":24.5,"h":33.5,"label":"Large"},{"vendor":"houseofspoils","url":"https://houseofspoils.com/products/natalie-obradovich-monaco-ii?variant=41591918100542","price":1050.0,"currency":"USD","framed":true,"w":31.5,"h":44.0,"label":"Giant"},{"vendor":"houseofspoils","url":"https://houseofspoils.com/products/natalie-obradovich-monaco-ii?variant=41591918231614","price":1975.0,"currency":"USD","framed":true,"w":39.5,"h":56.0,"label":"Collector"},{"vendor":"houseofspoils","url":"https://houseofspoils.com/products/natalie-obradovich-monaco-ii?variant=41591918362686","price":3450.0,"currency":"USD","framed":true,"w":46.0,"h":66.0,"label":"Exhibition"}]
hos-natalie-obradovich-da-waterpig-ii	Natalie Obradovich	https://houseofspoils.com/products/natalie-obradovich-da-waterpig-ii	Da Waterpig II	photo	film	https://cdn.shopify.com/s/files/1/0115/7385/4270/products/NO09-S-F.jpg?width=560	[{"vendor":"houseofspoils","url":"https://houseofspoils.com/products/natalie-obradovich-da-waterpig-ii?variant=40038366904382","price":225.0,"currency":"USD","framed":true,"w":18.5,"h":14.5,"label":"Small"},{"vendor":"houseofspoils","url":"https://houseofspoils.com/products/natalie-obradovich-da-waterpig-ii?variant=41591921541182","price":400.0,"currency":"USD","framed":true,"w":26.0,"h":19.5,"label":"Medium"},{"vendor":"houseofspoils","url":"https://houseofspoils.com/products/natalie-obradovich-da-waterpig-ii?variant=41591921672254","price":590.0,"currency":"USD","framed":true,"w":33.5,"h":24.5,"label":"Large"},{"vendor":"houseofspoils","url":"https://houseofspoils.com/products/natalie-obradovich-da-waterpig-ii?variant=41591921803326","price":1050.0,"currency":"USD","framed":true,"w":44.0,"h":31.5,"label":"Giant"},{"vendor":"houseofspoils","url":"https://houseofspoils.com/products/natalie-obradovich-da-waterpig-ii?variant=41591921934398","price":1975.0,"currency":"USD","framed":true,"w":56.0,"h":39.5,"label":"Collector"},{"vendor":"houseofspoils","url":"https://houseofspoils.com/products/natalie-obradovich-da-waterpig-ii?variant=41591922065470","price":3450.0,"currency":"USD","framed":true,"w":66.0,"h":46.0,"label":"Exhibition"}]
hos-vincent-perraud-get-in	Vincent Perraud	https://houseofspoils.com/products/vincent-perraud-get-in	Get In	photo	film	https://cdn.shopify.com/s/files/1/0115/7385/4270/products/Get-In.jpg?width=560	[{"vendor":"houseofspoils","url":"https://houseofspoils.com/products/vincent-perraud-get-in?variant=40038372704318","price":225.0,"currency":"USD","framed":true,"w":18.5,"h":14.5,"label":"Small"},{"vendor":"houseofspoils","url":"https://houseofspoils.com/products/vincent-perraud-get-in?variant=41591927963710","price":400.0,"currency":"USD","framed":true,"w":26.0,"h":19.5,"label":"Medium"},{"vendor":"houseofspoils","url":"https://houseofspoils.com/products/vincent-perraud-get-in?variant=41591928094782","price":590.0,"currency":"USD","framed":true,"w":33.5,"h":24.5,"label":"Large"},{"vendor":"houseofspoils","url":"https://houseofspoils.com/products/vincent-perraud-get-in?variant=41591928225854","price":1050.0,"currency":"USD","framed":true,"w":44.0,"h":31.5,"label":"Giant"},{"vendor":"houseofspoils","url":"https://houseofspoils.com/products/vincent-perraud-get-in?variant=41591928356926","price":1975.0,"currency":"USD","framed":true,"w":56.0,"h":39.5,"label":"Collector"},{"vendor":"houseofspoils","url":"https://houseofspoils.com/products/vincent-perraud-get-in?variant=41591928487998","price":3450.0,"currency":"USD","framed":true,"w":66.0,"h":46.0,"label":"Exhibition"}]
hos-jared-chambers-1974	Jared Chambers	https://houseofspoils.com/products/jared-chambers-1974	1974	photo	film	https://cdn.shopify.com/s/files/1/0115/7385/4270/products/1974_Ford_Mustang.jpg?width=560	[{"vendor":"houseofspoils","url":"https://houseofspoils.com/products/jared-chambers-1974?variant=40037892882494","price":225.0,"currency":"USD","framed":true,"w":18.5,"h":14.5,"label":"Small"},{"vendor":"houseofspoils","url":"https://houseofspoils.com/products/jared-chambers-1974?variant=41591931863102","price":400.0,"currency":"USD","framed":true,"w":26.0,"h":19.5,"label":"Medium"},{"vendor":"houseofspoils","url":"https://houseofspoils.com/products/jared-chambers-1974?variant=41591931994174","price":590.0,"currency":"USD","framed":true,"w":33.5,"h":24.5,"label":"Large"},{"vendor":"houseofspoils","url":"https://houseofspoils.com/products/jared-chambers-1974?variant=41591932125246","price":1050.0,"currency":"USD","framed":true,"w":44.0,"h":31.5,"label":"Giant"},{"vendor":"houseofspoils","url":"https://houseofspoils.com/products/jared-chambers-1974?variant=41591932256318","price":1975.0,"currency":"USD","framed":true,"w":56.0,"h":39.5,"label":"Collector"},{"vendor":"houseofspoils","url":"https://houseofspoils.com/products/jared-chambers-1974?variant=41591932387390","price":3450.0,"currency":"USD","framed":true,"w":66.0,"h":46.0,"label":"Exhibition"}]
hos-harry-mark-terra	Harry Mark	https://houseofspoils.com/products/harry-mark-terra	Terra	photo	film	https://cdn.shopify.com/s/files/1/0115/7385/4270/products/Terra.jpg?width=560	[{"vendor":"houseofspoils","url":"https://houseofspoils.com/products/harry-mark-terra?variant=40038376898622","price":225.0,"currency":"USD","framed":true,"w":18.5,"h":14.5,"label":"Small"},{"vendor":"houseofspoils","url":"https://houseofspoils.com/products/harry-mark-terra?variant=41591934419006","price":400.0,"currency":"USD","framed":true,"w":26.0,"h":19.5,"label":"Medium"},{"vendor":"houseofspoils","url":"https://houseofspoils.com/products/harry-mark-terra?variant=41591934550078","price":590.0,"currency":"USD","framed":true,"w":33.5,"h":24.5,"label":"Large"},{"vendor":"houseofspoils","url":"https://houseofspoils.com/products/harry-mark-terra?variant=41591934681150","price":1050.0,"currency":"USD","framed":true,"w":44.0,"h":31.5,"label":"Giant"},{"vendor":"houseofspoils","url":"https://houseofspoils.com/products/harry-mark-terra?variant=41591934812222","price":1975.0,"currency":"USD","framed":true,"w":56.0,"h":39.5,"label":"Collector"},{"vendor":"houseofspoils","url":"https://houseofspoils.com/products/harry-mark-terra?variant=41591934943294","price":3450.0,"currency":"USD","framed":true,"w":66.0,"h":46.0,"label":"Exhibition"}]
hos-monroe-alvarez-solo-iv	Monroe Alvarez	https://houseofspoils.com/products/monroe-alvarez-solo-iv	Solo IV	photo	film	https://cdn.shopify.com/s/files/1/0115/7385/4270/products/Solo-IV.jpg?width=560	[{"vendor":"houseofspoils","url":"https://houseofspoils.com/products/monroe-alvarez-solo-iv?variant=40038399410238","price":225.0,"currency":"USD","framed":true,"w":18.5,"h":14.5,"label":"Small"},{"vendor":"houseofspoils","url":"https://houseofspoils.com/products/monroe-alvarez-solo-iv?variant=41591960338494","price":400.0,"currency":"USD","framed":true,"w":26.0,"h":19.5,"label":"Medium"},{"vendor":"houseofspoils","url":"https://houseofspoils.com/products/monroe-alvarez-solo-iv?variant=41591960469566","price":590.0,"currency":"USD","framed":true,"w":33.5,"h":24.5,"label":"Large"},{"vendor":"houseofspoils","url":"https://houseofspoils.com/products/monroe-alvarez-solo-iv?variant=41591960600638","price":1050.0,"currency":"USD","framed":true,"w":44.0,"h":31.5,"label":"Giant"},{"vendor":"houseofspoils","url":"https://houseofspoils.com/products/monroe-alvarez-solo-iv?variant=41591960731710","price":1975.0,"currency":"USD","framed":true,"w":56.0,"h":39.5,"label":"Collector"},{"vendor":"houseofspoils","url":"https://houseofspoils.com/products/monroe-alvarez-solo-iv?variant=41591960862782","price":3450.0,"currency":"USD","framed":true,"w":66.0,"h":46.0,"label":"Exhibition"}]
hos-harry-mark-shore-dance	Harry Mark	https://houseofspoils.com/products/harry-mark-shore-dance	Shore Dance	photo	film	https://cdn.shopify.com/s/files/1/0115/7385/4270/products/Shore-Dance.jpg?width=560	[{"vendor":"houseofspoils","url":"https://houseofspoils.com/products/harry-mark-shore-dance?variant=40038455541822","price":225.0,"currency":"USD","framed":true,"w":18.5,"h":14.5,"label":"Small"},{"vendor":"houseofspoils","url":"https://houseofspoils.com/products/harry-mark-shore-dance?variant=41592041799742","price":400.0,"currency":"USD","framed":true,"w":26.0,"h":19.5,"label":"Medium"},{"vendor":"houseofspoils","url":"https://houseofspoils.com/products/harry-mark-shore-dance?variant=41592041930814","price":590.0,"currency":"USD","framed":true,"w":33.5,"h":24.5,"label":"Large"},{"vendor":"houseofspoils","url":"https://houseofspoils.com/products/harry-mark-shore-dance?variant=41592042061886","price":1050.0,"currency":"USD","framed":true,"w":44.0,"h":31.5,"label":"Giant"},{"vendor":"houseofspoils","url":"https://houseofspoils.com/products/harry-mark-shore-dance?variant=41592042192958","price":1975.0,"currency":"USD","framed":true,"w":56.0,"h":39.5,"label":"Collector"},{"vendor":"houseofspoils","url":"https://houseofspoils.com/products/harry-mark-shore-dance?variant=41592042324030","price":3450.0,"currency":"USD","framed":true,"w":66.0,"h":46.0,"label":"Exhibition"}]
hos-tom-hawkins-poolside	Tom Hawkins	https://houseofspoils.com/products/tom-hawkins-poolside	Poolside	photo	film	https://cdn.shopify.com/s/files/1/0115/7385/4270/products/Poolside.jpg?width=560	[{"vendor":"houseofspoils","url":"https://houseofspoils.com/products/tom-hawkins-poolside?variant=40038419169342","price":225.0,"currency":"USD","framed":true,"w":18.5,"h":14.5,"label":"Small"},{"vendor":"houseofspoils","url":"https://houseofspoils.com/products/tom-hawkins-poolside?variant=41592004837438","price":400.0,"currency":"USD","framed":true,"w":26.0,"h":19.5,"label":"Medium"},{"vendor":"houseofspoils","url":"https://houseofspoils.com/products/tom-hawkins-poolside?variant=41592004968510","price":590.0,"currency":"USD","framed":true,"w":33.5,"h":24.5,"label":"Large"},{"vendor":"houseofspoils","url":"https://houseofspoils.com/products/tom-hawkins-poolside?variant=41592005099582","price":1050.0,"currency":"USD","framed":true,"w":44.0,"h":31.5,"label":"Giant"},{"vendor":"houseofspoils","url":"https://houseofspoils.com/products/tom-hawkins-poolside?variant=41592005230654","price":1975.0,"currency":"USD","framed":true,"w":56.0,"h":39.5,"label":"Collector"},{"vendor":"houseofspoils","url":"https://houseofspoils.com/products/tom-hawkins-poolside?variant=41592005361726","price":3450.0,"currency":"USD","framed":true,"w":66.0,"h":46.0,"label":"Exhibition"}]
hos-andy-mccallie-licentious	Andy McCallie	https://houseofspoils.com/products/andy-mccallie-licentious	Licentious	photo	film	https://cdn.shopify.com/s/files/1/0115/7385/4270/products/Licentious.jpg?width=560	[{"vendor":"houseofspoils","url":"https://houseofspoils.com/products/andy-mccallie-licentious?variant=40038478217278","price":225.0,"currency":"USD","framed":true,"w":18.5,"h":14.5,"label":"Small"},{"vendor":"houseofspoils","url":"https://houseofspoils.com/products/andy-mccallie-licentious?variant=41592052416574","price":400.0,"currency":"USD","framed":true,"w":26.0,"h":19.5,"label":"Medium"},{"vendor":"houseofspoils","url":"https://houseofspoils.com/products/andy-mccallie-licentious?variant=41592052547646","price":590.0,"currency":"USD","framed":true,"w":33.5,"h":24.5,"label":"Large"},{"vendor":"houseofspoils","url":"https://houseofspoils.com/products/andy-mccallie-licentious?variant=41592052678718","price":1050.0,"currency":"USD","framed":true,"w":44.0,"h":31.5,"label":"Giant"},{"vendor":"houseofspoils","url":"https://houseofspoils.com/products/andy-mccallie-licentious?variant=41592052809790","price":1975.0,"currency":"USD","framed":true,"w":56.0,"h":39.5,"label":"Collector"},{"vendor":"houseofspoils","url":"https://houseofspoils.com/products/andy-mccallie-licentious?variant=41592052940862","price":3450.0,"currency":"USD","framed":true,"w":66.0,"h":46.0,"label":"Exhibition"}]
hos-tom-hawkins-bottoms-up	Tom Hawkins	https://houseofspoils.com/products/tom-hawkins-bottoms-up	Bottoms Up	photo	film	https://cdn.shopify.com/s/files/1/0115/7385/4270/products/TH01-S-F.jpg?width=560	[{"vendor":"houseofspoils","url":"https://houseofspoils.com/products/tom-hawkins-bottoms-up?variant=40038503055422","price":225.0,"currency":"USD","framed":true,"w":18.5,"h":14.5,"label":"Small"},{"vendor":"houseofspoils","url":"https://houseofspoils.com/products/tom-hawkins-bottoms-up?variant=41592064213054","price":400.0,"currency":"USD","framed":true,"w":26.0,"h":19.5,"label":"Medium"},{"vendor":"houseofspoils","url":"https://houseofspoils.com/products/tom-hawkins-bottoms-up?variant=41592064344126","price":590.0,"currency":"USD","framed":true,"w":33.5,"h":24.5,"label":"Large"},{"vendor":"houseofspoils","url":"https://houseofspoils.com/products/tom-hawkins-bottoms-up?variant=41592064475198","price":1050.0,"currency":"USD","framed":true,"w":44.0,"h":31.5,"label":"Giant"},{"vendor":"houseofspoils","url":"https://houseofspoils.com/products/tom-hawkins-bottoms-up?variant=41592064606270","price":1975.0,"currency":"USD","framed":true,"w":56.0,"h":39.5,"label":"Collector"},{"vendor":"houseofspoils","url":"https://houseofspoils.com/products/tom-hawkins-bottoms-up?variant=41592064737342","price":3450.0,"currency":"USD","framed":true,"w":66.0,"h":46.0,"label":"Exhibition"}]
hos-clint-robert-fleetwood	Clint Robert	https://houseofspoils.com/products/clint-robert-fleetwood	Fleetwood	photo	film	https://cdn.shopify.com/s/files/1/0115/7385/4270/products/Fleetwood.jpg?width=560	[{"vendor":"houseofspoils","url":"https://houseofspoils.com/products/clint-robert-fleetwood?variant=40038525567038","price":225.0,"currency":"USD","framed":true,"w":14.5,"h":18.5,"label":"Small"},{"vendor":"houseofspoils","url":"https://houseofspoils.com/products/clint-robert-fleetwood?variant=41592074666046","price":400.0,"currency":"USD","framed":true,"w":19.5,"h":26.0,"label":"Medium"},{"vendor":"houseofspoils","url":"https://houseofspoils.com/products/clint-robert-fleetwood?variant=41592074797118","price":590.0,"currency":"USD","framed":true,"w":24.5,"h":33.5,"label":"Large"},{"vendor":"houseofspoils","url":"https://houseofspoils.com/products/clint-robert-fleetwood?variant=41592074928190","price":1050.0,"currency":"USD","framed":true,"w":31.5,"h":44.0,"label":"Giant"},{"vendor":"houseofspoils","url":"https://houseofspoils.com/products/clint-robert-fleetwood?variant=41592075059262","price":1975.0,"currency":"USD","framed":true,"w":39.5,"h":56.0,"label":"Collector"},{"vendor":"houseofspoils","url":"https://houseofspoils.com/products/clint-robert-fleetwood?variant=41592075190334","price":3450.0,"currency":"USD","framed":true,"w":46.0,"h":66.0,"label":"Exhibition"}]
hos-alexandru-costin-winds-of-change	Alexandru Costin	https://houseofspoils.com/products/alexandru-costin-winds-of-change	Winds of Change	photo	film	https://cdn.shopify.com/s/files/1/0115/7385/4270/products/Winds-of-Change.jpg?width=560	[{"vendor":"houseofspoils","url":"https://houseofspoils.com/products/alexandru-costin-winds-of-change?variant=40038381191230","price":225.0,"currency":"USD","framed":true,"w":18.5,"h":14.5,"label":"Small"},{"vendor":"houseofspoils","url":"https://houseofspoils.com/products/alexandru-costin-winds-of-change?variant=41591939629118","price":400.0,"currency":"USD","framed":true,"w":26.0,"h":19.5,"label":"Medium"},{"vendor":"houseofspoils","url":"https://houseofspoils.com/products/alexandru-costin-winds-of-change?variant=41591939760190","price":590.0,"currency":"USD","framed":true,"w":33.5,"h":24.5,"label":"Large"},{"vendor":"houseofspoils","url":"https://houseofspoils.com/products/alexandru-costin-winds-of-change?variant=41591939891262","price":1050.0,"currency":"USD","framed":true,"w":44.0,"h":31.5,"label":"Giant"},{"vendor":"houseofspoils","url":"https://houseofspoils.com/products/alexandru-costin-winds-of-change?variant=41591940022334","price":1975.0,"currency":"USD","framed":true,"w":56.0,"h":39.5,"label":"Collector"},{"vendor":"houseofspoils","url":"https://houseofspoils.com/products/alexandru-costin-winds-of-change?variant=41591940153406","price":3450.0,"currency":"USD","framed":true,"w":66.0,"h":46.0,"label":"Exhibition"}]
hos-alexandru-costin-majestic-bird	Alexandru Costin	https://houseofspoils.com/products/alexandru-costin-majestic-bird	Majestic Bird	photo	film	https://cdn.shopify.com/s/files/1/0115/7385/4270/products/Majestic-Bird.jpg?width=560	[{"vendor":"houseofspoils","url":"https://houseofspoils.com/products/alexandru-costin-majestic-bird?variant=40038382600254","price":225.0,"currency":"USD","framed":true,"w":14.5,"h":18.5,"label":"Small"},{"vendor":"houseofspoils","url":"https://houseofspoils.com/products/alexandru-costin-majestic-bird?variant=41591940939838","price":400.0,"currency":"USD","framed":true,"w":19.5,"h":26.0,"label":"Medium"},{"vendor":"houseofspoils","url":"https://houseofspoils.com/products/alexandru-costin-majestic-bird?variant=41591941070910","price":590.0,"currency":"USD","framed":true,"w":24.5,"h":33.5,"label":"Large"},{"vendor":"houseofspoils","url":"https://houseofspoils.com/products/alexandru-costin-majestic-bird?variant=41591941201982","price":1050.0,"currency":"USD","framed":true,"w":31.5,"h":44.0,"label":"Giant"},{"vendor":"houseofspoils","url":"https://houseofspoils.com/products/alexandru-costin-majestic-bird?variant=41591941333054","price":1975.0,"currency":"USD","framed":true,"w":39.5,"h":56.0,"label":"Collector"},{"vendor":"houseofspoils","url":"https://houseofspoils.com/products/alexandru-costin-majestic-bird?variant=41591941464126","price":3450.0,"currency":"USD","framed":true,"w":46.0,"h":66.0,"label":"Exhibition"}]
hos-alexandru-costin-simple-days	Alexandru Costin	https://houseofspoils.com/products/alexandru-costin-simple-days	Simple Days	photo	film	https://cdn.shopify.com/s/files/1/0115/7385/4270/products/Simple-Days.jpg?width=560	[{"vendor":"houseofspoils","url":"https://houseofspoils.com/products/alexandru-costin-simple-days?variant=40038384107582","price":225.0,"currency":"USD","framed":true,"w":14.5,"h":18.5,"label":"Small"},{"vendor":"houseofspoils","url":"https://houseofspoils.com/products/alexandru-costin-simple-days?variant=41591942283326","price":400.0,"currency":"USD","framed":true,"w":19.5,"h":26.0,"label":"Medium"},{"vendor":"houseofspoils","url":"https://houseofspoils.com/products/alexandru-costin-simple-days?variant=41591942414398","price":590.0,"currency":"USD","framed":true,"w":24.5,"h":33.5,"label":"Large"},{"vendor":"houseofspoils","url":"https://houseofspoils.com/products/alexandru-costin-simple-days?variant=41591942545470","price":1050.0,"currency":"USD","framed":true,"w":31.5,"h":44.0,"label":"Giant"},{"vendor":"houseofspoils","url":"https://houseofspoils.com/products/alexandru-costin-simple-days?variant=41591942676542","price":1975.0,"currency":"USD","framed":true,"w":39.5,"h":56.0,"label":"Collector"},{"vendor":"houseofspoils","url":"https://houseofspoils.com/products/alexandru-costin-simple-days?variant=41591942807614","price":3450.0,"currency":"USD","framed":true,"w":46.0,"h":66.0,"label":"Exhibition"}]
hos-alexandru-costin-nothing-time	Alexandru Costin	https://houseofspoils.com/products/alexandru-costin-nothing-time	Nothing Time	photo	film	https://cdn.shopify.com/s/files/1/0115/7385/4270/products/Nothing-Time.jpg?width=560	[{"vendor":"houseofspoils","url":"https://houseofspoils.com/products/alexandru-costin-nothing-time?variant=40038385483838","price":225.0,"currency":"USD","framed":true,"w":14.5,"h":18.5,"label":"Small"},{"vendor":"houseofspoils","url":"https://houseofspoils.com/products/alexandru-costin-nothing-time?variant=41591943626814","price":400.0,"currency":"USD","framed":true,"w":19.5,"h":26.0,"label":"Medium"},{"vendor":"houseofspoils","url":"https://houseofspoils.com/products/alexandru-costin-nothing-time?variant=41591943757886","price":590.0,"currency":"USD","framed":true,"w":24.5,"h":33.5,"label":"Large"},{"vendor":"houseofspoils","url":"https://houseofspoils.com/products/alexandru-costin-nothing-time?variant=41591943888958","price":1050.0,"currency":"USD","framed":true,"w":31.5,"h":44.0,"label":"Giant"},{"vendor":"houseofspoils","url":"https://houseofspoils.com/products/alexandru-costin-nothing-time?variant=41591944020030","price":1975.0,"currency":"USD","framed":true,"w":39.5,"h":56.0,"label":"Collector"},{"vendor":"houseofspoils","url":"https://houseofspoils.com/products/alexandru-costin-nothing-time?variant=41591944151102","price":3450.0,"currency":"USD","framed":true,"w":46.0,"h":66.0,"label":"Exhibition"}]
hos-victor-costa-paradise	Victor Costa	https://houseofspoils.com/products/victor-costa-paradise	Paradise	photo	film	https://cdn.shopify.com/s/files/1/0115/7385/4270/products/Paradise.jpg?width=560	[{"vendor":"houseofspoils","url":"https://houseofspoils.com/products/victor-costa-paradise?variant=40038386860094","price":225.0,"currency":"USD","framed":true,"w":14.5,"h":18.5,"label":"Small"},{"vendor":"houseofspoils","url":"https://houseofspoils.com/products/victor-costa-paradise?variant=41591945068606","price":400.0,"currency":"USD","framed":true,"w":19.5,"h":26.0,"label":"Medium"},{"vendor":"houseofspoils","url":"https://houseofspoils.com/products/victor-costa-paradise?variant=41591945199678","price":590.0,"currency":"USD","framed":true,"w":24.5,"h":33.5,"label":"Large"},{"vendor":"houseofspoils","url":"https://houseofspoils.com/products/victor-costa-paradise?variant=41591945330750","price":1050.0,"currency":"USD","framed":true,"w":31.5,"h":44.0,"label":"Giant"},{"vendor":"houseofspoils","url":"https://houseofspoils.com/products/victor-costa-paradise?variant=41591945461822","price":1975.0,"currency":"USD","framed":true,"w":39.5,"h":56.0,"label":"Collector"},{"vendor":"houseofspoils","url":"https://houseofspoils.com/products/victor-costa-paradise?variant=41591945592894","price":3450.0,"currency":"USD","framed":true,"w":46.0,"h":66.0,"label":"Exhibition"}]
hos-victor-costa-ghosts	Victor Costa	https://houseofspoils.com/products/victor-costa-ghosts	Ghosts	photo	film	https://cdn.shopify.com/s/files/1/0115/7385/4270/products/Ghosts.jpg?width=560	[{"vendor":"houseofspoils","url":"https://houseofspoils.com/products/victor-costa-ghosts?variant=40038388301886","price":225.0,"currency":"USD","framed":true,"w":14.5,"h":18.5,"label":"Small"},{"vendor":"houseofspoils","url":"https://houseofspoils.com/products/victor-costa-ghosts?variant=41591947558974","price":400.0,"currency":"USD","framed":true,"w":19.5,"h":26.0,"label":"Medium"},{"vendor":"houseofspoils","url":"https://houseofspoils.com/products/victor-costa-ghosts?variant=41591947690046","price":590.0,"currency":"USD","framed":true,"w":24.5,"h":33.5,"label":"Large"},{"vendor":"houseofspoils","url":"https://houseofspoils.com/products/victor-costa-ghosts?variant=41591947821118","price":1050.0,"currency":"USD","framed":true,"w":31.5,"h":44.0,"label":"Giant"},{"vendor":"houseofspoils","url":"https://houseofspoils.com/products/victor-costa-ghosts?variant=41591947952190","price":1975.0,"currency":"USD","framed":true,"w":39.5,"h":56.0,"label":"Collector"},{"vendor":"houseofspoils","url":"https://houseofspoils.com/products/victor-costa-ghosts?variant=41591948083262","price":3450.0,"currency":"USD","framed":true,"w":46.0,"h":66.0,"label":"Exhibition"}]
hos-david-lopez-shelter-cove	David Lopez	https://houseofspoils.com/products/david-lopez-shelter-cove	Shelter Cove	photo	film	https://cdn.shopify.com/s/files/1/0115/7385/4270/products/Shelter-Cove.jpg?width=560	[{"vendor":"houseofspoils","url":"https://houseofspoils.com/products/david-lopez-shelter-cove?variant=40038389743678","price":225.0,"currency":"USD","framed":true,"w":14.5,"h":18.5,"label":"Small"},{"vendor":"houseofspoils","url":"https://houseofspoils.com/products/david-lopez-shelter-cove?variant=41591948869694","price":400.0,"currency":"USD","framed":true,"w":19.5,"h":26.0,"label":"Medium"},{"vendor":"houseofspoils","url":"https://houseofspoils.com/products/david-lopez-shelter-cove?variant=41591949000766","price":590.0,"currency":"USD","framed":true,"w":24.5,"h":33.5,"label":"Large"},{"vendor":"houseofspoils","url":"https://houseofspoils.com/products/david-lopez-shelter-cove?variant=41591949131838","price":1050.0,"currency":"USD","framed":true,"w":31.5,"h":44.0,"label":"Giant"},{"vendor":"houseofspoils","url":"https://houseofspoils.com/products/david-lopez-shelter-cove?variant=41591949262910","price":1975.0,"currency":"USD","framed":true,"w":39.5,"h":56.0,"label":"Collector"},{"vendor":"houseofspoils","url":"https://houseofspoils.com/products/david-lopez-shelter-cove?variant=41591949393982","price":3450.0,"currency":"USD","framed":true,"w":46.0,"h":66.0,"label":"Exhibition"}]
hos-david-lopez-relaxation	David Lopez	https://houseofspoils.com/products/david-lopez-relaxation	Relaxation	photo	film	https://cdn.shopify.com/s/files/1/0115/7385/4270/products/Relaxation.jpg?width=560	[{"vendor":"houseofspoils","url":"https://houseofspoils.com/products/david-lopez-relaxation?variant=40038392430654","price":225.0,"currency":"USD","framed":true,"w":14.5,"h":18.5,"label":"Small"},{"vendor":"houseofspoils","url":"https://houseofspoils.com/products/david-lopez-relaxation?variant=41591950180414","price":400.0,"currency":"USD","framed":true,"w":19.5,"h":26.0,"label":"Medium"},{"vendor":"houseofspoils","url":"https://houseofspoils.com/products/david-lopez-relaxation?variant=41591950311486","price":590.0,"currency":"USD","framed":true,"w":24.5,"h":33.5,"label":"Large"},{"vendor":"houseofspoils","url":"https://houseofspoils.com/products/david-lopez-relaxation?variant=41591950442558","price":1050.0,"currency":"USD","framed":true,"w":31.5,"h":44.0,"label":"Giant"},{"vendor":"houseofspoils","url":"https://houseofspoils.com/products/david-lopez-relaxation?variant=41591950573630","price":1975.0,"currency":"USD","framed":true,"w":39.5,"h":56.0,"label":"Collector"},{"vendor":"houseofspoils","url":"https://houseofspoils.com/products/david-lopez-relaxation?variant=41591950704702","price":3450.0,"currency":"USD","framed":true,"w":46.0,"h":66.0,"label":"Exhibition"}]
hos-brecht-vanthof-whitewash	Brecht Van't Hof	https://houseofspoils.com/products/brecht-vanthof-whitewash	Whitewash	photo	film	https://cdn.shopify.com/s/files/1/0115/7385/4270/products/Whitewash.jpg?width=560	[{"vendor":"houseofspoils","url":"https://houseofspoils.com/products/brecht-vanthof-whitewash?variant=40038395215934","price":225.0,"currency":"USD","framed":true,"w":18.5,"h":14.5,"label":"Small"},{"vendor":"houseofspoils","url":"https://houseofspoils.com/products/brecht-vanthof-whitewash?variant=41591955193918","price":400.0,"currency":"USD","framed":true,"w":26.0,"h":19.5,"label":"Medium"},{"vendor":"houseofspoils","url":"https://houseofspoils.com/products/brecht-vanthof-whitewash?variant=41591955324990","price":590.0,"currency":"USD","framed":true,"w":33.5,"h":24.5,"label":"Large"},{"vendor":"houseofspoils","url":"https://houseofspoils.com/products/brecht-vanthof-whitewash?variant=41591955456062","price":1050.0,"currency":"USD","framed":true,"w":44.0,"h":31.5,"label":"Giant"},{"vendor":"houseofspoils","url":"https://houseofspoils.com/products/brecht-vanthof-whitewash?variant=41591955587134","price":1975.0,"currency":"USD","framed":true,"w":56.0,"h":39.5,"label":"Collector"},{"vendor":"houseofspoils","url":"https://houseofspoils.com/products/brecht-vanthof-whitewash?variant=41591955718206","price":3450.0,"currency":"USD","framed":true,"w":66.0,"h":46.0,"label":"Exhibition"}]
hos-brecht-vanthof-midnight-in-tokyo	Brecht Van't Hof	https://houseofspoils.com/products/brecht-vanthof-midnight-in-tokyo	Midnight in Tokyo	photo	film	https://cdn.shopify.com/s/files/1/0115/7385/4270/products/Midnight-in-Tokyo.jpg?width=560	[{"vendor":"houseofspoils","url":"https://houseofspoils.com/products/brecht-vanthof-midnight-in-tokyo?variant=40038396592190","price":225.0,"currency":"USD","framed":true,"w":18.5,"h":14.5,"label":"Small"},{"vendor":"houseofspoils","url":"https://houseofspoils.com/products/brecht-vanthof-midnight-in-tokyo?variant=41591957684286","price":400.0,"currency":"USD","framed":true,"w":26.0,"h":19.5,"label":"Medium"},{"vendor":"houseofspoils","url":"https://houseofspoils.com/products/brecht-vanthof-midnight-in-tokyo?variant=41591957815358","price":590.0,"currency":"USD","framed":true,"w":33.5,"h":24.5,"label":"Large"},{"vendor":"houseofspoils","url":"https://houseofspoils.com/products/brecht-vanthof-midnight-in-tokyo?variant=41591957946430","price":1050.0,"currency":"USD","framed":true,"w":44.0,"h":31.5,"label":"Giant"},{"vendor":"houseofspoils","url":"https://houseofspoils.com/products/brecht-vanthof-midnight-in-tokyo?variant=41591958110270","price":1975.0,"currency":"USD","framed":true,"w":56.0,"h":39.5,"label":"Collector"},{"vendor":"houseofspoils","url":"https://houseofspoils.com/products/brecht-vanthof-midnight-in-tokyo?variant=41591958241342","price":3450.0,"currency":"USD","framed":true,"w":66.0,"h":46.0,"label":"Exhibition"}]
hos-monroe-alvarez-nice	Monroe Alvarez	https://houseofspoils.com/products/monroe-alvarez-nice	NICE	photo	film	https://cdn.shopify.com/s/files/1/0115/7385/4270/products/Nice.jpg?width=560	[{"vendor":"houseofspoils","url":"https://houseofspoils.com/products/monroe-alvarez-nice?variant=40038403670078","price":225.0,"currency":"USD","framed":true,"w":18.5,"h":14.5,"label":"Small"},{"vendor":"houseofspoils","url":"https://houseofspoils.com/products/monroe-alvarez-nice?variant=41591964958782","price":400.0,"currency":"USD","framed":true,"w":26.0,"h":19.5,"label":"Medium"},{"vendor":"houseofspoils","url":"https://houseofspoils.com/products/monroe-alvarez-nice?variant=41591965089854","price":590.0,"currency":"USD","framed":true,"w":33.5,"h":24.5,"label":"Large"},{"vendor":"houseofspoils","url":"https://houseofspoils.com/products/monroe-alvarez-nice?variant=41591965220926","price":1050.0,"currency":"USD","framed":true,"w":44.0,"h":31.5,"label":"Giant"},{"vendor":"houseofspoils","url":"https://houseofspoils.com/products/monroe-alvarez-nice?variant=41591965351998","price":1975.0,"currency":"USD","framed":true,"w":56.0,"h":39.5,"label":"Collector"},{"vendor":"houseofspoils","url":"https://houseofspoils.com/products/monroe-alvarez-nice?variant=41591965483070","price":3450.0,"currency":"USD","framed":true,"w":66.0,"h":46.0,"label":"Exhibition"}]
hos-nikki-brand-pink-skies	Nikki Brand	https://houseofspoils.com/products/nikki-brand-pink-skies	Pink Skies	photo	film	https://cdn.shopify.com/s/files/1/0115/7385/4270/products/Pink-Skies.jpg?width=560	[{"vendor":"houseofspoils","url":"https://houseofspoils.com/products/nikki-brand-pink-skies?variant=40038405046334","price":225.0,"currency":"USD","framed":true,"w":14.5,"h":18.5,"label":"Small"},{"vendor":"houseofspoils","url":"https://houseofspoils.com/products/nikki-brand-pink-skies?variant=41591966335038","price":400.0,"currency":"USD","framed":true,"w":19.5,"h":26.0,"label":"Medium"},{"vendor":"houseofspoils","url":"https://houseofspoils.com/products/nikki-brand-pink-skies?variant=41591966466110","price":590.0,"currency":"USD","framed":true,"w":24.5,"h":33.5,"label":"Large"},{"vendor":"houseofspoils","url":"https://houseofspoils.com/products/nikki-brand-pink-skies?variant=41591966597182","price":1050.0,"currency":"USD","framed":true,"w":31.5,"h":44.0,"label":"Giant"},{"vendor":"houseofspoils","url":"https://houseofspoils.com/products/nikki-brand-pink-skies?variant=41591966728254","price":1975.0,"currency":"USD","framed":true,"w":39.5,"h":56.0,"label":"Collector"},{"vendor":"houseofspoils","url":"https://houseofspoils.com/products/nikki-brand-pink-skies?variant=41591966859326","price":3450.0,"currency":"USD","framed":true,"w":46.0,"h":66.0,"label":"Exhibition"}]
hos-nikki-brand-night-swimmers	Nikki Brand	https://houseofspoils.com/products/nikki-brand-night-swimmers	Night Swimmers	photo	film	https://cdn.shopify.com/s/files/1/0115/7385/4270/products/Night-Swimmers.jpg?width=560	[{"vendor":"houseofspoils","url":"https://houseofspoils.com/products/nikki-brand-night-swimmers?variant=40038406455358","price":225.0,"currency":"USD","framed":true,"w":18.5,"h":14.5,"label":"Small"},{"vendor":"houseofspoils","url":"https://houseofspoils.com/products/nikki-brand-night-swimmers?variant=41591968792638","price":400.0,"currency":"USD","framed":true,"w":26.0,"h":19.5,"label":"Medium"},{"vendor":"houseofspoils","url":"https://houseofspoils.com/products/nikki-brand-night-swimmers?variant=41591968923710","price":590.0,"currency":"USD","framed":true,"w":33.5,"h":24.5,"label":"Large"},{"vendor":"houseofspoils","url":"https://houseofspoils.com/products/nikki-brand-night-swimmers?variant=41591969054782","price":1050.0,"currency":"USD","framed":true,"w":44.0,"h":31.5,"label":"Giant"},{"vendor":"houseofspoils","url":"https://houseofspoils.com/products/nikki-brand-night-swimmers?variant=41591969218622","price":1975.0,"currency":"USD","framed":true,"w":56.0,"h":39.5,"label":"Collector"},{"vendor":"houseofspoils","url":"https://houseofspoils.com/products/nikki-brand-night-swimmers?variant=41591969349694","price":3450.0,"currency":"USD","framed":true,"w":66.0,"h":46.0,"label":"Exhibition"}]
hos-vincent-perraud-purple	Vincent Perraud	https://houseofspoils.com/products/vincent-perraud-purple	Purple	photo	film	https://cdn.shopify.com/s/files/1/0115/7385/4270/products/Purple.jpg?width=560	[{"vendor":"houseofspoils","url":"https://houseofspoils.com/products/vincent-perraud-purple?variant=40038407864382","price":225.0,"currency":"USD","framed":true,"w":18.5,"h":14.5,"label":"Small"},{"vendor":"houseofspoils","url":"https://houseofspoils.com/products/vincent-perraud-purple?variant=41591970037822","price":400.0,"currency":"USD","framed":true,"w":26.0,"h":19.5,"label":"Medium"},{"vendor":"houseofspoils","url":"https://houseofspoils.com/products/vincent-perraud-purple?variant=41591970168894","price":590.0,"currency":"USD","framed":true,"w":33.5,"h":24.5,"label":"Large"},{"vendor":"houseofspoils","url":"https://houseofspoils.com/products/vincent-perraud-purple?variant=41591970299966","price":1050.0,"currency":"USD","framed":true,"w":44.0,"h":31.5,"label":"Giant"},{"vendor":"houseofspoils","url":"https://houseofspoils.com/products/vincent-perraud-purple?variant=41591970431038","price":1975.0,"currency":"USD","framed":true,"w":56.0,"h":39.5,"label":"Collector"},{"vendor":"houseofspoils","url":"https://houseofspoils.com/products/vincent-perraud-purple?variant=41591970562110","price":3450.0,"currency":"USD","framed":true,"w":66.0,"h":46.0,"label":"Exhibition"}]
hos-vincent-perraud-tokyo-iii	Vincent Perraud	https://houseofspoils.com/products/vincent-perraud-tokyo-iii	Tokyo	photo	film	https://cdn.shopify.com/s/files/1/0115/7385/4270/products/Tokyo-III.jpg?width=560	[{"vendor":"houseofspoils","url":"https://houseofspoils.com/products/vincent-perraud-tokyo-iii?variant=40038409273406","price":225.0,"currency":"USD","framed":true,"w":18.5,"h":14.5,"label":"Small"},{"vendor":"houseofspoils","url":"https://houseofspoils.com/products/vincent-perraud-tokyo-iii?variant=41591983996990","price":400.0,"currency":"USD","framed":true,"w":26.0,"h":19.5,"label":"Medium"},{"vendor":"houseofspoils","url":"https://houseofspoils.com/products/vincent-perraud-tokyo-iii?variant=41591984128062","price":590.0,"currency":"USD","framed":true,"w":33.5,"h":24.5,"label":"Large"},{"vendor":"houseofspoils","url":"https://houseofspoils.com/products/vincent-perraud-tokyo-iii?variant=41591984259134","price":1050.0,"currency":"USD","framed":true,"w":44.0,"h":31.5,"label":"Giant"},{"vendor":"houseofspoils","url":"https://houseofspoils.com/products/vincent-perraud-tokyo-iii?variant=41591984390206","price":1975.0,"currency":"USD","framed":true,"w":56.0,"h":39.5,"label":"Collector"},{"vendor":"houseofspoils","url":"https://houseofspoils.com/products/vincent-perraud-tokyo-iii?variant=41591984521278","price":3450.0,"currency":"USD","framed":true,"w":66.0,"h":46.0,"label":"Exhibition"}]
hos-vincent-perraud-paris-ii	Vincent Perraud	https://houseofspoils.com/products/vincent-perraud-paris-ii	Paris II	photo	film	https://cdn.shopify.com/s/files/1/0115/7385/4270/products/Paris-II.jpg?width=560	[{"vendor":"houseofspoils","url":"https://houseofspoils.com/products/vincent-perraud-paris-ii?variant=40038410649662","price":225.0,"currency":"USD","framed":true,"w":18.5,"h":14.5,"label":"Small"},{"vendor":"houseofspoils","url":"https://houseofspoils.com/products/vincent-perraud-paris-ii?variant=41591994122302","price":400.0,"currency":"USD","framed":true,"w":26.0,"h":19.5,"label":"Medium"},{"vendor":"houseofspoils","url":"https://houseofspoils.com/products/vincent-perraud-paris-ii?variant=41591994253374","price":590.0,"currency":"USD","framed":true,"w":33.5,"h":24.5,"label":"Large"},{"vendor":"houseofspoils","url":"https://houseofspoils.com/products/vincent-perraud-paris-ii?variant=41591994384446","price":1050.0,"currency":"USD","framed":true,"w":44.0,"h":31.5,"label":"Giant"},{"vendor":"houseofspoils","url":"https://houseofspoils.com/products/vincent-perraud-paris-ii?variant=41591994515518","price":1975.0,"currency":"USD","framed":true,"w":56.0,"h":39.5,"label":"Collector"},{"vendor":"houseofspoils","url":"https://houseofspoils.com/products/vincent-perraud-paris-ii?variant=41591994646590","price":3450.0,"currency":"USD","framed":true,"w":66.0,"h":46.0,"label":"Exhibition"}]
hos-vincent-perraud-bordeaux	Vincent Perraud	https://houseofspoils.com/products/vincent-perraud-bordeaux	Bordeaux	photo	film	https://cdn.shopify.com/s/files/1/0115/7385/4270/products/Bordeaux.jpg?width=560	[{"vendor":"houseofspoils","url":"https://houseofspoils.com/products/vincent-perraud-bordeaux?variant=40038414843966","price":225.0,"currency":"USD","framed":true,"w":18.5,"h":14.5,"label":"Small"},{"vendor":"houseofspoils","url":"https://houseofspoils.com/products/vincent-perraud-bordeaux?variant=41592001364030","price":400.0,"currency":"USD","framed":true,"w":26.0,"h":19.5,"label":"Medium"},{"vendor":"houseofspoils","url":"https://houseofspoils.com/products/vincent-perraud-bordeaux?variant=41592001495102","price":590.0,"currency":"USD","framed":true,"w":33.5,"h":24.5,"label":"Large"},{"vendor":"houseofspoils","url":"https://houseofspoils.com/products/vincent-perraud-bordeaux?variant=41592001626174","price":1050.0,"currency":"USD","framed":true,"w":44.0,"h":31.5,"label":"Giant"},{"vendor":"houseofspoils","url":"https://houseofspoils.com/products/vincent-perraud-bordeaux?variant=41592001757246","price":1975.0,"currency":"USD","framed":true,"w":56.0,"h":39.5,"label":"Collector"},{"vendor":"houseofspoils","url":"https://houseofspoils.com/products/vincent-perraud-bordeaux?variant=41592001888318","price":3450.0,"currency":"USD","framed":true,"w":66.0,"h":46.0,"label":"Exhibition"}]
hos-tom-hawkins-scout	Tom Hawkins	https://houseofspoils.com/products/tom-hawkins-scout	Scout	photo	film	https://cdn.shopify.com/s/files/1/0115/7385/4270/products/Scout.jpg?width=560	[{"vendor":"houseofspoils","url":"https://houseofspoils.com/products/tom-hawkins-scout?variant=40038416384062","price":225.0,"currency":"USD","framed":true,"w":14.5,"h":18.5,"label":"Small"},{"vendor":"houseofspoils","url":"https://houseofspoils.com/products/tom-hawkins-scout?variant=41592002543678","price":400.0,"currency":"USD","framed":true,"w":19.5,"h":26.0,"label":"Medium"},{"vendor":"houseofspoils","url":"https://houseofspoils.com/products/tom-hawkins-scout?variant=41592002674750","price":590.0,"currency":"USD","framed":true,"w":24.5,"h":33.5,"label":"Large"},{"vendor":"houseofspoils","url":"https://houseofspoils.com/products/tom-hawkins-scout?variant=41592002805822","price":1050.0,"currency":"USD","framed":true,"w":31.5,"h":44.0,"label":"Giant"},{"vendor":"houseofspoils","url":"https://houseofspoils.com/products/tom-hawkins-scout?variant=41592002936894","price":1975.0,"currency":"USD","framed":true,"w":39.5,"h":56.0,"label":"Collector"},{"vendor":"houseofspoils","url":"https://houseofspoils.com/products/tom-hawkins-scout?variant=41592003067966","price":3450.0,"currency":"USD","framed":true,"w":46.0,"h":66.0,"label":"Exhibition"}]
hos-tom-hawkins-raindrops	Tom Hawkins	https://houseofspoils.com/products/tom-hawkins-raindrops	Raindrops	photo	film	https://cdn.shopify.com/s/files/1/0115/7385/4270/products/Raindrops.jpg?width=560	[{"vendor":"houseofspoils","url":"https://houseofspoils.com/products/tom-hawkins-raindrops?variant=40038417793086","price":225.0,"currency":"USD","framed":true,"w":18.5,"h":14.5,"label":"Small"},{"vendor":"houseofspoils","url":"https://houseofspoils.com/products/tom-hawkins-raindrops?variant=41592003690558","price":400.0,"currency":"USD","framed":true,"w":26.0,"h":19.5,"label":"Medium"},{"vendor":"houseofspoils","url":"https://houseofspoils.com/products/tom-hawkins-raindrops?variant=41592003821630","price":590.0,"currency":"USD","framed":true,"w":33.5,"h":24.5,"label":"Large"},{"vendor":"houseofspoils","url":"https://houseofspoils.com/products/tom-hawkins-raindrops?variant=41592003952702","price":1050.0,"currency":"USD","framed":true,"w":44.0,"h":31.5,"label":"Giant"},{"vendor":"houseofspoils","url":"https://houseofspoils.com/products/tom-hawkins-raindrops?variant=41592004083774","price":1975.0,"currency":"USD","framed":true,"w":56.0,"h":39.5,"label":"Collector"},{"vendor":"houseofspoils","url":"https://houseofspoils.com/products/tom-hawkins-raindrops?variant=41592004214846","price":3450.0,"currency":"USD","framed":true,"w":66.0,"h":46.0,"label":"Exhibition"}]
hos-tom-hawkins-the-four-horsemen	Tom Hawkins	https://houseofspoils.com/products/tom-hawkins-the-four-horsemen	The Four Horsemen	photo	film	https://cdn.shopify.com/s/files/1/0115/7385/4270/products/The-Four-Horsemen.jpg?width=560	[{"vendor":"houseofspoils","url":"https://houseofspoils.com/products/tom-hawkins-the-four-horsemen?variant=40038420643902","price":225.0,"currency":"USD","framed":true,"w":14.5,"h":18.5,"label":"Small"},{"vendor":"houseofspoils","url":"https://houseofspoils.com/products/tom-hawkins-the-four-horsemen?variant=41592005984318","price":400.0,"currency":"USD","framed":true,"w":19.5,"h":26.0,"label":"Medium"},{"vendor":"houseofspoils","url":"https://houseofspoils.com/products/tom-hawkins-the-four-horsemen?variant=41592006115390","price":590.0,"currency":"USD","framed":true,"w":24.5,"h":33.5,"label":"Large"},{"vendor":"houseofspoils","url":"https://houseofspoils.com/products/tom-hawkins-the-four-horsemen?variant=41592006246462","price":1050.0,"currency":"USD","framed":true,"w":31.5,"h":44.0,"label":"Giant"},{"vendor":"houseofspoils","url":"https://houseofspoils.com/products/tom-hawkins-the-four-horsemen?variant=41592006377534","price":1975.0,"currency":"USD","framed":true,"w":39.5,"h":56.0,"label":"Collector"},{"vendor":"houseofspoils","url":"https://houseofspoils.com/products/tom-hawkins-the-four-horsemen?variant=41592006508606","price":3450.0,"currency":"USD","framed":true,"w":46.0,"h":66.0,"label":"Exhibition"}]
hos-ted-gushue-nightcap	Ted Gushue	https://houseofspoils.com/products/ted-gushue-nightcap	Nightcap	photo	film	https://cdn.shopify.com/s/files/1/0115/7385/4270/products/Nightcap.jpg?width=560	[{"vendor":"houseofspoils","url":"https://houseofspoils.com/products/ted-gushue-nightcap?variant=40038422085694","price":225.0,"currency":"USD","framed":true,"w":14.5,"h":18.5,"label":"Small"},{"vendor":"houseofspoils","url":"https://houseofspoils.com/products/ted-gushue-nightcap?variant=41592007131198","price":400.0,"currency":"USD","framed":true,"w":19.5,"h":26.0,"label":"Medium"},{"vendor":"houseofspoils","url":"https://houseofspoils.com/products/ted-gushue-nightcap?variant=41592007262270","price":590.0,"currency":"USD","framed":true,"w":24.5,"h":33.5,"label":"Large"},{"vendor":"houseofspoils","url":"https://houseofspoils.com/products/ted-gushue-nightcap?variant=41592007393342","price":1050.0,"currency":"USD","framed":true,"w":31.5,"h":44.0,"label":"Giant"},{"vendor":"houseofspoils","url":"https://houseofspoils.com/products/ted-gushue-nightcap?variant=41592007524414","price":1975.0,"currency":"USD","framed":true,"w":39.5,"h":56.0,"label":"Collector"},{"vendor":"houseofspoils","url":"https://houseofspoils.com/products/ted-gushue-nightcap?variant=41592007655486","price":3450.0,"currency":"USD","framed":true,"w":46.0,"h":66.0,"label":"Exhibition"}]
hos-ted-gushue-mangusta	Ted Gushue	https://houseofspoils.com/products/ted-gushue-mangusta	Mangusta	photo	film	https://cdn.shopify.com/s/files/1/0115/7385/4270/products/Mangusta.jpg?width=560	[{"vendor":"houseofspoils","url":"https://houseofspoils.com/products/ted-gushue-mangusta?variant=40038423461950","price":225.0,"currency":"USD","framed":true,"w":14.5,"h":18.5,"label":"Small"},{"vendor":"houseofspoils","url":"https://houseofspoils.com/products/ted-gushue-mangusta?variant=41592010571838","price":400.0,"currency":"USD","framed":true,"w":19.5,"h":26.0,"label":"Medium"},{"vendor":"houseofspoils","url":"https://houseofspoils.com/products/ted-gushue-mangusta?variant=41592010702910","price":590.0,"currency":"USD","framed":true,"w":24.5,"h":33.5,"label":"Large"},{"vendor":"houseofspoils","url":"https://houseofspoils.com/products/ted-gushue-mangusta?variant=41592010833982","price":1050.0,"currency":"USD","framed":true,"w":31.5,"h":44.0,"label":"Giant"},{"vendor":"houseofspoils","url":"https://houseofspoils.com/products/ted-gushue-mangusta?variant=41592010965054","price":1975.0,"currency":"USD","framed":true,"w":39.5,"h":56.0,"label":"Collector"},{"vendor":"houseofspoils","url":"https://houseofspoils.com/products/ted-gushue-mangusta?variant=41592011096126","price":3450.0,"currency":"USD","framed":true,"w":46.0,"h":66.0,"label":"Exhibition"}]
hos-ted-gushue-topanga-iii	Ted Gushue	https://houseofspoils.com/products/ted-gushue-topanga-iii	Topanga III	photo	film	https://cdn.shopify.com/s/files/1/0115/7385/4270/products/Topanga-III.jpg?width=560	[{"vendor":"houseofspoils","url":"https://houseofspoils.com/products/ted-gushue-topanga-iii?variant=40038424870974","price":225.0,"currency":"USD","framed":true,"w":14.5,"h":18.5,"label":"Small"},{"vendor":"houseofspoils","url":"https://houseofspoils.com/products/ted-gushue-topanga-iii?variant=41592012931134","price":400.0,"currency":"USD","framed":true,"w":19.5,"h":26.0,"label":"Medium"},{"vendor":"houseofspoils","url":"https://houseofspoils.com/products/ted-gushue-topanga-iii?variant=41592013062206","price":590.0,"currency":"USD","framed":true,"w":24.5,"h":33.5,"label":"Large"},{"vendor":"houseofspoils","url":"https://houseofspoils.com/products/ted-gushue-topanga-iii?variant=41592013193278","price":1050.0,"currency":"USD","framed":true,"w":31.5,"h":44.0,"label":"Giant"},{"vendor":"houseofspoils","url":"https://houseofspoils.com/products/ted-gushue-topanga-iii?variant=41592013324350","price":1975.0,"currency":"USD","framed":true,"w":39.5,"h":56.0,"label":"Collector"},{"vendor":"houseofspoils","url":"https://houseofspoils.com/products/ted-gushue-topanga-iii?variant=41592013455422","price":3450.0,"currency":"USD","framed":true,"w":46.0,"h":66.0,"label":"Exhibition"}]
hos-kind-of-blue	Riley Harper	https://houseofspoils.com/products/kind-of-blue	Kind of Blue	photo	film	https://cdn.shopify.com/s/files/1/0115/7385/4270/products/Kind-of-Blue.jpg?width=560	[{"vendor":"houseofspoils","url":"https://houseofspoils.com/products/kind-of-blue?variant=40038426312766","price":225.0,"currency":"USD","framed":true,"w":14.5,"h":18.5,"label":"Small"},{"vendor":"houseofspoils","url":"https://houseofspoils.com/products/kind-of-blue?variant=41592015257662","price":400.0,"currency":"USD","framed":true,"w":19.5,"h":26.0,"label":"Medium"},{"vendor":"houseofspoils","url":"https://houseofspoils.com/products/kind-of-blue?variant=41592015388734","price":590.0,"currency":"USD","framed":true,"w":24.5,"h":33.5,"label":"Large"},{"vendor":"houseofspoils","url":"https://houseofspoils.com/products/kind-of-blue?variant=41592015519806","price":1050.0,"currency":"USD","framed":true,"w":31.5,"h":44.0,"label":"Giant"},{"vendor":"houseofspoils","url":"https://houseofspoils.com/products/kind-of-blue?variant=41592015650878","price":1975.0,"currency":"USD","framed":true,"w":39.5,"h":56.0,"label":"Collector"},{"vendor":"houseofspoils","url":"https://houseofspoils.com/products/kind-of-blue?variant=41592015781950","price":3450.0,"currency":"USD","framed":true,"w":46.0,"h":66.0,"label":"Exhibition"}]
hos-riley-harper-joshua-tree-iv	Riley Harper	https://houseofspoils.com/products/riley-harper-joshua-tree-iv	Joshua Tree IV	photo	film	https://cdn.shopify.com/s/files/1/0115/7385/4270/products/Joshua-Tree-IV.jpg?width=560	[{"vendor":"houseofspoils","url":"https://houseofspoils.com/products/riley-harper-joshua-tree-iv?variant=40038427721790","price":225.0,"currency":"USD","framed":true,"w":14.5,"h":18.5,"label":"Small"},{"vendor":"houseofspoils","url":"https://houseofspoils.com/products/riley-harper-joshua-tree-iv?variant=41592016404542","price":400.0,"currency":"USD","framed":true,"w":19.5,"h":26.0,"label":"Medium"},{"vendor":"houseofspoils","url":"https://houseofspoils.com/products/riley-harper-joshua-tree-iv?variant=41592016535614","price":590.0,"currency":"USD","framed":true,"w":24.5,"h":33.5,"label":"Large"},{"vendor":"houseofspoils","url":"https://houseofspoils.com/products/riley-harper-joshua-tree-iv?variant=41592016666686","price":1050.0,"currency":"USD","framed":true,"w":31.5,"h":44.0,"label":"Giant"},{"vendor":"houseofspoils","url":"https://houseofspoils.com/products/riley-harper-joshua-tree-iv?variant=41592016797758","price":1975.0,"currency":"USD","framed":true,"w":39.5,"h":56.0,"label":"Collector"},{"vendor":"houseofspoils","url":"https://houseofspoils.com/products/riley-harper-joshua-tree-iv?variant=41592016928830","price":3450.0,"currency":"USD","framed":true,"w":46.0,"h":66.0,"label":"Exhibition"}]
hos-riley-harper-baja-i	Riley Harper	https://houseofspoils.com/products/riley-harper-baja-i	Baja I	photo	film	https://cdn.shopify.com/s/files/1/0115/7385/4270/products/Baja-I.jpg?width=560	[{"vendor":"houseofspoils","url":"https://houseofspoils.com/products/riley-harper-baja-i?variant=40038429098046","price":225.0,"currency":"USD","framed":true,"w":14.5,"h":18.5,"label":"Small"},{"vendor":"houseofspoils","url":"https://houseofspoils.com/products/riley-harper-baja-i?variant=41592017584190","price":400.0,"currency":"USD","framed":true,"w":19.5,"h":26.0,"label":"Medium"},{"vendor":"houseofspoils","url":"https://houseofspoils.com/products/riley-harper-baja-i?variant=41592017715262","price":590.0,"currency":"USD","framed":true,"w":24.5,"h":33.5,"label":"Large"},{"vendor":"houseofspoils","url":"https://houseofspoils.com/products/riley-harper-baja-i?variant=41592017846334","price":1050.0,"currency":"USD","framed":true,"w":31.5,"h":44.0,"label":"Giant"},{"vendor":"houseofspoils","url":"https://houseofspoils.com/products/riley-harper-baja-i?variant=41592017977406","price":1975.0,"currency":"USD","framed":true,"w":39.5,"h":56.0,"label":"Collector"},{"vendor":"houseofspoils","url":"https://houseofspoils.com/products/riley-harper-baja-i?variant=41592018108478","price":3450.0,"currency":"USD","framed":true,"w":46.0,"h":66.0,"label":"Exhibition"}]
hos-riley-harper-splash	Riley Harper	https://houseofspoils.com/products/riley-harper-splash	Splash!	photo	film	https://cdn.shopify.com/s/files/1/0115/7385/4270/products/Splash.jpg?width=560	[{"vendor":"houseofspoils","url":"https://houseofspoils.com/products/riley-harper-splash?variant=40038432473150","price":225.0,"currency":"USD","framed":true,"w":14.5,"h":18.5,"label":"Small"},{"vendor":"houseofspoils","url":"https://houseofspoils.com/products/riley-harper-splash?variant=41592018763838","price":400.0,"currency":"USD","framed":true,"w":19.5,"h":26.0,"label":"Medium"},{"vendor":"houseofspoils","url":"https://houseofspoils.com/products/riley-harper-splash?variant=41592018894910","price":590.0,"currency":"USD","framed":true,"w":24.5,"h":33.5,"label":"Large"},{"vendor":"houseofspoils","url":"https://houseofspoils.com/products/riley-harper-splash?variant=41592019025982","price":1050.0,"currency":"USD","framed":true,"w":31.5,"h":44.0,"label":"Giant"},{"vendor":"houseofspoils","url":"https://houseofspoils.com/products/riley-harper-splash?variant=41592019157054","price":1975.0,"currency":"USD","framed":true,"w":39.5,"h":56.0,"label":"Collector"},{"vendor":"houseofspoils","url":"https://houseofspoils.com/products/riley-harper-splash?variant=41592019288126","price":3450.0,"currency":"USD","framed":true,"w":46.0,"h":66.0,"label":"Exhibition"}]
hos-riley-harper-the-dive	Riley Harper	https://houseofspoils.com/products/riley-harper-the-dive	The Dive	photo	film	https://cdn.shopify.com/s/files/1/0115/7385/4270/products/The-Dive.jpg?width=560	[{"vendor":"houseofspoils","url":"https://houseofspoils.com/products/riley-harper-the-dive?variant=40038433849406","price":225.0,"currency":"USD","framed":true,"w":18.5,"h":14.5,"label":"Small"},{"vendor":"houseofspoils","url":"https://houseofspoils.com/products/riley-harper-the-dive?variant=41592020107326","price":400.0,"currency":"USD","framed":true,"w":26.0,"h":19.5,"label":"Medium"},{"vendor":"houseofspoils","url":"https://houseofspoils.com/products/riley-harper-the-dive?variant=41592020238398","price":590.0,"currency":"USD","framed":true,"w":33.5,"h":24.5,"label":"Large"},{"vendor":"houseofspoils","url":"https://houseofspoils.com/products/riley-harper-the-dive?variant=41592020369470","price":1050.0,"currency":"USD","framed":true,"w":44.0,"h":31.5,"label":"Giant"},{"vendor":"houseofspoils","url":"https://houseofspoils.com/products/riley-harper-the-dive?variant=41592020500542","price":1975.0,"currency":"USD","framed":true,"w":56.0,"h":39.5,"label":"Collector"},{"vendor":"houseofspoils","url":"https://houseofspoils.com/products/riley-harper-the-dive?variant=41592020631614","price":3450.0,"currency":"USD","framed":true,"w":66.0,"h":46.0,"label":"Exhibition"}]
hos-riley-harper-the-pass	Riley Harper	https://houseofspoils.com/products/riley-harper-the-pass	The Pass	photo	film	https://cdn.shopify.com/s/files/1/0115/7385/4270/products/The-Pass.jpg?width=560	[{"vendor":"houseofspoils","url":"https://houseofspoils.com/products/riley-harper-the-pass?variant=40038435258430","price":225.0,"currency":"USD","framed":true,"w":14.5,"h":18.5,"label":"Small"},{"vendor":"houseofspoils","url":"https://houseofspoils.com/products/riley-harper-the-pass?variant=41592021254206","price":400.0,"currency":"USD","framed":true,"w":19.5,"h":26.0,"label":"Medium"},{"vendor":"houseofspoils","url":"https://houseofspoils.com/products/riley-harper-the-pass?variant=41592021385278","price":590.0,"currency":"USD","framed":true,"w":24.5,"h":33.5,"label":"Large"},{"vendor":"houseofspoils","url":"https://houseofspoils.com/products/riley-harper-the-pass?variant=41592021516350","price":1050.0,"currency":"USD","framed":true,"w":31.5,"h":44.0,"label":"Giant"},{"vendor":"houseofspoils","url":"https://houseofspoils.com/products/riley-harper-the-pass?variant=41592021647422","price":1975.0,"currency":"USD","framed":true,"w":39.5,"h":56.0,"label":"Collector"},{"vendor":"houseofspoils","url":"https://houseofspoils.com/products/riley-harper-the-pass?variant=41592021778494","price":3450.0,"currency":"USD","framed":true,"w":46.0,"h":66.0,"label":"Exhibition"}]
hos-natalie-obradovich-one-fire	Natalie Obradovich	https://houseofspoils.com/products/natalie-obradovich-one-fire	One Fire	photo	film	https://cdn.shopify.com/s/files/1/0115/7385/4270/products/One-Fire.jpg?width=560	[{"vendor":"houseofspoils","url":"https://houseofspoils.com/products/natalie-obradovich-one-fire?variant=40038443024446","price":225.0,"currency":"USD","framed":true,"w":18.5,"h":14.5,"label":"Small"},{"vendor":"houseofspoils","url":"https://houseofspoils.com/products/natalie-obradovich-one-fire?variant=41592028790846","price":400.0,"currency":"USD","framed":true,"w":26.0,"h":19.5,"label":"Medium"},{"vendor":"houseofspoils","url":"https://houseofspoils.com/products/natalie-obradovich-one-fire?variant=41592028921918","price":590.0,"currency":"USD","framed":true,"w":33.5,"h":24.5,"label":"Large"},{"vendor":"houseofspoils","url":"https://houseofspoils.com/products/natalie-obradovich-one-fire?variant=41592029052990","price":1050.0,"currency":"USD","framed":true,"w":44.0,"h":31.5,"label":"Giant"},{"vendor":"houseofspoils","url":"https://houseofspoils.com/products/natalie-obradovich-one-fire?variant=41592029184062","price":1975.0,"currency":"USD","framed":true,"w":56.0,"h":39.5,"label":"Collector"},{"vendor":"houseofspoils","url":"https://houseofspoils.com/products/natalie-obradovich-one-fire?variant=41592029315134","price":3450.0,"currency":"USD","framed":true,"w":66.0,"h":46.0,"label":"Exhibition"}]
hos-natalie-obradovich-monaco-i	Natalie Obradovich	https://houseofspoils.com/products/natalie-obradovich-monaco-i	Monaco I	photo	film	https://cdn.shopify.com/s/files/1/0115/7385/4270/products/Monaco-I.jpg?width=560	[{"vendor":"houseofspoils","url":"https://houseofspoils.com/products/natalie-obradovich-monaco-i?variant=40038441615422","price":225.0,"currency":"USD","framed":true,"w":14.5,"h":18.5,"label":"Small"},{"vendor":"houseofspoils","url":"https://houseofspoils.com/products/natalie-obradovich-monaco-i?variant=41592026366014","price":400.0,"currency":"USD","framed":true,"w":19.5,"h":26.0,"label":"Medium"},{"vendor":"houseofspoils","url":"https://houseofspoils.com/products/natalie-obradovich-monaco-i?variant=41592026497086","price":590.0,"currency":"USD","framed":true,"w":24.5,"h":33.5,"label":"Large"},{"vendor":"houseofspoils","url":"https://houseofspoils.com/products/natalie-obradovich-monaco-i?variant=41592026628158","price":1050.0,"currency":"USD","framed":true,"w":31.5,"h":44.0,"label":"Giant"},{"vendor":"houseofspoils","url":"https://houseofspoils.com/products/natalie-obradovich-monaco-i?variant=41592026759230","price":1975.0,"currency":"USD","framed":true,"w":39.5,"h":56.0,"label":"Collector"},{"vendor":"houseofspoils","url":"https://houseofspoils.com/products/natalie-obradovich-monaco-i?variant=41592026890302","price":3450.0,"currency":"USD","framed":true,"w":46.0,"h":66.0,"label":"Exhibition"}]
hos-natalie-obradovich-miami-i	Natalie Obradovich	https://houseofspoils.com/products/natalie-obradovich-miami-i	Miami I	photo	film	https://cdn.shopify.com/s/files/1/0115/7385/4270/products/Miami.jpg?width=560	[{"vendor":"houseofspoils","url":"https://houseofspoils.com/products/natalie-obradovich-miami-i?variant=40038444466238","price":225.0,"currency":"USD","framed":true,"w":18.5,"h":14.5,"label":"Small"},{"vendor":"houseofspoils","url":"https://houseofspoils.com/products/natalie-obradovich-miami-i?variant=41592032559166","price":400.0,"currency":"USD","framed":true,"w":26.0,"h":19.5,"label":"Medium"},{"vendor":"houseofspoils","url":"https://houseofspoils.com/products/natalie-obradovich-miami-i?variant=41592032690238","price":590.0,"currency":"USD","framed":true,"w":33.5,"h":24.5,"label":"Large"},{"vendor":"houseofspoils","url":"https://houseofspoils.com/products/natalie-obradovich-miami-i?variant=41592032821310","price":1050.0,"currency":"USD","framed":true,"w":44.0,"h":31.5,"label":"Giant"},{"vendor":"houseofspoils","url":"https://houseofspoils.com/products/natalie-obradovich-miami-i?variant=41592032952382","price":1975.0,"currency":"USD","framed":true,"w":56.0,"h":39.5,"label":"Collector"},{"vendor":"houseofspoils","url":"https://houseofspoils.com/products/natalie-obradovich-miami-i?variant=41592033083454","price":3450.0,"currency":"USD","framed":true,"w":66.0,"h":46.0,"label":"Exhibition"}]
hos-john-lucarelli-dark-matter	John Lucarelli	https://houseofspoils.com/products/john-lucarelli-dark-matter	Dark Matter	photo	film	https://cdn.shopify.com/s/files/1/0115/7385/4270/products/JL01-S-F.jpg?width=560	[{"vendor":"houseofspoils","url":"https://houseofspoils.com/products/john-lucarelli-dark-matter?variant=40038447317054","price":225.0,"currency":"USD","framed":true,"w":18.5,"h":14.5,"label":"Small"},{"vendor":"houseofspoils","url":"https://houseofspoils.com/products/john-lucarelli-dark-matter?variant=41592036032574","price":400.0,"currency":"USD","framed":true,"w":26.0,"h":19.5,"label":"Medium"},{"vendor":"houseofspoils","url":"https://houseofspoils.com/products/john-lucarelli-dark-matter?variant=41592036163646","price":590.0,"currency":"USD","framed":true,"w":33.5,"h":24.5,"label":"Large"},{"vendor":"houseofspoils","url":"https://houseofspoils.com/products/john-lucarelli-dark-matter?variant=41592036294718","price":1050.0,"currency":"USD","framed":true,"w":44.0,"h":31.5,"label":"Giant"},{"vendor":"houseofspoils","url":"https://houseofspoils.com/products/john-lucarelli-dark-matter?variant=41592036425790","price":1975.0,"currency":"USD","framed":true,"w":56.0,"h":39.5,"label":"Collector"},{"vendor":"houseofspoils","url":"https://houseofspoils.com/products/john-lucarelli-dark-matter?variant=41592036556862","price":3450.0,"currency":"USD","framed":true,"w":66.0,"h":46.0,"label":"Exhibition"}]
hos-harry-mark-palms	Harry Mark	https://houseofspoils.com/products/harry-mark-palms	Palms	photo	film	https://cdn.shopify.com/s/files/1/0115/7385/4270/products/Palms.jpg?width=560	[{"vendor":"houseofspoils","url":"https://houseofspoils.com/products/harry-mark-palms?variant=40038449086526","price":225.0,"currency":"USD","framed":true,"w":14.5,"h":18.5,"label":"Small"},{"vendor":"houseofspoils","url":"https://houseofspoils.com/products/harry-mark-palms?variant=41592038326334","price":400.0,"currency":"USD","framed":true,"w":19.5,"h":26.0,"label":"Medium"},{"vendor":"houseofspoils","url":"https://houseofspoils.com/products/harry-mark-palms?variant=41592038457406","price":590.0,"currency":"USD","framed":true,"w":24.5,"h":33.5,"label":"Large"},{"vendor":"houseofspoils","url":"https://houseofspoils.com/products/harry-mark-palms?variant=41592038588478","price":1050.0,"currency":"USD","framed":true,"w":31.5,"h":44.0,"label":"Giant"},{"vendor":"houseofspoils","url":"https://houseofspoils.com/products/harry-mark-palms?variant=41592038719550","price":1975.0,"currency":"USD","framed":true,"w":39.5,"h":56.0,"label":"Collector"},{"vendor":"houseofspoils","url":"https://houseofspoils.com/products/harry-mark-palms?variant=41592038850622","price":3450.0,"currency":"USD","framed":true,"w":46.0,"h":66.0,"label":"Exhibition"}]
hos-harry-mark-glassy-days	Harry Mark	https://houseofspoils.com/products/harry-mark-glassy-days	Glassy Days	photo	film	https://cdn.shopify.com/s/files/1/0115/7385/4270/products/HM04-S-F.jpg?width=560	[{"vendor":"houseofspoils","url":"https://houseofspoils.com/products/harry-mark-glassy-days?variant=40038450626622","price":225.0,"currency":"USD","framed":true,"w":18.5,"h":14.5,"label":"Small"},{"vendor":"houseofspoils","url":"https://houseofspoils.com/products/harry-mark-glassy-days?variant=41592039505982","price":400.0,"currency":"USD","framed":true,"w":26.0,"h":19.5,"label":"Medium"},{"vendor":"houseofspoils","url":"https://houseofspoils.com/products/harry-mark-glassy-days?variant=41592039637054","price":590.0,"currency":"USD","framed":true,"w":33.5,"h":24.5,"label":"Large"},{"vendor":"houseofspoils","url":"https://houseofspoils.com/products/harry-mark-glassy-days?variant=41592039768126","price":1050.0,"currency":"USD","framed":true,"w":44.0,"h":31.5,"label":"Giant"},{"vendor":"houseofspoils","url":"https://houseofspoils.com/products/harry-mark-glassy-days?variant=41592039899198","price":1975.0,"currency":"USD","framed":true,"w":56.0,"h":39.5,"label":"Collector"},{"vendor":"houseofspoils","url":"https://houseofspoils.com/products/harry-mark-glassy-days?variant=41592040030270","price":3450.0,"currency":"USD","framed":true,"w":66.0,"h":46.0,"label":"Exhibition"}]
hos-david-lopez-swamis	David Lopez	https://houseofspoils.com/products/david-lopez-swamis	Swamis	photo	film	https://cdn.shopify.com/s/files/1/0115/7385/4270/products/Swamis.jpg?width=560	[{"vendor":"houseofspoils","url":"https://houseofspoils.com/products/david-lopez-swamis?variant=40038461997118","price":225.0,"currency":"USD","framed":true,"w":18.5,"h":14.5,"label":"Small"},{"vendor":"houseofspoils","url":"https://houseofspoils.com/products/david-lopez-swamis?variant=41592044224574","price":400.0,"currency":"USD","framed":true,"w":26.0,"h":19.5,"label":"Medium"},{"vendor":"houseofspoils","url":"https://houseofspoils.com/products/david-lopez-swamis?variant=41592044355646","price":590.0,"currency":"USD","framed":true,"w":33.5,"h":24.5,"label":"Large"},{"vendor":"houseofspoils","url":"https://houseofspoils.com/products/david-lopez-swamis?variant=41592044486718","price":1050.0,"currency":"USD","framed":true,"w":44.0,"h":31.5,"label":"Giant"},{"vendor":"houseofspoils","url":"https://houseofspoils.com/products/david-lopez-swamis?variant=41592044617790","price":1975.0,"currency":"USD","framed":true,"w":56.0,"h":39.5,"label":"Collector"},{"vendor":"houseofspoils","url":"https://houseofspoils.com/products/david-lopez-swamis?variant=41592044748862","price":3450.0,"currency":"USD","framed":true,"w":66.0,"h":46.0,"label":"Exhibition"}]
hos-david-lopez-family	David Lopez	https://houseofspoils.com/products/david-lopez-family	Family	photo	film	https://cdn.shopify.com/s/files/1/0115/7385/4270/products/Family.jpg?width=560	[{"vendor":"houseofspoils","url":"https://houseofspoils.com/products/david-lopez-family?variant=40038466355262","price":225.0,"currency":"USD","framed":true,"w":18.5,"h":14.5,"label":"Small"},{"vendor":"houseofspoils","url":"https://houseofspoils.com/products/david-lopez-family?variant=41592045371454","price":400.0,"currency":"USD","framed":true,"w":26.0,"h":19.5,"label":"Medium"},{"vendor":"houseofspoils","url":"https://houseofspoils.com/products/david-lopez-family?variant=41592045502526","price":590.0,"currency":"USD","framed":true,"w":33.5,"h":24.5,"label":"Large"},{"vendor":"houseofspoils","url":"https://houseofspoils.com/products/david-lopez-family?variant=41592045633598","price":1050.0,"currency":"USD","framed":true,"w":44.0,"h":31.5,"label":"Giant"},{"vendor":"houseofspoils","url":"https://houseofspoils.com/products/david-lopez-family?variant=41592045764670","price":1975.0,"currency":"USD","framed":true,"w":56.0,"h":39.5,"label":"Collector"},{"vendor":"houseofspoils","url":"https://houseofspoils.com/products/david-lopez-family?variant=41592045895742","price":3450.0,"currency":"USD","framed":true,"w":66.0,"h":46.0,"label":"Exhibition"}]
hos-david-lopez-deep-ocean	David Lopez	https://houseofspoils.com/products/david-lopez-deep-ocean	Deep Ocean	photo	film	https://cdn.shopify.com/s/files/1/0115/7385/4270/products/Deep-Ocean.jpg?width=560	[{"vendor":"houseofspoils","url":"https://houseofspoils.com/products/david-lopez-deep-ocean?variant=40038469566526","price":225.0,"currency":"USD","framed":true,"w":18.5,"h":14.5,"label":"Small"},{"vendor":"houseofspoils","url":"https://houseofspoils.com/products/david-lopez-deep-ocean?variant=41592046649406","price":400.0,"currency":"USD","framed":true,"w":26.0,"h":19.5,"label":"Medium"},{"vendor":"houseofspoils","url":"https://houseofspoils.com/products/david-lopez-deep-ocean?variant=41592046780478","price":590.0,"currency":"USD","framed":true,"w":33.5,"h":24.5,"label":"Large"},{"vendor":"houseofspoils","url":"https://houseofspoils.com/products/david-lopez-deep-ocean?variant=41592046911550","price":1050.0,"currency":"USD","framed":true,"w":44.0,"h":31.5,"label":"Giant"},{"vendor":"houseofspoils","url":"https://houseofspoils.com/products/david-lopez-deep-ocean?variant=41592047042622","price":1975.0,"currency":"USD","framed":true,"w":56.0,"h":39.5,"label":"Collector"},{"vendor":"houseofspoils","url":"https://houseofspoils.com/products/david-lopez-deep-ocean?variant=41592047173694","price":3450.0,"currency":"USD","framed":true,"w":66.0,"h":46.0,"label":"Exhibition"}]
hos-dane-grady-pulse	Dane Grady	https://houseofspoils.com/products/dane-grady-pulse	Pulse	photo	film	https://cdn.shopify.com/s/files/1/0115/7385/4270/products/Pulse.jpg?width=560	[{"vendor":"houseofspoils","url":"https://houseofspoils.com/products/dane-grady-pulse?variant=40038474776638","price":225.0,"currency":"USD","framed":true,"w":18.5,"h":14.5,"label":"Small"},{"vendor":"houseofspoils","url":"https://houseofspoils.com/products/dane-grady-pulse?variant=41592050122814","price":400.0,"currency":"USD","framed":true,"w":26.0,"h":19.5,"label":"Medium"},{"vendor":"houseofspoils","url":"https://houseofspoils.com/products/dane-grady-pulse?variant=41592050253886","price":590.0,"currency":"USD","framed":true,"w":33.5,"h":24.5,"label":"Large"},{"vendor":"houseofspoils","url":"https://houseofspoils.com/products/dane-grady-pulse?variant=41592050384958","price":1050.0,"currency":"USD","framed":true,"w":44.0,"h":31.5,"label":"Giant"},{"vendor":"houseofspoils","url":"https://houseofspoils.com/products/dane-grady-pulse?variant=41592050516030","price":1975.0,"currency":"USD","framed":true,"w":56.0,"h":39.5,"label":"Collector"},{"vendor":"houseofspoils","url":"https://houseofspoils.com/products/dane-grady-pulse?variant=41592050647102","price":3450.0,"currency":"USD","framed":true,"w":66.0,"h":46.0,"label":"Exhibition"}]
hos-andy-mccallie-reverie	Andy McCallie	https://houseofspoils.com/products/andy-mccallie-reverie	Reverie	photo	film	https://cdn.shopify.com/s/files/1/0115/7385/4270/products/Reverie.jpg?width=560	[{"vendor":"houseofspoils","url":"https://houseofspoils.com/products/andy-mccallie-reverie?variant=40038485491774","price":225.0,"currency":"USD","framed":true,"w":18.5,"h":14.5,"label":"Small"},{"vendor":"houseofspoils","url":"https://houseofspoils.com/products/andy-mccallie-reverie?variant=41592054710334","price":400.0,"currency":"USD","framed":true,"w":26.0,"h":19.5,"label":"Medium"},{"vendor":"houseofspoils","url":"https://houseofspoils.com/products/andy-mccallie-reverie?variant=41592054841406","price":590.0,"currency":"USD","framed":true,"w":33.5,"h":24.5,"label":"Large"},{"vendor":"houseofspoils","url":"https://houseofspoils.com/products/andy-mccallie-reverie?variant=41592054972478","price":1050.0,"currency":"USD","framed":true,"w":44.0,"h":31.5,"label":"Giant"},{"vendor":"houseofspoils","url":"https://houseofspoils.com/products/andy-mccallie-reverie?variant=41592055103550","price":1975.0,"currency":"USD","framed":true,"w":56.0,"h":39.5,"label":"Collector"},{"vendor":"houseofspoils","url":"https://houseofspoils.com/products/andy-mccallie-reverie?variant=41592055234622","price":3450.0,"currency":"USD","framed":true,"w":66.0,"h":46.0,"label":"Exhibition"}]
hos-aaron-brimhall-spray	Aaron Brimhall	https://houseofspoils.com/products/aaron-brimhall-spray	Dirt Avalanche	photo	film	https://cdn.shopify.com/s/files/1/0115/7385/4270/products/Dirt-Avalanche.jpg?width=560	[{"vendor":"houseofspoils","url":"https://houseofspoils.com/products/aaron-brimhall-spray?variant=40038494109758","price":225.0,"currency":"USD","framed":true,"w":18.5,"h":14.5,"label":"Small"},{"vendor":"houseofspoils","url":"https://houseofspoils.com/products/aaron-brimhall-spray?variant=41592058216510","price":400.0,"currency":"USD","framed":true,"w":26.0,"h":19.5,"label":"Medium"},{"vendor":"houseofspoils","url":"https://houseofspoils.com/products/aaron-brimhall-spray?variant=41592058347582","price":590.0,"currency":"USD","framed":true,"w":33.5,"h":24.5,"label":"Large"},{"vendor":"houseofspoils","url":"https://houseofspoils.com/products/aaron-brimhall-spray?variant=41592058478654","price":1050.0,"currency":"USD","framed":true,"w":44.0,"h":31.5,"label":"Giant"},{"vendor":"houseofspoils","url":"https://houseofspoils.com/products/aaron-brimhall-spray?variant=41592058609726","price":1975.0,"currency":"USD","framed":true,"w":56.0,"h":39.5,"label":"Collector"},{"vendor":"houseofspoils","url":"https://houseofspoils.com/products/aaron-brimhall-spray?variant=41592058740798","price":3450.0,"currency":"USD","framed":true,"w":66.0,"h":46.0,"label":"Exhibition"}]
hos-aaron-brimhall-flight	Aaron Brimhall	https://houseofspoils.com/products/aaron-brimhall-flight	Take Flight	photo	film	https://cdn.shopify.com/s/files/1/0115/7385/4270/products/Take-Flight.jpg?width=560	[{"vendor":"houseofspoils","url":"https://houseofspoils.com/products/aaron-brimhall-flight?variant=40038496796734","price":225.0,"currency":"USD","framed":true,"w":18.5,"h":14.5,"label":"Small"},{"vendor":"houseofspoils","url":"https://houseofspoils.com/products/aaron-brimhall-flight?variant=41592060510270","price":400.0,"currency":"USD","framed":true,"w":26.0,"h":19.5,"label":"Medium"},{"vendor":"houseofspoils","url":"https://houseofspoils.com/products/aaron-brimhall-flight?variant=41592060641342","price":590.0,"currency":"USD","framed":true,"w":33.5,"h":24.5,"label":"Large"},{"vendor":"houseofspoils","url":"https://houseofspoils.com/products/aaron-brimhall-flight?variant=41592060772414","price":1050.0,"currency":"USD","framed":true,"w":44.0,"h":31.5,"label":"Giant"},{"vendor":"houseofspoils","url":"https://houseofspoils.com/products/aaron-brimhall-flight?variant=41592060903486","price":1975.0,"currency":"USD","framed":true,"w":56.0,"h":39.5,"label":"Collector"},{"vendor":"houseofspoils","url":"https://houseofspoils.com/products/aaron-brimhall-flight?variant=41592061034558","price":3450.0,"currency":"USD","framed":true,"w":66.0,"h":46.0,"label":"Exhibition"}]
hos-vincent-perraud-speed	Vincent Perraud	https://houseofspoils.com/products/vincent-perraud-speed	Speed	photo	film	https://cdn.shopify.com/s/files/1/0115/7385/4270/products/Speed.jpg?width=560	[{"vendor":"houseofspoils","url":"https://houseofspoils.com/products/vincent-perraud-speed?variant=40038499778622","price":225.0,"currency":"USD","framed":true,"w":18.5,"h":14.5,"label":"Small"},{"vendor":"houseofspoils","url":"https://houseofspoils.com/products/vincent-perraud-speed?variant=41592062804030","price":400.0,"currency":"USD","framed":true,"w":26.0,"h":19.5,"label":"Medium"},{"vendor":"houseofspoils","url":"https://houseofspoils.com/products/vincent-perraud-speed?variant=41592062935102","price":590.0,"currency":"USD","framed":true,"w":33.5,"h":24.5,"label":"Large"},{"vendor":"houseofspoils","url":"https://houseofspoils.com/products/vincent-perraud-speed?variant=41592063066174","price":1050.0,"currency":"USD","framed":true,"w":44.0,"h":31.5,"label":"Giant"},{"vendor":"houseofspoils","url":"https://houseofspoils.com/products/vincent-perraud-speed?variant=41592063197246","price":1975.0,"currency":"USD","framed":true,"w":56.0,"h":39.5,"label":"Collector"},{"vendor":"houseofspoils","url":"https://houseofspoils.com/products/vincent-perraud-speed?variant=41592063328318","price":3450.0,"currency":"USD","framed":true,"w":66.0,"h":46.0,"label":"Exhibition"}]
hos-tom-hawkins-horsepower	Tom Hawkins	https://houseofspoils.com/products/tom-hawkins-horsepower	Horsepower	photo	film	https://cdn.shopify.com/s/files/1/0115/7385/4270/products/Horsepower.jpg?width=560	[{"vendor":"houseofspoils","url":"https://houseofspoils.com/products/tom-hawkins-horsepower?variant=40038506233918","price":225.0,"currency":"USD","framed":true,"w":18.5,"h":14.5,"label":"Small"},{"vendor":"houseofspoils","url":"https://houseofspoils.com/products/tom-hawkins-horsepower?variant=41592065359934","price":400.0,"currency":"USD","framed":true,"w":26.0,"h":19.5,"label":"Medium"},{"vendor":"houseofspoils","url":"https://houseofspoils.com/products/tom-hawkins-horsepower?variant=41592065491006","price":590.0,"currency":"USD","framed":true,"w":33.5,"h":24.5,"label":"Large"},{"vendor":"houseofspoils","url":"https://houseofspoils.com/products/tom-hawkins-horsepower?variant=41592065622078","price":1050.0,"currency":"USD","framed":true,"w":44.0,"h":31.5,"label":"Giant"},{"vendor":"houseofspoils","url":"https://houseofspoils.com/products/tom-hawkins-horsepower?variant=41592065753150","price":1975.0,"currency":"USD","framed":true,"w":56.0,"h":39.5,"label":"Collector"},{"vendor":"houseofspoils","url":"https://houseofspoils.com/products/tom-hawkins-horsepower?variant=41592065884222","price":3450.0,"currency":"USD","framed":true,"w":66.0,"h":46.0,"label":"Exhibition"}]
hos-ted-gushue-il-pellicano	Ted Gushue	https://houseofspoils.com/products/ted-gushue-il-pellicano	Il Pellicano	photo	film	https://cdn.shopify.com/s/files/1/0115/7385/4270/products/Il-Pellicano.jpg?width=560	[{"vendor":"houseofspoils","url":"https://houseofspoils.com/products/ted-gushue-il-pellicano?variant=40038510231614","price":225.0,"currency":"USD","framed":true,"w":14.5,"h":18.5,"label":"Small"},{"vendor":"houseofspoils","url":"https://houseofspoils.com/products/ted-gushue-il-pellicano?variant=41592067653694","price":400.0,"currency":"USD","framed":true,"w":19.5,"h":26.0,"label":"Medium"},{"vendor":"houseofspoils","url":"https://houseofspoils.com/products/ted-gushue-il-pellicano?variant=41592067784766","price":590.0,"currency":"USD","framed":true,"w":24.5,"h":33.5,"label":"Large"},{"vendor":"houseofspoils","url":"https://houseofspoils.com/products/ted-gushue-il-pellicano?variant=41592067915838","price":1050.0,"currency":"USD","framed":true,"w":31.5,"h":44.0,"label":"Giant"},{"vendor":"houseofspoils","url":"https://houseofspoils.com/products/ted-gushue-il-pellicano?variant=41592068046910","price":1975.0,"currency":"USD","framed":true,"w":39.5,"h":56.0,"label":"Collector"},{"vendor":"houseofspoils","url":"https://houseofspoils.com/products/ted-gushue-il-pellicano?variant=41592068177982","price":3450.0,"currency":"USD","framed":true,"w":46.0,"h":66.0,"label":"Exhibition"}]
hos-ted-gushue-happy-days	Ted Gushue	https://houseofspoils.com/products/ted-gushue-happy-days	Happy Days	photo	film	https://cdn.shopify.com/s/files/1/0115/7385/4270/products/Happy-Days.jpg?width=560	[{"vendor":"houseofspoils","url":"https://houseofspoils.com/products/ted-gushue-happy-days?variant=40038513180734","price":225.0,"currency":"USD","framed":true,"w":14.5,"h":18.5,"label":"Small"},{"vendor":"houseofspoils","url":"https://houseofspoils.com/products/ted-gushue-happy-days?variant=41592068800574","price":400.0,"currency":"USD","framed":true,"w":19.5,"h":26.0,"label":"Medium"},{"vendor":"houseofspoils","url":"https://houseofspoils.com/products/ted-gushue-happy-days?variant=41592068931646","price":590.0,"currency":"USD","framed":true,"w":24.5,"h":33.5,"label":"Large"},{"vendor":"houseofspoils","url":"https://houseofspoils.com/products/ted-gushue-happy-days?variant=41592069062718","price":1050.0,"currency":"USD","framed":true,"w":31.5,"h":44.0,"label":"Giant"},{"vendor":"houseofspoils","url":"https://houseofspoils.com/products/ted-gushue-happy-days?variant=41592069193790","price":1975.0,"currency":"USD","framed":true,"w":39.5,"h":56.0,"label":"Collector"},{"vendor":"houseofspoils","url":"https://houseofspoils.com/products/ted-gushue-happy-days?variant=41592069324862","price":3450.0,"currency":"USD","framed":true,"w":46.0,"h":66.0,"label":"Exhibition"}]
hos-riley-harper-malibu-i	Riley Harper	https://houseofspoils.com/products/riley-harper-malibu-i	Malibu I	photo	film	https://cdn.shopify.com/s/files/1/0115/7385/4270/products/Malibu-I.jpg?width=560	[{"vendor":"houseofspoils","url":"https://houseofspoils.com/products/riley-harper-malibu-i?variant=40038515966014","price":225.0,"currency":"USD","framed":true,"w":18.5,"h":14.5,"label":"Small"},{"vendor":"houseofspoils","url":"https://houseofspoils.com/products/riley-harper-malibu-i?variant=41592071094334","price":400.0,"currency":"USD","framed":true,"w":26.0,"h":19.5,"label":"Medium"},{"vendor":"houseofspoils","url":"https://houseofspoils.com/products/riley-harper-malibu-i?variant=41592071225406","price":590.0,"currency":"USD","framed":true,"w":33.5,"h":24.5,"label":"Large"},{"vendor":"houseofspoils","url":"https://houseofspoils.com/products/riley-harper-malibu-i?variant=41592071356478","price":1050.0,"currency":"USD","framed":true,"w":44.0,"h":31.5,"label":"Giant"},{"vendor":"houseofspoils","url":"https://houseofspoils.com/products/riley-harper-malibu-i?variant=41592071487550","price":1975.0,"currency":"USD","framed":true,"w":56.0,"h":39.5,"label":"Collector"},{"vendor":"houseofspoils","url":"https://houseofspoils.com/products/riley-harper-malibu-i?variant=41592071618622","price":3450.0,"currency":"USD","framed":true,"w":66.0,"h":46.0,"label":"Exhibition"}]
hos-natalie-obradovich-fontelina-ii	Natalie Obradovich	https://houseofspoils.com/products/natalie-obradovich-fontelina-ii	Fontelina II	photo	film	https://cdn.shopify.com/s/files/1/0115/7385/4270/products/Fontelina-II.jpg?width=560	[{"vendor":"houseofspoils","url":"https://houseofspoils.com/products/natalie-obradovich-fontelina-ii?variant=40038519701566","price":225.0,"currency":"USD","framed":true,"w":18.5,"h":14.5,"label":"Small"},{"vendor":"houseofspoils","url":"https://houseofspoils.com/products/natalie-obradovich-fontelina-ii?variant=41592072241214","price":400.0,"currency":"USD","framed":true,"w":26.0,"h":19.5,"label":"Medium"},{"vendor":"houseofspoils","url":"https://houseofspoils.com/products/natalie-obradovich-fontelina-ii?variant=41592072372286","price":590.0,"currency":"USD","framed":true,"w":33.5,"h":24.5,"label":"Large"},{"vendor":"houseofspoils","url":"https://houseofspoils.com/products/natalie-obradovich-fontelina-ii?variant=41592072503358","price":1050.0,"currency":"USD","framed":true,"w":44.0,"h":31.5,"label":"Giant"},{"vendor":"houseofspoils","url":"https://houseofspoils.com/products/natalie-obradovich-fontelina-ii?variant=41592072634430","price":1975.0,"currency":"USD","framed":true,"w":56.0,"h":39.5,"label":"Collector"},{"vendor":"houseofspoils","url":"https://houseofspoils.com/products/natalie-obradovich-fontelina-ii?variant=41592072765502","price":3450.0,"currency":"USD","framed":true,"w":66.0,"h":46.0,"label":"Exhibition"}]
hos-harry-mark-girls-just-wanna-have-fun	Harry Mark	https://houseofspoils.com/products/harry-mark-girls-just-wanna-have-fun	Girls Just Wanna Have Fun	photo	film	https://cdn.shopify.com/s/files/1/0115/7385/4270/products/Girls-Just-Wanna-Have-Fun.jpg?width=560	[{"vendor":"houseofspoils","url":"https://houseofspoils.com/products/harry-mark-girls-just-wanna-have-fun?variant=40038522519614","price":225.0,"currency":"USD","framed":true,"w":18.5,"h":14.5,"label":"Small"},{"vendor":"houseofspoils","url":"https://houseofspoils.com/products/harry-mark-girls-just-wanna-have-fun?variant=41592073420862","price":400.0,"currency":"USD","framed":true,"w":26.0,"h":19.5,"label":"Medium"},{"vendor":"houseofspoils","url":"https://houseofspoils.com/products/harry-mark-girls-just-wanna-have-fun?variant=41592073551934","price":590.0,"currency":"USD","framed":true,"w":33.5,"h":24.5,"label":"Large"},{"vendor":"houseofspoils","url":"https://houseofspoils.com/products/harry-mark-girls-just-wanna-have-fun?variant=41592073683006","price":1050.0,"currency":"USD","framed":true,"w":44.0,"h":31.5,"label":"Giant"},{"vendor":"houseofspoils","url":"https://houseofspoils.com/products/harry-mark-girls-just-wanna-have-fun?variant=41592073814078","price":1975.0,"currency":"USD","framed":true,"w":56.0,"h":39.5,"label":"Collector"},{"vendor":"houseofspoils","url":"https://houseofspoils.com/products/harry-mark-girls-just-wanna-have-fun?variant=41592073945150","price":3450.0,"currency":"USD","framed":true,"w":66.0,"h":46.0,"label":"Exhibition"}]
hos-aaron-brimhall-zhe-scmblr	Aaron Brimhall	https://houseofspoils.com/products/aaron-brimhall-zhe-scmblr	ZHE SCMBLR	photo	film	https://cdn.shopify.com/s/files/1/0115/7385/4270/products/Zhe-Scmblr.jpg?width=560	[{"vendor":"houseofspoils","url":"https://houseofspoils.com/products/aaron-brimhall-zhe-scmblr?variant=40038528745534","price":225.0,"currency":"USD","framed":true,"w":18.5,"h":14.5,"label":"Small"},{"vendor":"houseofspoils","url":"https://houseofspoils.com/products/aaron-brimhall-zhe-scmblr?variant=41592077942846","price":400.0,"currency":"USD","framed":true,"w":26.0,"h":19.5,"label":"Medium"},{"vendor":"houseofspoils","url":"https://houseofspoils.com/products/aaron-brimhall-zhe-scmblr?variant=41592078073918","price":590.0,"currency":"USD","framed":true,"w":33.5,"h":24.5,"label":"Large"},{"vendor":"houseofspoils","url":"https://houseofspoils.com/products/aaron-brimhall-zhe-scmblr?variant=41592078204990","price":1050.0,"currency":"USD","framed":true,"w":44.0,"h":31.5,"label":"Giant"},{"vendor":"houseofspoils","url":"https://houseofspoils.com/products/aaron-brimhall-zhe-scmblr?variant=41592078336062","price":1975.0,"currency":"USD","framed":true,"w":56.0,"h":39.5,"label":"Collector"},{"vendor":"houseofspoils","url":"https://houseofspoils.com/products/aaron-brimhall-zhe-scmblr?variant=41592078467134","price":3450.0,"currency":"USD","framed":true,"w":66.0,"h":46.0,"label":"Exhibition"}]
