# Juniper Print Shop prints, read from juniperprintshop.com product lists (beta, link out only): id, artist, page, title, medium, category, image url, offers (JSON)
jp-mabels-farm-field	Sarah Madeira Day	https://juniperprintshop.com/products/mabels-farm-field	Mabel's Farm Field	print	flowers	https://cdn.shopify.com/s/files/1/1806/8745/files/Mable_sFarmFieldLISTING.webp?v=1724911627&width=560	[{"vendor":"juniper","url":"https://juniperprintshop.com/products/mabels-farm-field?variant=41864936816729","price":29.0,"currency":"USD","framed":false,"w":8,"h":10,"label":"Paper / 8x10"},{"vendor":"juniper","url":"https://juniperprintshop.com/products/mabels-farm-field?variant=41864936849497","price":39.0,"currency":"USD","framed":false,"w":11,"h":14,"label":"Paper / 11x14"},{"vendor":"juniper","url":"https://juniperprintshop.com/products/mabels-farm-field?variant=41864936882265","price":49.0,"currency":"USD","framed":false,"w":12,"h":18,"label":"Paper / 12x18"},{"vendor":"juniper","url":"https://juniperprintshop.com/products/mabels-farm-field?variant=41864936915033","price":49.0,"currency":"USD","framed":false,"w":16,"h":20,"label":"Paper / 16x20"},{"vendor":"juniper","url":"https://juniperprintshop.com/products/mabels-farm-field?variant=41864936947801","price":59.0,"currency":"USD","framed":false,"w":18,"h":24,"label":"Paper / 18x24"},{"vendor":"juniper","url":"https://juniperprintshop.com/products/mabels-farm-field?variant=41864936980569","price":69.0,"currency":"USD","framed":false,"w":20,"h":30,"label":"Paper / 20x30"},{"vendor":"juniper","url":"https://juniperprintshop.com/products/mabels-farm-field?variant=41864937013337","price":99.0,"currency":"USD","framed":false,"w":24,"h":36,"label":"Paper / 24x36"},{"vendor":"juniper","url":"https://juniperprintshop.com/products/mabels-farm-field?variant=41864937046105","price":139.0,"currency":"USD","framed":false,"w":30,"h":40,"label":"Paper / 30x40"},{"vendor":"juniper","url":"https://juniperprintshop.com/products/mabels-farm-field?variant=41864937078873","price":149.0,"currency":"USD","framed":false,"w":31,"h":47,"label":"Paper / 31x47"},{"vendor":"juniper","url":"https://juniperprintshop.com/products/mabels-farm-field?variant=41864937111641","price":169.0,"currency":"USD","framed":false,"w":40,"h":55,"label":"Paper / 40x55"},{"vendor":"juniper","url":"https://juniperprintshop.com/products/mabels-farm-field?variant=41864937144409","price":229.0,"currency":"USD","framed":false,"w":55,"h":79,"label":"Paper / 55x79"}]
jp-loose-poppies	Sarah Madeira Day	https://juniperprintshop.com/products/loose-poppies	Loose Poppies	print	flowers	https://cdn.shopify.com/s/files/1/1806/8745/files/LoosePoppiesLISTING.webp?v=1724911152&width=560	[{"vendor":"juniper","url":"https://juniperprintshop.com/products/loose-poppies?variant=41864926920793","price":29.0,"currency":"USD","framed":false,"w":8,"h":10,"label":"Paper / 8x10"},{"vendor":"juniper","url":"https://juniperprintshop.com/products/loose-poppies?variant=41864926953561","price":39.0,"currency":"USD","framed":false,"w":11,"h":14,"label":"Paper / 11x14"},{"vendor":"juniper","url":"https://juniperprintshop.com/products/loose-poppies?variant=41864926986329","price":49.0,"currency":"USD","framed":false,"w":12,"h":18,"label":"Paper / 12x18"},{"vendor":"juniper","url":"https://juniperprintshop.com/products/loose-poppies?variant=41864927051865","price":49.0,"currency":"USD","framed":false,"w":16,"h":20,"label":"Paper / 16x20"},{"vendor":"juniper","url":"https://juniperprintshop.com/products/loose-poppies?variant=41864927084633","price":59.0,"currency":"USD","framed":false,"w":18,"h":24,"label":"Paper / 18x24"},{"vendor":"juniper","url":"https://juniperprintshop.com/products/loose-poppies?variant=41864927117401","price":69.0,"currency":"USD","framed":false,"w":20,"h":30,"label":"Paper / 20x30"},{"vendor":"juniper","url":"https://juniperprintshop.com/products/loose-poppies?variant=41864927182937","price":99.0,"currency":"USD","framed":false,"w":24,"h":36,"label":"Paper / 24x36"},{"vendor":"juniper","url":"https://juniperprintshop.com/products/loose-poppies?variant=41864927215705","price":139.0,"currency":"USD","framed":false,"w":30,"h":40,"label":"Paper / 30x40"},{"vendor":"juniper","url":"https://juniperprintshop.com/products/loose-poppies?variant=41864927248473","price":149.0,"currency":"USD","framed":false,"w":31,"h":47,"label":"Paper / 31x47"},{"vendor":"juniper","url":"https://juniperprintshop.com/products/loose-poppies?variant=41864927281241","price":169.0,"currency":"USD","framed":false,"w":40,"h":55,"label":"Paper / 40x55"},{"vendor":"juniper","url":"https://juniperprintshop.com/products/loose-poppies?variant=41864927314009","price":229.0,"currency":"USD","framed":false,"w":55,"h":79,"label":"Paper / 55x79"}]
jp-field-of-daisies	Laci Fowler	https://juniperprintshop.com/products/field-of-daisies	Field of Daisies	print	flowers	https://cdn.shopify.com/s/files/1/1806/8745/files/FieldofDaisiesLISTING.webp?v=1724910027&width=560	[{"vendor":"juniper","url":"https://juniperprintshop.com/products/field-of-daisies?variant=41864893628505","price":29.0,"currency":"USD","framed":false,"w":8,"h":10,"label":"Paper / 8x10"},{"vendor":"juniper","url":"https://juniperprintshop.com/products/field-of-daisies?variant=41864893661273","price":39.0,"currency":"USD","framed":false,"w":11,"h":14,"label":"Paper / 11x14"},{"vendor":"juniper","url":"https://juniperprintshop.com/products/field-of-daisies?variant=41864893694041","price":49.0,"currency":"USD","framed":false,"w":12,"h":18,"label":"Paper / 12x18"},{"vendor":"juniper","url":"https://juniperprintshop.com/products/field-of-daisies?variant=41864893759577","price":49.0,"currency":"USD","framed":false,"w":16,"h":20,"label":"Paper / 16x20"},{"vendor":"juniper","url":"https://juniperprintshop.com/products/field-of-daisies?variant=41864893792345","price":59.0,"currency":"USD","framed":false,"w":18,"h":24,"label":"Paper / 18x24"},{"vendor":"juniper","url":"https://juniperprintshop.com/products/field-of-daisies?variant=41864893825113","price":69.0,"currency":"USD","framed":false,"w":20,"h":30,"label":"Paper / 20x30"},{"vendor":"juniper","url":"https://juniperprintshop.com/products/field-of-daisies?variant=41864893890649","price":99.0,"currency":"USD","framed":false,"w":24,"h":36,"label":"Paper / 24x36"},{"vendor":"juniper","url":"https://juniperprintshop.com/products/field-of-daisies?variant=41864893923417","price":139.0,"currency":"USD","framed":false,"w":30,"h":40,"label":"Paper / 30x40"},{"vendor":"juniper","url":"https://juniperprintshop.com/products/field-of-daisies?variant=41864893956185","price":149.0,"currency":"USD","framed":false,"w":31,"h":47,"label":"Paper / 31x47"},{"vendor":"juniper","url":"https://juniperprintshop.com/products/field-of-daisies?variant=41864893988953","price":169.0,"currency":"USD","framed":false,"w":40,"h":55,"label":"Paper / 40x55"},{"vendor":"juniper","url":"https://juniperprintshop.com/products/field-of-daisies?variant=41864894021721","price":229.0,"currency":"USD","framed":false,"w":55,"h":79,"label":"Paper / 55x79"}]
jp-hare	Laci Fowler	https://juniperprintshop.com/products/hare	Hare	print	landscape	https://cdn.shopify.com/s/files/1/1806/8745/files/HareLISTING.webp?v=1724894152&width=560	[{"vendor":"juniper","url":"https://juniperprintshop.com/products/hare?variant=41864578203737","price":29.0,"currency":"USD","framed":false,"w":8,"h":10,"label":"Paper / 8x10"},{"vendor":"juniper","url":"https://juniperprintshop.com/products/hare?variant=41864578236505","price":39.0,"currency":"USD","framed":false,"w":11,"h":14,"label":"Paper / 11x14"},{"vendor":"juniper","url":"https://juniperprintshop.com/products/hare?variant=41864578269273","price":49.0,"currency":"USD","framed":false,"w":12,"h":18,"label":"Paper / 12x18"},{"vendor":"juniper","url":"https://juniperprintshop.com/products/hare?variant=41864578302041","price":49.0,"currency":"USD","framed":false,"w":16,"h":20,"label":"Paper / 16x20"},{"vendor":"juniper","url":"https://juniperprintshop.com/products/hare?variant=41864578334809","price":59.0,"currency":"USD","framed":false,"w":18,"h":24,"label":"Paper / 18x24"},{"vendor":"juniper","url":"https://juniperprintshop.com/products/hare?variant=41864578367577","price":69.0,"currency":"USD","framed":false,"w":20,"h":30,"label":"Paper / 20x30"},{"vendor":"juniper","url":"https://juniperprintshop.com/products/hare?variant=41864578400345","price":99.0,"currency":"USD","framed":false,"w":24,"h":36,"label":"Paper / 24x36"},{"vendor":"juniper","url":"https://juniperprintshop.com/products/hare?variant=41864578433113","price":139.0,"currency":"USD","framed":false,"w":30,"h":40,"label":"Paper / 30x40"},{"vendor":"juniper","url":"https://juniperprintshop.com/products/hare?variant=41864578465881","price":149.0,"currency":"USD","framed":false,"w":31,"h":47,"label":"Paper / 31x47"},{"vendor":"juniper","url":"https://juniperprintshop.com/products/hare?variant=41864578498649","price":169.0,"currency":"USD","framed":false,"w":40,"h":55,"label":"Paper / 40x55"}]
jp-fox	Laci Fowler	https://juniperprintshop.com/products/fox	Fox	print	dogs	https://cdn.shopify.com/s/files/1/1806/8745/files/FoxLISTING.webp?v=1724893833&width=560	[{"vendor":"juniper","url":"https://juniperprintshop.com/products/fox?variant=41864576139353","price":29.0,"currency":"USD","framed":false,"w":8,"h":10,"label":"Paper / 8x10"},{"vendor":"juniper","url":"https://juniperprintshop.com/products/fox?variant=41864576172121","price":39.0,"currency":"USD","framed":false,"w":11,"h":14,"label":"Paper / 11x14"},{"vendor":"juniper","url":"https://juniperprintshop.com/products/fox?variant=41864576204889","price":49.0,"currency":"USD","framed":false,"w":12,"h":18,"label":"Paper / 12x18"},{"vendor":"juniper","url":"https://juniperprintshop.com/products/fox?variant=41864576237657","price":49.0,"currency":"USD","framed":false,"w":16,"h":20,"label":"Paper / 16x20"},{"vendor":"juniper","url":"https://juniperprintshop.com/products/fox?variant=41864576270425","price":59.0,"currency":"USD","framed":false,"w":18,"h":24,"label":"Paper / 18x24"},{"vendor":"juniper","url":"https://juniperprintshop.com/products/fox?variant=41864576303193","price":69.0,"currency":"USD","framed":false,"w":20,"h":30,"label":"Paper / 20x30"},{"vendor":"juniper","url":"https://juniperprintshop.com/products/fox?variant=41864576335961","price":99.0,"currency":"USD","framed":false,"w":24,"h":36,"label":"Paper / 24x36"},{"vendor":"juniper","url":"https://juniperprintshop.com/products/fox?variant=41864576368729","price":139.0,"currency":"USD","framed":false,"w":30,"h":40,"label":"Paper / 30x40"},{"vendor":"juniper","url":"https://juniperprintshop.com/products/fox?variant=41864576401497","price":149.0,"currency":"USD","framed":false,"w":31,"h":47,"label":"Paper / 31x47"},{"vendor":"juniper","url":"https://juniperprintshop.com/products/fox?variant=41864576434265","price":169.0,"currency":"USD","framed":false,"w":40,"h":55,"label":"Paper / 40x55"}]
jp-lavender-path	Jenna Marie Ward	https://juniperprintshop.com/products/lavender-path	Lavender Path	photo	landscape	https://cdn.shopify.com/s/files/1/1806/8745/files/LavenderPathListing.webp?v=1722979471&width=560	[{"vendor":"juniper","url":"https://juniperprintshop.com/products/lavender-path?variant=41829361418329","price":29.0,"currency":"USD","framed":false,"w":8,"h":10,"label":"Paper / 8x10"},{"vendor":"juniper","url":"https://juniperprintshop.com/products/lavender-path?variant=41829361451097","price":39.0,"currency":"USD","framed":false,"w":11,"h":14,"label":"Paper / 11x14"},{"vendor":"juniper","url":"https://juniperprintshop.com/products/lavender-path?variant=41829361483865","price":49.0,"currency":"USD","framed":false,"w":12,"h":18,"label":"Paper / 12x18"},{"vendor":"juniper","url":"https://juniperprintshop.com/products/lavender-path?variant=41829361549401","price":49.0,"currency":"USD","framed":false,"w":16,"h":20,"label":"Paper / 16x20"},{"vendor":"juniper","url":"https://juniperprintshop.com/products/lavender-path?variant=41829361582169","price":59.0,"currency":"USD","framed":false,"w":18,"h":24,"label":"Paper / 18x24"},{"vendor":"juniper","url":"https://juniperprintshop.com/products/lavender-path?variant=41829361614937","price":69.0,"currency":"USD","framed":false,"w":20,"h":30,"label":"Paper / 20x30"},{"vendor":"juniper","url":"https://juniperprintshop.com/products/lavender-path?variant=41829361746009","price":99.0,"currency":"USD","framed":false,"w":24,"h":36,"label":"Paper / 24x36"},{"vendor":"juniper","url":"https://juniperprintshop.com/products/lavender-path?variant=41829361811545","price":139.0,"currency":"USD","framed":false,"w":30,"h":40,"label":"Paper / 30x40"},{"vendor":"juniper","url":"https://juniperprintshop.com/products/lavender-path?variant=41829361877081","price":149.0,"currency":"USD","framed":false,"w":31,"h":47,"label":"Paper / 31x47"},{"vendor":"juniper","url":"https://juniperprintshop.com/products/lavender-path?variant=41829361909849","price":169.0,"currency":"USD","framed":false,"w":40,"h":55,"label":"Paper / 40x55"},{"vendor":"juniper","url":"https://juniperprintshop.com/products/lavender-path?variant=41829361942617","price":229.0,"currency":"USD","framed":false,"w":55,"h":79,"label":"Paper / 55x79"}]
jp-charlie	Mande Calhoun-Gaffney	https://juniperprintshop.com/products/charlie	Charlie	print	water	https://cdn.shopify.com/s/files/1/1806/8745/files/CharlieListing.webp?v=1719980321&width=560	[{"vendor":"juniper","url":"https://juniperprintshop.com/products/charlie?variant=41722795786329","price":29.0,"currency":"USD","framed":false,"w":10,"h":8,"label":"Paper / 8x10"},{"vendor":"juniper","url":"https://juniperprintshop.com/products/charlie?variant=41722795851865","price":39.0,"currency":"USD","framed":false,"w":14,"h":11,"label":"Paper / 11x14"},{"vendor":"juniper","url":"https://juniperprintshop.com/products/charlie?variant=41722795950169","price":49.0,"currency":"USD","framed":false,"w":18,"h":12,"label":"Paper / 12x18"},{"vendor":"juniper","url":"https://juniperprintshop.com/products/charlie?variant=41722796015705","price":59.0,"currency":"USD","framed":false,"w":30,"h":12,"label":"Paper / 12x30"},{"vendor":"juniper","url":"https://juniperprintshop.com/products/charlie?variant=41722796081241","price":49.0,"currency":"USD","framed":false,"w":20,"h":16,"label":"Paper / 16x20"},{"vendor":"juniper","url":"https://juniperprintshop.com/products/charlie?variant=41722796146777","price":59.0,"currency":"USD","framed":false,"w":24,"h":18,"label":"Paper / 18x24"},{"vendor":"juniper","url":"https://juniperprintshop.com/products/charlie?variant=41722796212313","price":69.0,"currency":"USD","framed":false,"w":30,"h":20,"label":"Paper / 20x30"},{"vendor":"juniper","url":"https://juniperprintshop.com/products/charlie?variant=41722796277849","price":139.0,"currency":"USD","framed":false,"w":55,"h":22,"label":"Paper / 22x55"},{"vendor":"juniper","url":"https://juniperprintshop.com/products/charlie?variant=41722796310617","price":99.0,"currency":"USD","framed":false,"w":36,"h":24,"label":"Paper / 24x36"},{"vendor":"juniper","url":"https://juniperprintshop.com/products/charlie?variant=41722796376153","price":139.0,"currency":"USD","framed":false,"w":40,"h":30,"label":"Paper / 30x40"},{"vendor":"juniper","url":"https://juniperprintshop.com/products/charlie?variant=41722796441689","price":149.0,"currency":"USD","framed":false,"w":47,"h":31,"label":"Paper / 31x47"},{"vendor":"juniper","url":"https://juniperprintshop.com/products/charlie?variant=41722796474457","price":169.0,"currency":"USD","framed":false,"w":55,"h":40,"label":"Paper / 40x55"},{"vendor":"juniper","url":"https://juniperprintshop.com/products/charlie?variant=41722796507225","price":229.0,"currency":"USD","framed":false,"w":79,"h":55,"label":"Paper / 55x79"}]
jp-reed	Mande Calhoun-Gaffney	https://juniperprintshop.com/products/reed	Reed	print	water	https://cdn.shopify.com/s/files/1/1806/8745/files/Reid-Listing.webp?v=1719979721&width=560	[{"vendor":"juniper","url":"https://juniperprintshop.com/products/reed?variant=41722748239961","price":29.0,"currency":"USD","framed":false,"w":10,"h":8,"label":"Paper / 8x10"},{"vendor":"juniper","url":"https://juniperprintshop.com/products/reed?variant=41722748305497","price":39.0,"currency":"USD","framed":false,"w":14,"h":11,"label":"Paper / 11x14"},{"vendor":"juniper","url":"https://juniperprintshop.com/products/reed?variant=41722748371033","price":49.0,"currency":"USD","framed":false,"w":18,"h":12,"label":"Paper / 12x18"},{"vendor":"juniper","url":"https://juniperprintshop.com/products/reed?variant=41722748436569","price":59.0,"currency":"USD","framed":false,"w":30,"h":12,"label":"Paper / 12x30"},{"vendor":"juniper","url":"https://juniperprintshop.com/products/reed?variant=41722748502105","price":49.0,"currency":"USD","framed":false,"w":20,"h":16,"label":"Paper / 16x20"},{"vendor":"juniper","url":"https://juniperprintshop.com/products/reed?variant=41722748567641","price":59.0,"currency":"USD","framed":false,"w":24,"h":18,"label":"Paper / 18x24"},{"vendor":"juniper","url":"https://juniperprintshop.com/products/reed?variant=41722748633177","price":69.0,"currency":"USD","framed":false,"w":30,"h":20,"label":"Paper / 20x30"},{"vendor":"juniper","url":"https://juniperprintshop.com/products/reed?variant=41722748698713","price":139.0,"currency":"USD","framed":false,"w":55,"h":22,"label":"Paper / 22x55"},{"vendor":"juniper","url":"https://juniperprintshop.com/products/reed?variant=41722748731481","price":99.0,"currency":"USD","framed":false,"w":36,"h":24,"label":"Paper / 24x36"},{"vendor":"juniper","url":"https://juniperprintshop.com/products/reed?variant=41722748797017","price":139.0,"currency":"USD","framed":false,"w":40,"h":30,"label":"Paper / 30x40"},{"vendor":"juniper","url":"https://juniperprintshop.com/products/reed?variant=41722748862553","price":149.0,"currency":"USD","framed":false,"w":47,"h":31,"label":"Paper / 31x47"},{"vendor":"juniper","url":"https://juniperprintshop.com/products/reed?variant=41722748895321","price":169.0,"currency":"USD","framed":false,"w":55,"h":40,"label":"Paper / 40x55"},{"vendor":"juniper","url":"https://juniperprintshop.com/products/reed?variant=41722748928089","price":229.0,"currency":"USD","framed":false,"w":79,"h":55,"label":"Paper / 55x79"}]
jp-calder	Mande Calhoun-Gaffney	https://juniperprintshop.com/products/calder	Calder	print	water	https://cdn.shopify.com/s/files/1/1806/8745/files/CalderListing.webp?v=1719944926&width=560	[{"vendor":"juniper","url":"https://juniperprintshop.com/products/calder?variant=41721261621337","price":29.0,"currency":"USD","framed":false,"w":10,"h":8,"label":"Paper / 8x10"},{"vendor":"juniper","url":"https://juniperprintshop.com/products/calder?variant=41721261686873","price":39.0,"currency":"USD","framed":false,"w":14,"h":11,"label":"Paper / 11x14"},{"vendor":"juniper","url":"https://juniperprintshop.com/products/calder?variant=41721261752409","price":49.0,"currency":"USD","framed":false,"w":18,"h":12,"label":"Paper / 12x18"},{"vendor":"juniper","url":"https://juniperprintshop.com/products/calder?variant=41721261817945","price":59.0,"currency":"USD","framed":false,"w":30,"h":12,"label":"Paper / 12x30"},{"vendor":"juniper","url":"https://juniperprintshop.com/products/calder?variant=41721261883481","price":49.0,"currency":"USD","framed":false,"w":20,"h":16,"label":"Paper / 16x20"},{"vendor":"juniper","url":"https://juniperprintshop.com/products/calder?variant=41721261949017","price":59.0,"currency":"USD","framed":false,"w":24,"h":18,"label":"Paper / 18x24"},{"vendor":"juniper","url":"https://juniperprintshop.com/products/calder?variant=41721262047321","price":69.0,"currency":"USD","framed":false,"w":30,"h":20,"label":"Paper / 20x30"},{"vendor":"juniper","url":"https://juniperprintshop.com/products/calder?variant=41721262112857","price":139.0,"currency":"USD","framed":false,"w":55,"h":22,"label":"Paper / 22x55"},{"vendor":"juniper","url":"https://juniperprintshop.com/products/calder?variant=41721262145625","price":99.0,"currency":"USD","framed":false,"w":36,"h":24,"label":"Paper / 24x36"},{"vendor":"juniper","url":"https://juniperprintshop.com/products/calder?variant=41721262211161","price":139.0,"currency":"USD","framed":false,"w":40,"h":30,"label":"Paper / 30x40"},{"vendor":"juniper","url":"https://juniperprintshop.com/products/calder?variant=41721262276697","price":149.0,"currency":"USD","framed":false,"w":47,"h":31,"label":"Paper / 31x47"},{"vendor":"juniper","url":"https://juniperprintshop.com/products/calder?variant=41721262309465","price":169.0,"currency":"USD","framed":false,"w":55,"h":40,"label":"Paper / 40x55"},{"vendor":"juniper","url":"https://juniperprintshop.com/products/calder?variant=41721262342233","price":229.0,"currency":"USD","framed":false,"w":79,"h":55,"label":"Paper / 55x79"}]
jp-journey-ii	Anee Shah	https://juniperprintshop.com/products/journey-ii	Journey II	print	landscape	https://cdn.shopify.com/s/files/1/1806/8745/files/Journey-II.jpg?v=1697568031&width=560	[{"vendor":"juniper","url":"https://juniperprintshop.com/products/journey-ii?variant=40633596936281","price":29.0,"currency":"USD","framed":false,"w":10,"h":8,"label":"Paper / 8x10"},{"vendor":"juniper","url":"https://juniperprintshop.com/products/journey-ii?variant=40633596969049","price":39.0,"currency":"USD","framed":false,"w":14,"h":11,"label":"Paper / 11x14"},{"vendor":"juniper","url":"https://juniperprintshop.com/products/journey-ii?variant=40633597001817","price":49.0,"currency":"USD","framed":false,"w":18,"h":12,"label":"Paper / 12x18"},{"vendor":"juniper","url":"https://juniperprintshop.com/products/journey-ii?variant=40633597034585","price":59.0,"currency":"USD","framed":false,"w":30,"h":12,"label":"Paper / 12x30"},{"vendor":"juniper","url":"https://juniperprintshop.com/products/journey-ii?variant=40633597067353","price":49.0,"currency":"USD","framed":false,"w":20,"h":16,"label":"Paper / 16x20"},{"vendor":"juniper","url":"https://juniperprintshop.com/products/journey-ii?variant=40633597100121","price":59.0,"currency":"USD","framed":false,"w":24,"h":18,"label":"Paper / 18x24"},{"vendor":"juniper","url":"https://juniperprintshop.com/products/journey-ii?variant=40633597132889","price":69.0,"currency":"USD","framed":false,"w":30,"h":20,"label":"Paper / 20x30"},{"vendor":"juniper","url":"https://juniperprintshop.com/products/journey-ii?variant=40633597165657","price":139.0,"currency":"USD","framed":false,"w":55,"h":22,"label":"Paper / 22x55"},{"vendor":"juniper","url":"https://juniperprintshop.com/products/journey-ii?variant=40633597198425","price":99.0,"currency":"USD","framed":false,"w":36,"h":24,"label":"Paper / 24x36"},{"vendor":"juniper","url":"https://juniperprintshop.com/products/journey-ii?variant=40633597231193","price":139.0,"currency":"USD","framed":false,"w":40,"h":30,"label":"Paper / 30x40"},{"vendor":"juniper","url":"https://juniperprintshop.com/products/journey-ii?variant=40633597263961","price":149.0,"currency":"USD","framed":false,"w":47,"h":31,"label":"Paper / 31x47"},{"vendor":"juniper","url":"https://juniperprintshop.com/products/journey-ii?variant=40633597296729","price":169.0,"currency":"USD","framed":false,"w":55,"h":40,"label":"Paper / 40x55"},{"vendor":"juniper","url":"https://juniperprintshop.com/products/journey-ii?variant=40633597329497","price":229.0,"currency":"USD","framed":false,"w":79,"h":55,"label":"Paper / 55x79"}]
jp-vail-pass	Rebecca Caridad	https://juniperprintshop.com/products/vail-pass	Vail Pass	print	landscape	https://cdn.shopify.com/s/files/1/1806/8745/files/Vail-Pass.jpg?v=1697574721&width=560	[{"vendor":"juniper","url":"https://juniperprintshop.com/products/vail-pass?variant=40633831653465","price":29.0,"currency":"USD","framed":false,"w":10,"h":8,"label":"Paper / 8x10"},{"vendor":"juniper","url":"https://juniperprintshop.com/products/vail-pass?variant=40633831686233","price":39.0,"currency":"USD","framed":false,"w":14,"h":11,"label":"Paper / 11x14"},{"vendor":"juniper","url":"https://juniperprintshop.com/products/vail-pass?variant=40633831719001","price":49.0,"currency":"USD","framed":false,"w":18,"h":12,"label":"Paper / 12x18"},{"vendor":"juniper","url":"https://juniperprintshop.com/products/vail-pass?variant=40633831751769","price":59.0,"currency":"USD","framed":false,"w":30,"h":12,"label":"Paper / 12x30"},{"vendor":"juniper","url":"https://juniperprintshop.com/products/vail-pass?variant=40633831784537","price":49.0,"currency":"USD","framed":false,"w":20,"h":16,"label":"Paper / 16x20"},{"vendor":"juniper","url":"https://juniperprintshop.com/products/vail-pass?variant=40633831817305","price":59.0,"currency":"USD","framed":false,"w":24,"h":18,"label":"Paper / 18x24"},{"vendor":"juniper","url":"https://juniperprintshop.com/products/vail-pass?variant=40633831850073","price":69.0,"currency":"USD","framed":false,"w":30,"h":20,"label":"Paper / 20x30"},{"vendor":"juniper","url":"https://juniperprintshop.com/products/vail-pass?variant=40633831882841","price":139.0,"currency":"USD","framed":false,"w":55,"h":22,"label":"Paper / 22x55"},{"vendor":"juniper","url":"https://juniperprintshop.com/products/vail-pass?variant=40633831915609","price":99.0,"currency":"USD","framed":false,"w":36,"h":24,"label":"Paper / 24x36"},{"vendor":"juniper","url":"https://juniperprintshop.com/products/vail-pass?variant=40633831948377","price":139.0,"currency":"USD","framed":false,"w":40,"h":30,"label":"Paper / 30x40"},{"vendor":"juniper","url":"https://juniperprintshop.com/products/vail-pass?variant=40633831981145","price":149.0,"currency":"USD","framed":false,"w":47,"h":31,"label":"Paper / 31x47"},{"vendor":"juniper","url":"https://juniperprintshop.com/products/vail-pass?variant=40633832013913","price":169.0,"currency":"USD","framed":false,"w":55,"h":40,"label":"Paper / 40x55"},{"vendor":"juniper","url":"https://juniperprintshop.com/products/vail-pass?variant=40633832046681","price":229.0,"currency":"USD","framed":false,"w":79,"h":55,"label":"Paper / 55x79"}]
jp-queen-annes-lace	Sarah Madeira Day	https://juniperprintshop.com/products/queen-annes-lace	Queen Anne's Lace	print	flowers	https://cdn.shopify.com/s/files/1/1806/8745/files/Queen-Annes-Lace.jpg?v=1697563873&width=560	[{"vendor":"juniper","url":"https://juniperprintshop.com/products/queen-annes-lace?variant=40633436831833","price":29.0,"currency":"USD","framed":false,"w":8,"h":10,"label":"Paper / 8x10"},{"vendor":"juniper","url":"https://juniperprintshop.com/products/queen-annes-lace?variant=40633436864601","price":39.0,"currency":"USD","framed":false,"w":11,"h":14,"label":"Paper / 11x14"},{"vendor":"juniper","url":"https://juniperprintshop.com/products/queen-annes-lace?variant=40633436897369","price":49.0,"currency":"USD","framed":false,"w":12,"h":18,"label":"Paper / 12x18"},{"vendor":"juniper","url":"https://juniperprintshop.com/products/queen-annes-lace?variant=40633436962905","price":49.0,"currency":"USD","framed":false,"w":16,"h":20,"label":"Paper / 16x20"},{"vendor":"juniper","url":"https://juniperprintshop.com/products/queen-annes-lace?variant=40633436995673","price":59.0,"currency":"USD","framed":false,"w":18,"h":24,"label":"Paper / 18x24"},{"vendor":"juniper","url":"https://juniperprintshop.com/products/queen-annes-lace?variant=40633437028441","price":69.0,"currency":"USD","framed":false,"w":20,"h":30,"label":"Paper / 20x30"},{"vendor":"juniper","url":"https://juniperprintshop.com/products/queen-annes-lace?variant=40633437093977","price":99.0,"currency":"USD","framed":false,"w":24,"h":36,"label":"Paper / 24x36"},{"vendor":"juniper","url":"https://juniperprintshop.com/products/queen-annes-lace?variant=40633437126745","price":139.0,"currency":"USD","framed":false,"w":30,"h":40,"label":"Paper / 30x40"},{"vendor":"juniper","url":"https://juniperprintshop.com/products/queen-annes-lace?variant=40633437159513","price":149.0,"currency":"USD","framed":false,"w":31,"h":47,"label":"Paper / 31x47"},{"vendor":"juniper","url":"https://juniperprintshop.com/products/queen-annes-lace?variant=40633437192281","price":169.0,"currency":"USD","framed":false,"w":40,"h":55,"label":"Paper / 40x55"},{"vendor":"juniper","url":"https://juniperprintshop.com/products/queen-annes-lace?variant=40633437225049","price":229.0,"currency":"USD","framed":false,"w":55,"h":79,"label":"Paper / 55x79"}]
jp-wonderland-marsh	Sarah Madeira Day	https://juniperprintshop.com/products/wonderland-marsh	Wonderland Marsh	print	lines	https://cdn.shopify.com/s/files/1/1806/8745/files/Wonderland-Marsh.jpg?v=1697561676&width=560	[{"vendor":"juniper","url":"https://juniperprintshop.com/products/wonderland-marsh?variant=40633335021657","price":29.0,"currency":"USD","framed":false,"w":10,"h":8,"label":"Paper / 8x10"},{"vendor":"juniper","url":"https://juniperprintshop.com/products/wonderland-marsh?variant=40633335054425","price":39.0,"currency":"USD","framed":false,"w":14,"h":11,"label":"Paper / 11x14"},{"vendor":"juniper","url":"https://juniperprintshop.com/products/wonderland-marsh?variant=40633335087193","price":49.0,"currency":"USD","framed":false,"w":18,"h":12,"label":"Paper / 12x18"},{"vendor":"juniper","url":"https://juniperprintshop.com/products/wonderland-marsh?variant=40633335119961","price":59.0,"currency":"USD","framed":false,"w":30,"h":12,"label":"Paper / 12x30"},{"vendor":"juniper","url":"https://juniperprintshop.com/products/wonderland-marsh?variant=40633335152729","price":49.0,"currency":"USD","framed":false,"w":20,"h":16,"label":"Paper / 16x20"},{"vendor":"juniper","url":"https://juniperprintshop.com/products/wonderland-marsh?variant=40633335185497","price":59.0,"currency":"USD","framed":false,"w":24,"h":18,"label":"Paper / 18x24"},{"vendor":"juniper","url":"https://juniperprintshop.com/products/wonderland-marsh?variant=40633335218265","price":69.0,"currency":"USD","framed":false,"w":30,"h":20,"label":"Paper / 20x30"},{"vendor":"juniper","url":"https://juniperprintshop.com/products/wonderland-marsh?variant=40633335251033","price":139.0,"currency":"USD","framed":false,"w":55,"h":22,"label":"Paper / 22x55"},{"vendor":"juniper","url":"https://juniperprintshop.com/products/wonderland-marsh?variant=40633335283801","price":99.0,"currency":"USD","framed":false,"w":36,"h":24,"label":"Paper / 24x36"},{"vendor":"juniper","url":"https://juniperprintshop.com/products/wonderland-marsh?variant=40633335316569","price":139.0,"currency":"USD","framed":false,"w":40,"h":30,"label":"Paper / 30x40"},{"vendor":"juniper","url":"https://juniperprintshop.com/products/wonderland-marsh?variant=40633335349337","price":149.0,"currency":"USD","framed":false,"w":47,"h":31,"label":"Paper / 31x47"},{"vendor":"juniper","url":"https://juniperprintshop.com/products/wonderland-marsh?variant=40633335382105","price":169.0,"currency":"USD","framed":false,"w":55,"h":40,"label":"Paper / 40x55"},{"vendor":"juniper","url":"https://juniperprintshop.com/products/wonderland-marsh?variant=40633335414873","price":229.0,"currency":"USD","framed":false,"w":79,"h":55,"label":"Paper / 55x79"}]
jp-gold-hill-aspens	Rebecca Caridad	https://juniperprintshop.com/products/gold-hill-aspens	Gold Hill Aspens	print	lines	https://cdn.shopify.com/s/files/1/1806/8745/files/Gold-Hill-Aspens.jpg?v=1697578587&width=560	[{"vendor":"juniper","url":"https://juniperprintshop.com/products/gold-hill-aspens?variant=40633918160985","price":29.0,"currency":"USD","framed":false,"w":8,"h":10,"label":"Paper / 8x10"},{"vendor":"juniper","url":"https://juniperprintshop.com/products/gold-hill-aspens?variant=40633918193753","price":39.0,"currency":"USD","framed":false,"w":11,"h":14,"label":"Paper / 11x14"},{"vendor":"juniper","url":"https://juniperprintshop.com/products/gold-hill-aspens?variant=40633918226521","price":49.0,"currency":"USD","framed":false,"w":12,"h":18,"label":"Paper / 12x18"},{"vendor":"juniper","url":"https://juniperprintshop.com/products/gold-hill-aspens?variant=40633918292057","price":49.0,"currency":"USD","framed":false,"w":16,"h":20,"label":"Paper / 16x20"},{"vendor":"juniper","url":"https://juniperprintshop.com/products/gold-hill-aspens?variant=40633918324825","price":59.0,"currency":"USD","framed":false,"w":18,"h":24,"label":"Paper / 18x24"},{"vendor":"juniper","url":"https://juniperprintshop.com/products/gold-hill-aspens?variant=40633918357593","price":69.0,"currency":"USD","framed":false,"w":20,"h":30,"label":"Paper / 20x30"},{"vendor":"juniper","url":"https://juniperprintshop.com/products/gold-hill-aspens?variant=40633918423129","price":99.0,"currency":"USD","framed":false,"w":24,"h":36,"label":"Paper / 24x36"},{"vendor":"juniper","url":"https://juniperprintshop.com/products/gold-hill-aspens?variant=40633918455897","price":139.0,"currency":"USD","framed":false,"w":30,"h":40,"label":"Paper / 30x40"},{"vendor":"juniper","url":"https://juniperprintshop.com/products/gold-hill-aspens?variant=40633918488665","price":149.0,"currency":"USD","framed":false,"w":31,"h":47,"label":"Paper / 31x47"},{"vendor":"juniper","url":"https://juniperprintshop.com/products/gold-hill-aspens?variant=40633918521433","price":169.0,"currency":"USD","framed":false,"w":40,"h":55,"label":"Paper / 40x55"},{"vendor":"juniper","url":"https://juniperprintshop.com/products/gold-hill-aspens?variant=40633918554201","price":229.0,"currency":"USD","framed":false,"w":55,"h":79,"label":"Paper / 55x79"}]
jp-isle-of-skye	Rebecca Caridad	https://juniperprintshop.com/products/isle-of-skye	Isle of Skye	print	coast	https://cdn.shopify.com/s/files/1/1806/8745/files/Isle-of-Skye.jpg?v=1697577962&width=560	[{"vendor":"juniper","url":"https://juniperprintshop.com/products/isle-of-skye?variant=40633901875289","price":29.0,"currency":"USD","framed":false,"w":10,"h":8,"label":"Paper / 8x10"},{"vendor":"juniper","url":"https://juniperprintshop.com/products/isle-of-skye?variant=40633901908057","price":39.0,"currency":"USD","framed":false,"w":14,"h":11,"label":"Paper / 11x14"},{"vendor":"juniper","url":"https://juniperprintshop.com/products/isle-of-skye?variant=40633901940825","price":49.0,"currency":"USD","framed":false,"w":18,"h":12,"label":"Paper / 12x18"},{"vendor":"juniper","url":"https://juniperprintshop.com/products/isle-of-skye?variant=40633901973593","price":59.0,"currency":"USD","framed":false,"w":30,"h":12,"label":"Paper / 12x30"},{"vendor":"juniper","url":"https://juniperprintshop.com/products/isle-of-skye?variant=40633902006361","price":49.0,"currency":"USD","framed":false,"w":20,"h":16,"label":"Paper / 16x20"},{"vendor":"juniper","url":"https://juniperprintshop.com/products/isle-of-skye?variant=40633902039129","price":59.0,"currency":"USD","framed":false,"w":24,"h":18,"label":"Paper / 18x24"},{"vendor":"juniper","url":"https://juniperprintshop.com/products/isle-of-skye?variant=40633902071897","price":69.0,"currency":"USD","framed":false,"w":30,"h":20,"label":"Paper / 20x30"},{"vendor":"juniper","url":"https://juniperprintshop.com/products/isle-of-skye?variant=40633902104665","price":139.0,"currency":"USD","framed":false,"w":55,"h":22,"label":"Paper / 22x55"},{"vendor":"juniper","url":"https://juniperprintshop.com/products/isle-of-skye?variant=40633902137433","price":99.0,"currency":"USD","framed":false,"w":36,"h":24,"label":"Paper / 24x36"},{"vendor":"juniper","url":"https://juniperprintshop.com/products/isle-of-skye?variant=40633902170201","price":139.0,"currency":"USD","framed":false,"w":40,"h":30,"label":"Paper / 30x40"},{"vendor":"juniper","url":"https://juniperprintshop.com/products/isle-of-skye?variant=40633902202969","price":149.0,"currency":"USD","framed":false,"w":47,"h":31,"label":"Paper / 31x47"},{"vendor":"juniper","url":"https://juniperprintshop.com/products/isle-of-skye?variant=40633902235737","price":169.0,"currency":"USD","framed":false,"w":55,"h":40,"label":"Paper / 40x55"},{"vendor":"juniper","url":"https://juniperprintshop.com/products/isle-of-skye?variant=40633902268505","price":229.0,"currency":"USD","framed":false,"w":79,"h":55,"label":"Paper / 55x79"}]
jp-boulder-edge	Rebecca Caridad	https://juniperprintshop.com/products/boulder-edge	Boulder Edge	print	water	https://cdn.shopify.com/s/files/1/1806/8745/files/Boulder-Edge.jpg?v=1697575301&width=560	[{"vendor":"juniper","url":"https://juniperprintshop.com/products/boulder-edge?variant=40633841680473","price":29.0,"currency":"USD","framed":false,"w":10,"h":8,"label":"Paper / 8x10"},{"vendor":"juniper","url":"https://juniperprintshop.com/products/boulder-edge?variant=40633841713241","price":39.0,"currency":"USD","framed":false,"w":14,"h":11,"label":"Paper / 11x14"},{"vendor":"juniper","url":"https://juniperprintshop.com/products/boulder-edge?variant=40633841746009","price":49.0,"currency":"USD","framed":false,"w":18,"h":12,"label":"Paper / 12x18"},{"vendor":"juniper","url":"https://juniperprintshop.com/products/boulder-edge?variant=40633841778777","price":59.0,"currency":"USD","framed":false,"w":30,"h":12,"label":"Paper / 12x30"},{"vendor":"juniper","url":"https://juniperprintshop.com/products/boulder-edge?variant=40633841811545","price":49.0,"currency":"USD","framed":false,"w":20,"h":16,"label":"Paper / 16x20"},{"vendor":"juniper","url":"https://juniperprintshop.com/products/boulder-edge?variant=40633841844313","price":59.0,"currency":"USD","framed":false,"w":24,"h":18,"label":"Paper / 18x24"},{"vendor":"juniper","url":"https://juniperprintshop.com/products/boulder-edge?variant=40633841877081","price":69.0,"currency":"USD","framed":false,"w":30,"h":20,"label":"Paper / 20x30"},{"vendor":"juniper","url":"https://juniperprintshop.com/products/boulder-edge?variant=40633841909849","price":139.0,"currency":"USD","framed":false,"w":55,"h":22,"label":"Paper / 22x55"},{"vendor":"juniper","url":"https://juniperprintshop.com/products/boulder-edge?variant=40633841942617","price":99.0,"currency":"USD","framed":false,"w":36,"h":24,"label":"Paper / 24x36"},{"vendor":"juniper","url":"https://juniperprintshop.com/products/boulder-edge?variant=40633841975385","price":139.0,"currency":"USD","framed":false,"w":40,"h":30,"label":"Paper / 30x40"},{"vendor":"juniper","url":"https://juniperprintshop.com/products/boulder-edge?variant=40633842008153","price":149.0,"currency":"USD","framed":false,"w":47,"h":31,"label":"Paper / 31x47"},{"vendor":"juniper","url":"https://juniperprintshop.com/products/boulder-edge?variant=40633842040921","price":169.0,"currency":"USD","framed":false,"w":55,"h":40,"label":"Paper / 40x55"},{"vendor":"juniper","url":"https://juniperprintshop.com/products/boulder-edge?variant=40633842073689","price":229.0,"currency":"USD","framed":false,"w":79,"h":55,"label":"Paper / 55x79"}]
jp-journey-i	Anee Shah	https://juniperprintshop.com/products/journey-i	Journey I	print	landscape	https://cdn.shopify.com/s/files/1/1806/8745/files/Journey-I.jpg?v=1697567440&width=560	[{"vendor":"juniper","url":"https://juniperprintshop.com/products/journey-i?variant=40633578586201","price":29.0,"currency":"USD","framed":false,"w":10,"h":8,"label":"Paper / 8x10"},{"vendor":"juniper","url":"https://juniperprintshop.com/products/journey-i?variant=40633578618969","price":39.0,"currency":"USD","framed":false,"w":14,"h":11,"label":"Paper / 11x14"},{"vendor":"juniper","url":"https://juniperprintshop.com/products/journey-i?variant=40633578651737","price":49.0,"currency":"USD","framed":false,"w":18,"h":12,"label":"Paper / 12x18"},{"vendor":"juniper","url":"https://juniperprintshop.com/products/journey-i?variant=40633578684505","price":59.0,"currency":"USD","framed":false,"w":30,"h":12,"label":"Paper / 12x30"},{"vendor":"juniper","url":"https://juniperprintshop.com/products/journey-i?variant=40633578717273","price":49.0,"currency":"USD","framed":false,"w":20,"h":16,"label":"Paper / 16x20"},{"vendor":"juniper","url":"https://juniperprintshop.com/products/journey-i?variant=40633578750041","price":59.0,"currency":"USD","framed":false,"w":24,"h":18,"label":"Paper / 18x24"},{"vendor":"juniper","url":"https://juniperprintshop.com/products/journey-i?variant=40633578782809","price":69.0,"currency":"USD","framed":false,"w":30,"h":20,"label":"Paper / 20x30"},{"vendor":"juniper","url":"https://juniperprintshop.com/products/journey-i?variant=40633578815577","price":139.0,"currency":"USD","framed":false,"w":55,"h":22,"label":"Paper / 22x55"},{"vendor":"juniper","url":"https://juniperprintshop.com/products/journey-i?variant=40633578848345","price":99.0,"currency":"USD","framed":false,"w":36,"h":24,"label":"Paper / 24x36"},{"vendor":"juniper","url":"https://juniperprintshop.com/products/journey-i?variant=40633578881113","price":139.0,"currency":"USD","framed":false,"w":40,"h":30,"label":"Paper / 30x40"},{"vendor":"juniper","url":"https://juniperprintshop.com/products/journey-i?variant=40633578913881","price":149.0,"currency":"USD","framed":false,"w":47,"h":31,"label":"Paper / 31x47"},{"vendor":"juniper","url":"https://juniperprintshop.com/products/journey-i?variant=40633578946649","price":169.0,"currency":"USD","framed":false,"w":55,"h":40,"label":"Paper / 40x55"},{"vendor":"juniper","url":"https://juniperprintshop.com/products/journey-i?variant=40633578979417","price":229.0,"currency":"USD","framed":false,"w":79,"h":55,"label":"Paper / 55x79"}]
jp-blue-hour	Sarah Madeira Day	https://juniperprintshop.com/products/blue-hour	Blue Hour	print	water	https://cdn.shopify.com/s/files/1/1806/8745/files/Blue-Hour.jpg?v=1697564782&width=560	[{"vendor":"juniper","url":"https://juniperprintshop.com/products/blue-hour?variant=40633487655001","price":29.0,"currency":"USD","framed":false,"w":10,"h":8,"label":"Paper / 8x10"},{"vendor":"juniper","url":"https://juniperprintshop.com/products/blue-hour?variant=40633487687769","price":39.0,"currency":"USD","framed":false,"w":14,"h":11,"label":"Paper / 11x14"},{"vendor":"juniper","url":"https://juniperprintshop.com/products/blue-hour?variant=40633487720537","price":49.0,"currency":"USD","framed":false,"w":18,"h":12,"label":"Paper / 12x18"},{"vendor":"juniper","url":"https://juniperprintshop.com/products/blue-hour?variant=40633487753305","price":59.0,"currency":"USD","framed":false,"w":30,"h":12,"label":"Paper / 12x30"},{"vendor":"juniper","url":"https://juniperprintshop.com/products/blue-hour?variant=40633487786073","price":49.0,"currency":"USD","framed":false,"w":20,"h":16,"label":"Paper / 16x20"},{"vendor":"juniper","url":"https://juniperprintshop.com/products/blue-hour?variant=40633487818841","price":59.0,"currency":"USD","framed":false,"w":24,"h":18,"label":"Paper / 18x24"},{"vendor":"juniper","url":"https://juniperprintshop.com/products/blue-hour?variant=40633487851609","price":69.0,"currency":"USD","framed":false,"w":30,"h":20,"label":"Paper / 20x30"},{"vendor":"juniper","url":"https://juniperprintshop.com/products/blue-hour?variant=40633487884377","price":139.0,"currency":"USD","framed":false,"w":55,"h":22,"label":"Paper / 22x55"},{"vendor":"juniper","url":"https://juniperprintshop.com/products/blue-hour?variant=40633487917145","price":99.0,"currency":"USD","framed":false,"w":36,"h":24,"label":"Paper / 24x36"},{"vendor":"juniper","url":"https://juniperprintshop.com/products/blue-hour?variant=40633487949913","price":139.0,"currency":"USD","framed":false,"w":40,"h":30,"label":"Paper / 30x40"},{"vendor":"juniper","url":"https://juniperprintshop.com/products/blue-hour?variant=40633487982681","price":149.0,"currency":"USD","framed":false,"w":47,"h":31,"label":"Paper / 31x47"},{"vendor":"juniper","url":"https://juniperprintshop.com/products/blue-hour?variant=40633488015449","price":169.0,"currency":"USD","framed":false,"w":55,"h":40,"label":"Paper / 40x55"},{"vendor":"juniper","url":"https://juniperprintshop.com/products/blue-hour?variant=40633488048217","price":229.0,"currency":"USD","framed":false,"w":79,"h":55,"label":"Paper / 55x79"}]
jp-cerulean	Jennifer Daily	https://juniperprintshop.com/products/cerulean	Cerulean	print	abstract	https://cdn.shopify.com/s/files/1/1806/8745/files/Cerulean.jpg?v=1697560444&width=560	[{"vendor":"juniper","url":"https://juniperprintshop.com/products/cerulean?variant=40633300549721","price":29.0,"currency":"USD","framed":false,"w":8,"h":10,"label":"Paper / 8x10"},{"vendor":"juniper","url":"https://juniperprintshop.com/products/cerulean?variant=40633300582489","price":39.0,"currency":"USD","framed":false,"w":11,"h":14,"label":"Paper / 11x14"},{"vendor":"juniper","url":"https://juniperprintshop.com/products/cerulean?variant=40633300615257","price":49.0,"currency":"USD","framed":false,"w":12,"h":18,"label":"Paper / 12x18"},{"vendor":"juniper","url":"https://juniperprintshop.com/products/cerulean?variant=40633300680793","price":49.0,"currency":"USD","framed":false,"w":16,"h":20,"label":"Paper / 16x20"},{"vendor":"juniper","url":"https://juniperprintshop.com/products/cerulean?variant=40633300713561","price":59.0,"currency":"USD","framed":false,"w":18,"h":24,"label":"Paper / 18x24"},{"vendor":"juniper","url":"https://juniperprintshop.com/products/cerulean?variant=40633300746329","price":69.0,"currency":"USD","framed":false,"w":20,"h":30,"label":"Paper / 20x30"},{"vendor":"juniper","url":"https://juniperprintshop.com/products/cerulean?variant=40633300811865","price":99.0,"currency":"USD","framed":false,"w":24,"h":36,"label":"Paper / 24x36"},{"vendor":"juniper","url":"https://juniperprintshop.com/products/cerulean?variant=40633300877401","price":139.0,"currency":"USD","framed":false,"w":30,"h":40,"label":"Paper / 30x40"},{"vendor":"juniper","url":"https://juniperprintshop.com/products/cerulean?variant=40633300910169","price":149.0,"currency":"USD","framed":false,"w":31,"h":47,"label":"Paper / 31x47"},{"vendor":"juniper","url":"https://juniperprintshop.com/products/cerulean?variant=40633300942937","price":169.0,"currency":"USD","framed":false,"w":40,"h":55,"label":"Paper / 40x55"},{"vendor":"juniper","url":"https://juniperprintshop.com/products/cerulean?variant=40633300975705","price":229.0,"currency":"USD","framed":false,"w":55,"h":79,"label":"Paper / 55x79"}]
jp-amber-i	Jennifer Daily	https://juniperprintshop.com/products/amber-i	Amber I	print	abstract	https://cdn.shopify.com/s/files/1/1806/8745/files/Amber-I.jpg?v=1697494500&width=560	[{"vendor":"juniper","url":"https://juniperprintshop.com/products/amber-i?variant=40632495112281","price":29.0,"currency":"USD","framed":false,"w":8,"h":10,"label":"Paper / 8x10"},{"vendor":"juniper","url":"https://juniperprintshop.com/products/amber-i?variant=40632495145049","price":39.0,"currency":"USD","framed":false,"w":11,"h":14,"label":"Paper / 11x14"},{"vendor":"juniper","url":"https://juniperprintshop.com/products/amber-i?variant=40632495177817","price":49.0,"currency":"USD","framed":false,"w":12,"h":18,"label":"Paper / 12x18"},{"vendor":"juniper","url":"https://juniperprintshop.com/products/amber-i?variant=40632495210585","price":49.0,"currency":"USD","framed":false,"w":16,"h":20,"label":"Paper / 16x20"},{"vendor":"juniper","url":"https://juniperprintshop.com/products/amber-i?variant=40632495243353","price":59.0,"currency":"USD","framed":false,"w":18,"h":24,"label":"Paper / 18x24"},{"vendor":"juniper","url":"https://juniperprintshop.com/products/amber-i?variant=40632495276121","price":69.0,"currency":"USD","framed":false,"w":20,"h":30,"label":"Paper / 20x30"},{"vendor":"juniper","url":"https://juniperprintshop.com/products/amber-i?variant=40632495308889","price":99.0,"currency":"USD","framed":false,"w":24,"h":36,"label":"Paper / 24x36"},{"vendor":"juniper","url":"https://juniperprintshop.com/products/amber-i?variant=40632495341657","price":139.0,"currency":"USD","framed":false,"w":30,"h":40,"label":"Paper / 30x40"},{"vendor":"juniper","url":"https://juniperprintshop.com/products/amber-i?variant=40632495374425","price":149.0,"currency":"USD","framed":false,"w":31,"h":47,"label":"Paper / 31x47"},{"vendor":"juniper","url":"https://juniperprintshop.com/products/amber-i?variant=40632495407193","price":169.0,"currency":"USD","framed":false,"w":40,"h":55,"label":"Paper / 40x55"},{"vendor":"juniper","url":"https://juniperprintshop.com/products/amber-i?variant=40632495439961","price":229.0,"currency":"USD","framed":false,"w":55,"h":79,"label":"Paper / 55x79"}]
jp-cosmos-iii	Kelly Ventura	https://juniperprintshop.com/products/cosmos-iii	Cosmos III	print	flowers	https://cdn.shopify.com/s/files/1/1806/8745/files/Cosmos-III.jpg?v=1697494234&width=560	[{"vendor":"juniper","url":"https://juniperprintshop.com/products/cosmos-iii?variant=40622976237657","price":29.0,"currency":"USD","framed":false,"w":8,"h":10,"label":"Paper / 8x10"},{"vendor":"juniper","url":"https://juniperprintshop.com/products/cosmos-iii?variant=40622976270425","price":39.0,"currency":"USD","framed":false,"w":11,"h":14,"label":"Paper / 11x14"},{"vendor":"juniper","url":"https://juniperprintshop.com/products/cosmos-iii?variant=40622976303193","price":49.0,"currency":"USD","framed":false,"w":12,"h":18,"label":"Paper / 12x18"},{"vendor":"juniper","url":"https://juniperprintshop.com/products/cosmos-iii?variant=40622976335961","price":49.0,"currency":"USD","framed":false,"w":16,"h":20,"label":"Paper / 16x20"},{"vendor":"juniper","url":"https://juniperprintshop.com/products/cosmos-iii?variant=40622976368729","price":59.0,"currency":"USD","framed":false,"w":18,"h":24,"label":"Paper / 18x24"},{"vendor":"juniper","url":"https://juniperprintshop.com/products/cosmos-iii?variant=40622976401497","price":69.0,"currency":"USD","framed":false,"w":20,"h":30,"label":"Paper / 20x30"},{"vendor":"juniper","url":"https://juniperprintshop.com/products/cosmos-iii?variant=40622976434265","price":99.0,"currency":"USD","framed":false,"w":24,"h":36,"label":"Paper / 24x36"},{"vendor":"juniper","url":"https://juniperprintshop.com/products/cosmos-iii?variant=40622976467033","price":139.0,"currency":"USD","framed":false,"w":30,"h":40,"label":"Paper / 30x40"},{"vendor":"juniper","url":"https://juniperprintshop.com/products/cosmos-iii?variant=40622976499801","price":149.0,"currency":"USD","framed":false,"w":31,"h":47,"label":"Paper / 31x47"},{"vendor":"juniper","url":"https://juniperprintshop.com/products/cosmos-iii?variant=40622976532569","price":169.0,"currency":"USD","framed":false,"w":40,"h":55,"label":"Paper / 40x55"},{"vendor":"juniper","url":"https://juniperprintshop.com/products/cosmos-iii?variant=40622976565337","price":229.0,"currency":"USD","framed":false,"w":55,"h":79,"label":"Paper / 55x79"}]
jp-cosmos-ii	Kelly Ventura	https://juniperprintshop.com/products/cosmos-ii	Cosmos II	print	flowers	https://cdn.shopify.com/s/files/1/1806/8745/files/Cosmos-II.jpg?v=1697494148&width=560	[{"vendor":"juniper","url":"https://juniperprintshop.com/products/cosmos-ii?variant=40622960836697","price":29.0,"currency":"USD","framed":false,"w":8,"h":10,"label":"Paper / 8x10"},{"vendor":"juniper","url":"https://juniperprintshop.com/products/cosmos-ii?variant=40622960869465","price":39.0,"currency":"USD","framed":false,"w":11,"h":14,"label":"Paper / 11x14"},{"vendor":"juniper","url":"https://juniperprintshop.com/products/cosmos-ii?variant=40622960902233","price":49.0,"currency":"USD","framed":false,"w":12,"h":18,"label":"Paper / 12x18"},{"vendor":"juniper","url":"https://juniperprintshop.com/products/cosmos-ii?variant=40622960935001","price":49.0,"currency":"USD","framed":false,"w":16,"h":20,"label":"Paper / 16x20"},{"vendor":"juniper","url":"https://juniperprintshop.com/products/cosmos-ii?variant=40622960967769","price":59.0,"currency":"USD","framed":false,"w":18,"h":24,"label":"Paper / 18x24"},{"vendor":"juniper","url":"https://juniperprintshop.com/products/cosmos-ii?variant=40622961000537","price":69.0,"currency":"USD","framed":false,"w":20,"h":30,"label":"Paper / 20x30"},{"vendor":"juniper","url":"https://juniperprintshop.com/products/cosmos-ii?variant=40622961033305","price":99.0,"currency":"USD","framed":false,"w":24,"h":36,"label":"Paper / 24x36"},{"vendor":"juniper","url":"https://juniperprintshop.com/products/cosmos-ii?variant=40622961098841","price":139.0,"currency":"USD","framed":false,"w":30,"h":40,"label":"Paper / 30x40"},{"vendor":"juniper","url":"https://juniperprintshop.com/products/cosmos-ii?variant=40622961131609","price":149.0,"currency":"USD","framed":false,"w":31,"h":47,"label":"Paper / 31x47"},{"vendor":"juniper","url":"https://juniperprintshop.com/products/cosmos-ii?variant=40622961164377","price":169.0,"currency":"USD","framed":false,"w":40,"h":55,"label":"Paper / 40x55"},{"vendor":"juniper","url":"https://juniperprintshop.com/products/cosmos-ii?variant=40622961197145","price":229.0,"currency":"USD","framed":false,"w":55,"h":79,"label":"Paper / 55x79"}]
jp-sunday-flowers	Jenny Komenda	https://juniperprintshop.com/products/sunday-flowers	Sunday Flowers	print	flowers	https://cdn.shopify.com/s/files/1/1806/8745/products/Sunday-Flowers.jpg?v=1678909702&width=560	[{"vendor":"juniper","url":"https://juniperprintshop.com/products/sunday-flowers?variant=40438277996633","price":29.0,"currency":"USD","framed":false,"w":8,"h":10,"label":"Paper / 8x10"},{"vendor":"juniper","url":"https://juniperprintshop.com/products/sunday-flowers?variant=40438278029401","price":39.0,"currency":"USD","framed":false,"w":11,"h":14,"label":"Paper / 11x14"},{"vendor":"juniper","url":"https://juniperprintshop.com/products/sunday-flowers?variant=40438278062169","price":49.0,"currency":"USD","framed":false,"w":12,"h":18,"label":"Paper / 12x18"},{"vendor":"juniper","url":"https://juniperprintshop.com/products/sunday-flowers?variant=40438278127705","price":49.0,"currency":"USD","framed":false,"w":16,"h":20,"label":"Paper / 16x20"},{"vendor":"juniper","url":"https://juniperprintshop.com/products/sunday-flowers?variant=40438278160473","price":59.0,"currency":"USD","framed":false,"w":18,"h":24,"label":"Paper / 18x24"},{"vendor":"juniper","url":"https://juniperprintshop.com/products/sunday-flowers?variant=40438278193241","price":69.0,"currency":"USD","framed":false,"w":20,"h":30,"label":"Paper / 20x30"},{"vendor":"juniper","url":"https://juniperprintshop.com/products/sunday-flowers?variant=40438278258777","price":99.0,"currency":"USD","framed":false,"w":24,"h":36,"label":"Paper / 24x36"},{"vendor":"juniper","url":"https://juniperprintshop.com/products/sunday-flowers?variant=40438278291545","price":139.0,"currency":"USD","framed":false,"w":30,"h":40,"label":"Paper / 30x40"},{"vendor":"juniper","url":"https://juniperprintshop.com/products/sunday-flowers?variant=40438278324313","price":149.0,"currency":"USD","framed":false,"w":31,"h":47,"label":"Paper / 31x47"},{"vendor":"juniper","url":"https://juniperprintshop.com/products/sunday-flowers?variant=40438278357081","price":169.0,"currency":"USD","framed":false,"w":40,"h":55,"label":"Paper / 40x55"},{"vendor":"juniper","url":"https://juniperprintshop.com/products/sunday-flowers?variant=40438278389849","price":229.0,"currency":"USD","framed":false,"w":55,"h":79,"label":"Paper / 55x79"}]
jp-night-swim	Jenny Komenda	https://juniperprintshop.com/products/night-swim	Night Swim	print	lines	https://cdn.shopify.com/s/files/1/1806/8745/products/Night-Swimming.jpg?v=1678909720&width=560	[{"vendor":"juniper","url":"https://juniperprintshop.com/products/night-swim?variant=40437605400665","price":29.0,"currency":"USD","framed":false,"w":10,"h":8,"label":"Paper / 8x10"},{"vendor":"juniper","url":"https://juniperprintshop.com/products/night-swim?variant=40437605433433","price":39.0,"currency":"USD","framed":false,"w":14,"h":11,"label":"Paper / 11x14"},{"vendor":"juniper","url":"https://juniperprintshop.com/products/night-swim?variant=40437605466201","price":49.0,"currency":"USD","framed":false,"w":18,"h":12,"label":"Paper / 12x18"},{"vendor":"juniper","url":"https://juniperprintshop.com/products/night-swim?variant=40437605498969","price":59.0,"currency":"USD","framed":false,"w":30,"h":12,"label":"Paper / 12x30"},{"vendor":"juniper","url":"https://juniperprintshop.com/products/night-swim?variant=40437605531737","price":49.0,"currency":"USD","framed":false,"w":20,"h":16,"label":"Paper / 16x20"},{"vendor":"juniper","url":"https://juniperprintshop.com/products/night-swim?variant=40437605564505","price":59.0,"currency":"USD","framed":false,"w":24,"h":18,"label":"Paper / 18x24"},{"vendor":"juniper","url":"https://juniperprintshop.com/products/night-swim?variant=40437605597273","price":69.0,"currency":"USD","framed":false,"w":30,"h":20,"label":"Paper / 20x30"},{"vendor":"juniper","url":"https://juniperprintshop.com/products/night-swim?variant=40437605630041","price":139.0,"currency":"USD","framed":false,"w":55,"h":22,"label":"Paper / 22x55"},{"vendor":"juniper","url":"https://juniperprintshop.com/products/night-swim?variant=40437605662809","price":99.0,"currency":"USD","framed":false,"w":36,"h":24,"label":"Paper / 24x36"},{"vendor":"juniper","url":"https://juniperprintshop.com/products/night-swim?variant=40437605695577","price":139.0,"currency":"USD","framed":false,"w":40,"h":30,"label":"Paper / 30x40"},{"vendor":"juniper","url":"https://juniperprintshop.com/products/night-swim?variant=40437605728345","price":149.0,"currency":"USD","framed":false,"w":47,"h":31,"label":"Paper / 31x47"},{"vendor":"juniper","url":"https://juniperprintshop.com/products/night-swim?variant=40437605761113","price":169.0,"currency":"USD","framed":false,"w":55,"h":40,"label":"Paper / 40x55"},{"vendor":"juniper","url":"https://juniperprintshop.com/products/night-swim?variant=40437605793881","price":229.0,"currency":"USD","framed":false,"w":79,"h":55,"label":"Paper / 55x79"}]
jp-autumn-i	Jenny Komenda	https://juniperprintshop.com/products/autumn-i	Autumn I	print	abstract	https://cdn.shopify.com/s/files/1/1806/8745/products/Autumn-I.jpg?v=1678909774&width=560	[{"vendor":"juniper","url":"https://juniperprintshop.com/products/autumn-i?variant=40437594652761","price":29.0,"currency":"USD","framed":false,"w":8,"h":10,"label":"Paper / 8x10"},{"vendor":"juniper","url":"https://juniperprintshop.com/products/autumn-i?variant=40437594685529","price":39.0,"currency":"USD","framed":false,"w":11,"h":14,"label":"Paper / 11x14"},{"vendor":"juniper","url":"https://juniperprintshop.com/products/autumn-i?variant=40437594718297","price":49.0,"currency":"USD","framed":false,"w":12,"h":18,"label":"Paper / 12x18"},{"vendor":"juniper","url":"https://juniperprintshop.com/products/autumn-i?variant=40437594783833","price":49.0,"currency":"USD","framed":false,"w":16,"h":20,"label":"Paper / 16x20"},{"vendor":"juniper","url":"https://juniperprintshop.com/products/autumn-i?variant=40437594816601","price":59.0,"currency":"USD","framed":false,"w":18,"h":24,"label":"Paper / 18x24"},{"vendor":"juniper","url":"https://juniperprintshop.com/products/autumn-i?variant=40437594849369","price":69.0,"currency":"USD","framed":false,"w":20,"h":30,"label":"Paper / 20x30"},{"vendor":"juniper","url":"https://juniperprintshop.com/products/autumn-i?variant=40437594914905","price":99.0,"currency":"USD","framed":false,"w":24,"h":36,"label":"Paper / 24x36"},{"vendor":"juniper","url":"https://juniperprintshop.com/products/autumn-i?variant=40437594947673","price":139.0,"currency":"USD","framed":false,"w":30,"h":40,"label":"Paper / 30x40"},{"vendor":"juniper","url":"https://juniperprintshop.com/products/autumn-i?variant=40437594980441","price":149.0,"currency":"USD","framed":false,"w":31,"h":47,"label":"Paper / 31x47"},{"vendor":"juniper","url":"https://juniperprintshop.com/products/autumn-i?variant=40437595013209","price":169.0,"currency":"USD","framed":false,"w":40,"h":55,"label":"Paper / 40x55"},{"vendor":"juniper","url":"https://juniperprintshop.com/products/autumn-i?variant=40437595045977","price":229.0,"currency":"USD","framed":false,"w":55,"h":79,"label":"Paper / 55x79"}]
jp-after-the-rain	Jenny Komenda	https://juniperprintshop.com/products/after-the-rain	After the Rain	print	lines	https://cdn.shopify.com/s/files/1/1806/8745/products/After-The-Rain.jpg?v=1678909814&width=560	[{"vendor":"juniper","url":"https://juniperprintshop.com/products/after-the-rain?variant=40437589180505","price":29.0,"currency":"USD","framed":false,"w":10,"h":8,"label":"Paper / 8x10"},{"vendor":"juniper","url":"https://juniperprintshop.com/products/after-the-rain?variant=40437589213273","price":39.0,"currency":"USD","framed":false,"w":14,"h":11,"label":"Paper / 11x14"},{"vendor":"juniper","url":"https://juniperprintshop.com/products/after-the-rain?variant=40437589246041","price":49.0,"currency":"USD","framed":false,"w":18,"h":12,"label":"Paper / 12x18"},{"vendor":"juniper","url":"https://juniperprintshop.com/products/after-the-rain?variant=40437589278809","price":59.0,"currency":"USD","framed":false,"w":30,"h":12,"label":"Paper / 12x30"},{"vendor":"juniper","url":"https://juniperprintshop.com/products/after-the-rain?variant=40437589311577","price":49.0,"currency":"USD","framed":false,"w":20,"h":16,"label":"Paper / 16x20"},{"vendor":"juniper","url":"https://juniperprintshop.com/products/after-the-rain?variant=40437589344345","price":59.0,"currency":"USD","framed":false,"w":24,"h":18,"label":"Paper / 18x24"},{"vendor":"juniper","url":"https://juniperprintshop.com/products/after-the-rain?variant=40437589377113","price":69.0,"currency":"USD","framed":false,"w":30,"h":20,"label":"Paper / 20x30"},{"vendor":"juniper","url":"https://juniperprintshop.com/products/after-the-rain?variant=40437589409881","price":139.0,"currency":"USD","framed":false,"w":55,"h":22,"label":"Paper / 22x55"},{"vendor":"juniper","url":"https://juniperprintshop.com/products/after-the-rain?variant=40437589442649","price":99.0,"currency":"USD","framed":false,"w":36,"h":24,"label":"Paper / 24x36"},{"vendor":"juniper","url":"https://juniperprintshop.com/products/after-the-rain?variant=40437589475417","price":139.0,"currency":"USD","framed":false,"w":40,"h":30,"label":"Paper / 30x40"},{"vendor":"juniper","url":"https://juniperprintshop.com/products/after-the-rain?variant=40437589508185","price":149.0,"currency":"USD","framed":false,"w":47,"h":31,"label":"Paper / 31x47"},{"vendor":"juniper","url":"https://juniperprintshop.com/products/after-the-rain?variant=40437589540953","price":169.0,"currency":"USD","framed":false,"w":55,"h":40,"label":"Paper / 40x55"},{"vendor":"juniper","url":"https://juniperprintshop.com/products/after-the-rain?variant=40437589573721","price":229.0,"currency":"USD","framed":false,"w":79,"h":55,"label":"Paper / 55x79"}]
jp-tahoe	Jenny Komenda	https://juniperprintshop.com/products/tahoe	Tahoe	print	abstract	https://cdn.shopify.com/s/files/1/1806/8745/products/Tahoe.jpg?v=1687199961&width=560	[{"vendor":"juniper","url":"https://juniperprintshop.com/products/tahoe?variant=40437560606809","price":29.0,"currency":"USD","framed":false,"w":10,"h":8,"label":"Paper / 8x10"},{"vendor":"juniper","url":"https://juniperprintshop.com/products/tahoe?variant=40437560639577","price":39.0,"currency":"USD","framed":false,"w":14,"h":11,"label":"Paper / 11x14"},{"vendor":"juniper","url":"https://juniperprintshop.com/products/tahoe?variant=40437560672345","price":49.0,"currency":"USD","framed":false,"w":18,"h":12,"label":"Paper / 12x18"},{"vendor":"juniper","url":"https://juniperprintshop.com/products/tahoe?variant=40437560705113","price":59.0,"currency":"USD","framed":false,"w":30,"h":12,"label":"Paper / 12x30"},{"vendor":"juniper","url":"https://juniperprintshop.com/products/tahoe?variant=40437560737881","price":49.0,"currency":"USD","framed":false,"w":20,"h":16,"label":"Paper / 16x20"},{"vendor":"juniper","url":"https://juniperprintshop.com/products/tahoe?variant=40437560770649","price":59.0,"currency":"USD","framed":false,"w":24,"h":18,"label":"Paper / 18x24"},{"vendor":"juniper","url":"https://juniperprintshop.com/products/tahoe?variant=40437560803417","price":69.0,"currency":"USD","framed":false,"w":30,"h":20,"label":"Paper / 20x30"},{"vendor":"juniper","url":"https://juniperprintshop.com/products/tahoe?variant=40437560836185","price":139.0,"currency":"USD","framed":false,"w":55,"h":22,"label":"Paper / 22x55"},{"vendor":"juniper","url":"https://juniperprintshop.com/products/tahoe?variant=40437560868953","price":99.0,"currency":"USD","framed":false,"w":36,"h":24,"label":"Paper / 24x36"},{"vendor":"juniper","url":"https://juniperprintshop.com/products/tahoe?variant=40437560901721","price":139.0,"currency":"USD","framed":false,"w":40,"h":30,"label":"Paper / 30x40"},{"vendor":"juniper","url":"https://juniperprintshop.com/products/tahoe?variant=40437560934489","price":149.0,"currency":"USD","framed":false,"w":47,"h":31,"label":"Paper / 31x47"},{"vendor":"juniper","url":"https://juniperprintshop.com/products/tahoe?variant=40437560967257","price":169.0,"currency":"USD","framed":false,"w":55,"h":40,"label":"Paper / 40x55"},{"vendor":"juniper","url":"https://juniperprintshop.com/products/tahoe?variant=40437561000025","price":229.0,"currency":"USD","framed":false,"w":79,"h":55,"label":"Paper / 55x79"}]
jp-rust-notes	Jenny Komenda	https://juniperprintshop.com/products/rust-notes	Rust Notes	print	abstract	https://cdn.shopify.com/s/files/1/1806/8745/products/Rust-Notes.jpg?v=1678909916&width=560	[{"vendor":"juniper","url":"https://juniperprintshop.com/products/rust-notes?variant=40437549170777","price":29.0,"currency":"USD","framed":false,"w":10,"h":8,"label":"Paper / 8x10"},{"vendor":"juniper","url":"https://juniperprintshop.com/products/rust-notes?variant=40437549203545","price":39.0,"currency":"USD","framed":false,"w":14,"h":11,"label":"Paper / 11x14"},{"vendor":"juniper","url":"https://juniperprintshop.com/products/rust-notes?variant=40437549236313","price":49.0,"currency":"USD","framed":false,"w":18,"h":12,"label":"Paper / 12x18"},{"vendor":"juniper","url":"https://juniperprintshop.com/products/rust-notes?variant=40437549301849","price":49.0,"currency":"USD","framed":false,"w":20,"h":16,"label":"Paper / 16x20"},{"vendor":"juniper","url":"https://juniperprintshop.com/products/rust-notes?variant=40437549334617","price":59.0,"currency":"USD","framed":false,"w":24,"h":18,"label":"Paper / 18x24"},{"vendor":"juniper","url":"https://juniperprintshop.com/products/rust-notes?variant=40437549367385","price":69.0,"currency":"USD","framed":false,"w":30,"h":20,"label":"Paper / 20x30"},{"vendor":"juniper","url":"https://juniperprintshop.com/products/rust-notes?variant=40437549432921","price":99.0,"currency":"USD","framed":false,"w":36,"h":24,"label":"Paper / 24x36"},{"vendor":"juniper","url":"https://juniperprintshop.com/products/rust-notes?variant=40437549465689","price":139.0,"currency":"USD","framed":false,"w":40,"h":30,"label":"Paper / 30x40"},{"vendor":"juniper","url":"https://juniperprintshop.com/products/rust-notes?variant=40437549498457","price":149.0,"currency":"USD","framed":false,"w":47,"h":31,"label":"Paper / 31x47"},{"vendor":"juniper","url":"https://juniperprintshop.com/products/rust-notes?variant=40437549531225","price":169.0,"currency":"USD","framed":false,"w":55,"h":40,"label":"Paper / 40x55"},{"vendor":"juniper","url":"https://juniperprintshop.com/products/rust-notes?variant=40437549563993","price":229.0,"currency":"USD","framed":false,"w":79,"h":55,"label":"Paper / 55x79"}]
jp-mountain-bend	Jenny Komenda	https://juniperprintshop.com/products/mountain-bend	Mountain Bend	print	abstract	https://cdn.shopify.com/s/files/1/1806/8745/products/Mountain-Bend.jpg?v=1678909932&width=560	[{"vendor":"juniper","url":"https://juniperprintshop.com/products/mountain-bend?variant=40433017880665","price":29.0,"currency":"USD","framed":false,"w":10,"h":8,"label":"Paper / 8x10"},{"vendor":"juniper","url":"https://juniperprintshop.com/products/mountain-bend?variant=40433017913433","price":39.0,"currency":"USD","framed":false,"w":14,"h":11,"label":"Paper / 11x14"},{"vendor":"juniper","url":"https://juniperprintshop.com/products/mountain-bend?variant=40433017946201","price":49.0,"currency":"USD","framed":false,"w":18,"h":12,"label":"Paper / 12x18"},{"vendor":"juniper","url":"https://juniperprintshop.com/products/mountain-bend?variant=40433018011737","price":49.0,"currency":"USD","framed":false,"w":20,"h":16,"label":"Paper / 16x20"},{"vendor":"juniper","url":"https://juniperprintshop.com/products/mountain-bend?variant=40433018044505","price":59.0,"currency":"USD","framed":false,"w":24,"h":18,"label":"Paper / 18x24"},{"vendor":"juniper","url":"https://juniperprintshop.com/products/mountain-bend?variant=40433018077273","price":69.0,"currency":"USD","framed":false,"w":30,"h":20,"label":"Paper / 20x30"},{"vendor":"juniper","url":"https://juniperprintshop.com/products/mountain-bend?variant=40433018142809","price":99.0,"currency":"USD","framed":false,"w":36,"h":24,"label":"Paper / 24x36"},{"vendor":"juniper","url":"https://juniperprintshop.com/products/mountain-bend?variant=40433018175577","price":139.0,"currency":"USD","framed":false,"w":40,"h":30,"label":"Paper / 30x40"},{"vendor":"juniper","url":"https://juniperprintshop.com/products/mountain-bend?variant=40433018208345","price":149.0,"currency":"USD","framed":false,"w":47,"h":31,"label":"Paper / 31x47"},{"vendor":"juniper","url":"https://juniperprintshop.com/products/mountain-bend?variant=40433018241113","price":169.0,"currency":"USD","framed":false,"w":55,"h":40,"label":"Paper / 40x55"},{"vendor":"juniper","url":"https://juniperprintshop.com/products/mountain-bend?variant=40433018273881","price":229.0,"currency":"USD","framed":false,"w":79,"h":55,"label":"Paper / 55x79"}]
jp-yellowstone	Laci Fowler	https://juniperprintshop.com/products/yellowstone	Yellowstone	print	abstract	https://cdn.shopify.com/s/files/1/1806/8745/products/Yellowstone.jpg?v=1664237488&width=560	[{"vendor":"juniper","url":"https://juniperprintshop.com/products/yellowstone?variant=40005301862489","price":29.0,"currency":"USD","framed":false,"w":10,"h":8,"label":"Paper / 8x10"},{"vendor":"juniper","url":"https://juniperprintshop.com/products/yellowstone?variant=40005301895257","price":39.0,"currency":"USD","framed":false,"w":14,"h":11,"label":"Paper / 11x14"},{"vendor":"juniper","url":"https://juniperprintshop.com/products/yellowstone?variant=40005301928025","price":49.0,"currency":"USD","framed":false,"w":18,"h":12,"label":"Paper / 12x18"},{"vendor":"juniper","url":"https://juniperprintshop.com/products/yellowstone?variant=40005301993561","price":49.0,"currency":"USD","framed":false,"w":20,"h":16,"label":"Paper / 16x20"},{"vendor":"juniper","url":"https://juniperprintshop.com/products/yellowstone?variant=40005302026329","price":59.0,"currency":"USD","framed":false,"w":24,"h":18,"label":"Paper / 18x24"},{"vendor":"juniper","url":"https://juniperprintshop.com/products/yellowstone?variant=40005302059097","price":69.0,"currency":"USD","framed":false,"w":30,"h":20,"label":"Paper / 20x30"},{"vendor":"juniper","url":"https://juniperprintshop.com/products/yellowstone?variant=40005302124633","price":99.0,"currency":"USD","framed":false,"w":36,"h":24,"label":"Paper / 24x36"},{"vendor":"juniper","url":"https://juniperprintshop.com/products/yellowstone?variant=40005302157401","price":139.0,"currency":"USD","framed":false,"w":40,"h":30,"label":"Paper / 30x40"},{"vendor":"juniper","url":"https://juniperprintshop.com/products/yellowstone?variant=40005302190169","price":149.0,"currency":"USD","framed":false,"w":47,"h":31,"label":"Paper / 31x47"},{"vendor":"juniper","url":"https://juniperprintshop.com/products/yellowstone?variant=40005302222937","price":169.0,"currency":"USD","framed":false,"w":55,"h":40,"label":"Paper / 40x55"}]
jp-tennessee-hills	Laci Fowler	https://juniperprintshop.com/products/tennessee-hills	Tennessee Hills	print	abstract	https://cdn.shopify.com/s/files/1/1806/8745/products/Tennessee-Hills.jpg?v=1664236439&width=560	[{"vendor":"juniper","url":"https://juniperprintshop.com/products/tennessee-hills?variant=40005251006553","price":29.0,"currency":"USD","framed":false,"w":10,"h":8,"label":"Paper / 8x10"},{"vendor":"juniper","url":"https://juniperprintshop.com/products/tennessee-hills?variant=40005251039321","price":39.0,"currency":"USD","framed":false,"w":14,"h":11,"label":"Paper / 11x14"},{"vendor":"juniper","url":"https://juniperprintshop.com/products/tennessee-hills?variant=40005251072089","price":49.0,"currency":"USD","framed":false,"w":18,"h":12,"label":"Paper / 12x18"},{"vendor":"juniper","url":"https://juniperprintshop.com/products/tennessee-hills?variant=40005251104857","price":59.0,"currency":"USD","framed":false,"w":30,"h":12,"label":"Paper / 12x30"},{"vendor":"juniper","url":"https://juniperprintshop.com/products/tennessee-hills?variant=40005251137625","price":49.0,"currency":"USD","framed":false,"w":20,"h":16,"label":"Paper / 16x20"},{"vendor":"juniper","url":"https://juniperprintshop.com/products/tennessee-hills?variant=40005251170393","price":59.0,"currency":"USD","framed":false,"w":24,"h":18,"label":"Paper / 18x24"},{"vendor":"juniper","url":"https://juniperprintshop.com/products/tennessee-hills?variant=40005251203161","price":69.0,"currency":"USD","framed":false,"w":30,"h":20,"label":"Paper / 20x30"},{"vendor":"juniper","url":"https://juniperprintshop.com/products/tennessee-hills?variant=40005251235929","price":139.0,"currency":"USD","framed":false,"w":55,"h":22,"label":"Paper / 22x55"},{"vendor":"juniper","url":"https://juniperprintshop.com/products/tennessee-hills?variant=40005251268697","price":99.0,"currency":"USD","framed":false,"w":36,"h":24,"label":"Paper / 24x36"},{"vendor":"juniper","url":"https://juniperprintshop.com/products/tennessee-hills?variant=40005251301465","price":139.0,"currency":"USD","framed":false,"w":40,"h":30,"label":"Paper / 30x40"},{"vendor":"juniper","url":"https://juniperprintshop.com/products/tennessee-hills?variant=40005251334233","price":149.0,"currency":"USD","framed":false,"w":47,"h":31,"label":"Paper / 31x47"},{"vendor":"juniper","url":"https://juniperprintshop.com/products/tennessee-hills?variant=40005251367001","price":169.0,"currency":"USD","framed":false,"w":55,"h":40,"label":"Paper / 40x55"}]
jp-basin	Mande Calhoun-Gaffney	https://juniperprintshop.com/products/basin	Basin	print	water	https://cdn.shopify.com/s/files/1/1806/8745/products/Basin.jpg?v=1664082285&width=560	[{"vendor":"juniper","url":"https://juniperprintshop.com/products/basin?variant=40011892097113","price":29.0,"currency":"USD","framed":false,"w":10,"h":8,"label":"Paper / 8x10"},{"vendor":"juniper","url":"https://juniperprintshop.com/products/basin?variant=40011892129881","price":39.0,"currency":"USD","framed":false,"w":14,"h":11,"label":"Paper / 11x14"},{"vendor":"juniper","url":"https://juniperprintshop.com/products/basin?variant=40011892162649","price":49.0,"currency":"USD","framed":false,"w":18,"h":12,"label":"Paper / 12x18"},{"vendor":"juniper","url":"https://juniperprintshop.com/products/basin?variant=40011892195417","price":59.0,"currency":"USD","framed":false,"w":30,"h":12,"label":"Paper / 12x30"},{"vendor":"juniper","url":"https://juniperprintshop.com/products/basin?variant=40011892228185","price":49.0,"currency":"USD","framed":false,"w":20,"h":16,"label":"Paper / 16x20"},{"vendor":"juniper","url":"https://juniperprintshop.com/products/basin?variant=40011892260953","price":59.0,"currency":"USD","framed":false,"w":24,"h":18,"label":"Paper / 18x24"},{"vendor":"juniper","url":"https://juniperprintshop.com/products/basin?variant=40011892293721","price":69.0,"currency":"USD","framed":false,"w":30,"h":20,"label":"Paper / 20x30"},{"vendor":"juniper","url":"https://juniperprintshop.com/products/basin?variant=40011892326489","price":139.0,"currency":"USD","framed":false,"w":55,"h":22,"label":"Paper / 22x55"},{"vendor":"juniper","url":"https://juniperprintshop.com/products/basin?variant=40011892359257","price":99.0,"currency":"USD","framed":false,"w":36,"h":24,"label":"Paper / 24x36"},{"vendor":"juniper","url":"https://juniperprintshop.com/products/basin?variant=40011892392025","price":139.0,"currency":"USD","framed":false,"w":40,"h":30,"label":"Paper / 30x40"},{"vendor":"juniper","url":"https://juniperprintshop.com/products/basin?variant=40011892424793","price":149.0,"currency":"USD","framed":false,"w":47,"h":31,"label":"Paper / 31x47"},{"vendor":"juniper","url":"https://juniperprintshop.com/products/basin?variant=40011892457561","price":169.0,"currency":"USD","framed":false,"w":55,"h":40,"label":"Paper / 40x55"},{"vendor":"juniper","url":"https://juniperprintshop.com/products/basin?variant=40011892490329","price":229.0,"currency":"USD","framed":false,"w":79,"h":55,"label":"Paper / 55x79"}]
jp-azure	Mande Calhoun-Gaffney	https://juniperprintshop.com/products/azure	Azure	print	water	https://cdn.shopify.com/s/files/1/1806/8745/products/Azure.jpg?v=1663902721&width=560	[{"vendor":"juniper","url":"https://juniperprintshop.com/products/azure?variant=40011842355289","price":29.0,"currency":"USD","framed":false,"w":10,"h":8,"label":"Paper / 8x10"},{"vendor":"juniper","url":"https://juniperprintshop.com/products/azure?variant=40011842388057","price":39.0,"currency":"USD","framed":false,"w":14,"h":11,"label":"Paper / 11x14"},{"vendor":"juniper","url":"https://juniperprintshop.com/products/azure?variant=40011842420825","price":49.0,"currency":"USD","framed":false,"w":18,"h":12,"label":"Paper / 12x18"},{"vendor":"juniper","url":"https://juniperprintshop.com/products/azure?variant=40011842453593","price":59.0,"currency":"USD","framed":false,"w":30,"h":12,"label":"Paper / 12x30"},{"vendor":"juniper","url":"https://juniperprintshop.com/products/azure?variant=40011842486361","price":49.0,"currency":"USD","framed":false,"w":20,"h":16,"label":"Paper / 16x20"},{"vendor":"juniper","url":"https://juniperprintshop.com/products/azure?variant=40011842519129","price":59.0,"currency":"USD","framed":false,"w":24,"h":18,"label":"Paper / 18x24"},{"vendor":"juniper","url":"https://juniperprintshop.com/products/azure?variant=40011842551897","price":69.0,"currency":"USD","framed":false,"w":30,"h":20,"label":"Paper / 20x30"},{"vendor":"juniper","url":"https://juniperprintshop.com/products/azure?variant=40011842584665","price":139.0,"currency":"USD","framed":false,"w":55,"h":22,"label":"Paper / 22x55"},{"vendor":"juniper","url":"https://juniperprintshop.com/products/azure?variant=40011842617433","price":99.0,"currency":"USD","framed":false,"w":36,"h":24,"label":"Paper / 24x36"},{"vendor":"juniper","url":"https://juniperprintshop.com/products/azure?variant=40011842682969","price":139.0,"currency":"USD","framed":false,"w":40,"h":30,"label":"Paper / 30x40"},{"vendor":"juniper","url":"https://juniperprintshop.com/products/azure?variant=40011842715737","price":149.0,"currency":"USD","framed":false,"w":47,"h":31,"label":"Paper / 31x47"},{"vendor":"juniper","url":"https://juniperprintshop.com/products/azure?variant=40011842781273","price":169.0,"currency":"USD","framed":false,"w":55,"h":40,"label":"Paper / 40x55"},{"vendor":"juniper","url":"https://juniperprintshop.com/products/azure?variant=40011842814041","price":229.0,"currency":"USD","framed":false,"w":79,"h":55,"label":"Paper / 55x79"}]
jp-thicket	Laurel-Dawn Latshaw	https://juniperprintshop.com/products/thicket	Thicket	print	landscape	https://cdn.shopify.com/s/files/1/1806/8745/products/Thicket.jpg?v=1664236599&width=560	[{"vendor":"juniper","url":"https://juniperprintshop.com/products/thicket?variant=40012095258713","price":29.0,"currency":"USD","framed":false,"w":8,"h":10,"label":"Paper / 8x10"},{"vendor":"juniper","url":"https://juniperprintshop.com/products/thicket?variant=40012095291481","price":39.0,"currency":"USD","framed":false,"w":11,"h":14,"label":"Paper / 11x14"},{"vendor":"juniper","url":"https://juniperprintshop.com/products/thicket?variant=40012095324249","price":49.0,"currency":"USD","framed":false,"w":12,"h":18,"label":"Paper / 12x18"},{"vendor":"juniper","url":"https://juniperprintshop.com/products/thicket?variant=40012095357017","price":49.0,"currency":"USD","framed":false,"w":16,"h":20,"label":"Paper / 16x20"},{"vendor":"juniper","url":"https://juniperprintshop.com/products/thicket?variant=40012095389785","price":59.0,"currency":"USD","framed":false,"w":18,"h":24,"label":"Paper / 18x24"},{"vendor":"juniper","url":"https://juniperprintshop.com/products/thicket?variant=40012095422553","price":69.0,"currency":"USD","framed":false,"w":20,"h":30,"label":"Paper / 20x30"},{"vendor":"juniper","url":"https://juniperprintshop.com/products/thicket?variant=40012095455321","price":99.0,"currency":"USD","framed":false,"w":24,"h":36,"label":"Paper / 24x36"},{"vendor":"juniper","url":"https://juniperprintshop.com/products/thicket?variant=40012095488089","price":139.0,"currency":"USD","framed":false,"w":30,"h":40,"label":"Paper / 30x40"},{"vendor":"juniper","url":"https://juniperprintshop.com/products/thicket?variant=40012095520857","price":149.0,"currency":"USD","framed":false,"w":31,"h":47,"label":"Paper / 31x47"},{"vendor":"juniper","url":"https://juniperprintshop.com/products/thicket?variant=40012095553625","price":169.0,"currency":"USD","framed":false,"w":40,"h":55,"label":"Paper / 40x55"},{"vendor":"juniper","url":"https://juniperprintshop.com/products/thicket?variant=40012095586393","price":229.0,"currency":"USD","framed":false,"w":55,"h":79,"label":"Paper / 55x79"}]
jp-hollow-ii	Laurel-Dawn Latshaw	https://juniperprintshop.com/products/hollow-ii	Hollow II	print	landscape	https://cdn.shopify.com/s/files/1/1806/8745/products/HollowII.jpg?v=1664166780&width=560	[{"vendor":"juniper","url":"https://juniperprintshop.com/products/hollow-ii?variant=40012087099481","price":29.0,"currency":"USD","framed":false,"w":10,"h":8,"label":"Paper / 8x10"},{"vendor":"juniper","url":"https://juniperprintshop.com/products/hollow-ii?variant=40012087132249","price":39.0,"currency":"USD","framed":false,"w":14,"h":11,"label":"Paper / 11x14"},{"vendor":"juniper","url":"https://juniperprintshop.com/products/hollow-ii?variant=40012087165017","price":49.0,"currency":"USD","framed":false,"w":18,"h":12,"label":"Paper / 12x18"},{"vendor":"juniper","url":"https://juniperprintshop.com/products/hollow-ii?variant=40012087197785","price":49.0,"currency":"USD","framed":false,"w":20,"h":16,"label":"Paper / 16x20"},{"vendor":"juniper","url":"https://juniperprintshop.com/products/hollow-ii?variant=40012087230553","price":59.0,"currency":"USD","framed":false,"w":24,"h":18,"label":"Paper / 18x24"},{"vendor":"juniper","url":"https://juniperprintshop.com/products/hollow-ii?variant=40012087263321","price":69.0,"currency":"USD","framed":false,"w":30,"h":20,"label":"Paper / 20x30"},{"vendor":"juniper","url":"https://juniperprintshop.com/products/hollow-ii?variant=40012087296089","price":99.0,"currency":"USD","framed":false,"w":36,"h":24,"label":"Paper / 24x36"},{"vendor":"juniper","url":"https://juniperprintshop.com/products/hollow-ii?variant=40012087328857","price":139.0,"currency":"USD","framed":false,"w":40,"h":30,"label":"Paper / 30x40"},{"vendor":"juniper","url":"https://juniperprintshop.com/products/hollow-ii?variant=40012087361625","price":149.0,"currency":"USD","framed":false,"w":47,"h":31,"label":"Paper / 31x47"},{"vendor":"juniper","url":"https://juniperprintshop.com/products/hollow-ii?variant=40012087394393","price":169.0,"currency":"USD","framed":false,"w":55,"h":40,"label":"Paper / 40x55"},{"vendor":"juniper","url":"https://juniperprintshop.com/products/hollow-ii?variant=40012087427161","price":229.0,"currency":"USD","framed":false,"w":79,"h":55,"label":"Paper / 55x79"}]
jp-vale	Laurel-Dawn Latshaw	https://juniperprintshop.com/products/vale	Vale	print	landscape	https://cdn.shopify.com/s/files/1/1806/8745/products/VALE.jpg?v=1677003599&width=560	[{"vendor":"juniper","url":"https://juniperprintshop.com/products/vale?variant=40012011733081","price":29.0,"currency":"USD","framed":false,"w":10,"h":8,"label":"Paper / 8x10"},{"vendor":"juniper","url":"https://juniperprintshop.com/products/vale?variant=40012011765849","price":39.0,"currency":"USD","framed":false,"w":14,"h":11,"label":"Paper / 11x14"},{"vendor":"juniper","url":"https://juniperprintshop.com/products/vale?variant=40012011798617","price":49.0,"currency":"USD","framed":false,"w":18,"h":12,"label":"Paper / 12x18"},{"vendor":"juniper","url":"https://juniperprintshop.com/products/vale?variant=40012011831385","price":59.0,"currency":"USD","framed":false,"w":30,"h":12,"label":"Paper / 12x30"},{"vendor":"juniper","url":"https://juniperprintshop.com/products/vale?variant=40012011864153","price":49.0,"currency":"USD","framed":false,"w":20,"h":16,"label":"Paper / 16x20"},{"vendor":"juniper","url":"https://juniperprintshop.com/products/vale?variant=40012011896921","price":59.0,"currency":"USD","framed":false,"w":24,"h":18,"label":"Paper / 18x24"},{"vendor":"juniper","url":"https://juniperprintshop.com/products/vale?variant=40012011929689","price":69.0,"currency":"USD","framed":false,"w":30,"h":20,"label":"Paper / 20x30"},{"vendor":"juniper","url":"https://juniperprintshop.com/products/vale?variant=40012011962457","price":139.0,"currency":"USD","framed":false,"w":55,"h":22,"label":"Paper / 22x55"},{"vendor":"juniper","url":"https://juniperprintshop.com/products/vale?variant=40012011995225","price":99.0,"currency":"USD","framed":false,"w":36,"h":24,"label":"Paper / 24x36"},{"vendor":"juniper","url":"https://juniperprintshop.com/products/vale?variant=40012012027993","price":139.0,"currency":"USD","framed":false,"w":40,"h":30,"label":"Paper / 30x40"},{"vendor":"juniper","url":"https://juniperprintshop.com/products/vale?variant=40012012060761","price":149.0,"currency":"USD","framed":false,"w":47,"h":31,"label":"Paper / 31x47"},{"vendor":"juniper","url":"https://juniperprintshop.com/products/vale?variant=40012012093529","price":169.0,"currency":"USD","framed":false,"w":55,"h":40,"label":"Paper / 40x55"},{"vendor":"juniper","url":"https://juniperprintshop.com/products/vale?variant=40012012126297","price":229.0,"currency":"USD","framed":false,"w":79,"h":55,"label":"Paper / 55x79"}]
jp-calico-ii	Jenny Komenda	https://juniperprintshop.com/products/calico-ii	Calico II	print	abstract	https://cdn.shopify.com/s/files/1/1806/8745/products/CalicoII.jpg?v=1664083291&width=560	[{"vendor":"juniper","url":"https://juniperprintshop.com/products/calico-ii?variant=40002888532057","price":29.0,"currency":"USD","framed":false,"w":8,"h":10,"label":"Paper / 8x10"},{"vendor":"juniper","url":"https://juniperprintshop.com/products/calico-ii?variant=40002888564825","price":39.0,"currency":"USD","framed":false,"w":11,"h":14,"label":"Paper / 11x14"},{"vendor":"juniper","url":"https://juniperprintshop.com/products/calico-ii?variant=40002888597593","price":49.0,"currency":"USD","framed":false,"w":12,"h":18,"label":"Paper / 12x18"},{"vendor":"juniper","url":"https://juniperprintshop.com/products/calico-ii?variant=40002888630361","price":49.0,"currency":"USD","framed":false,"w":16,"h":20,"label":"Paper / 16x20"},{"vendor":"juniper","url":"https://juniperprintshop.com/products/calico-ii?variant=40002888663129","price":59.0,"currency":"USD","framed":false,"w":18,"h":24,"label":"Paper / 18x24"},{"vendor":"juniper","url":"https://juniperprintshop.com/products/calico-ii?variant=40002888695897","price":69.0,"currency":"USD","framed":false,"w":20,"h":30,"label":"Paper / 20x30"},{"vendor":"juniper","url":"https://juniperprintshop.com/products/calico-ii?variant=40002888728665","price":99.0,"currency":"USD","framed":false,"w":24,"h":36,"label":"Paper / 24x36"},{"vendor":"juniper","url":"https://juniperprintshop.com/products/calico-ii?variant=40002888761433","price":139.0,"currency":"USD","framed":false,"w":30,"h":40,"label":"Paper / 30x40"},{"vendor":"juniper","url":"https://juniperprintshop.com/products/calico-ii?variant=40002888794201","price":149.0,"currency":"USD","framed":false,"w":31,"h":47,"label":"Paper / 31x47"},{"vendor":"juniper","url":"https://juniperprintshop.com/products/calico-ii?variant=40002888826969","price":169.0,"currency":"USD","framed":false,"w":40,"h":55,"label":"Paper / 40x55"},{"vendor":"juniper","url":"https://juniperprintshop.com/products/calico-ii?variant=40002888859737","price":229.0,"currency":"USD","framed":false,"w":55,"h":79,"label":"Paper / 55x79"}]
jp-treetops-i	Brittney Schulz	https://juniperprintshop.com/products/treetops-i	Treetops I	print	abstract	https://cdn.shopify.com/s/files/1/1806/8745/products/TREETOPSI.jpg?v=1664236834&width=560	[{"vendor":"juniper","url":"https://juniperprintshop.com/products/treetops-i?variant=40011732287577","price":29.0,"currency":"USD","framed":false,"w":10,"h":8,"label":"Paper / 8x10"},{"vendor":"juniper","url":"https://juniperprintshop.com/products/treetops-i?variant=40011732320345","price":39.0,"currency":"USD","framed":false,"w":14,"h":11,"label":"Paper / 11x14"},{"vendor":"juniper","url":"https://juniperprintshop.com/products/treetops-i?variant=40011732353113","price":49.0,"currency":"USD","framed":false,"w":18,"h":12,"label":"Paper / 12x18"},{"vendor":"juniper","url":"https://juniperprintshop.com/products/treetops-i?variant=40011732418649","price":49.0,"currency":"USD","framed":false,"w":20,"h":16,"label":"Paper / 16x20"},{"vendor":"juniper","url":"https://juniperprintshop.com/products/treetops-i?variant=40011732451417","price":59.0,"currency":"USD","framed":false,"w":24,"h":18,"label":"Paper / 18x24"},{"vendor":"juniper","url":"https://juniperprintshop.com/products/treetops-i?variant=40011732484185","price":69.0,"currency":"USD","framed":false,"w":30,"h":20,"label":"Paper / 20x30"},{"vendor":"juniper","url":"https://juniperprintshop.com/products/treetops-i?variant=40011732549721","price":99.0,"currency":"USD","framed":false,"w":36,"h":24,"label":"Paper / 24x36"},{"vendor":"juniper","url":"https://juniperprintshop.com/products/treetops-i?variant=40011732582489","price":139.0,"currency":"USD","framed":false,"w":40,"h":30,"label":"Paper / 30x40"},{"vendor":"juniper","url":"https://juniperprintshop.com/products/treetops-i?variant=40011732615257","price":149.0,"currency":"USD","framed":false,"w":47,"h":31,"label":"Paper / 31x47"},{"vendor":"juniper","url":"https://juniperprintshop.com/products/treetops-i?variant=40011732648025","price":169.0,"currency":"USD","framed":false,"w":55,"h":40,"label":"Paper / 40x55"},{"vendor":"juniper","url":"https://juniperprintshop.com/products/treetops-i?variant=40011732680793","price":229.0,"currency":"USD","framed":false,"w":79,"h":55,"label":"Paper / 55x79"}]
jp-dawn	Brittney Schulz	https://juniperprintshop.com/products/dawn	Dawn	print	abstract	https://cdn.shopify.com/s/files/1/1806/8745/products/Dawn.jpg?v=1664085309&width=560	[{"vendor":"juniper","url":"https://juniperprintshop.com/products/dawn?variant=40011710201945","price":29.0,"currency":"USD","framed":false,"w":10,"h":8,"label":"Paper / 8x10"},{"vendor":"juniper","url":"https://juniperprintshop.com/products/dawn?variant=40011710234713","price":39.0,"currency":"USD","framed":false,"w":14,"h":11,"label":"Paper / 11x14"},{"vendor":"juniper","url":"https://juniperprintshop.com/products/dawn?variant=40011710267481","price":49.0,"currency":"USD","framed":false,"w":18,"h":12,"label":"Paper / 12x18"},{"vendor":"juniper","url":"https://juniperprintshop.com/products/dawn?variant=40011710300249","price":59.0,"currency":"USD","framed":false,"w":30,"h":12,"label":"Paper / 12x30"},{"vendor":"juniper","url":"https://juniperprintshop.com/products/dawn?variant=40011710333017","price":49.0,"currency":"USD","framed":false,"w":20,"h":16,"label":"Paper / 16x20"},{"vendor":"juniper","url":"https://juniperprintshop.com/products/dawn?variant=40011710365785","price":59.0,"currency":"USD","framed":false,"w":24,"h":18,"label":"Paper / 18x24"},{"vendor":"juniper","url":"https://juniperprintshop.com/products/dawn?variant=40011710398553","price":69.0,"currency":"USD","framed":false,"w":30,"h":20,"label":"Paper / 20x30"},{"vendor":"juniper","url":"https://juniperprintshop.com/products/dawn?variant=40011710431321","price":139.0,"currency":"USD","framed":false,"w":55,"h":22,"label":"Paper / 22x55"},{"vendor":"juniper","url":"https://juniperprintshop.com/products/dawn?variant=40011710464089","price":99.0,"currency":"USD","framed":false,"w":36,"h":24,"label":"Paper / 24x36"},{"vendor":"juniper","url":"https://juniperprintshop.com/products/dawn?variant=40011710496857","price":139.0,"currency":"USD","framed":false,"w":40,"h":30,"label":"Paper / 30x40"},{"vendor":"juniper","url":"https://juniperprintshop.com/products/dawn?variant=40011710529625","price":149.0,"currency":"USD","framed":false,"w":47,"h":31,"label":"Paper / 31x47"},{"vendor":"juniper","url":"https://juniperprintshop.com/products/dawn?variant=40011710562393","price":169.0,"currency":"USD","framed":false,"w":55,"h":40,"label":"Paper / 40x55"},{"vendor":"juniper","url":"https://juniperprintshop.com/products/dawn?variant=40011710595161","price":229.0,"currency":"USD","framed":false,"w":79,"h":55,"label":"Paper / 55x79"}]
jp-sunrise	Mikayla Robertson	https://juniperprintshop.com/products/sunrise	Sunrise	photo	landscape	https://cdn.shopify.com/s/files/1/1806/8745/products/SUNRISE.jpg?v=1664236107&width=560	[{"vendor":"juniper","url":"https://juniperprintshop.com/products/sunrise?variant=39785505751129","price":29.0,"currency":"USD","framed":false,"w":10,"h":8,"label":"Paper / 8x10"},{"vendor":"juniper","url":"https://juniperprintshop.com/products/sunrise?variant=39785505783897","price":39.0,"currency":"USD","framed":false,"w":14,"h":11,"label":"Paper / 11x14"},{"vendor":"juniper","url":"https://juniperprintshop.com/products/sunrise?variant=39785505816665","price":49.0,"currency":"USD","framed":false,"w":18,"h":12,"label":"Paper / 12x18"},{"vendor":"juniper","url":"https://juniperprintshop.com/products/sunrise?variant=39866232438873","price":59.0,"currency":"USD","framed":false,"w":30,"h":12,"label":"Paper / 12x30"},{"vendor":"juniper","url":"https://juniperprintshop.com/products/sunrise?variant=39785505849433","price":49.0,"currency":"USD","framed":false,"w":20,"h":16,"label":"Paper / 16x20"},{"vendor":"juniper","url":"https://juniperprintshop.com/products/sunrise?variant=39785505882201","price":59.0,"currency":"USD","framed":false,"w":24,"h":18,"label":"Paper / 18x24"},{"vendor":"juniper","url":"https://juniperprintshop.com/products/sunrise?variant=39785505914969","price":69.0,"currency":"USD","framed":false,"w":30,"h":20,"label":"Paper / 20x30"},{"vendor":"juniper","url":"https://juniperprintshop.com/products/sunrise?variant=39866232471641","price":139.0,"currency":"USD","framed":false,"w":55,"h":22,"label":"Paper / 22x55"},{"vendor":"juniper","url":"https://juniperprintshop.com/products/sunrise?variant=39785505947737","price":99.0,"currency":"USD","framed":false,"w":36,"h":24,"label":"Paper / 24x36"},{"vendor":"juniper","url":"https://juniperprintshop.com/products/sunrise?variant=39785505980505","price":139.0,"currency":"USD","framed":false,"w":40,"h":30,"label":"Paper / 30x40"},{"vendor":"juniper","url":"https://juniperprintshop.com/products/sunrise?variant=39785506013273","price":149.0,"currency":"USD","framed":false,"w":47,"h":31,"label":"Paper / 31x47"},{"vendor":"juniper","url":"https://juniperprintshop.com/products/sunrise?variant=39785506046041","price":169.0,"currency":"USD","framed":false,"w":55,"h":40,"label":"Paper / 40x55"}]
jp-spring-morning	Laurel-Dawn Latshaw	https://juniperprintshop.com/products/spring-morning	Spring Morning	print	flowers	https://cdn.shopify.com/s/files/1/1806/8745/products/SPRINGMORNING.jpg?v=1664235696&width=560	[{"vendor":"juniper","url":"https://juniperprintshop.com/products/spring-morning?variant=39785438740569","price":29.0,"currency":"USD","framed":false,"w":10,"h":8,"label":"Paper / 8x10"},{"vendor":"juniper","url":"https://juniperprintshop.com/products/spring-morning?variant=39785438773337","price":39.0,"currency":"USD","framed":false,"w":14,"h":11,"label":"Paper / 11x14"},{"vendor":"juniper","url":"https://juniperprintshop.com/products/spring-morning?variant=39785438806105","price":49.0,"currency":"USD","framed":false,"w":18,"h":12,"label":"Paper / 12x18"},{"vendor":"juniper","url":"https://juniperprintshop.com/products/spring-morning?variant=39785438838873","price":49.0,"currency":"USD","framed":false,"w":20,"h":16,"label":"Paper / 16x20"},{"vendor":"juniper","url":"https://juniperprintshop.com/products/spring-morning?variant=39785438871641","price":59.0,"currency":"USD","framed":false,"w":24,"h":18,"label":"Paper / 18x24"},{"vendor":"juniper","url":"https://juniperprintshop.com/products/spring-morning?variant=39785438904409","price":69.0,"currency":"USD","framed":false,"w":30,"h":20,"label":"Paper / 20x30"},{"vendor":"juniper","url":"https://juniperprintshop.com/products/spring-morning?variant=39785438937177","price":99.0,"currency":"USD","framed":false,"w":36,"h":24,"label":"Paper / 24x36"},{"vendor":"juniper","url":"https://juniperprintshop.com/products/spring-morning?variant=39785438969945","price":139.0,"currency":"USD","framed":false,"w":40,"h":30,"label":"Paper / 30x40"},{"vendor":"juniper","url":"https://juniperprintshop.com/products/spring-morning?variant=39785439002713","price":149.0,"currency":"USD","framed":false,"w":47,"h":31,"label":"Paper / 31x47"},{"vendor":"juniper","url":"https://juniperprintshop.com/products/spring-morning?variant=39785439035481","price":169.0,"currency":"USD","framed":false,"w":55,"h":40,"label":"Paper / 40x55"}]
jp-spring-day	Laurel-Dawn Latshaw	https://juniperprintshop.com/products/spring-day	Spring Day	print	flowers	https://cdn.shopify.com/s/files/1/1806/8745/products/SPRINGDAY.jpg?v=1664235678&width=560	[{"vendor":"juniper","url":"https://juniperprintshop.com/products/spring-day?variant=39785399418969","price":29.0,"currency":"USD","framed":false,"w":10,"h":8,"label":"Paper / 8x10"},{"vendor":"juniper","url":"https://juniperprintshop.com/products/spring-day?variant=39785399451737","price":39.0,"currency":"USD","framed":false,"w":14,"h":11,"label":"Paper / 11x14"},{"vendor":"juniper","url":"https://juniperprintshop.com/products/spring-day?variant=39785399484505","price":49.0,"currency":"USD","framed":false,"w":18,"h":12,"label":"Paper / 12x18"},{"vendor":"juniper","url":"https://juniperprintshop.com/products/spring-day?variant=39785399550041","price":49.0,"currency":"USD","framed":false,"w":20,"h":16,"label":"Paper / 16x20"},{"vendor":"juniper","url":"https://juniperprintshop.com/products/spring-day?variant=39785399582809","price":59.0,"currency":"USD","framed":false,"w":24,"h":18,"label":"Paper / 18x24"},{"vendor":"juniper","url":"https://juniperprintshop.com/products/spring-day?variant=39785399615577","price":69.0,"currency":"USD","framed":false,"w":30,"h":20,"label":"Paper / 20x30"},{"vendor":"juniper","url":"https://juniperprintshop.com/products/spring-day?variant=39785399681113","price":99.0,"currency":"USD","framed":false,"w":36,"h":24,"label":"Paper / 24x36"},{"vendor":"juniper","url":"https://juniperprintshop.com/products/spring-day?variant=39785399713881","price":139.0,"currency":"USD","framed":false,"w":40,"h":30,"label":"Paper / 30x40"},{"vendor":"juniper","url":"https://juniperprintshop.com/products/spring-day?variant=39785399746649","price":149.0,"currency":"USD","framed":false,"w":47,"h":31,"label":"Paper / 31x47"},{"vendor":"juniper","url":"https://juniperprintshop.com/products/spring-day?variant=39785399779417","price":169.0,"currency":"USD","framed":false,"w":55,"h":40,"label":"Paper / 40x55"}]
jp-rockies-i	Mikayla Robertson	https://juniperprintshop.com/products/rockies-i	Rockies I	photo	water	https://cdn.shopify.com/s/files/1/1806/8745/products/ROCKIESI.jpg?v=1664231456&width=560	[{"vendor":"juniper","url":"https://juniperprintshop.com/products/rockies-i?variant=39785345843289","price":29.0,"currency":"USD","framed":false,"w":8,"h":10,"label":"Paper / 8x10"},{"vendor":"juniper","url":"https://juniperprintshop.com/products/rockies-i?variant=39785345876057","price":39.0,"currency":"USD","framed":false,"w":11,"h":14,"label":"Paper / 11x14"},{"vendor":"juniper","url":"https://juniperprintshop.com/products/rockies-i?variant=39785345908825","price":49.0,"currency":"USD","framed":false,"w":12,"h":18,"label":"Paper / 12x18"},{"vendor":"juniper","url":"https://juniperprintshop.com/products/rockies-i?variant=39785345974361","price":49.0,"currency":"USD","framed":false,"w":16,"h":20,"label":"Paper / 16x20"},{"vendor":"juniper","url":"https://juniperprintshop.com/products/rockies-i?variant=39785346007129","price":59.0,"currency":"USD","framed":false,"w":18,"h":24,"label":"Paper / 18x24"},{"vendor":"juniper","url":"https://juniperprintshop.com/products/rockies-i?variant=39785346039897","price":69.0,"currency":"USD","framed":false,"w":20,"h":30,"label":"Paper / 20x30"},{"vendor":"juniper","url":"https://juniperprintshop.com/products/rockies-i?variant=39785346105433","price":99.0,"currency":"USD","framed":false,"w":24,"h":36,"label":"Paper / 24x36"},{"vendor":"juniper","url":"https://juniperprintshop.com/products/rockies-i?variant=39785346138201","price":139.0,"currency":"USD","framed":false,"w":30,"h":40,"label":"Paper / 30x40"},{"vendor":"juniper","url":"https://juniperprintshop.com/products/rockies-i?variant=39785346170969","price":149.0,"currency":"USD","framed":false,"w":31,"h":47,"label":"Paper / 31x47"},{"vendor":"juniper","url":"https://juniperprintshop.com/products/rockies-i?variant=39785346203737","price":169.0,"currency":"USD","framed":false,"w":40,"h":55,"label":"Paper / 40x55"},{"vendor":"juniper","url":"https://juniperprintshop.com/products/rockies-i?variant=39785346236505","price":229.0,"currency":"USD","framed":false,"w":55,"h":79,"label":"Paper / 55x79"}]
jp-leaves-ii	Jenny Komenda	https://juniperprintshop.com/products/leaves-ii	Leaves II	print	abstract	https://cdn.shopify.com/s/files/1/1806/8745/products/LEAVESII.jpg?v=1664167726&width=560	[{"vendor":"juniper","url":"https://juniperprintshop.com/products/leaves-ii?variant=39774371479641","price":29.0,"currency":"USD","framed":false,"w":10,"h":8,"label":"Paper / 8x10"},{"vendor":"juniper","url":"https://juniperprintshop.com/products/leaves-ii?variant=39774371512409","price":39.0,"currency":"USD","framed":false,"w":14,"h":11,"label":"Paper / 11x14"},{"vendor":"juniper","url":"https://juniperprintshop.com/products/leaves-ii?variant=39774371545177","price":49.0,"currency":"USD","framed":false,"w":18,"h":12,"label":"Paper / 12x18"},{"vendor":"juniper","url":"https://juniperprintshop.com/products/leaves-ii?variant=39774371610713","price":49.0,"currency":"USD","framed":false,"w":20,"h":16,"label":"Paper / 16x20"},{"vendor":"juniper","url":"https://juniperprintshop.com/products/leaves-ii?variant=39774371643481","price":59.0,"currency":"USD","framed":false,"w":24,"h":18,"label":"Paper / 18x24"},{"vendor":"juniper","url":"https://juniperprintshop.com/products/leaves-ii?variant=39774371676249","price":69.0,"currency":"USD","framed":false,"w":30,"h":20,"label":"Paper / 20x30"},{"vendor":"juniper","url":"https://juniperprintshop.com/products/leaves-ii?variant=39774371741785","price":99.0,"currency":"USD","framed":false,"w":36,"h":24,"label":"Paper / 24x36"},{"vendor":"juniper","url":"https://juniperprintshop.com/products/leaves-ii?variant=39774371774553","price":139.0,"currency":"USD","framed":false,"w":40,"h":30,"label":"Paper / 30x40"},{"vendor":"juniper","url":"https://juniperprintshop.com/products/leaves-ii?variant=39774371807321","price":149.0,"currency":"USD","framed":false,"w":47,"h":31,"label":"Paper / 31x47"},{"vendor":"juniper","url":"https://juniperprintshop.com/products/leaves-ii?variant=39774371840089","price":169.0,"currency":"USD","framed":false,"w":55,"h":40,"label":"Paper / 40x55"},{"vendor":"juniper","url":"https://juniperprintshop.com/products/leaves-ii?variant=39774371872857","price":229.0,"currency":"USD","framed":false,"w":79,"h":55,"label":"Paper / 55x79"}]
jp-chorus-i	Jennifer Daily	https://juniperprintshop.com/products/chorus-i	Chorus I	print	abstract	https://cdn.shopify.com/s/files/1/1806/8745/products/CHORUSI.jpg?v=1664084692&width=560	[{"vendor":"juniper","url":"https://juniperprintshop.com/products/chorus-i?variant=39774185357401","price":29.0,"currency":"USD","framed":false,"w":8,"h":10,"label":"Paper / 8x10"},{"vendor":"juniper","url":"https://juniperprintshop.com/products/chorus-i?variant=39774185390169","price":39.0,"currency":"USD","framed":false,"w":11,"h":14,"label":"Paper / 11x14"},{"vendor":"juniper","url":"https://juniperprintshop.com/products/chorus-i?variant=39774185422937","price":49.0,"currency":"USD","framed":false,"w":12,"h":18,"label":"Paper / 12x18"},{"vendor":"juniper","url":"https://juniperprintshop.com/products/chorus-i?variant=39774185488473","price":49.0,"currency":"USD","framed":false,"w":16,"h":20,"label":"Paper / 16x20"},{"vendor":"juniper","url":"https://juniperprintshop.com/products/chorus-i?variant=39774185521241","price":59.0,"currency":"USD","framed":false,"w":18,"h":24,"label":"Paper / 18x24"},{"vendor":"juniper","url":"https://juniperprintshop.com/products/chorus-i?variant=39774185554009","price":69.0,"currency":"USD","framed":false,"w":20,"h":30,"label":"Paper / 20x30"},{"vendor":"juniper","url":"https://juniperprintshop.com/products/chorus-i?variant=39774185619545","price":99.0,"currency":"USD","framed":false,"w":24,"h":36,"label":"Paper / 24x36"},{"vendor":"juniper","url":"https://juniperprintshop.com/products/chorus-i?variant=39774185652313","price":139.0,"currency":"USD","framed":false,"w":30,"h":40,"label":"Paper / 30x40"},{"vendor":"juniper","url":"https://juniperprintshop.com/products/chorus-i?variant=39774185685081","price":149.0,"currency":"USD","framed":false,"w":31,"h":47,"label":"Paper / 31x47"},{"vendor":"juniper","url":"https://juniperprintshop.com/products/chorus-i?variant=39774185717849","price":169.0,"currency":"USD","framed":false,"w":40,"h":55,"label":"Paper / 40x55"},{"vendor":"juniper","url":"https://juniperprintshop.com/products/chorus-i?variant=39774185750617","price":229.0,"currency":"USD","framed":false,"w":55,"h":79,"label":"Paper / 55x79"}]
jp-bear-lake-ii	Jenny Komenda	https://juniperprintshop.com/products/bear-lake-ii	Bear Lake II	print	water	https://cdn.shopify.com/s/files/1/1806/8745/products/BEARLAKEII.jpg?v=1664082400&width=560	[{"vendor":"juniper","url":"https://juniperprintshop.com/products/bear-lake-ii?variant=39770903347289","price":29.0,"currency":"USD","framed":false,"w":10,"h":8,"label":"Paper / 8x10"},{"vendor":"juniper","url":"https://juniperprintshop.com/products/bear-lake-ii?variant=39770903380057","price":39.0,"currency":"USD","framed":false,"w":14,"h":11,"label":"Paper / 11x14"},{"vendor":"juniper","url":"https://juniperprintshop.com/products/bear-lake-ii?variant=39770903412825","price":49.0,"currency":"USD","framed":false,"w":18,"h":12,"label":"Paper / 12x18"},{"vendor":"juniper","url":"https://juniperprintshop.com/products/bear-lake-ii?variant=39770903445593","price":59.0,"currency":"USD","framed":false,"w":30,"h":12,"label":"Paper / 12x30"},{"vendor":"juniper","url":"https://juniperprintshop.com/products/bear-lake-ii?variant=39770903478361","price":49.0,"currency":"USD","framed":false,"w":20,"h":16,"label":"Paper / 16x20"},{"vendor":"juniper","url":"https://juniperprintshop.com/products/bear-lake-ii?variant=39770903511129","price":59.0,"currency":"USD","framed":false,"w":24,"h":18,"label":"Paper / 18x24"},{"vendor":"juniper","url":"https://juniperprintshop.com/products/bear-lake-ii?variant=39770903543897","price":69.0,"currency":"USD","framed":false,"w":30,"h":20,"label":"Paper / 20x30"},{"vendor":"juniper","url":"https://juniperprintshop.com/products/bear-lake-ii?variant=39770903576665","price":139.0,"currency":"USD","framed":false,"w":55,"h":22,"label":"Paper / 22x55"},{"vendor":"juniper","url":"https://juniperprintshop.com/products/bear-lake-ii?variant=39770903609433","price":99.0,"currency":"USD","framed":false,"w":36,"h":24,"label":"Paper / 24x36"},{"vendor":"juniper","url":"https://juniperprintshop.com/products/bear-lake-ii?variant=39770903642201","price":139.0,"currency":"USD","framed":false,"w":40,"h":30,"label":"Paper / 30x40"},{"vendor":"juniper","url":"https://juniperprintshop.com/products/bear-lake-ii?variant=39770903674969","price":149.0,"currency":"USD","framed":false,"w":47,"h":31,"label":"Paper / 31x47"},{"vendor":"juniper","url":"https://juniperprintshop.com/products/bear-lake-ii?variant=39770903707737","price":169.0,"currency":"USD","framed":false,"w":55,"h":40,"label":"Paper / 40x55"},{"vendor":"juniper","url":"https://juniperprintshop.com/products/bear-lake-ii?variant=39770903740505","price":229.0,"currency":"USD","framed":false,"w":79,"h":55,"label":"Paper / 55x79"}]
jp-copy-of-terrace-ll	Kelly Ventura	https://juniperprintshop.com/products/copy-of-terrace-ll	Terrace II	print	flowers	https://cdn.shopify.com/s/files/1/1806/8745/products/TERRACEII_ee188adf-5683-4083-bc08-5d271340fb9f.jpg?v=1671609345&width=560	[{"vendor":"juniper","url":"https://juniperprintshop.com/products/copy-of-terrace-ll?variant=39510996779097","price":29.0,"currency":"USD","framed":false,"w":8,"h":10,"label":"Paper / 8x10"},{"vendor":"juniper","url":"https://juniperprintshop.com/products/copy-of-terrace-ll?variant=39510996811865","price":39.0,"currency":"USD","framed":false,"w":11,"h":14,"label":"Paper / 11x14"},{"vendor":"juniper","url":"https://juniperprintshop.com/products/copy-of-terrace-ll?variant=39510996844633","price":49.0,"currency":"USD","framed":false,"w":12,"h":18,"label":"Paper / 12x18"},{"vendor":"juniper","url":"https://juniperprintshop.com/products/copy-of-terrace-ll?variant=39510996877401","price":49.0,"currency":"USD","framed":false,"w":16,"h":20,"label":"Paper / 16x20"},{"vendor":"juniper","url":"https://juniperprintshop.com/products/copy-of-terrace-ll?variant=39510996910169","price":59.0,"currency":"USD","framed":false,"w":18,"h":24,"label":"Paper / 18x24"},{"vendor":"juniper","url":"https://juniperprintshop.com/products/copy-of-terrace-ll?variant=39510996942937","price":69.0,"currency":"USD","framed":false,"w":20,"h":30,"label":"Paper / 20x30"},{"vendor":"juniper","url":"https://juniperprintshop.com/products/copy-of-terrace-ll?variant=39510996975705","price":99.0,"currency":"USD","framed":false,"w":24,"h":36,"label":"Paper / 24x36"},{"vendor":"juniper","url":"https://juniperprintshop.com/products/copy-of-terrace-ll?variant=39510997008473","price":139.0,"currency":"USD","framed":false,"w":30,"h":40,"label":"Paper / 30x40"},{"vendor":"juniper","url":"https://juniperprintshop.com/products/copy-of-terrace-ll?variant=39510997041241","price":149.0,"currency":"USD","framed":false,"w":31,"h":47,"label":"Paper / 31x47"},{"vendor":"juniper","url":"https://juniperprintshop.com/products/copy-of-terrace-ll?variant=39510997074009","price":169.0,"currency":"USD","framed":false,"w":40,"h":55,"label":"Paper / 40x55"},{"vendor":"juniper","url":"https://juniperprintshop.com/products/copy-of-terrace-ll?variant=39510997106777","price":229.0,"currency":"USD","framed":false,"w":55,"h":79,"label":"Paper / 55x79"}]
jp-wild-garden	Kelly Ventura	https://juniperprintshop.com/products/wild-garden	Wild Garden	print	flowers	https://cdn.shopify.com/s/files/1/1806/8745/products/WILDGARDEN_d481fe94-c16b-47bc-8721-912bfd8a61c1.jpg?v=1671571715&width=560	[{"vendor":"juniper","url":"https://juniperprintshop.com/products/wild-garden?variant=39510999892057","price":29.0,"currency":"USD","framed":false,"w":10,"h":8,"label":"Paper / 8x10"},{"vendor":"juniper","url":"https://juniperprintshop.com/products/wild-garden?variant=39510999924825","price":39.0,"currency":"USD","framed":false,"w":14,"h":11,"label":"Paper / 11x14"},{"vendor":"juniper","url":"https://juniperprintshop.com/products/wild-garden?variant=39510999957593","price":49.0,"currency":"USD","framed":false,"w":18,"h":12,"label":"Paper / 12x18"},{"vendor":"juniper","url":"https://juniperprintshop.com/products/wild-garden?variant=39510999990361","price":49.0,"currency":"USD","framed":false,"w":20,"h":16,"label":"Paper / 16x20"},{"vendor":"juniper","url":"https://juniperprintshop.com/products/wild-garden?variant=39511000023129","price":59.0,"currency":"USD","framed":false,"w":24,"h":18,"label":"Paper / 18x24"},{"vendor":"juniper","url":"https://juniperprintshop.com/products/wild-garden?variant=39511000055897","price":69.0,"currency":"USD","framed":false,"w":30,"h":20,"label":"Paper / 20x30"},{"vendor":"juniper","url":"https://juniperprintshop.com/products/wild-garden?variant=39511000088665","price":99.0,"currency":"USD","framed":false,"w":36,"h":24,"label":"Paper / 24x36"},{"vendor":"juniper","url":"https://juniperprintshop.com/products/wild-garden?variant=39511000121433","price":139.0,"currency":"USD","framed":false,"w":40,"h":30,"label":"Paper / 30x40"},{"vendor":"juniper","url":"https://juniperprintshop.com/products/wild-garden?variant=39511000154201","price":149.0,"currency":"USD","framed":false,"w":47,"h":31,"label":"Paper / 31x47"},{"vendor":"juniper","url":"https://juniperprintshop.com/products/wild-garden?variant=39511000186969","price":169.0,"currency":"USD","framed":false,"w":55,"h":40,"label":"Paper / 40x55"},{"vendor":"juniper","url":"https://juniperprintshop.com/products/wild-garden?variant=39511000219737","price":229.0,"currency":"USD","framed":false,"w":79,"h":55,"label":"Paper / 55x79"}]
jp-tribeca	Lauren Nielsen	https://juniperprintshop.com/products/tribeca	Tribeca	photo	city	https://cdn.shopify.com/s/files/1/1806/8745/products/TRIBECA_26a37aea-2904-4029-a72c-a4aa7f745723.jpg?v=1664236892&width=560	[{"vendor":"juniper","url":"https://juniperprintshop.com/products/tribeca?variant=39532452577369","price":29.0,"currency":"USD","framed":false,"w":8,"h":10,"label":"Paper / 8x10"},{"vendor":"juniper","url":"https://juniperprintshop.com/products/tribeca?variant=39532452610137","price":39.0,"currency":"USD","framed":false,"w":11,"h":14,"label":"Paper / 11x14"},{"vendor":"juniper","url":"https://juniperprintshop.com/products/tribeca?variant=39532452642905","price":49.0,"currency":"USD","framed":false,"w":12,"h":18,"label":"Paper / 12x18"},{"vendor":"juniper","url":"https://juniperprintshop.com/products/tribeca?variant=39308675055705","price":49.0,"currency":"USD","framed":false,"w":16,"h":20,"label":"Paper / 16x20"},{"vendor":"juniper","url":"https://juniperprintshop.com/products/tribeca?variant=39343156527193","price":59.0,"currency":"USD","framed":false,"w":18,"h":24,"label":"Paper / 18x24"},{"vendor":"juniper","url":"https://juniperprintshop.com/products/tribeca?variant=39308675088473","price":69.0,"currency":"USD","framed":false,"w":20,"h":30,"label":"Paper / 20x30"},{"vendor":"juniper","url":"https://juniperprintshop.com/products/tribeca?variant=39308675121241","price":99.0,"currency":"USD","framed":false,"w":24,"h":36,"label":"Paper / 24x36"},{"vendor":"juniper","url":"https://juniperprintshop.com/products/tribeca?variant=39532452675673","price":49.0,"currency":"USD","framed":false,"w":30,"h":40,"label":"Paper / 30x40"},{"vendor":"juniper","url":"https://juniperprintshop.com/products/tribeca?variant=39308675154009","price":149.0,"currency":"USD","framed":false,"w":31,"h":47,"label":"Paper / 31x47"},{"vendor":"juniper","url":"https://juniperprintshop.com/products/tribeca?variant=39308675186777","price":169.0,"currency":"USD","framed":false,"w":40,"h":55,"label":"Paper / 40x55"},{"vendor":"juniper","url":"https://juniperprintshop.com/products/tribeca?variant=39308675219545","price":229.0,"currency":"USD","framed":false,"w":55,"h":79,"label":"Paper / 55x79"}]
jp-seascape-ii-1	Laurie Anne Gonzalez	https://juniperprintshop.com/products/seascape-ii-1	Seascape II	print	beach	https://cdn.shopify.com/s/files/1/1806/8745/products/SEASCAPEII.jpg?v=1664232111&width=560	[{"vendor":"juniper","url":"https://juniperprintshop.com/products/seascape-ii-1?variant=39711751012441","price":29.0,"currency":"USD","framed":false,"w":10,"h":8,"label":"Paper / 8x10"},{"vendor":"juniper","url":"https://juniperprintshop.com/products/seascape-ii-1?variant=39711751045209","price":39.0,"currency":"USD","framed":false,"w":14,"h":11,"label":"Paper / 11x14"},{"vendor":"juniper","url":"https://juniperprintshop.com/products/seascape-ii-1?variant=39711751077977","price":49.0,"currency":"USD","framed":false,"w":18,"h":12,"label":"Paper / 12x18"},{"vendor":"juniper","url":"https://juniperprintshop.com/products/seascape-ii-1?variant=18603792760921","price":49.0,"currency":"USD","framed":false,"w":20,"h":16,"label":"Paper / 16x20"},{"vendor":"juniper","url":"https://juniperprintshop.com/products/seascape-ii-1?variant=39711751143513","price":59.0,"currency":"USD","framed":false,"w":24,"h":18,"label":"Paper / 18x24"},{"vendor":"juniper","url":"https://juniperprintshop.com/products/seascape-ii-1?variant=18603792793689","price":69.0,"currency":"USD","framed":false,"w":30,"h":20,"label":"Paper / 20x30"},{"vendor":"juniper","url":"https://juniperprintshop.com/products/seascape-ii-1?variant=18603792826457","price":99.0,"currency":"USD","framed":false,"w":36,"h":24,"label":"Paper / 24x36"},{"vendor":"juniper","url":"https://juniperprintshop.com/products/seascape-ii-1?variant=39711751176281","price":139.0,"currency":"USD","framed":false,"w":40,"h":30,"label":"Paper / 30x40"},{"vendor":"juniper","url":"https://juniperprintshop.com/products/seascape-ii-1?variant=18603792859225","price":149.0,"currency":"USD","framed":false,"w":47,"h":31,"label":"Paper / 31x47"},{"vendor":"juniper","url":"https://juniperprintshop.com/products/seascape-ii-1?variant=18603792891993","price":169.0,"currency":"USD","framed":false,"w":55,"h":40,"label":"Paper / 40x55"},{"vendor":"juniper","url":"https://juniperprintshop.com/products/seascape-ii-1?variant=18603792957529","price":229.0,"currency":"USD","framed":false,"w":79,"h":55,"label":"Paper / 55x79"}]
jp-seascape-i-1	Laurie Anne Gonzalez	https://juniperprintshop.com/products/seascape-i-1	Seascape I	print	beach	https://cdn.shopify.com/s/files/1/1806/8745/products/SEASCAPEI.jpg?v=1664232088&width=560	[{"vendor":"juniper","url":"https://juniperprintshop.com/products/seascape-i-1?variant=39711739019353","price":29.0,"currency":"USD","framed":false,"w":10,"h":8,"label":"Paper / 8x10"},{"vendor":"juniper","url":"https://juniperprintshop.com/products/seascape-i-1?variant=39711739052121","price":39.0,"currency":"USD","framed":false,"w":14,"h":11,"label":"Paper / 11x14"},{"vendor":"juniper","url":"https://juniperprintshop.com/products/seascape-i-1?variant=39711739084889","price":49.0,"currency":"USD","framed":false,"w":18,"h":12,"label":"Paper / 12x18"},{"vendor":"juniper","url":"https://juniperprintshop.com/products/seascape-i-1?variant=39711739117657","price":59.0,"currency":"USD","framed":false,"w":30,"h":12,"label":"Paper / 12x30"},{"vendor":"juniper","url":"https://juniperprintshop.com/products/seascape-i-1?variant=18603728994393","price":49.0,"currency":"USD","framed":false,"w":20,"h":16,"label":"Paper / 16x20"},{"vendor":"juniper","url":"https://juniperprintshop.com/products/seascape-i-1?variant=39711739150425","price":59.0,"currency":"USD","framed":false,"w":24,"h":18,"label":"Paper / 18x24"},{"vendor":"juniper","url":"https://juniperprintshop.com/products/seascape-i-1?variant=18603729027161","price":69.0,"currency":"USD","framed":false,"w":30,"h":20,"label":"Paper / 20x30"},{"vendor":"juniper","url":"https://juniperprintshop.com/products/seascape-i-1?variant=31522682863705","price":139.0,"currency":"USD","framed":false,"w":55,"h":22,"label":"Paper / 22x55"},{"vendor":"juniper","url":"https://juniperprintshop.com/products/seascape-i-1?variant=18603729092697","price":99.0,"currency":"USD","framed":false,"w":36,"h":24,"label":"Paper / 24x36"},{"vendor":"juniper","url":"https://juniperprintshop.com/products/seascape-i-1?variant=39711739183193","price":139.0,"currency":"USD","framed":false,"w":40,"h":30,"label":"Paper / 30x40"},{"vendor":"juniper","url":"https://juniperprintshop.com/products/seascape-i-1?variant=18603729125465","price":149.0,"currency":"USD","framed":false,"w":47,"h":31,"label":"Paper / 31x47"},{"vendor":"juniper","url":"https://juniperprintshop.com/products/seascape-i-1?variant=18603729191001","price":169.0,"currency":"USD","framed":false,"w":55,"h":40,"label":"Paper / 40x55"},{"vendor":"juniper","url":"https://juniperprintshop.com/products/seascape-i-1?variant=18603729289305","price":229.0,"currency":"USD","framed":false,"w":79,"h":55,"label":"Paper / 55x79"}]
jp-scarlett	Candace Wiant	https://juniperprintshop.com/products/scarlett	Scarlett	print	figure	https://cdn.shopify.com/s/files/1/1806/8745/products/SCARLETT.jpg?v=1664231974&width=560	[{"vendor":"juniper","url":"https://juniperprintshop.com/products/scarlett?variant=39711724830809","price":29.0,"currency":"USD","framed":false,"w":8,"h":10,"label":"Paper / 8x10"},{"vendor":"juniper","url":"https://juniperprintshop.com/products/scarlett?variant=39711724863577","price":39.0,"currency":"USD","framed":false,"w":11,"h":14,"label":"Paper / 11x14"},{"vendor":"juniper","url":"https://juniperprintshop.com/products/scarlett?variant=39711724896345","price":49.0,"currency":"USD","framed":false,"w":12,"h":18,"label":"Paper / 12x18"},{"vendor":"juniper","url":"https://juniperprintshop.com/products/scarlett?variant=18604727107673","price":49.0,"currency":"USD","framed":false,"w":16,"h":20,"label":"Paper / 16x20"},{"vendor":"juniper","url":"https://juniperprintshop.com/products/scarlett?variant=39711724929113","price":59.0,"currency":"USD","framed":false,"w":18,"h":24,"label":"Paper / 18x24"},{"vendor":"juniper","url":"https://juniperprintshop.com/products/scarlett?variant=18604727140441","price":69.0,"currency":"USD","framed":false,"w":20,"h":30,"label":"Paper / 20x30"},{"vendor":"juniper","url":"https://juniperprintshop.com/products/scarlett?variant=18604727173209","price":99.0,"currency":"USD","framed":false,"w":24,"h":36,"label":"Paper / 24x36"},{"vendor":"juniper","url":"https://juniperprintshop.com/products/scarlett?variant=39711724961881","price":139.0,"currency":"USD","framed":false,"w":30,"h":40,"label":"Paper / 30x40"},{"vendor":"juniper","url":"https://juniperprintshop.com/products/scarlett?variant=18604727238745","price":149.0,"currency":"USD","framed":false,"w":31,"h":47,"label":"Paper / 31x47"},{"vendor":"juniper","url":"https://juniperprintshop.com/products/scarlett?variant=18604727271513","price":169.0,"currency":"USD","framed":false,"w":40,"h":55,"label":"Paper / 40x55"},{"vendor":"juniper","url":"https://juniperprintshop.com/products/scarlett?variant=18604727304281","price":229.0,"currency":"USD","framed":false,"w":55,"h":79,"label":"Paper / 55x79"}]
jp-santorini	Heather Loriece	https://juniperprintshop.com/products/santorini	Santorini	photo	beach	https://cdn.shopify.com/s/files/1/1806/8745/products/SANTORINI_98dbf0f3-7bd9-427b-878a-0f3b674e3872.jpg?v=1664231952&width=560	[{"vendor":"juniper","url":"https://juniperprintshop.com/products/santorini?variant=39711722209369","price":29.0,"currency":"USD","framed":false,"w":10,"h":8,"label":"Paper / 8x10"},{"vendor":"juniper","url":"https://juniperprintshop.com/products/santorini?variant=39711722242137","price":39.0,"currency":"USD","framed":false,"w":14,"h":11,"label":"Paper / 11x14"},{"vendor":"juniper","url":"https://juniperprintshop.com/products/santorini?variant=39711722274905","price":49.0,"currency":"USD","framed":false,"w":18,"h":12,"label":"Paper / 12x18"},{"vendor":"juniper","url":"https://juniperprintshop.com/products/santorini?variant=31065335758937","price":49.0,"currency":"USD","framed":false,"w":20,"h":16,"label":"Paper / 16x20"},{"vendor":"juniper","url":"https://juniperprintshop.com/products/santorini?variant=39711722307673","price":59.0,"currency":"USD","framed":false,"w":24,"h":18,"label":"Paper / 18x24"},{"vendor":"juniper","url":"https://juniperprintshop.com/products/santorini?variant=31065335791705","price":69.0,"currency":"USD","framed":false,"w":30,"h":20,"label":"Paper / 20x30"},{"vendor":"juniper","url":"https://juniperprintshop.com/products/santorini?variant=31065335824473","price":99.0,"currency":"USD","framed":false,"w":36,"h":24,"label":"Paper / 24x36"},{"vendor":"juniper","url":"https://juniperprintshop.com/products/santorini?variant=39711722340441","price":139.0,"currency":"USD","framed":false,"w":40,"h":30,"label":"Paper / 30x40"},{"vendor":"juniper","url":"https://juniperprintshop.com/products/santorini?variant=31065335857241","price":149.0,"currency":"USD","framed":false,"w":47,"h":31,"label":"Paper / 31x47"},{"vendor":"juniper","url":"https://juniperprintshop.com/products/santorini?variant=31065335890009","price":169.0,"currency":"USD","framed":false,"w":55,"h":40,"label":"Paper / 40x55"},{"vendor":"juniper","url":"https://juniperprintshop.com/products/santorini?variant=31065335922777","price":229.0,"currency":"USD","framed":false,"w":79,"h":55,"label":"Paper / 55x79"}]
jp-powell	Jenny Komenda	https://juniperprintshop.com/products/powell	Powell	print	beach	https://cdn.shopify.com/s/files/1/1806/8745/products/POWELL_20decb49-5c07-4174-b9c0-9dd126257bac.jpg?v=1664230820&width=560	[{"vendor":"juniper","url":"https://juniperprintshop.com/products/powell?variant=39701935685721","price":29.0,"currency":"USD","framed":false,"w":10,"h":8,"label":"Paper / 8x10"},{"vendor":"juniper","url":"https://juniperprintshop.com/products/powell?variant=39701935718489","price":39.0,"currency":"USD","framed":false,"w":14,"h":11,"label":"Paper / 11x14"},{"vendor":"juniper","url":"https://juniperprintshop.com/products/powell?variant=39701935751257","price":49.0,"currency":"USD","framed":false,"w":18,"h":12,"label":"Paper / 12x18"},{"vendor":"juniper","url":"https://juniperprintshop.com/products/powell?variant=39701935784025","price":59.0,"currency":"USD","framed":false,"w":30,"h":12,"label":"Paper / 12x30"},{"vendor":"juniper","url":"https://juniperprintshop.com/products/powell?variant=31069595402329","price":49.0,"currency":"USD","framed":false,"w":20,"h":16,"label":"Paper / 16x20"},{"vendor":"juniper","url":"https://juniperprintshop.com/products/powell?variant=39701935816793","price":59.0,"currency":"USD","framed":false,"w":24,"h":18,"label":"Paper / 18x24"},{"vendor":"juniper","url":"https://juniperprintshop.com/products/powell?variant=31069595435097","price":69.0,"currency":"USD","framed":false,"w":30,"h":20,"label":"Paper / 20x30"},{"vendor":"juniper","url":"https://juniperprintshop.com/products/powell?variant=31522700820569","price":139.0,"currency":"USD","framed":false,"w":55,"h":22,"label":"Paper / 22x55"},{"vendor":"juniper","url":"https://juniperprintshop.com/products/powell?variant=31069595467865","price":99.0,"currency":"USD","framed":false,"w":36,"h":24,"label":"Paper / 24x36"},{"vendor":"juniper","url":"https://juniperprintshop.com/products/powell?variant=39701935849561","price":139.0,"currency":"USD","framed":false,"w":40,"h":30,"label":"Paper / 30x40"},{"vendor":"juniper","url":"https://juniperprintshop.com/products/powell?variant=31069595500633","price":149.0,"currency":"USD","framed":false,"w":47,"h":31,"label":"Paper / 31x47"},{"vendor":"juniper","url":"https://juniperprintshop.com/products/powell?variant=31069595533401","price":169.0,"currency":"USD","framed":false,"w":55,"h":40,"label":"Paper / 40x55"},{"vendor":"juniper","url":"https://juniperprintshop.com/products/powell?variant=31069595566169","price":229.0,"currency":"USD","framed":false,"w":79,"h":55,"label":"Paper / 55x79"}]
jp-capitol-reef-1	Jenna Marie Ward	https://juniperprintshop.com/products/capitol-reef-1	Capitol Reef	print	desert	https://cdn.shopify.com/s/files/1/1806/8745/products/CAPITOLREEF.jpg?v=1664084378&width=560	[{"vendor":"juniper","url":"https://juniperprintshop.com/products/capitol-reef-1?variant=39746661744729","price":29.0,"currency":"USD","framed":false,"w":10,"h":8,"label":"Paper / 8x10"},{"vendor":"juniper","url":"https://juniperprintshop.com/products/capitol-reef-1?variant=39746661777497","price":39.0,"currency":"USD","framed":false,"w":14,"h":11,"label":"Paper / 11x14"},{"vendor":"juniper","url":"https://juniperprintshop.com/products/capitol-reef-1?variant=39746661810265","price":49.0,"currency":"USD","framed":false,"w":18,"h":12,"label":"Paper / 12x18"},{"vendor":"juniper","url":"https://juniperprintshop.com/products/capitol-reef-1?variant=18566345523289","price":49.0,"currency":"USD","framed":false,"w":20,"h":16,"label":"Paper / 16x20"},{"vendor":"juniper","url":"https://juniperprintshop.com/products/capitol-reef-1?variant=39746661843033","price":59.0,"currency":"USD","framed":false,"w":24,"h":18,"label":"Paper / 18x24"},{"vendor":"juniper","url":"https://juniperprintshop.com/products/capitol-reef-1?variant=18566345556057","price":69.0,"currency":"USD","framed":false,"w":30,"h":20,"label":"Paper / 20x30"},{"vendor":"juniper","url":"https://juniperprintshop.com/products/capitol-reef-1?variant=18566345588825","price":99.0,"currency":"USD","framed":false,"w":36,"h":24,"label":"Paper / 24x36"},{"vendor":"juniper","url":"https://juniperprintshop.com/products/capitol-reef-1?variant=39746661875801","price":139.0,"currency":"USD","framed":false,"w":40,"h":30,"label":"Paper / 30x40"},{"vendor":"juniper","url":"https://juniperprintshop.com/products/capitol-reef-1?variant=18566345621593","price":149.0,"currency":"USD","framed":false,"w":47,"h":31,"label":"Paper / 31x47"},{"vendor":"juniper","url":"https://juniperprintshop.com/products/capitol-reef-1?variant=18566345654361","price":169.0,"currency":"USD","framed":false,"w":55,"h":40,"label":"Paper / 40x55"},{"vendor":"juniper","url":"https://juniperprintshop.com/products/capitol-reef-1?variant=18566345687129","price":229.0,"currency":"USD","framed":false,"w":79,"h":55,"label":"Paper / 55x79"}]
jp-station	Sherry Petersik	https://juniperprintshop.com/products/station	Station	photo	beach	https://cdn.shopify.com/s/files/1/1806/8745/products/STATION_5bdc9c1e-fd50-4fe3-9d40-6ab0ccb8e11b.jpg?v=1664235778&width=560	[{"vendor":"juniper","url":"https://juniperprintshop.com/products/station?variant=39746584936537","price":29.0,"currency":"USD","framed":false,"w":10,"h":8,"label":"Paper / 8x10"},{"vendor":"juniper","url":"https://juniperprintshop.com/products/station?variant=39746584969305","price":39.0,"currency":"USD","framed":false,"w":14,"h":11,"label":"Paper / 11x14"},{"vendor":"juniper","url":"https://juniperprintshop.com/products/station?variant=39746585002073","price":49.0,"currency":"USD","framed":false,"w":18,"h":12,"label":"Paper / 12x18"},{"vendor":"juniper","url":"https://juniperprintshop.com/products/station?variant=22057677815897","price":49.0,"currency":"USD","framed":false,"w":20,"h":16,"label":"Paper / 16x20"},{"vendor":"juniper","url":"https://juniperprintshop.com/products/station?variant=39746585034841","price":59.0,"currency":"USD","framed":false,"w":24,"h":18,"label":"Paper / 18x24"},{"vendor":"juniper","url":"https://juniperprintshop.com/products/station?variant=22057677848665","price":69.0,"currency":"USD","framed":false,"w":30,"h":20,"label":"Paper / 20x30"},{"vendor":"juniper","url":"https://juniperprintshop.com/products/station?variant=22057677881433","price":99.0,"currency":"USD","framed":false,"w":36,"h":24,"label":"Paper / 24x36"}]
jp-lilies-ii	Jenny Komenda	https://juniperprintshop.com/products/lilies-ii	Lilies II	print	flowers	https://cdn.shopify.com/s/files/1/1806/8745/products/LILIESII.jpg?v=1664167805&width=560	[{"vendor":"juniper","url":"https://juniperprintshop.com/products/lilies-ii?variant=39700686831705","price":29.0,"currency":"USD","framed":false,"w":8,"h":10,"label":"Paper / 8x10"},{"vendor":"juniper","url":"https://juniperprintshop.com/products/lilies-ii?variant=39700686864473","price":39.0,"currency":"USD","framed":false,"w":11,"h":14,"label":"Paper / 11x14"},{"vendor":"juniper","url":"https://juniperprintshop.com/products/lilies-ii?variant=39700686897241","price":49.0,"currency":"USD","framed":false,"w":12,"h":18,"label":"Paper / 12x18"},{"vendor":"juniper","url":"https://juniperprintshop.com/products/lilies-ii?variant=21799202291801","price":49.0,"currency":"USD","framed":false,"w":16,"h":20,"label":"Paper / 16x20"},{"vendor":"juniper","url":"https://juniperprintshop.com/products/lilies-ii?variant=39700686930009","price":59.0,"currency":"USD","framed":false,"w":18,"h":24,"label":"Paper / 18x24"},{"vendor":"juniper","url":"https://juniperprintshop.com/products/lilies-ii?variant=21799202324569","price":69.0,"currency":"USD","framed":false,"w":20,"h":30,"label":"Paper / 20x30"},{"vendor":"juniper","url":"https://juniperprintshop.com/products/lilies-ii?variant=21799202357337","price":99.0,"currency":"USD","framed":false,"w":24,"h":36,"label":"Paper / 24x36"},{"vendor":"juniper","url":"https://juniperprintshop.com/products/lilies-ii?variant=39700686962777","price":139.0,"currency":"USD","framed":false,"w":30,"h":40,"label":"Paper / 30x40"},{"vendor":"juniper","url":"https://juniperprintshop.com/products/lilies-ii?variant=21799202390105","price":149.0,"currency":"USD","framed":false,"w":31,"h":47,"label":"Paper / 31x47"},{"vendor":"juniper","url":"https://juniperprintshop.com/products/lilies-ii?variant=21799202422873","price":169.0,"currency":"USD","framed":false,"w":40,"h":55,"label":"Paper / 40x55"},{"vendor":"juniper","url":"https://juniperprintshop.com/products/lilies-ii?variant=21799202455641","price":229.0,"currency":"USD","framed":false,"w":55,"h":79,"label":"Paper / 55x79"}]
jp-lilies-i	Jenny Komenda	https://juniperprintshop.com/products/lilies-i	Lilies I	print	flowers	https://cdn.shopify.com/s/files/1/1806/8745/products/LILIESI.jpg?v=1664167785&width=560	[{"vendor":"juniper","url":"https://juniperprintshop.com/products/lilies-i?variant=39700678738009","price":29.0,"currency":"USD","framed":false,"w":8,"h":10,"label":"Paper / 8x10"},{"vendor":"juniper","url":"https://juniperprintshop.com/products/lilies-i?variant=39700678770777","price":39.0,"currency":"USD","framed":false,"w":11,"h":14,"label":"Paper / 11x14"},{"vendor":"juniper","url":"https://juniperprintshop.com/products/lilies-i?variant=39700678803545","price":49.0,"currency":"USD","framed":false,"w":12,"h":18,"label":"Paper / 12x18"},{"vendor":"juniper","url":"https://juniperprintshop.com/products/lilies-i?variant=21799185842265","price":49.0,"currency":"USD","framed":false,"w":16,"h":20,"label":"Paper / 16x20"},{"vendor":"juniper","url":"https://juniperprintshop.com/products/lilies-i?variant=39700678836313","price":59.0,"currency":"USD","framed":false,"w":18,"h":24,"label":"Paper / 18x24"},{"vendor":"juniper","url":"https://juniperprintshop.com/products/lilies-i?variant=21799185875033","price":69.0,"currency":"USD","framed":false,"w":20,"h":30,"label":"Paper / 20x30"},{"vendor":"juniper","url":"https://juniperprintshop.com/products/lilies-i?variant=21799185907801","price":99.0,"currency":"USD","framed":false,"w":24,"h":36,"label":"Paper / 24x36"},{"vendor":"juniper","url":"https://juniperprintshop.com/products/lilies-i?variant=39700678869081","price":139.0,"currency":"USD","framed":false,"w":30,"h":40,"label":"Paper / 30x40"},{"vendor":"juniper","url":"https://juniperprintshop.com/products/lilies-i?variant=21799185940569","price":149.0,"currency":"USD","framed":false,"w":31,"h":47,"label":"Paper / 31x47"},{"vendor":"juniper","url":"https://juniperprintshop.com/products/lilies-i?variant=21799185973337","price":169.0,"currency":"USD","framed":false,"w":40,"h":55,"label":"Paper / 40x55"},{"vendor":"juniper","url":"https://juniperprintshop.com/products/lilies-i?variant=21799186006105","price":229.0,"currency":"USD","framed":false,"w":55,"h":79,"label":"Paper / 55x79"}]
jp-highland	Lynne Millar	https://juniperprintshop.com/products/highland	Highland	print	landscape	https://cdn.shopify.com/s/files/1/1806/8745/products/HIGHLAND.jpg?v=1664166585&width=560	[{"vendor":"juniper","url":"https://juniperprintshop.com/products/highland?variant=39700672807001","price":29.0,"currency":"USD","framed":false,"w":10,"h":8,"label":"Paper / 8x10"},{"vendor":"juniper","url":"https://juniperprintshop.com/products/highland?variant=39700672839769","price":39.0,"currency":"USD","framed":false,"w":14,"h":11,"label":"Paper / 11x14"},{"vendor":"juniper","url":"https://juniperprintshop.com/products/highland?variant=39700672872537","price":49.0,"currency":"USD","framed":false,"w":18,"h":12,"label":"Paper / 12x18"},{"vendor":"juniper","url":"https://juniperprintshop.com/products/highland?variant=30413192659033","price":49.0,"currency":"USD","framed":false,"w":20,"h":16,"label":"Paper / 16x20"},{"vendor":"juniper","url":"https://juniperprintshop.com/products/highland?variant=39700672905305","price":59.0,"currency":"USD","framed":false,"w":24,"h":18,"label":"Paper / 18x24"},{"vendor":"juniper","url":"https://juniperprintshop.com/products/highland?variant=30413192691801","price":69.0,"currency":"USD","framed":false,"w":30,"h":20,"label":"Paper / 20x30"},{"vendor":"juniper","url":"https://juniperprintshop.com/products/highland?variant=30413192724569","price":99.0,"currency":"USD","framed":false,"w":36,"h":24,"label":"Paper / 24x36"},{"vendor":"juniper","url":"https://juniperprintshop.com/products/highland?variant=39700672938073","price":139.0,"currency":"USD","framed":false,"w":40,"h":30,"label":"Paper / 30x40"},{"vendor":"juniper","url":"https://juniperprintshop.com/products/highland?variant=30413192757337","price":149.0,"currency":"USD","framed":false,"w":47,"h":31,"label":"Paper / 31x47"},{"vendor":"juniper","url":"https://juniperprintshop.com/products/highland?variant=30413192790105","price":169.0,"currency":"USD","framed":false,"w":55,"h":40,"label":"Paper / 40x55"},{"vendor":"juniper","url":"https://juniperprintshop.com/products/highland?variant=30413192822873","price":229.0,"currency":"USD","framed":false,"w":79,"h":55,"label":"Paper / 55x79"}]
jp-sonnet	Jenna Marie Ward	https://juniperprintshop.com/products/sonnet	Sonnet	print	abstract	https://cdn.shopify.com/s/files/1/1806/8745/products/SONNET_c58d3fca-7ccc-4de6-a57a-174ea40e9c20.jpg?v=1664235552&width=560	[{"vendor":"juniper","url":"https://juniperprintshop.com/products/sonnet?variant=39746348875865","price":29.0,"currency":"USD","framed":false,"w":10,"h":8,"label":"Paper / 8x10"},{"vendor":"juniper","url":"https://juniperprintshop.com/products/sonnet?variant=39746348908633","price":39.0,"currency":"USD","framed":false,"w":14,"h":11,"label":"Paper / 11x14"},{"vendor":"juniper","url":"https://juniperprintshop.com/products/sonnet?variant=39746348941401","price":49.0,"currency":"USD","framed":false,"w":18,"h":12,"label":"Paper / 12x18"},{"vendor":"juniper","url":"https://juniperprintshop.com/products/sonnet?variant=39746348974169","price":59.0,"currency":"USD","framed":false,"w":30,"h":12,"label":"Paper / 12x30"},{"vendor":"juniper","url":"https://juniperprintshop.com/products/sonnet?variant=21149963190361","price":49.0,"currency":"USD","framed":false,"w":20,"h":16,"label":"Paper / 16x20"},{"vendor":"juniper","url":"https://juniperprintshop.com/products/sonnet?variant=39746349006937","price":59.0,"currency":"USD","framed":false,"w":24,"h":18,"label":"Paper / 18x24"},{"vendor":"juniper","url":"https://juniperprintshop.com/products/sonnet?variant=21149963223129","price":69.0,"currency":"USD","framed":false,"w":30,"h":20,"label":"Paper / 20x30"},{"vendor":"juniper","url":"https://juniperprintshop.com/products/sonnet?variant=32058136952921","price":139.0,"currency":"USD","framed":false,"w":55,"h":22,"label":"Paper / 22x55"},{"vendor":"juniper","url":"https://juniperprintshop.com/products/sonnet?variant=21149963255897","price":99.0,"currency":"USD","framed":false,"w":36,"h":24,"label":"Paper / 24x36"},{"vendor":"juniper","url":"https://juniperprintshop.com/products/sonnet?variant=39746349039705","price":139.0,"currency":"USD","framed":false,"w":40,"h":30,"label":"Paper / 30x40"},{"vendor":"juniper","url":"https://juniperprintshop.com/products/sonnet?variant=21149963288665","price":149.0,"currency":"USD","framed":false,"w":47,"h":31,"label":"Paper / 31x47"},{"vendor":"juniper","url":"https://juniperprintshop.com/products/sonnet?variant=21149963321433","price":169.0,"currency":"USD","framed":false,"w":55,"h":40,"label":"Paper / 40x55"},{"vendor":"juniper","url":"https://juniperprintshop.com/products/sonnet?variant=21149963354201","price":229.0,"currency":"USD","framed":false,"w":79,"h":55,"label":"Paper / 55x79"}]
jp-gather	Jenny Komenda	https://juniperprintshop.com/products/gather	Gather	print	flowers	https://cdn.shopify.com/s/files/1/1806/8745/products/GATHER_625ffa33-b9a5-4e71-a56d-c1321d1ace0e.jpg?v=1664086822&width=560	[{"vendor":"juniper","url":"https://juniperprintshop.com/products/gather?variant=39700671430745","price":29.0,"currency":"USD","framed":false,"w":8,"h":10,"label":"Paper / 8x10"},{"vendor":"juniper","url":"https://juniperprintshop.com/products/gather?variant=39700671463513","price":39.0,"currency":"USD","framed":false,"w":11,"h":14,"label":"Paper / 11x14"},{"vendor":"juniper","url":"https://juniperprintshop.com/products/gather?variant=39700671496281","price":49.0,"currency":"USD","framed":false,"w":12,"h":18,"label":"Paper / 12x18"},{"vendor":"juniper","url":"https://juniperprintshop.com/products/gather?variant=30413141114969","price":49.0,"currency":"USD","framed":false,"w":16,"h":20,"label":"Paper / 16x20"},{"vendor":"juniper","url":"https://juniperprintshop.com/products/gather?variant=39700671529049","price":59.0,"currency":"USD","framed":false,"w":18,"h":24,"label":"Paper / 18x24"},{"vendor":"juniper","url":"https://juniperprintshop.com/products/gather?variant=30413141147737","price":69.0,"currency":"USD","framed":false,"w":20,"h":30,"label":"Paper / 20x30"},{"vendor":"juniper","url":"https://juniperprintshop.com/products/gather?variant=30413141180505","price":99.0,"currency":"USD","framed":false,"w":24,"h":36,"label":"Paper / 24x36"},{"vendor":"juniper","url":"https://juniperprintshop.com/products/gather?variant=39700671561817","price":139.0,"currency":"USD","framed":false,"w":30,"h":40,"label":"Paper / 30x40"},{"vendor":"juniper","url":"https://juniperprintshop.com/products/gather?variant=30413141213273","price":149.0,"currency":"USD","framed":false,"w":31,"h":47,"label":"Paper / 31x47"},{"vendor":"juniper","url":"https://juniperprintshop.com/products/gather?variant=30413141246041","price":169.0,"currency":"USD","framed":false,"w":40,"h":55,"label":"Paper / 40x55"},{"vendor":"juniper","url":"https://juniperprintshop.com/products/gather?variant=30413141278809","price":229.0,"currency":"USD","framed":false,"w":55,"h":79,"label":"Paper / 55x79"}]
jp-riverside-1	Lynne Millar	https://juniperprintshop.com/products/riverside-1	Riverside	print	landscape	https://cdn.shopify.com/s/files/1/1806/8745/products/RIVERSIDE_2e96226d-036a-4475-a307-6060d705323e.jpg?v=1664231089&width=560	[{"vendor":"juniper","url":"https://juniperprintshop.com/products/riverside-1?variant=39746296315993","price":29.0,"currency":"USD","framed":false,"w":10,"h":8,"label":"Paper / 8x10"},{"vendor":"juniper","url":"https://juniperprintshop.com/products/riverside-1?variant=39746296348761","price":39.0,"currency":"USD","framed":false,"w":14,"h":11,"label":"Paper / 11x14"},{"vendor":"juniper","url":"https://juniperprintshop.com/products/riverside-1?variant=39746296381529","price":49.0,"currency":"USD","framed":false,"w":18,"h":12,"label":"Paper / 12x18"},{"vendor":"juniper","url":"https://juniperprintshop.com/products/riverside-1?variant=39746296414297","price":59.0,"currency":"USD","framed":false,"w":30,"h":12,"label":"Paper / 12x30"},{"vendor":"juniper","url":"https://juniperprintshop.com/products/riverside-1?variant=18603361894489","price":49.0,"currency":"USD","framed":false,"w":20,"h":16,"label":"Paper / 16x20"},{"vendor":"juniper","url":"https://juniperprintshop.com/products/riverside-1?variant=39746296447065","price":59.0,"currency":"USD","framed":false,"w":24,"h":18,"label":"Paper / 18x24"},{"vendor":"juniper","url":"https://juniperprintshop.com/products/riverside-1?variant=18603361927257","price":69.0,"currency":"USD","framed":false,"w":30,"h":20,"label":"Paper / 20x30"},{"vendor":"juniper","url":"https://juniperprintshop.com/products/riverside-1?variant=31522695839833","price":139.0,"currency":"USD","framed":false,"w":55,"h":22,"label":"Paper / 22x55"},{"vendor":"juniper","url":"https://juniperprintshop.com/products/riverside-1?variant=18603361960025","price":99.0,"currency":"USD","framed":false,"w":36,"h":24,"label":"Paper / 24x36"},{"vendor":"juniper","url":"https://juniperprintshop.com/products/riverside-1?variant=39746296479833","price":139.0,"currency":"USD","framed":false,"w":40,"h":30,"label":"Paper / 30x40"},{"vendor":"juniper","url":"https://juniperprintshop.com/products/riverside-1?variant=18603361992793","price":149.0,"currency":"USD","framed":false,"w":47,"h":31,"label":"Paper / 31x47"},{"vendor":"juniper","url":"https://juniperprintshop.com/products/riverside-1?variant=18603362058329","price":169.0,"currency":"USD","framed":false,"w":55,"h":40,"label":"Paper / 40x55"},{"vendor":"juniper","url":"https://juniperprintshop.com/products/riverside-1?variant=18603362091097","price":229.0,"currency":"USD","framed":false,"w":79,"h":55,"label":"Paper / 55x79"}]
jp-fields	Jenny Komenda	https://juniperprintshop.com/products/fields	Fields	print	abstract	https://cdn.shopify.com/s/files/1/1806/8745/products/FIELDS_5d781f2a-83cc-48c3-ac40-265af9eff649.jpg?v=1664086194&width=560	[{"vendor":"juniper","url":"https://juniperprintshop.com/products/fields?variant=39681144946777","price":29.0,"currency":"USD","framed":false,"w":10,"h":8,"label":"Paper / 8x10"},{"vendor":"juniper","url":"https://juniperprintshop.com/products/fields?variant=39681144979545","price":39.0,"currency":"USD","framed":false,"w":14,"h":11,"label":"Paper / 11x14"},{"vendor":"juniper","url":"https://juniperprintshop.com/products/fields?variant=39681145012313","price":49.0,"currency":"USD","framed":false,"w":18,"h":12,"label":"Paper / 12x18"},{"vendor":"juniper","url":"https://juniperprintshop.com/products/fields?variant=39681145045081","price":59.0,"currency":"USD","framed":false,"w":30,"h":12,"label":"Paper / 12x30"},{"vendor":"juniper","url":"https://juniperprintshop.com/products/fields?variant=31128971313241","price":49.0,"currency":"USD","framed":false,"w":20,"h":16,"label":"Paper / 16x20"},{"vendor":"juniper","url":"https://juniperprintshop.com/products/fields?variant=39681145077849","price":59.0,"currency":"USD","framed":false,"w":24,"h":18,"label":"Paper / 18x24"},{"vendor":"juniper","url":"https://juniperprintshop.com/products/fields?variant=31128971346009","price":69.0,"currency":"USD","framed":false,"w":30,"h":20,"label":"Paper / 20x30"},{"vendor":"juniper","url":"https://juniperprintshop.com/products/fields?variant=32058096910425","price":139.0,"currency":"USD","framed":false,"w":55,"h":22,"label":"Paper / 22x55"},{"vendor":"juniper","url":"https://juniperprintshop.com/products/fields?variant=31128971378777","price":99.0,"currency":"USD","framed":false,"w":36,"h":24,"label":"Paper / 24x36"},{"vendor":"juniper","url":"https://juniperprintshop.com/products/fields?variant=39681145143385","price":139.0,"currency":"USD","framed":false,"w":40,"h":30,"label":"Paper / 30x40"},{"vendor":"juniper","url":"https://juniperprintshop.com/products/fields?variant=31128971411545","price":149.0,"currency":"USD","framed":false,"w":47,"h":31,"label":"Paper / 31x47"},{"vendor":"juniper","url":"https://juniperprintshop.com/products/fields?variant=31128971444313","price":169.0,"currency":"USD","framed":false,"w":55,"h":40,"label":"Paper / 40x55"},{"vendor":"juniper","url":"https://juniperprintshop.com/products/fields?variant=31128971477081","price":229.0,"currency":"USD","framed":false,"w":79,"h":55,"label":"Paper / 55x79"}]
jp-painted-desert-1	Autumn Rose	https://juniperprintshop.com/products/painted-desert-1	Painted Desert	print	abstract	https://cdn.shopify.com/s/files/1/1806/8745/products/PAINTEDDESERT_9f625672-014a-469c-9bc0-738bead79aca.jpg?v=1671606997&width=560	[{"vendor":"juniper","url":"https://juniperprintshop.com/products/painted-desert-1?variant=39746140373081","price":29.0,"currency":"USD","framed":false,"w":8,"h":10,"label":"Paper / 8x10"},{"vendor":"juniper","url":"https://juniperprintshop.com/products/painted-desert-1?variant=39746140405849","price":39.0,"currency":"USD","framed":false,"w":11,"h":14,"label":"Paper / 11x14"},{"vendor":"juniper","url":"https://juniperprintshop.com/products/painted-desert-1?variant=39746140438617","price":49.0,"currency":"USD","framed":false,"w":12,"h":18,"label":"Paper / 12x18"},{"vendor":"juniper","url":"https://juniperprintshop.com/products/painted-desert-1?variant=18602855137369","price":49.0,"currency":"USD","framed":false,"w":16,"h":20,"label":"Paper / 16x20"},{"vendor":"juniper","url":"https://juniperprintshop.com/products/painted-desert-1?variant=39746140471385","price":59.0,"currency":"USD","framed":false,"w":18,"h":24,"label":"Paper / 18x24"},{"vendor":"juniper","url":"https://juniperprintshop.com/products/painted-desert-1?variant=18602855202905","price":69.0,"currency":"USD","framed":false,"w":20,"h":30,"label":"Paper / 20x30"},{"vendor":"juniper","url":"https://juniperprintshop.com/products/painted-desert-1?variant=18602855268441","price":99.0,"currency":"USD","framed":false,"w":24,"h":36,"label":"Paper / 24x36"},{"vendor":"juniper","url":"https://juniperprintshop.com/products/painted-desert-1?variant=39746140504153","price":139.0,"currency":"USD","framed":false,"w":30,"h":40,"label":"Paper / 30x40"},{"vendor":"juniper","url":"https://juniperprintshop.com/products/painted-desert-1?variant=18602855333977","price":149.0,"currency":"USD","framed":false,"w":31,"h":47,"label":"Paper / 31x47"},{"vendor":"juniper","url":"https://juniperprintshop.com/products/painted-desert-1?variant=18602855399513","price":169.0,"currency":"USD","framed":false,"w":40,"h":55,"label":"Paper / 40x55"},{"vendor":"juniper","url":"https://juniperprintshop.com/products/painted-desert-1?variant=18602855465049","price":229.0,"currency":"USD","framed":false,"w":55,"h":79,"label":"Paper / 55x79"}]
jp-naomi	Kristine Brookshire	https://juniperprintshop.com/products/naomi	Naomi	print	figure	https://cdn.shopify.com/s/files/1/1806/8745/products/NAOMI.jpg?v=1664206382&width=560	[{"vendor":"juniper","url":"https://juniperprintshop.com/products/naomi?variant=39746077950041","price":29.0,"currency":"USD","framed":false,"w":8,"h":10,"label":"Paper / 8x10"},{"vendor":"juniper","url":"https://juniperprintshop.com/products/naomi?variant=39746077982809","price":39.0,"currency":"USD","framed":false,"w":11,"h":14,"label":"Paper / 11x14"},{"vendor":"juniper","url":"https://juniperprintshop.com/products/naomi?variant=39746078015577","price":49.0,"currency":"USD","framed":false,"w":12,"h":18,"label":"Paper / 12x18"},{"vendor":"juniper","url":"https://juniperprintshop.com/products/naomi?variant=18842708181081","price":49.0,"currency":"USD","framed":false,"w":16,"h":20,"label":"Paper / 16x20"},{"vendor":"juniper","url":"https://juniperprintshop.com/products/naomi?variant=39746078048345","price":59.0,"currency":"USD","framed":false,"w":18,"h":24,"label":"Paper / 18x24"},{"vendor":"juniper","url":"https://juniperprintshop.com/products/naomi?variant=18842708246617","price":69.0,"currency":"USD","framed":false,"w":20,"h":30,"label":"Paper / 20x30"},{"vendor":"juniper","url":"https://juniperprintshop.com/products/naomi?variant=18842708279385","price":99.0,"currency":"USD","framed":false,"w":24,"h":36,"label":"Paper / 24x36"},{"vendor":"juniper","url":"https://juniperprintshop.com/products/naomi?variant=39746078081113","price":139.0,"currency":"USD","framed":false,"w":30,"h":40,"label":"Paper / 30x40"},{"vendor":"juniper","url":"https://juniperprintshop.com/products/naomi?variant=18842708312153","price":149.0,"currency":"USD","framed":false,"w":31,"h":47,"label":"Paper / 31x47"},{"vendor":"juniper","url":"https://juniperprintshop.com/products/naomi?variant=18842708344921","price":169.0,"currency":"USD","framed":false,"w":40,"h":55,"label":"Paper / 40x55"},{"vendor":"juniper","url":"https://juniperprintshop.com/products/naomi?variant=18842708377689","price":229.0,"currency":"USD","framed":false,"w":55,"h":79,"label":"Paper / 55x79"}]
jp-cranberry-island-i	Sarah Madeira Day	https://juniperprintshop.com/products/cranberry-island-i	Cranberry Island I	print	landscape	https://cdn.shopify.com/s/files/1/1806/8745/products/CRANBERRYISLANDI.jpg?v=1664085011&width=560	[{"vendor":"juniper","url":"https://juniperprintshop.com/products/cranberry-island-i?variant=39553390280793","price":29.0,"currency":"USD","framed":false,"w":8,"h":10,"label":"Paper / 8x10"},{"vendor":"juniper","url":"https://juniperprintshop.com/products/cranberry-island-i?variant=39553390313561","price":39.0,"currency":"USD","framed":false,"w":11,"h":14,"label":"Paper / 11x14"},{"vendor":"juniper","url":"https://juniperprintshop.com/products/cranberry-island-i?variant=39553390346329","price":49.0,"currency":"USD","framed":false,"w":12,"h":18,"label":"Paper / 12x18"},{"vendor":"juniper","url":"https://juniperprintshop.com/products/cranberry-island-i?variant=39553390411865","price":49.0,"currency":"USD","framed":false,"w":16,"h":20,"label":"Paper / 16x20"},{"vendor":"juniper","url":"https://juniperprintshop.com/products/cranberry-island-i?variant=39553390444633","price":59.0,"currency":"USD","framed":false,"w":18,"h":24,"label":"Paper / 18x24"},{"vendor":"juniper","url":"https://juniperprintshop.com/products/cranberry-island-i?variant=39553390477401","price":69.0,"currency":"USD","framed":false,"w":20,"h":30,"label":"Paper / 20x30"},{"vendor":"juniper","url":"https://juniperprintshop.com/products/cranberry-island-i?variant=39553390542937","price":99.0,"currency":"USD","framed":false,"w":24,"h":36,"label":"Paper / 24x36"},{"vendor":"juniper","url":"https://juniperprintshop.com/products/cranberry-island-i?variant=39553390575705","price":139.0,"currency":"USD","framed":false,"w":30,"h":40,"label":"Paper / 30x40"},{"vendor":"juniper","url":"https://juniperprintshop.com/products/cranberry-island-i?variant=39553390608473","price":149.0,"currency":"USD","framed":false,"w":31,"h":47,"label":"Paper / 31x47"}]
jp-gosling-island-1	Sarah Madeira Day	https://juniperprintshop.com/products/gosling-island-1	Gosling Island	print	water	https://cdn.shopify.com/s/files/1/1806/8745/products/GOSLINGISLAND.jpg?v=1664086925&width=560	[{"vendor":"juniper","url":"https://juniperprintshop.com/products/gosling-island-1?variant=39745746796633","price":29.0,"currency":"USD","framed":false,"w":10,"h":8,"label":"Paper / 8x10"},{"vendor":"juniper","url":"https://juniperprintshop.com/products/gosling-island-1?variant=39745746829401","price":39.0,"currency":"USD","framed":false,"w":14,"h":11,"label":"Paper / 11x14"},{"vendor":"juniper","url":"https://juniperprintshop.com/products/gosling-island-1?variant=39745746862169","price":49.0,"currency":"USD","framed":false,"w":18,"h":12,"label":"Paper / 12x18"},{"vendor":"juniper","url":"https://juniperprintshop.com/products/gosling-island-1?variant=18601089073241","price":49.0,"currency":"USD","framed":false,"w":20,"h":16,"label":"Paper / 16x20"},{"vendor":"juniper","url":"https://juniperprintshop.com/products/gosling-island-1?variant=39745746894937","price":59.0,"currency":"USD","framed":false,"w":24,"h":18,"label":"Paper / 18x24"},{"vendor":"juniper","url":"https://juniperprintshop.com/products/gosling-island-1?variant=18601089106009","price":69.0,"currency":"USD","framed":false,"w":30,"h":20,"label":"Paper / 20x30"},{"vendor":"juniper","url":"https://juniperprintshop.com/products/gosling-island-1?variant=18601089138777","price":99.0,"currency":"USD","framed":false,"w":36,"h":24,"label":"Paper / 24x36"},{"vendor":"juniper","url":"https://juniperprintshop.com/products/gosling-island-1?variant=39745746927705","price":139.0,"currency":"USD","framed":false,"w":40,"h":30,"label":"Paper / 30x40"},{"vendor":"juniper","url":"https://juniperprintshop.com/products/gosling-island-1?variant=18601089171545","price":149.0,"currency":"USD","framed":false,"w":47,"h":31,"label":"Paper / 31x47"},{"vendor":"juniper","url":"https://juniperprintshop.com/products/gosling-island-1?variant=18601089204313","price":169.0,"currency":"USD","framed":false,"w":55,"h":40,"label":"Paper / 40x55"},{"vendor":"juniper","url":"https://juniperprintshop.com/products/gosling-island-1?variant=18601089237081","price":229.0,"currency":"USD","framed":false,"w":79,"h":55,"label":"Paper / 55x79"}]
jp-coral	Laci Fowler	https://juniperprintshop.com/products/coral	Coral	print	abstract	https://cdn.shopify.com/s/files/1/1806/8745/products/CORAL_2e3fc0cb-ea8c-46d2-8063-73da1614ab9d.jpg?v=1664084952&width=560	[{"vendor":"juniper","url":"https://juniperprintshop.com/products/coral?variant=39676400828505","price":29.0,"currency":"USD","framed":false,"w":10,"h":8,"label":"Paper / 8x10"},{"vendor":"juniper","url":"https://juniperprintshop.com/products/coral?variant=39676400861273","price":39.0,"currency":"USD","framed":false,"w":14,"h":11,"label":"Paper / 11x14"},{"vendor":"juniper","url":"https://juniperprintshop.com/products/coral?variant=39676400926809","price":49.0,"currency":"USD","framed":false,"w":18,"h":12,"label":"Paper / 12x18"},{"vendor":"juniper","url":"https://juniperprintshop.com/products/coral?variant=31064670535769","price":49.0,"currency":"USD","framed":false,"w":20,"h":16,"label":"Paper / 16x20"},{"vendor":"juniper","url":"https://juniperprintshop.com/products/coral?variant=39676400992345","price":59.0,"currency":"USD","framed":false,"w":24,"h":18,"label":"Paper / 18x24"},{"vendor":"juniper","url":"https://juniperprintshop.com/products/coral?variant=31064670568537","price":69.0,"currency":"USD","framed":false,"w":30,"h":20,"label":"Paper / 20x30"},{"vendor":"juniper","url":"https://juniperprintshop.com/products/coral?variant=31064670601305","price":99.0,"currency":"USD","framed":false,"w":36,"h":24,"label":"Paper / 24x36"},{"vendor":"juniper","url":"https://juniperprintshop.com/products/coral?variant=39676401025113","price":139.0,"currency":"USD","framed":false,"w":40,"h":30,"label":"Paper / 30x40"},{"vendor":"juniper","url":"https://juniperprintshop.com/products/coral?variant=31064670634073","price":149.0,"currency":"USD","framed":false,"w":47,"h":31,"label":"Paper / 31x47"},{"vendor":"juniper","url":"https://juniperprintshop.com/products/coral?variant=31064670666841","price":169.0,"currency":"USD","framed":false,"w":55,"h":40,"label":"Paper / 40x55"},{"vendor":"juniper","url":"https://juniperprintshop.com/products/coral?variant=31064670699609","price":229.0,"currency":"USD","framed":false,"w":79,"h":55,"label":"Paper / 55x79"}]
jp-golden-1	Emily Tingey	https://juniperprintshop.com/products/golden-1	Golden	print	abstract	https://cdn.shopify.com/s/files/1/1806/8745/products/GOLDEN_c1575976-0f47-4cda-9ac9-3e80a42271c6.jpg?v=1664086892&width=560	[{"vendor":"juniper","url":"https://juniperprintshop.com/products/golden-1?variant=39745728872537","price":29.0,"currency":"USD","framed":false,"w":10,"h":8,"label":"Paper / 8x10"},{"vendor":"juniper","url":"https://juniperprintshop.com/products/golden-1?variant=39745728905305","price":39.0,"currency":"USD","framed":false,"w":14,"h":11,"label":"Paper / 11x14"},{"vendor":"juniper","url":"https://juniperprintshop.com/products/golden-1?variant=39745728938073","price":49.0,"currency":"USD","framed":false,"w":18,"h":12,"label":"Paper / 12x18"},{"vendor":"juniper","url":"https://juniperprintshop.com/products/golden-1?variant=18606829666393","price":49.0,"currency":"USD","framed":false,"w":20,"h":16,"label":"Paper / 16x20"},{"vendor":"juniper","url":"https://juniperprintshop.com/products/golden-1?variant=39745728970841","price":59.0,"currency":"USD","framed":false,"w":24,"h":18,"label":"Paper / 18x24"},{"vendor":"juniper","url":"https://juniperprintshop.com/products/golden-1?variant=18606829699161","price":69.0,"currency":"USD","framed":false,"w":30,"h":20,"label":"Paper / 20x30"},{"vendor":"juniper","url":"https://juniperprintshop.com/products/golden-1?variant=18606829731929","price":99.0,"currency":"USD","framed":false,"w":36,"h":24,"label":"Paper / 24x36"},{"vendor":"juniper","url":"https://juniperprintshop.com/products/golden-1?variant=39745729003609","price":139.0,"currency":"USD","framed":false,"w":40,"h":30,"label":"Paper / 30x40"},{"vendor":"juniper","url":"https://juniperprintshop.com/products/golden-1?variant=18606829764697","price":149.0,"currency":"USD","framed":false,"w":47,"h":31,"label":"Paper / 31x47"},{"vendor":"juniper","url":"https://juniperprintshop.com/products/golden-1?variant=18606829797465","price":169.0,"currency":"USD","framed":false,"w":55,"h":40,"label":"Paper / 40x55"},{"vendor":"juniper","url":"https://juniperprintshop.com/products/golden-1?variant=18606829830233","price":229.0,"currency":"USD","framed":false,"w":79,"h":55,"label":"Paper / 55x79"}]
jp-copenhagen	Jenny Komenda	https://juniperprintshop.com/products/copenhagen	Copenhagen	photo	water	https://cdn.shopify.com/s/files/1/1806/8745/products/COPENHAGEN_91ab2f7a-7214-43ec-a91c-5d70169ffbdc.jpg?v=1664084918&width=560	[{"vendor":"juniper","url":"https://juniperprintshop.com/products/copenhagen?variant=39746966618201","price":29.0,"currency":"USD","framed":false,"w":10,"h":8,"label":"Paper / 8x10"},{"vendor":"juniper","url":"https://juniperprintshop.com/products/copenhagen?variant=39746966650969","price":39.0,"currency":"USD","framed":false,"w":14,"h":11,"label":"Paper / 11x14"},{"vendor":"juniper","url":"https://juniperprintshop.com/products/copenhagen?variant=39746966683737","price":49.0,"currency":"USD","framed":false,"w":18,"h":12,"label":"Paper / 12x18"},{"vendor":"juniper","url":"https://juniperprintshop.com/products/copenhagen?variant=18566927843417","price":49.0,"currency":"USD","framed":false,"w":20,"h":16,"label":"Paper / 16x20"},{"vendor":"juniper","url":"https://juniperprintshop.com/products/copenhagen?variant=39746966716505","price":59.0,"currency":"USD","framed":false,"w":24,"h":18,"label":"Paper / 18x24"},{"vendor":"juniper","url":"https://juniperprintshop.com/products/copenhagen?variant=18566927876185","price":69.0,"currency":"USD","framed":false,"w":30,"h":20,"label":"Paper / 20x30"},{"vendor":"juniper","url":"https://juniperprintshop.com/products/copenhagen?variant=18566927908953","price":99.0,"currency":"USD","framed":false,"w":36,"h":24,"label":"Paper / 24x36"},{"vendor":"juniper","url":"https://juniperprintshop.com/products/copenhagen?variant=39746966749273","price":139.0,"currency":"USD","framed":false,"w":40,"h":30,"label":"Paper / 30x40"},{"vendor":"juniper","url":"https://juniperprintshop.com/products/copenhagen?variant=18566927941721","price":149.0,"currency":"USD","framed":false,"w":47,"h":31,"label":"Paper / 31x47"},{"vendor":"juniper","url":"https://juniperprintshop.com/products/copenhagen?variant=18566927974489","price":169.0,"currency":"USD","framed":false,"w":55,"h":40,"label":"Paper / 40x55"},{"vendor":"juniper","url":"https://juniperprintshop.com/products/copenhagen?variant=18566928007257","price":229.0,"currency":"USD","framed":false,"w":79,"h":55,"label":"Paper / 55x79"}]
jp-counting-sheep-1	Cami Parker	https://juniperprintshop.com/products/counting-sheep-1	Counting Sheep	photo	architecture	https://cdn.shopify.com/s/files/1/1806/8745/products/COUNTINGSHEEP.jpg?v=1664084975&width=560	[{"vendor":"juniper","url":"https://juniperprintshop.com/products/counting-sheep-1?variant=39742189109337","price":29.0,"currency":"USD","framed":false,"w":10,"h":8,"label":"Paper / 8x10"},{"vendor":"juniper","url":"https://juniperprintshop.com/products/counting-sheep-1?variant=39742189142105","price":39.0,"currency":"USD","framed":false,"w":14,"h":11,"label":"Paper / 11x14"},{"vendor":"juniper","url":"https://juniperprintshop.com/products/counting-sheep-1?variant=39742189174873","price":49.0,"currency":"USD","framed":false,"w":18,"h":12,"label":"Paper / 12x18"},{"vendor":"juniper","url":"https://juniperprintshop.com/products/counting-sheep-1?variant=18606475116633","price":49.0,"currency":"USD","framed":false,"w":20,"h":16,"label":"Paper / 16x20"},{"vendor":"juniper","url":"https://juniperprintshop.com/products/counting-sheep-1?variant=39742189207641","price":59.0,"currency":"USD","framed":false,"w":24,"h":18,"label":"Paper / 18x24"},{"vendor":"juniper","url":"https://juniperprintshop.com/products/counting-sheep-1?variant=18606475149401","price":69.0,"currency":"USD","framed":false,"w":30,"h":20,"label":"Paper / 20x30"},{"vendor":"juniper","url":"https://juniperprintshop.com/products/counting-sheep-1?variant=18606475182169","price":99.0,"currency":"USD","framed":false,"w":36,"h":24,"label":"Paper / 24x36"},{"vendor":"juniper","url":"https://juniperprintshop.com/products/counting-sheep-1?variant=40262675988569","price":139.0,"currency":"USD","framed":false,"w":40,"h":30,"label":"Paper / 30x40"},{"vendor":"juniper","url":"https://juniperprintshop.com/products/counting-sheep-1?variant=18606475214937","price":149.0,"currency":"USD","framed":false,"w":47,"h":31,"label":"Paper / 31x47"},{"vendor":"juniper","url":"https://juniperprintshop.com/products/counting-sheep-1?variant=18606475247705","price":169.0,"currency":"USD","framed":false,"w":55,"h":40,"label":"Paper / 40x55"},{"vendor":"juniper","url":"https://juniperprintshop.com/products/counting-sheep-1?variant=18606475280473","price":229.0,"currency":"USD","framed":false,"w":79,"h":55,"label":"Paper / 55x79"}]
jp-boardwalk	Jenny Komenda	https://juniperprintshop.com/products/boardwalk	Boardwalk	photo	beach	https://cdn.shopify.com/s/files/1/1806/8745/products/BOARDWALK_c87ed69a-bd55-465d-a046-fc5e2b9a9c97.jpg?v=1664082790&width=560	[{"vendor":"juniper","url":"https://juniperprintshop.com/products/boardwalk?variant=39746980642905","price":29.0,"currency":"USD","framed":false,"w":10,"h":8,"label":"Paper / 8x10"},{"vendor":"juniper","url":"https://juniperprintshop.com/products/boardwalk?variant=39746980675673","price":39.0,"currency":"USD","framed":false,"w":14,"h":11,"label":"Paper / 11x14"},{"vendor":"juniper","url":"https://juniperprintshop.com/products/boardwalk?variant=39746980708441","price":49.0,"currency":"USD","framed":false,"w":18,"h":12,"label":"Paper / 12x18"},{"vendor":"juniper","url":"https://juniperprintshop.com/products/boardwalk?variant=18566246793305","price":49.0,"currency":"USD","framed":false,"w":20,"h":16,"label":"Paper / 16x20"},{"vendor":"juniper","url":"https://juniperprintshop.com/products/boardwalk?variant=39746980741209","price":59.0,"currency":"USD","framed":false,"w":24,"h":18,"label":"Paper / 18x24"},{"vendor":"juniper","url":"https://juniperprintshop.com/products/boardwalk?variant=18566246858841","price":69.0,"currency":"USD","framed":false,"w":30,"h":20,"label":"Paper / 20x30"},{"vendor":"juniper","url":"https://juniperprintshop.com/products/boardwalk?variant=18566246924377","price":99.0,"currency":"USD","framed":false,"w":36,"h":24,"label":"Paper / 24x36"},{"vendor":"juniper","url":"https://juniperprintshop.com/products/boardwalk?variant=39746980773977","price":139.0,"currency":"USD","framed":false,"w":40,"h":30,"label":"Paper / 30x40"},{"vendor":"juniper","url":"https://juniperprintshop.com/products/boardwalk?variant=18566246989913","price":149.0,"currency":"USD","framed":false,"w":47,"h":31,"label":"Paper / 31x47"},{"vendor":"juniper","url":"https://juniperprintshop.com/products/boardwalk?variant=18566247055449","price":169.0,"currency":"USD","framed":false,"w":55,"h":40,"label":"Paper / 40x55"},{"vendor":"juniper","url":"https://juniperprintshop.com/products/boardwalk?variant=18566247120985","price":229.0,"currency":"USD","framed":false,"w":79,"h":55,"label":"Paper / 55x79"}]
jp-coneflower	Beth Allen	https://juniperprintshop.com/products/coneflower	Coneflower	print	abstract	https://cdn.shopify.com/s/files/1/1806/8745/products/CONEFLOWER_8c47a2c9-daf0-4704-bc6e-6d22a2276f1d.jpg?v=1664084817&width=560	[{"vendor":"juniper","url":"https://juniperprintshop.com/products/coneflower?variant=39740169125977","price":29.0,"currency":"USD","framed":false,"w":8,"h":10,"label":"Paper / 8x10"},{"vendor":"juniper","url":"https://juniperprintshop.com/products/coneflower?variant=39740169158745","price":39.0,"currency":"USD","framed":false,"w":11,"h":14,"label":"Paper / 11x14"},{"vendor":"juniper","url":"https://juniperprintshop.com/products/coneflower?variant=39740169191513","price":49.0,"currency":"USD","framed":false,"w":12,"h":18,"label":"Paper / 12x18"},{"vendor":"juniper","url":"https://juniperprintshop.com/products/coneflower?variant=21799149797465","price":49.0,"currency":"USD","framed":false,"w":16,"h":20,"label":"Paper / 16x20"},{"vendor":"juniper","url":"https://juniperprintshop.com/products/coneflower?variant=39740169224281","price":59.0,"currency":"USD","framed":false,"w":18,"h":24,"label":"Paper / 18x24"},{"vendor":"juniper","url":"https://juniperprintshop.com/products/coneflower?variant=21799149830233","price":69.0,"currency":"USD","framed":false,"w":20,"h":30,"label":"Paper / 20x30"},{"vendor":"juniper","url":"https://juniperprintshop.com/products/coneflower?variant=21799149863001","price":99.0,"currency":"USD","framed":false,"w":24,"h":36,"label":"Paper / 24x36"},{"vendor":"juniper","url":"https://juniperprintshop.com/products/coneflower?variant=39740169257049","price":139.0,"currency":"USD","framed":false,"w":30,"h":40,"label":"Paper / 30x40"},{"vendor":"juniper","url":"https://juniperprintshop.com/products/coneflower?variant=21799149895769","price":149.0,"currency":"USD","framed":false,"w":31,"h":47,"label":"Paper / 31x47"},{"vendor":"juniper","url":"https://juniperprintshop.com/products/coneflower?variant=21799149928537","price":169.0,"currency":"USD","framed":false,"w":40,"h":55,"label":"Paper / 40x55"},{"vendor":"juniper","url":"https://juniperprintshop.com/products/coneflower?variant=21799149961305","price":229.0,"currency":"USD","framed":false,"w":55,"h":79,"label":"Paper / 55x79"}]
jp-beachgoers	Kristine Brookshire	https://juniperprintshop.com/products/beachgoers	Beachgoers	print	lines	https://cdn.shopify.com/s/files/1/1806/8745/products/BEACHGOERS.jpg?v=1664082347&width=560	[{"vendor":"juniper","url":"https://juniperprintshop.com/products/beachgoers?variant=39532436848729","price":29.0,"currency":"USD","framed":false,"w":10,"h":8,"label":"Paper / 8x10"},{"vendor":"juniper","url":"https://juniperprintshop.com/products/beachgoers?variant=39532436881497","price":39.0,"currency":"USD","framed":false,"w":14,"h":11,"label":"Paper / 11x14"},{"vendor":"juniper","url":"https://juniperprintshop.com/products/beachgoers?variant=39532436914265","price":49.0,"currency":"USD","framed":false,"w":18,"h":12,"label":"Paper / 12x18"},{"vendor":"juniper","url":"https://juniperprintshop.com/products/beachgoers?variant=39365606932569","price":49.0,"currency":"USD","framed":false,"w":20,"h":16,"label":"Paper / 16x20"},{"vendor":"juniper","url":"https://juniperprintshop.com/products/beachgoers?variant=39366398378073","price":59.0,"currency":"USD","framed":false,"w":24,"h":18,"label":"Paper / 18x24"},{"vendor":"juniper","url":"https://juniperprintshop.com/products/beachgoers?variant=39365606965337","price":69.0,"currency":"USD","framed":false,"w":30,"h":20,"label":"Paper / 20x30"},{"vendor":"juniper","url":"https://juniperprintshop.com/products/beachgoers?variant=39365606998105","price":99.0,"currency":"USD","framed":false,"w":36,"h":24,"label":"Paper / 24x36"},{"vendor":"juniper","url":"https://juniperprintshop.com/products/beachgoers?variant=39532436947033","price":139.0,"currency":"USD","framed":false,"w":40,"h":30,"label":"Paper / 30x40"},{"vendor":"juniper","url":"https://juniperprintshop.com/products/beachgoers?variant=39365607030873","price":149.0,"currency":"USD","framed":false,"w":47,"h":31,"label":"Paper / 31x47"},{"vendor":"juniper","url":"https://juniperprintshop.com/products/beachgoers?variant=39365607063641","price":169.0,"currency":"USD","framed":false,"w":55,"h":40,"label":"Paper / 40x55"},{"vendor":"juniper","url":"https://juniperprintshop.com/products/beachgoers?variant=39365607096409","price":229.0,"currency":"USD","framed":false,"w":79,"h":55,"label":"Paper / 55x79"}]
jp-butterflies	Jenny Komenda	https://juniperprintshop.com/products/butterflies	Butterflies	photo	landscape	https://cdn.shopify.com/s/files/1/1806/8745/products/BUTTERFLIES_f52cb034-ff9a-442b-be65-14840bd2566d.jpg?v=1664083143&width=560	[{"vendor":"juniper","url":"https://juniperprintshop.com/products/butterflies?variant=39740152086617","price":29.0,"currency":"USD","framed":false,"w":8,"h":10,"label":"Paper / 8x10"},{"vendor":"juniper","url":"https://juniperprintshop.com/products/butterflies?variant=39740152119385","price":39.0,"currency":"USD","framed":false,"w":11,"h":14,"label":"Paper / 11x14"},{"vendor":"juniper","url":"https://juniperprintshop.com/products/butterflies?variant=39740152152153","price":49.0,"currency":"USD","framed":false,"w":12,"h":18,"label":"Paper / 12x18"},{"vendor":"juniper","url":"https://juniperprintshop.com/products/butterflies?variant=18606408532057","price":49.0,"currency":"USD","framed":false,"w":16,"h":20,"label":"Paper / 16x20"},{"vendor":"juniper","url":"https://juniperprintshop.com/products/butterflies?variant=39740152184921","price":59.0,"currency":"USD","framed":false,"w":18,"h":24,"label":"Paper / 18x24"},{"vendor":"juniper","url":"https://juniperprintshop.com/products/butterflies?variant=18606408663129","price":69.0,"currency":"USD","framed":false,"w":20,"h":30,"label":"Paper / 20x30"},{"vendor":"juniper","url":"https://juniperprintshop.com/products/butterflies?variant=18606408728665","price":99.0,"currency":"USD","framed":false,"w":24,"h":36,"label":"Paper / 24x36"},{"vendor":"juniper","url":"https://juniperprintshop.com/products/butterflies?variant=39740152217689","price":139.0,"currency":"USD","framed":false,"w":30,"h":40,"label":"Paper / 30x40"},{"vendor":"juniper","url":"https://juniperprintshop.com/products/butterflies?variant=18606408794201","price":149.0,"currency":"USD","framed":false,"w":31,"h":47,"label":"Paper / 31x47"},{"vendor":"juniper","url":"https://juniperprintshop.com/products/butterflies?variant=18606408859737","price":169.0,"currency":"USD","framed":false,"w":40,"h":55,"label":"Paper / 40x55"},{"vendor":"juniper","url":"https://juniperprintshop.com/products/butterflies?variant=18606408958041","price":229.0,"currency":"USD","framed":false,"w":55,"h":79,"label":"Paper / 55x79"}]
jp-anemone	Azzari Jarrett	https://juniperprintshop.com/products/anemone	Anemone	photo	flowers	https://cdn.shopify.com/s/files/1/1806/8745/products/ANEMONEI.jpg?v=1664081354&width=560	[{"vendor":"juniper","url":"https://juniperprintshop.com/products/anemone?variant=39553660878937","price":29.0,"currency":"USD","framed":false,"w":8,"h":10,"label":"Paper / 8x10"},{"vendor":"juniper","url":"https://juniperprintshop.com/products/anemone?variant=39553660911705","price":39.0,"currency":"USD","framed":false,"w":11,"h":14,"label":"Paper / 11x14"},{"vendor":"juniper","url":"https://juniperprintshop.com/products/anemone?variant=39553660944473","price":49.0,"currency":"USD","framed":false,"w":12,"h":18,"label":"Paper / 12x18"},{"vendor":"juniper","url":"https://juniperprintshop.com/products/anemone?variant=32044971819097","price":49.0,"currency":"USD","framed":false,"w":16,"h":20,"label":"Paper / 16x20"},{"vendor":"juniper","url":"https://juniperprintshop.com/products/anemone?variant=39553660977241","price":59.0,"currency":"USD","framed":false,"w":18,"h":24,"label":"Paper / 18x24"},{"vendor":"juniper","url":"https://juniperprintshop.com/products/anemone?variant=32044971851865","price":69.0,"currency":"USD","framed":false,"w":20,"h":30,"label":"Paper / 20x30"},{"vendor":"juniper","url":"https://juniperprintshop.com/products/anemone?variant=32044971884633","price":99.0,"currency":"USD","framed":false,"w":24,"h":36,"label":"Paper / 24x36"},{"vendor":"juniper","url":"https://juniperprintshop.com/products/anemone?variant=39553661010009","price":139.0,"currency":"USD","framed":false,"w":30,"h":40,"label":"Paper / 30x40"},{"vendor":"juniper","url":"https://juniperprintshop.com/products/anemone?variant=32044971917401","price":149.0,"currency":"USD","framed":false,"w":31,"h":47,"label":"Paper / 31x47"},{"vendor":"juniper","url":"https://juniperprintshop.com/products/anemone?variant=32044971950169","price":169.0,"currency":"USD","framed":false,"w":40,"h":55,"label":"Paper / 40x55"},{"vendor":"juniper","url":"https://juniperprintshop.com/products/anemone?variant=32044971982937","price":229.0,"currency":"USD","framed":false,"w":55,"h":79,"label":"Paper / 55x79"}]
jp-meadow-flowers-i	Kelly Ventura	https://juniperprintshop.com/products/meadow-flowers-i	Meadow Flowers I	print	flowers	https://cdn.shopify.com/s/files/1/1806/8745/products/MEADOWFLOWERSI.jpg?v=1671606358&width=560	[{"vendor":"juniper","url":"https://juniperprintshop.com/products/meadow-flowers-i?variant=39539794215001","price":29.0,"currency":"USD","framed":false,"w":8,"h":10,"label":"Paper / 8x10"},{"vendor":"juniper","url":"https://juniperprintshop.com/products/meadow-flowers-i?variant=39539794247769","price":39.0,"currency":"USD","framed":false,"w":11,"h":14,"label":"Paper / 11x14"},{"vendor":"juniper","url":"https://juniperprintshop.com/products/meadow-flowers-i?variant=39539794280537","price":49.0,"currency":"USD","framed":false,"w":12,"h":18,"label":"Paper / 12x18"},{"vendor":"juniper","url":"https://juniperprintshop.com/products/meadow-flowers-i?variant=32113631199321","price":49.0,"currency":"USD","framed":false,"w":16,"h":20,"label":"Paper / 16x20"},{"vendor":"juniper","url":"https://juniperprintshop.com/products/meadow-flowers-i?variant=39357846716505","price":59.0,"currency":"USD","framed":false,"w":18,"h":24,"label":"Paper / 18x24"},{"vendor":"juniper","url":"https://juniperprintshop.com/products/meadow-flowers-i?variant=32113631232089","price":69.0,"currency":"USD","framed":false,"w":20,"h":30,"label":"Paper / 20x30"},{"vendor":"juniper","url":"https://juniperprintshop.com/products/meadow-flowers-i?variant=32113631264857","price":99.0,"currency":"USD","framed":false,"w":24,"h":36,"label":"Paper / 24x36"},{"vendor":"juniper","url":"https://juniperprintshop.com/products/meadow-flowers-i?variant=39539794313305","price":139.0,"currency":"USD","framed":false,"w":30,"h":40,"label":"Paper / 30x40"},{"vendor":"juniper","url":"https://juniperprintshop.com/products/meadow-flowers-i?variant=32113631297625","price":149.0,"currency":"USD","framed":false,"w":31,"h":47,"label":"Paper / 31x47"},{"vendor":"juniper","url":"https://juniperprintshop.com/products/meadow-flowers-i?variant=32113631330393","price":169.0,"currency":"USD","framed":false,"w":40,"h":55,"label":"Paper / 40x55"},{"vendor":"juniper","url":"https://juniperprintshop.com/products/meadow-flowers-i?variant=32113631363161","price":229.0,"currency":"USD","framed":false,"w":55,"h":79,"label":"Paper / 55x79"}]
jp-meadow	Jenny Komenda	https://juniperprintshop.com/products/meadow	Meadow	print	landscape	https://cdn.shopify.com/s/files/1/1806/8745/products/MEADOW_727168cd-89fe-4158-89c1-84e53f2ef80b.jpg?v=1664168054&width=560	[{"vendor":"juniper","url":"https://juniperprintshop.com/products/meadow?variant=39700689158233","price":29.0,"currency":"USD","framed":false,"w":10,"h":8,"label":"Paper / 8x10"},{"vendor":"juniper","url":"https://juniperprintshop.com/products/meadow?variant=39700689191001","price":39.0,"currency":"USD","framed":false,"w":14,"h":11,"label":"Paper / 11x14"},{"vendor":"juniper","url":"https://juniperprintshop.com/products/meadow?variant=39700689223769","price":49.0,"currency":"USD","framed":false,"w":18,"h":12,"label":"Paper / 12x18"},{"vendor":"juniper","url":"https://juniperprintshop.com/products/meadow?variant=31159119216729","price":49.0,"currency":"USD","framed":false,"w":20,"h":16,"label":"Paper / 16x20"},{"vendor":"juniper","url":"https://juniperprintshop.com/products/meadow?variant=39700689256537","price":59.0,"currency":"USD","framed":false,"w":24,"h":18,"label":"Paper / 18x24"},{"vendor":"juniper","url":"https://juniperprintshop.com/products/meadow?variant=31159119282265","price":69.0,"currency":"USD","framed":false,"w":30,"h":20,"label":"Paper / 20x30"},{"vendor":"juniper","url":"https://juniperprintshop.com/products/meadow?variant=31159119315033","price":99.0,"currency":"USD","framed":false,"w":36,"h":24,"label":"Paper / 24x36"},{"vendor":"juniper","url":"https://juniperprintshop.com/products/meadow?variant=39700689289305","price":139.0,"currency":"USD","framed":false,"w":40,"h":30,"label":"Paper / 30x40"},{"vendor":"juniper","url":"https://juniperprintshop.com/products/meadow?variant=31159119347801","price":149.0,"currency":"USD","framed":false,"w":47,"h":31,"label":"Paper / 31x47"},{"vendor":"juniper","url":"https://juniperprintshop.com/products/meadow?variant=31159119380569","price":169.0,"currency":"USD","framed":false,"w":55,"h":40,"label":"Paper / 40x55"},{"vendor":"juniper","url":"https://juniperprintshop.com/products/meadow?variant=31159119413337","price":229.0,"currency":"USD","framed":false,"w":79,"h":55,"label":"Paper / 55x79"}]
jp-barbay-fig	Autumn Rose	https://juniperprintshop.com/products/barbay-fig	Barbary	print	abstract	https://cdn.shopify.com/s/files/1/1806/8745/products/BARBARY_a9d1b51a-c911-4365-93a5-88c655fb4cf3.jpg?v=1664082248&width=560	[{"vendor":"juniper","url":"https://juniperprintshop.com/products/barbay-fig?variant=39740005449817","price":29.0,"currency":"USD","framed":false,"w":10,"h":8,"label":"Paper / 8x10"},{"vendor":"juniper","url":"https://juniperprintshop.com/products/barbay-fig?variant=39740005482585","price":39.0,"currency":"USD","framed":false,"w":14,"h":11,"label":"Paper / 11x14"},{"vendor":"juniper","url":"https://juniperprintshop.com/products/barbay-fig?variant=39740005515353","price":49.0,"currency":"USD","framed":false,"w":18,"h":12,"label":"Paper / 12x18"},{"vendor":"juniper","url":"https://juniperprintshop.com/products/barbay-fig?variant=21458029838425","price":49.0,"currency":"USD","framed":false,"w":20,"h":16,"label":"Paper / 16x20"},{"vendor":"juniper","url":"https://juniperprintshop.com/products/barbay-fig?variant=39740005548121","price":59.0,"currency":"USD","framed":false,"w":24,"h":18,"label":"Paper / 18x24"},{"vendor":"juniper","url":"https://juniperprintshop.com/products/barbay-fig?variant=21458029871193","price":69.0,"currency":"USD","framed":false,"w":30,"h":20,"label":"Paper / 20x30"},{"vendor":"juniper","url":"https://juniperprintshop.com/products/barbay-fig?variant=21458029903961","price":99.0,"currency":"USD","framed":false,"w":36,"h":24,"label":"Paper / 24x36"},{"vendor":"juniper","url":"https://juniperprintshop.com/products/barbay-fig?variant=39740005580889","price":139.0,"currency":"USD","framed":false,"w":40,"h":30,"label":"Paper / 30x40"},{"vendor":"juniper","url":"https://juniperprintshop.com/products/barbay-fig?variant=21458029936729","price":149.0,"currency":"USD","framed":false,"w":47,"h":31,"label":"Paper / 31x47"},{"vendor":"juniper","url":"https://juniperprintshop.com/products/barbay-fig?variant=21458029969497","price":169.0,"currency":"USD","framed":false,"w":55,"h":40,"label":"Paper / 40x55"},{"vendor":"juniper","url":"https://juniperprintshop.com/products/barbay-fig?variant=21458030002265","price":229.0,"currency":"USD","framed":false,"w":79,"h":55,"label":"Paper / 55x79"}]
jp-garden-roses-ii	Lynne Millar	https://juniperprintshop.com/products/garden-roses-ii	Garden Roses II	print	flowers	https://cdn.shopify.com/s/files/1/1806/8745/products/GARDENROSESII.jpg?v=1664086800&width=560	[{"vendor":"juniper","url":"https://juniperprintshop.com/products/garden-roses-ii?variant=39681266876505","price":29.0,"currency":"USD","framed":false,"w":10,"h":8,"label":"Paper / 8x10"},{"vendor":"juniper","url":"https://juniperprintshop.com/products/garden-roses-ii?variant=39681266909273","price":39.0,"currency":"USD","framed":false,"w":14,"h":11,"label":"Paper / 11x14"},{"vendor":"juniper","url":"https://juniperprintshop.com/products/garden-roses-ii?variant=39681266942041","price":49.0,"currency":"USD","framed":false,"w":18,"h":12,"label":"Paper / 12x18"},{"vendor":"juniper","url":"https://juniperprintshop.com/products/garden-roses-ii?variant=20755421462617","price":49.0,"currency":"USD","framed":false,"w":20,"h":16,"label":"Paper / 16x20"},{"vendor":"juniper","url":"https://juniperprintshop.com/products/garden-roses-ii?variant=39681266974809","price":59.0,"currency":"USD","framed":false,"w":24,"h":18,"label":"Paper / 18x24"},{"vendor":"juniper","url":"https://juniperprintshop.com/products/garden-roses-ii?variant=20755421495385","price":69.0,"currency":"USD","framed":false,"w":30,"h":20,"label":"Paper / 20x30"},{"vendor":"juniper","url":"https://juniperprintshop.com/products/garden-roses-ii?variant=20755421528153","price":99.0,"currency":"USD","framed":false,"w":36,"h":24,"label":"Paper / 24x36"},{"vendor":"juniper","url":"https://juniperprintshop.com/products/garden-roses-ii?variant=39681267007577","price":139.0,"currency":"USD","framed":false,"w":40,"h":30,"label":"Paper / 30x40"},{"vendor":"juniper","url":"https://juniperprintshop.com/products/garden-roses-ii?variant=20755421560921","price":149.0,"currency":"USD","framed":false,"w":47,"h":31,"label":"Paper / 31x47"},{"vendor":"juniper","url":"https://juniperprintshop.com/products/garden-roses-ii?variant=20755421593689","price":169.0,"currency":"USD","framed":false,"w":55,"h":40,"label":"Paper / 40x55"},{"vendor":"juniper","url":"https://juniperprintshop.com/products/garden-roses-ii?variant=20755421626457","price":229.0,"currency":"USD","framed":false,"w":79,"h":55,"label":"Paper / 55x79"}]
jp-bison	Sarah Gibson	https://juniperprintshop.com/products/bison	Bison	photo	architecture	https://cdn.shopify.com/s/files/1/1806/8745/products/BISON_1c33b72a-0924-4a72-a90d-bda5ee6d7ec7.jpg?v=1664082547&width=560	[{"vendor":"juniper","url":"https://juniperprintshop.com/products/bison?variant=39672199282777","price":29.0,"currency":"USD","framed":false,"w":10,"h":8,"label":"Paper / 8x10"},{"vendor":"juniper","url":"https://juniperprintshop.com/products/bison?variant=39672199315545","price":39.0,"currency":"USD","framed":false,"w":14,"h":11,"label":"Paper / 11x14"},{"vendor":"juniper","url":"https://juniperprintshop.com/products/bison?variant=39672199348313","price":49.0,"currency":"USD","framed":false,"w":18,"h":12,"label":"Paper / 12x18"},{"vendor":"juniper","url":"https://juniperprintshop.com/products/bison?variant=31065368363097","price":49.0,"currency":"USD","framed":false,"w":20,"h":16,"label":"Paper / 16x20"},{"vendor":"juniper","url":"https://juniperprintshop.com/products/bison?variant=39672199381081","price":59.0,"currency":"USD","framed":false,"w":24,"h":18,"label":"Paper / 18x24"},{"vendor":"juniper","url":"https://juniperprintshop.com/products/bison?variant=31065368395865","price":69.0,"currency":"USD","framed":false,"w":30,"h":20,"label":"Paper / 20x30"},{"vendor":"juniper","url":"https://juniperprintshop.com/products/bison?variant=31065368461401","price":99.0,"currency":"USD","framed":false,"w":36,"h":24,"label":"Paper / 24x36"},{"vendor":"juniper","url":"https://juniperprintshop.com/products/bison?variant=39672199413849","price":139.0,"currency":"USD","framed":false,"w":40,"h":30,"label":"Paper / 30x40"},{"vendor":"juniper","url":"https://juniperprintshop.com/products/bison?variant=31065368494169","price":149.0,"currency":"USD","framed":false,"w":47,"h":31,"label":"Paper / 31x47"},{"vendor":"juniper","url":"https://juniperprintshop.com/products/bison?variant=31065368526937","price":169.0,"currency":"USD","framed":false,"w":55,"h":40,"label":"Paper / 40x55"},{"vendor":"juniper","url":"https://juniperprintshop.com/products/bison?variant=31065368592473","price":229.0,"currency":"USD","framed":false,"w":79,"h":55,"label":"Paper / 55x79"}]
jp-coastline	Jillian Goulding	https://juniperprintshop.com/products/coastline	Coastline	photo	lines	https://cdn.shopify.com/s/files/1/1806/8745/products/COASTLINE_34af6938-97a1-4099-a051-e2beae826c04.jpg?v=1664084779&width=560	[{"vendor":"juniper","url":"https://juniperprintshop.com/products/coastline?variant=39697707728985","price":29.0,"currency":"USD","framed":false,"w":10,"h":8,"label":"Paper / 8x10"},{"vendor":"juniper","url":"https://juniperprintshop.com/products/coastline?variant=39697707761753","price":39.0,"currency":"USD","framed":false,"w":14,"h":11,"label":"Paper / 11x14"},{"vendor":"juniper","url":"https://juniperprintshop.com/products/coastline?variant=39697707794521","price":49.0,"currency":"USD","framed":false,"w":18,"h":12,"label":"Paper / 12x18"},{"vendor":"juniper","url":"https://juniperprintshop.com/products/coastline?variant=39697707827289","price":59.0,"currency":"USD","framed":false,"w":30,"h":12,"label":"Paper / 12x30"},{"vendor":"juniper","url":"https://juniperprintshop.com/products/coastline?variant=21799235190873","price":49.0,"currency":"USD","framed":false,"w":20,"h":16,"label":"Paper / 16x20"},{"vendor":"juniper","url":"https://juniperprintshop.com/products/coastline?variant=39697707860057","price":59.0,"currency":"USD","framed":false,"w":24,"h":18,"label":"Paper / 18x24"},{"vendor":"juniper","url":"https://juniperprintshop.com/products/coastline?variant=21799235223641","price":69.0,"currency":"USD","framed":false,"w":30,"h":20,"label":"Paper / 20x30"},{"vendor":"juniper","url":"https://juniperprintshop.com/products/coastline?variant=31522686369881","price":139.0,"currency":"USD","framed":false,"w":55,"h":22,"label":"Paper / 22x55"},{"vendor":"juniper","url":"https://juniperprintshop.com/products/coastline?variant=21799235256409","price":99.0,"currency":"USD","framed":false,"w":36,"h":24,"label":"Paper / 24x36"},{"vendor":"juniper","url":"https://juniperprintshop.com/products/coastline?variant=39697707892825","price":139.0,"currency":"USD","framed":false,"w":40,"h":30,"label":"Paper / 30x40"},{"vendor":"juniper","url":"https://juniperprintshop.com/products/coastline?variant=21799235289177","price":149.0,"currency":"USD","framed":false,"w":47,"h":31,"label":"Paper / 31x47"},{"vendor":"juniper","url":"https://juniperprintshop.com/products/coastline?variant=21799235321945","price":169.0,"currency":"USD","framed":false,"w":55,"h":40,"label":"Paper / 40x55"},{"vendor":"juniper","url":"https://juniperprintshop.com/products/coastline?variant=21799235354713","price":229.0,"currency":"USD","framed":false,"w":79,"h":55,"label":"Paper / 55x79"}]
jp-warm-fields	Laci Fowler	https://juniperprintshop.com/products/warm-fields	Warm Fields	print	abstract	https://cdn.shopify.com/s/files/1/1806/8745/products/WARMFIELDS_cc35d4de-5bfd-43e8-849d-da15fa629a2d.jpg?v=1664237149&width=560	[{"vendor":"juniper","url":"https://juniperprintshop.com/products/warm-fields?variant=39539695059033","price":29.0,"currency":"USD","framed":false,"w":10,"h":8,"label":"Paper / 8x10"},{"vendor":"juniper","url":"https://juniperprintshop.com/products/warm-fields?variant=39539695091801","price":39.0,"currency":"USD","framed":false,"w":14,"h":11,"label":"Paper / 11x14"},{"vendor":"juniper","url":"https://juniperprintshop.com/products/warm-fields?variant=39539695124569","price":49.0,"currency":"USD","framed":false,"w":18,"h":12,"label":"Paper / 12x18"},{"vendor":"juniper","url":"https://juniperprintshop.com/products/warm-fields?variant=39308714737753","price":49.0,"currency":"USD","framed":false,"w":20,"h":16,"label":"Paper / 16x20"},{"vendor":"juniper","url":"https://juniperprintshop.com/products/warm-fields?variant=39352328487001","price":59.0,"currency":"USD","framed":false,"w":24,"h":18,"label":"Paper / 18x24"},{"vendor":"juniper","url":"https://juniperprintshop.com/products/warm-fields?variant=39308714770521","price":69.0,"currency":"USD","framed":false,"w":30,"h":20,"label":"Paper / 20x30"},{"vendor":"juniper","url":"https://juniperprintshop.com/products/warm-fields?variant=39308714803289","price":99.0,"currency":"USD","framed":false,"w":36,"h":24,"label":"Paper / 24x36"},{"vendor":"juniper","url":"https://juniperprintshop.com/products/warm-fields?variant=39539695157337","price":139.0,"currency":"USD","framed":false,"w":40,"h":30,"label":"Paper / 30x40"},{"vendor":"juniper","url":"https://juniperprintshop.com/products/warm-fields?variant=39308714836057","price":149.0,"currency":"USD","framed":false,"w":47,"h":31,"label":"Paper / 31x47"},{"vendor":"juniper","url":"https://juniperprintshop.com/products/warm-fields?variant=39308714868825","price":169.0,"currency":"USD","framed":false,"w":55,"h":40,"label":"Paper / 40x55"},{"vendor":"juniper","url":"https://juniperprintshop.com/products/warm-fields?variant=39308714901593","price":229.0,"currency":"USD","framed":false,"w":79,"h":55,"label":"Paper / 55x79"}]
jp-oak-park	Hannah Winters	https://juniperprintshop.com/products/oak-park	Oak Park	print	landscape	https://cdn.shopify.com/s/files/1/1806/8745/products/OAKPARK.jpg?v=1664228316&width=560	[{"vendor":"juniper","url":"https://juniperprintshop.com/products/oak-park?variant=39539374489689","price":29.0,"currency":"USD","framed":false,"w":10,"h":8,"label":"Paper / 8x10"},{"vendor":"juniper","url":"https://juniperprintshop.com/products/oak-park?variant=39539374522457","price":39.0,"currency":"USD","framed":false,"w":14,"h":11,"label":"Paper / 11x14"},{"vendor":"juniper","url":"https://juniperprintshop.com/products/oak-park?variant=39539374555225","price":49.0,"currency":"USD","framed":false,"w":18,"h":12,"label":"Paper / 12x18"},{"vendor":"juniper","url":"https://juniperprintshop.com/products/oak-park?variant=39539374587993","price":59.0,"currency":"USD","framed":false,"w":30,"h":12,"label":"Paper / 12x30"},{"vendor":"juniper","url":"https://juniperprintshop.com/products/oak-park?variant=39539374620761","price":49.0,"currency":"USD","framed":false,"w":20,"h":16,"label":"Paper / 16x20"},{"vendor":"juniper","url":"https://juniperprintshop.com/products/oak-park?variant=39539374653529","price":59.0,"currency":"USD","framed":false,"w":24,"h":18,"label":"Paper / 18x24"},{"vendor":"juniper","url":"https://juniperprintshop.com/products/oak-park?variant=39539374686297","price":69.0,"currency":"USD","framed":false,"w":30,"h":20,"label":"Paper / 20x30"},{"vendor":"juniper","url":"https://juniperprintshop.com/products/oak-park?variant=39539374719065","price":139.0,"currency":"USD","framed":false,"w":55,"h":22,"label":"Paper / 22x55"},{"vendor":"juniper","url":"https://juniperprintshop.com/products/oak-park?variant=39539374751833","price":99.0,"currency":"USD","framed":false,"w":36,"h":24,"label":"Paper / 24x36"},{"vendor":"juniper","url":"https://juniperprintshop.com/products/oak-park?variant=39539374784601","price":139.0,"currency":"USD","framed":false,"w":40,"h":30,"label":"Paper / 30x40"},{"vendor":"juniper","url":"https://juniperprintshop.com/products/oak-park?variant=39539374817369","price":149.0,"currency":"USD","framed":false,"w":47,"h":31,"label":"Paper / 31x47"},{"vendor":"juniper","url":"https://juniperprintshop.com/products/oak-park?variant=39539374850137","price":169.0,"currency":"USD","framed":false,"w":55,"h":40,"label":"Paper / 40x55"},{"vendor":"juniper","url":"https://juniperprintshop.com/products/oak-park?variant=39539374882905","price":229.0,"currency":"USD","framed":false,"w":79,"h":55,"label":"Paper / 55x79"}]
jp-ruthies-meadow	Hannah Winters	https://juniperprintshop.com/products/ruthies-meadow	Ruthie's Meadow	print	flowers	https://cdn.shopify.com/s/files/1/1806/8745/products/RUTHIESMEADOW.jpg?v=1664231818&width=560	[{"vendor":"juniper","url":"https://juniperprintshop.com/products/ruthies-meadow?variant=39532358729817","price":29.0,"currency":"USD","framed":false,"w":10,"h":8,"label":"Paper / 8x10"},{"vendor":"juniper","url":"https://juniperprintshop.com/products/ruthies-meadow?variant=39532360335449","price":39.0,"currency":"USD","framed":false,"w":14,"h":11,"label":"Paper / 11x14"},{"vendor":"juniper","url":"https://juniperprintshop.com/products/ruthies-meadow?variant=39532360532057","price":49.0,"currency":"USD","framed":false,"w":18,"h":12,"label":"Paper / 12x18"},{"vendor":"juniper","url":"https://juniperprintshop.com/products/ruthies-meadow?variant=39532362825817","price":59.0,"currency":"USD","framed":false,"w":30,"h":12,"label":"Paper / 12x30"},{"vendor":"juniper","url":"https://juniperprintshop.com/products/ruthies-meadow?variant=39442132664409","price":49.0,"currency":"USD","framed":false,"w":20,"h":16,"label":"Paper / 16x20"},{"vendor":"juniper","url":"https://juniperprintshop.com/products/ruthies-meadow?variant=39442132697177","price":59.0,"currency":"USD","framed":false,"w":24,"h":18,"label":"Paper / 18x24"},{"vendor":"juniper","url":"https://juniperprintshop.com/products/ruthies-meadow?variant=39442132729945","price":69.0,"currency":"USD","framed":false,"w":30,"h":20,"label":"Paper / 20x30"},{"vendor":"juniper","url":"https://juniperprintshop.com/products/ruthies-meadow?variant=39442132828249","price":139.0,"currency":"USD","framed":false,"w":55,"h":22,"label":"Paper / 22x55"},{"vendor":"juniper","url":"https://juniperprintshop.com/products/ruthies-meadow?variant=39442132762713","price":99.0,"currency":"USD","framed":false,"w":36,"h":24,"label":"Paper / 24x36"},{"vendor":"juniper","url":"https://juniperprintshop.com/products/ruthies-meadow?variant=39532363022425","price":139.0,"currency":"USD","framed":false,"w":40,"h":30,"label":"Paper / 30x40"},{"vendor":"juniper","url":"https://juniperprintshop.com/products/ruthies-meadow?variant=39442132795481","price":149.0,"currency":"USD","framed":false,"w":47,"h":31,"label":"Paper / 31x47"},{"vendor":"juniper","url":"https://juniperprintshop.com/products/ruthies-meadow?variant=39442132861017","price":169.0,"currency":"USD","framed":false,"w":55,"h":40,"label":"Paper / 40x55"},{"vendor":"juniper","url":"https://juniperprintshop.com/products/ruthies-meadow?variant=39442132893785","price":229.0,"currency":"USD","framed":false,"w":79,"h":55,"label":"Paper / 55x79"}]
jp-otis	Mande Calhoun-Gaffney	https://juniperprintshop.com/products/otis	Otis	print	desert	https://cdn.shopify.com/s/files/1/1806/8745/products/OTIS_f97938a6-e211-41c7-a1f1-1ed17e4a503a.jpg?v=1664229774&width=560	[{"vendor":"juniper","url":"https://juniperprintshop.com/products/otis?variant=39555925606489","price":29.0,"currency":"USD","framed":false,"w":10,"h":8,"label":"Paper / 8x10"},{"vendor":"juniper","url":"https://juniperprintshop.com/products/otis?variant=39555925639257","price":39.0,"currency":"USD","framed":false,"w":14,"h":11,"label":"Paper / 11x14"},{"vendor":"juniper","url":"https://juniperprintshop.com/products/otis?variant=39555925672025","price":49.0,"currency":"USD","framed":false,"w":18,"h":12,"label":"Paper / 12x18"},{"vendor":"juniper","url":"https://juniperprintshop.com/products/otis?variant=39555925704793","price":59.0,"currency":"USD","framed":false,"w":30,"h":12,"label":"Paper / 12x30"},{"vendor":"juniper","url":"https://juniperprintshop.com/products/otis?variant=32245996224601","price":49.0,"currency":"USD","framed":false,"w":20,"h":16,"label":"Paper / 16x20"},{"vendor":"juniper","url":"https://juniperprintshop.com/products/otis?variant=39555925737561","price":59.0,"currency":"USD","framed":false,"w":24,"h":18,"label":"Paper / 18x24"},{"vendor":"juniper","url":"https://juniperprintshop.com/products/otis?variant=32245996257369","price":69.0,"currency":"USD","framed":false,"w":30,"h":20,"label":"Paper / 20x30"},{"vendor":"juniper","url":"https://juniperprintshop.com/products/otis?variant=32252972892249","price":139.0,"currency":"USD","framed":false,"w":55,"h":22,"label":"Paper / 22x55"},{"vendor":"juniper","url":"https://juniperprintshop.com/products/otis?variant=32245996290137","price":99.0,"currency":"USD","framed":false,"w":36,"h":24,"label":"Paper / 24x36"},{"vendor":"juniper","url":"https://juniperprintshop.com/products/otis?variant=39555925770329","price":139.0,"currency":"USD","framed":false,"w":40,"h":30,"label":"Paper / 30x40"},{"vendor":"juniper","url":"https://juniperprintshop.com/products/otis?variant=32245996322905","price":149.0,"currency":"USD","framed":false,"w":47,"h":31,"label":"Paper / 31x47"},{"vendor":"juniper","url":"https://juniperprintshop.com/products/otis?variant=32245996355673","price":169.0,"currency":"USD","framed":false,"w":55,"h":40,"label":"Paper / 40x55"},{"vendor":"juniper","url":"https://juniperprintshop.com/products/otis?variant=32245996388441","price":229.0,"currency":"USD","framed":false,"w":79,"h":55,"label":"Paper / 55x79"}]
jp-hillside	Hannah Winters	https://juniperprintshop.com/products/hillside	Hillside	print	landscape	https://cdn.shopify.com/s/files/1/1806/8745/products/HILLSIDE_0d416be9-5f23-4294-9916-9b6d2d362d2f.jpg?v=1664166641&width=560	[{"vendor":"juniper","url":"https://juniperprintshop.com/products/hillside?variant=39555928817753","price":29.0,"currency":"USD","framed":false,"w":10,"h":8,"label":"Paper / 8x10"},{"vendor":"juniper","url":"https://juniperprintshop.com/products/hillside?variant=39555928850521","price":39.0,"currency":"USD","framed":false,"w":14,"h":11,"label":"Paper / 11x14"},{"vendor":"juniper","url":"https://juniperprintshop.com/products/hillside?variant=39555928883289","price":49.0,"currency":"USD","framed":false,"w":18,"h":12,"label":"Paper / 12x18"},{"vendor":"juniper","url":"https://juniperprintshop.com/products/hillside?variant=39555928916057","price":59.0,"currency":"USD","framed":false,"w":30,"h":12,"label":"Paper / 12x30"},{"vendor":"juniper","url":"https://juniperprintshop.com/products/hillside?variant=32182014410841","price":49.0,"currency":"USD","framed":false,"w":20,"h":16,"label":"Paper / 16x20"},{"vendor":"juniper","url":"https://juniperprintshop.com/products/hillside?variant=39364106420313","price":59.0,"currency":"USD","framed":false,"w":24,"h":18,"label":"Paper / 18x24"},{"vendor":"juniper","url":"https://juniperprintshop.com/products/hillside?variant=32182014443609","price":69.0,"currency":"USD","framed":false,"w":30,"h":20,"label":"Paper / 20x30"},{"vendor":"juniper","url":"https://juniperprintshop.com/products/hillside?variant=32182014541913","price":139.0,"currency":"USD","framed":false,"w":55,"h":22,"label":"Paper / 22x55"},{"vendor":"juniper","url":"https://juniperprintshop.com/products/hillside?variant=32182014476377","price":99.0,"currency":"USD","framed":false,"w":36,"h":24,"label":"Paper / 24x36"},{"vendor":"juniper","url":"https://juniperprintshop.com/products/hillside?variant=39555928948825","price":139.0,"currency":"USD","framed":false,"w":40,"h":30,"label":"Paper / 30x40"},{"vendor":"juniper","url":"https://juniperprintshop.com/products/hillside?variant=32182014509145","price":149.0,"currency":"USD","framed":false,"w":47,"h":31,"label":"Paper / 31x47"},{"vendor":"juniper","url":"https://juniperprintshop.com/products/hillside?variant=32182014574681","price":169.0,"currency":"USD","framed":false,"w":55,"h":40,"label":"Paper / 40x55"},{"vendor":"juniper","url":"https://juniperprintshop.com/products/hillside?variant=32182014607449","price":229.0,"currency":"USD","framed":false,"w":79,"h":55,"label":"Paper / 55x79"}]
jp-tranquility	Jenny Komenda	https://juniperprintshop.com/products/tranquility	Tranquility	print	abstract	https://cdn.shopify.com/s/files/1/1806/8745/products/TRANQUILITY.jpg?v=1664236774&width=560	[{"vendor":"juniper","url":"https://juniperprintshop.com/products/tranquility?variant=39506817417305","price":29.0,"currency":"USD","framed":false,"w":8,"h":10,"label":"Paper / 8x10"},{"vendor":"juniper","url":"https://juniperprintshop.com/products/tranquility?variant=39506817548377","price":39.0,"currency":"USD","framed":false,"w":11,"h":14,"label":"Paper / 11x14"},{"vendor":"juniper","url":"https://juniperprintshop.com/products/tranquility?variant=39506817712217","price":49.0,"currency":"USD","framed":false,"w":12,"h":18,"label":"Paper / 12x18"},{"vendor":"juniper","url":"https://juniperprintshop.com/products/tranquility?variant=39506817908825","price":59.0,"currency":"USD","framed":false,"w":12,"h":30,"label":"Paper / 12x30"},{"vendor":"juniper","url":"https://juniperprintshop.com/products/tranquility?variant=39506673795161","price":49.0,"currency":"USD","framed":false,"w":16,"h":20,"label":"Paper / 16x20"},{"vendor":"juniper","url":"https://juniperprintshop.com/products/tranquility?variant=39506673827929","price":59.0,"currency":"USD","framed":false,"w":18,"h":24,"label":"Paper / 18x24"},{"vendor":"juniper","url":"https://juniperprintshop.com/products/tranquility?variant=39506673860697","price":69.0,"currency":"USD","framed":false,"w":20,"h":30,"label":"Paper / 20x30"},{"vendor":"juniper","url":"https://juniperprintshop.com/products/tranquility?variant=39506673959001","price":139.0,"currency":"USD","framed":false,"w":22,"h":55,"label":"Paper / 22x55"},{"vendor":"juniper","url":"https://juniperprintshop.com/products/tranquility?variant=39506673893465","price":99.0,"currency":"USD","framed":false,"w":24,"h":36,"label":"Paper / 24x36"},{"vendor":"juniper","url":"https://juniperprintshop.com/products/tranquility?variant=39506818236505","price":139.0,"currency":"USD","framed":false,"w":30,"h":40,"label":"Paper / 30x40"},{"vendor":"juniper","url":"https://juniperprintshop.com/products/tranquility?variant=39506673926233","price":149.0,"currency":"USD","framed":false,"w":31,"h":47,"label":"Paper / 31x47"},{"vendor":"juniper","url":"https://juniperprintshop.com/products/tranquility?variant=39506673991769","price":169.0,"currency":"USD","framed":false,"w":40,"h":55,"label":"Paper / 40x55"}]
jp-big-sur-1	Jillian Goulding	https://juniperprintshop.com/products/big-sur-1	Big Sur	photo	beach	https://cdn.shopify.com/s/files/1/1806/8745/products/BIGSUR.jpg?v=1664082487&width=560	[{"vendor":"juniper","url":"https://juniperprintshop.com/products/big-sur-1?variant=39737269846105","price":29.0,"currency":"USD","framed":false,"w":10,"h":8,"label":"Paper / 8x10"},{"vendor":"juniper","url":"https://juniperprintshop.com/products/big-sur-1?variant=39737269878873","price":39.0,"currency":"USD","framed":false,"w":14,"h":11,"label":"Paper / 11x14"},{"vendor":"juniper","url":"https://juniperprintshop.com/products/big-sur-1?variant=39737269911641","price":49.0,"currency":"USD","framed":false,"w":18,"h":12,"label":"Paper / 12x18"},{"vendor":"juniper","url":"https://juniperprintshop.com/products/big-sur-1?variant=39746717188185","price":59.0,"currency":"USD","framed":false,"w":30,"h":12,"label":"Paper / 12x30"},{"vendor":"juniper","url":"https://juniperprintshop.com/products/big-sur-1?variant=18710998384729","price":49.0,"currency":"USD","framed":false,"w":20,"h":16,"label":"Paper / 16x20"},{"vendor":"juniper","url":"https://juniperprintshop.com/products/big-sur-1?variant=39737269944409","price":59.0,"currency":"USD","framed":false,"w":24,"h":18,"label":"Paper / 18x24"},{"vendor":"juniper","url":"https://juniperprintshop.com/products/big-sur-1?variant=18710998450265","price":69.0,"currency":"USD","framed":false,"w":30,"h":20,"label":"Paper / 20x30"},{"vendor":"juniper","url":"https://juniperprintshop.com/products/big-sur-1?variant=31522646327385","price":139.0,"currency":"USD","framed":false,"w":55,"h":22,"label":"Paper / 22x55"},{"vendor":"juniper","url":"https://juniperprintshop.com/products/big-sur-1?variant=18710998515801","price":99.0,"currency":"USD","framed":false,"w":36,"h":24,"label":"Paper / 24x36"},{"vendor":"juniper","url":"https://juniperprintshop.com/products/big-sur-1?variant=39737269977177","price":139.0,"currency":"USD","framed":false,"w":40,"h":30,"label":"Paper / 30x40"},{"vendor":"juniper","url":"https://juniperprintshop.com/products/big-sur-1?variant=18710998548569","price":149.0,"currency":"USD","framed":false,"w":47,"h":31,"label":"Paper / 31x47"},{"vendor":"juniper","url":"https://juniperprintshop.com/products/big-sur-1?variant=18710998614105","price":169.0,"currency":"USD","framed":false,"w":55,"h":40,"label":"Paper / 40x55"},{"vendor":"juniper","url":"https://juniperprintshop.com/products/big-sur-1?variant=18710998712409","price":229.0,"currency":"USD","framed":false,"w":79,"h":55,"label":"Paper / 55x79"}]
jp-heirloom	Hannah Winters	https://juniperprintshop.com/products/heirloom	Heirloom	print	architecture	https://cdn.shopify.com/s/files/1/1806/8745/products/HEIRLOOM.jpg?v=1664166492&width=560	[{"vendor":"juniper","url":"https://juniperprintshop.com/products/heirloom?variant=39539375997017","price":29.0,"currency":"USD","framed":false,"w":10,"h":8,"label":"Paper / 8x10"},{"vendor":"juniper","url":"https://juniperprintshop.com/products/heirloom?variant=39539376029785","price":39.0,"currency":"USD","framed":false,"w":14,"h":11,"label":"Paper / 11x14"},{"vendor":"juniper","url":"https://juniperprintshop.com/products/heirloom?variant=39539376062553","price":49.0,"currency":"USD","framed":false,"w":18,"h":12,"label":"Paper / 12x18"},{"vendor":"juniper","url":"https://juniperprintshop.com/products/heirloom?variant=39539376095321","price":59.0,"currency":"USD","framed":false,"w":30,"h":12,"label":"Paper / 12x30"},{"vendor":"juniper","url":"https://juniperprintshop.com/products/heirloom?variant=39539376128089","price":49.0,"currency":"USD","framed":false,"w":20,"h":16,"label":"Paper / 16x20"},{"vendor":"juniper","url":"https://juniperprintshop.com/products/heirloom?variant=39539376160857","price":59.0,"currency":"USD","framed":false,"w":24,"h":18,"label":"Paper / 18x24"},{"vendor":"juniper","url":"https://juniperprintshop.com/products/heirloom?variant=39539376193625","price":69.0,"currency":"USD","framed":false,"w":30,"h":20,"label":"Paper / 20x30"},{"vendor":"juniper","url":"https://juniperprintshop.com/products/heirloom?variant=39539376226393","price":139.0,"currency":"USD","framed":false,"w":55,"h":22,"label":"Paper / 22x55"},{"vendor":"juniper","url":"https://juniperprintshop.com/products/heirloom?variant=39539376259161","price":99.0,"currency":"USD","framed":false,"w":36,"h":24,"label":"Paper / 24x36"},{"vendor":"juniper","url":"https://juniperprintshop.com/products/heirloom?variant=39539376291929","price":139.0,"currency":"USD","framed":false,"w":40,"h":30,"label":"Paper / 30x40"},{"vendor":"juniper","url":"https://juniperprintshop.com/products/heirloom?variant=39539376324697","price":149.0,"currency":"USD","framed":false,"w":47,"h":31,"label":"Paper / 31x47"},{"vendor":"juniper","url":"https://juniperprintshop.com/products/heirloom?variant=39539376357465","price":169.0,"currency":"USD","framed":false,"w":55,"h":40,"label":"Paper / 40x55"}]
jp-pasture	Hannah Winters	https://juniperprintshop.com/products/pasture	Pasture	print	landscape	https://cdn.shopify.com/s/files/1/1806/8745/products/PASTURE_4c3826ea-8326-4d2a-9bf0-f8142aa16e29.jpg?v=1664230279&width=560	[{"vendor":"juniper","url":"https://juniperprintshop.com/products/pasture?variant=39539721666649","price":29.0,"currency":"USD","framed":false,"w":10,"h":8,"label":"Paper / 8x10"},{"vendor":"juniper","url":"https://juniperprintshop.com/products/pasture?variant=39539721699417","price":39.0,"currency":"USD","framed":false,"w":14,"h":11,"label":"Paper / 11x14"},{"vendor":"juniper","url":"https://juniperprintshop.com/products/pasture?variant=39539721732185","price":49.0,"currency":"USD","framed":false,"w":18,"h":12,"label":"Paper / 12x18"},{"vendor":"juniper","url":"https://juniperprintshop.com/products/pasture?variant=39539721764953","price":59.0,"currency":"USD","framed":false,"w":30,"h":12,"label":"Paper / 12x30"},{"vendor":"juniper","url":"https://juniperprintshop.com/products/pasture?variant=39297382023257","price":49.0,"currency":"USD","framed":false,"w":20,"h":16,"label":"Paper / 16x20"},{"vendor":"juniper","url":"https://juniperprintshop.com/products/pasture?variant=39317723119705","price":59.0,"currency":"USD","framed":false,"w":24,"h":18,"label":"Paper / 18x24"},{"vendor":"juniper","url":"https://juniperprintshop.com/products/pasture?variant=39297382056025","price":69.0,"currency":"USD","framed":false,"w":30,"h":20,"label":"Paper / 20x30"},{"vendor":"juniper","url":"https://juniperprintshop.com/products/pasture?variant=39297382154329","price":139.0,"currency":"USD","framed":false,"w":55,"h":22,"label":"Paper / 22x55"},{"vendor":"juniper","url":"https://juniperprintshop.com/products/pasture?variant=39297382088793","price":99.0,"currency":"USD","framed":false,"w":36,"h":24,"label":"Paper / 24x36"},{"vendor":"juniper","url":"https://juniperprintshop.com/products/pasture?variant=39539721797721","price":139.0,"currency":"USD","framed":false,"w":40,"h":30,"label":"Paper / 30x40"},{"vendor":"juniper","url":"https://juniperprintshop.com/products/pasture?variant=39297382121561","price":149.0,"currency":"USD","framed":false,"w":47,"h":31,"label":"Paper / 31x47"},{"vendor":"juniper","url":"https://juniperprintshop.com/products/pasture?variant=39297382187097","price":169.0,"currency":"USD","framed":false,"w":55,"h":40,"label":"Paper / 40x55"},{"vendor":"juniper","url":"https://juniperprintshop.com/products/pasture?variant=39297382219865","price":229.0,"currency":"USD","framed":false,"w":79,"h":55,"label":"Paper / 55x79"}]
jp-amalfi	Sarah Ellefson	https://juniperprintshop.com/products/amalfi	Amalfi	photo	beach	https://cdn.shopify.com/s/files/1/1806/8745/products/AMALFI_4a3e8e88-eaef-4844-b4e2-d71e57e49ada.jpg?v=1664081332&width=560	[{"vendor":"juniper","url":"https://juniperprintshop.com/products/amalfi?variant=39736001232985","price":29.0,"currency":"USD","framed":false,"w":10,"h":8,"label":"Paper / 8x10"},{"vendor":"juniper","url":"https://juniperprintshop.com/products/amalfi?variant=39736001265753","price":39.0,"currency":"USD","framed":false,"w":14,"h":11,"label":"Paper / 11x14"},{"vendor":"juniper","url":"https://juniperprintshop.com/products/amalfi?variant=39736001298521","price":49.0,"currency":"USD","framed":false,"w":18,"h":12,"label":"Paper / 12x18"},{"vendor":"juniper","url":"https://juniperprintshop.com/products/amalfi?variant=39736001331289","price":59.0,"currency":"USD","framed":false,"w":30,"h":12,"label":"Paper / 12x30"},{"vendor":"juniper","url":"https://juniperprintshop.com/products/amalfi?variant=21538417934425","price":49.0,"currency":"USD","framed":false,"w":20,"h":16,"label":"Paper / 16x20"},{"vendor":"juniper","url":"https://juniperprintshop.com/products/amalfi?variant=39736001364057","price":59.0,"currency":"USD","framed":false,"w":24,"h":18,"label":"Paper / 18x24"},{"vendor":"juniper","url":"https://juniperprintshop.com/products/amalfi?variant=21538417967193","price":69.0,"currency":"USD","framed":false,"w":30,"h":20,"label":"Paper / 20x30"},{"vendor":"juniper","url":"https://juniperprintshop.com/products/amalfi?variant=31522689515609","price":139.0,"currency":"USD","framed":false,"w":55,"h":22,"label":"Paper / 22x55"},{"vendor":"juniper","url":"https://juniperprintshop.com/products/amalfi?variant=41605514821721","price":99.0,"currency":"USD","framed":false,"w":36,"h":24,"label":"Paper / 24x36"},{"vendor":"juniper","url":"https://juniperprintshop.com/products/amalfi?variant=39736001396825","price":139.0,"currency":"USD","framed":false,"w":40,"h":30,"label":"Paper / 30x40"},{"vendor":"juniper","url":"https://juniperprintshop.com/products/amalfi?variant=21538418032729","price":149.0,"currency":"USD","framed":false,"w":47,"h":31,"label":"Paper / 31x47"},{"vendor":"juniper","url":"https://juniperprintshop.com/products/amalfi?variant=21538418065497","price":169.0,"currency":"USD","framed":false,"w":55,"h":40,"label":"Paper / 40x55"},{"vendor":"juniper","url":"https://juniperprintshop.com/products/amalfi?variant=21538418098265","price":229.0,"currency":"USD","framed":false,"w":79,"h":55,"label":"Paper / 55x79"}]
jp-capri	Laci Fowler	https://juniperprintshop.com/products/capri	Capri	print	abstract	https://cdn.shopify.com/s/files/1/1806/8745/products/CAPRI_0b05acbe-8436-4436-869f-463108079b70.jpg?v=1664084404&width=560	[{"vendor":"juniper","url":"https://juniperprintshop.com/products/capri?variant=39740163293273","price":29.0,"currency":"USD","framed":false,"w":10,"h":8,"label":"Paper / 8x10"},{"vendor":"juniper","url":"https://juniperprintshop.com/products/capri?variant=39740163326041","price":39.0,"currency":"USD","framed":false,"w":14,"h":11,"label":"Paper / 11x14"},{"vendor":"juniper","url":"https://juniperprintshop.com/products/capri?variant=39740163358809","price":49.0,"currency":"USD","framed":false,"w":18,"h":12,"label":"Paper / 12x18"},{"vendor":"juniper","url":"https://juniperprintshop.com/products/capri?variant=20533820653657","price":49.0,"currency":"USD","framed":false,"w":20,"h":16,"label":"Paper / 16x20"},{"vendor":"juniper","url":"https://juniperprintshop.com/products/capri?variant=39740163391577","price":59.0,"currency":"USD","framed":false,"w":24,"h":18,"label":"Paper / 18x24"},{"vendor":"juniper","url":"https://juniperprintshop.com/products/capri?variant=20533820686425","price":69.0,"currency":"USD","framed":false,"w":30,"h":20,"label":"Paper / 20x30"},{"vendor":"juniper","url":"https://juniperprintshop.com/products/capri?variant=20533820719193","price":99.0,"currency":"USD","framed":false,"w":36,"h":24,"label":"Paper / 24x36"},{"vendor":"juniper","url":"https://juniperprintshop.com/products/capri?variant=39740163424345","price":139.0,"currency":"USD","framed":false,"w":40,"h":30,"label":"Paper / 30x40"},{"vendor":"juniper","url":"https://juniperprintshop.com/products/capri?variant=20533820751961","price":149.0,"currency":"USD","framed":false,"w":47,"h":31,"label":"Paper / 31x47"},{"vendor":"juniper","url":"https://juniperprintshop.com/products/capri?variant=20533820784729","price":169.0,"currency":"USD","framed":false,"w":55,"h":40,"label":"Paper / 40x55"},{"vendor":"juniper","url":"https://juniperprintshop.com/products/capri?variant=20533820817497","price":229.0,"currency":"USD","framed":false,"w":79,"h":55,"label":"Paper / 55x79"}]
jp-saltbox-1	Jenny Komenda	https://juniperprintshop.com/products/saltbox-1	Salt Box	photo	architecture	https://cdn.shopify.com/s/files/1/1806/8745/products/SALTBOX.jpg?v=1664231859&width=560	[{"vendor":"juniper","url":"https://juniperprintshop.com/products/saltbox-1?variant=39746319745113","price":29.0,"currency":"USD","framed":false,"w":10,"h":8,"label":"Paper / 8x10"},{"vendor":"juniper","url":"https://juniperprintshop.com/products/saltbox-1?variant=39746319777881","price":39.0,"currency":"USD","framed":false,"w":14,"h":11,"label":"Paper / 11x14"},{"vendor":"juniper","url":"https://juniperprintshop.com/products/saltbox-1?variant=39746319810649","price":49.0,"currency":"USD","framed":false,"w":18,"h":12,"label":"Paper / 12x18"},{"vendor":"juniper","url":"https://juniperprintshop.com/products/saltbox-1?variant=39746319843417","price":59.0,"currency":"USD","framed":false,"w":30,"h":12,"label":"Paper / 12x30"},{"vendor":"juniper","url":"https://juniperprintshop.com/products/saltbox-1?variant=18603646320729","price":49.0,"currency":"USD","framed":false,"w":20,"h":16,"label":"Paper / 16x20"},{"vendor":"juniper","url":"https://juniperprintshop.com/products/saltbox-1?variant=39746319876185","price":59.0,"currency":"USD","framed":false,"w":24,"h":18,"label":"Paper / 18x24"},{"vendor":"juniper","url":"https://juniperprintshop.com/products/saltbox-1?variant=18603646353497","price":69.0,"currency":"USD","framed":false,"w":30,"h":20,"label":"Paper / 20x30"},{"vendor":"juniper","url":"https://juniperprintshop.com/products/saltbox-1?variant=31522677227609","price":139.0,"currency":"USD","framed":false,"w":55,"h":22,"label":"Paper / 22x55"},{"vendor":"juniper","url":"https://juniperprintshop.com/products/saltbox-1?variant=18603646386265","price":99.0,"currency":"USD","framed":false,"w":36,"h":24,"label":"Paper / 24x36"},{"vendor":"juniper","url":"https://juniperprintshop.com/products/saltbox-1?variant=39746319908953","price":139.0,"currency":"USD","framed":false,"w":40,"h":30,"label":"Paper / 30x40"},{"vendor":"juniper","url":"https://juniperprintshop.com/products/saltbox-1?variant=18603646419033","price":149.0,"currency":"USD","framed":false,"w":47,"h":31,"label":"Paper / 31x47"},{"vendor":"juniper","url":"https://juniperprintshop.com/products/saltbox-1?variant=18603646451801","price":169.0,"currency":"USD","framed":false,"w":55,"h":40,"label":"Paper / 40x55"},{"vendor":"juniper","url":"https://juniperprintshop.com/products/saltbox-1?variant=18603646484569","price":229.0,"currency":"USD","framed":false,"w":79,"h":55,"label":"Paper / 55x79"}]
jp-midnight-blossoms-i	Jenny Komenda	https://juniperprintshop.com/products/midnight-blossoms-i	Midnight Blossoms I	print	flowers	https://cdn.shopify.com/s/files/1/1806/8745/products/MIDNIGHTBLOSSOMSI.jpg?v=1664168309&width=560	[{"vendor":"juniper","url":"https://juniperprintshop.com/products/midnight-blossoms-i?variant=39558776651865","price":29.0,"currency":"USD","framed":false,"w":10,"h":8,"label":"Paper / 8x10"},{"vendor":"juniper","url":"https://juniperprintshop.com/products/midnight-blossoms-i?variant=39558776684633","price":39.0,"currency":"USD","framed":false,"w":14,"h":11,"label":"Paper / 11x14"},{"vendor":"juniper","url":"https://juniperprintshop.com/products/midnight-blossoms-i?variant=39558776717401","price":49.0,"currency":"USD","framed":false,"w":18,"h":12,"label":"Paper / 12x18"},{"vendor":"juniper","url":"https://juniperprintshop.com/products/midnight-blossoms-i?variant=39558776782937","price":49.0,"currency":"USD","framed":false,"w":20,"h":16,"label":"Paper / 16x20"},{"vendor":"juniper","url":"https://juniperprintshop.com/products/midnight-blossoms-i?variant=39558776815705","price":59.0,"currency":"USD","framed":false,"w":24,"h":18,"label":"Paper / 18x24"},{"vendor":"juniper","url":"https://juniperprintshop.com/products/midnight-blossoms-i?variant=39558776848473","price":69.0,"currency":"USD","framed":false,"w":30,"h":20,"label":"Paper / 20x30"},{"vendor":"juniper","url":"https://juniperprintshop.com/products/midnight-blossoms-i?variant=39558776914009","price":99.0,"currency":"USD","framed":false,"w":36,"h":24,"label":"Paper / 24x36"},{"vendor":"juniper","url":"https://juniperprintshop.com/products/midnight-blossoms-i?variant=39558776946777","price":139.0,"currency":"USD","framed":false,"w":40,"h":30,"label":"Paper / 30x40"},{"vendor":"juniper","url":"https://juniperprintshop.com/products/midnight-blossoms-i?variant=39558776979545","price":149.0,"currency":"USD","framed":false,"w":47,"h":31,"label":"Paper / 31x47"},{"vendor":"juniper","url":"https://juniperprintshop.com/products/midnight-blossoms-i?variant=39558777012313","price":169.0,"currency":"USD","framed":false,"w":55,"h":40,"label":"Paper / 40x55"}]
jp-peonies	Kristine Brookshire	https://juniperprintshop.com/products/peonies	Peonies I	print	flowers	https://cdn.shopify.com/s/files/1/1806/8745/products/PEONIESI.jpg?v=1664230571&width=560	[{"vendor":"juniper","url":"https://juniperprintshop.com/products/peonies?variant=39555942154329","price":29.0,"currency":"USD","framed":false,"w":8,"h":10,"label":"Paper / 8x10"},{"vendor":"juniper","url":"https://juniperprintshop.com/products/peonies?variant=39555942187097","price":39.0,"currency":"USD","framed":false,"w":11,"h":14,"label":"Paper / 11x14"},{"vendor":"juniper","url":"https://juniperprintshop.com/products/peonies?variant=39555942219865","price":49.0,"currency":"USD","framed":false,"w":12,"h":18,"label":"Paper / 12x18"},{"vendor":"juniper","url":"https://juniperprintshop.com/products/peonies?variant=31159846436953","price":49.0,"currency":"USD","framed":false,"w":16,"h":20,"label":"Paper / 16x20"},{"vendor":"juniper","url":"https://juniperprintshop.com/products/peonies?variant=39555942252633","price":59.0,"currency":"USD","framed":false,"w":18,"h":24,"label":"Paper / 18x24"},{"vendor":"juniper","url":"https://juniperprintshop.com/products/peonies?variant=31159846469721","price":69.0,"currency":"USD","framed":false,"w":20,"h":30,"label":"Paper / 20x30"},{"vendor":"juniper","url":"https://juniperprintshop.com/products/peonies?variant=31159846502489","price":99.0,"currency":"USD","framed":false,"w":24,"h":36,"label":"Paper / 24x36"},{"vendor":"juniper","url":"https://juniperprintshop.com/products/peonies?variant=39555942285401","price":139.0,"currency":"USD","framed":false,"w":30,"h":40,"label":"Paper / 30x40"},{"vendor":"juniper","url":"https://juniperprintshop.com/products/peonies?variant=31159846535257","price":149.0,"currency":"USD","framed":false,"w":31,"h":47,"label":"Paper / 31x47"},{"vendor":"juniper","url":"https://juniperprintshop.com/products/peonies?variant=31159846568025","price":169.0,"currency":"USD","framed":false,"w":40,"h":55,"label":"Paper / 40x55"},{"vendor":"juniper","url":"https://juniperprintshop.com/products/peonies?variant=31159846600793","price":229.0,"currency":"USD","framed":false,"w":55,"h":79,"label":"Paper / 55x79"}]
jp-shoots	Beth Allen	https://juniperprintshop.com/products/shoots	Shoots	print	flowers	https://cdn.shopify.com/s/files/1/1806/8745/products/SHOOTS_018088b6-46f9-4c29-bcc6-405717ba2545.jpg?v=1664235344&width=560	[{"vendor":"juniper","url":"https://juniperprintshop.com/products/shoots?variant=39746335211609","price":29.0,"currency":"USD","framed":false,"w":10,"h":8,"label":"Paper / 8x10"},{"vendor":"juniper","url":"https://juniperprintshop.com/products/shoots?variant=39746335244377","price":39.0,"currency":"USD","framed":false,"w":14,"h":11,"label":"Paper / 11x14"},{"vendor":"juniper","url":"https://juniperprintshop.com/products/shoots?variant=39746335277145","price":49.0,"currency":"USD","framed":false,"w":18,"h":12,"label":"Paper / 12x18"},{"vendor":"juniper","url":"https://juniperprintshop.com/products/shoots?variant=21799145635929","price":49.0,"currency":"USD","framed":false,"w":20,"h":16,"label":"Paper / 16x20"},{"vendor":"juniper","url":"https://juniperprintshop.com/products/shoots?variant=39746335309913","price":59.0,"currency":"USD","framed":false,"w":24,"h":18,"label":"Paper / 18x24"},{"vendor":"juniper","url":"https://juniperprintshop.com/products/shoots?variant=21799145668697","price":69.0,"currency":"USD","framed":false,"w":30,"h":20,"label":"Paper / 20x30"},{"vendor":"juniper","url":"https://juniperprintshop.com/products/shoots?variant=21799145701465","price":99.0,"currency":"USD","framed":false,"w":36,"h":24,"label":"Paper / 24x36"},{"vendor":"juniper","url":"https://juniperprintshop.com/products/shoots?variant=39746335342681","price":139.0,"currency":"USD","framed":false,"w":40,"h":30,"label":"Paper / 30x40"},{"vendor":"juniper","url":"https://juniperprintshop.com/products/shoots?variant=21799145734233","price":149.0,"currency":"USD","framed":false,"w":47,"h":31,"label":"Paper / 31x47"},{"vendor":"juniper","url":"https://juniperprintshop.com/products/shoots?variant=21799145767001","price":169.0,"currency":"USD","framed":false,"w":55,"h":40,"label":"Paper / 40x55"},{"vendor":"juniper","url":"https://juniperprintshop.com/products/shoots?variant=21799145799769","price":229.0,"currency":"USD","framed":false,"w":79,"h":55,"label":"Paper / 55x79"}]
jp-neighborhood	Annie K. Blake	https://juniperprintshop.com/products/neighborhood	Neighborhood	print	abstract	https://cdn.shopify.com/s/files/1/1806/8745/products/NEIGHBORHOOD.jpg?v=1664206621&width=560	[{"vendor":"juniper","url":"https://juniperprintshop.com/products/neighborhood?variant=39746712764505","price":29.0,"currency":"USD","framed":false,"w":8,"h":10,"label":"Paper / 8x10"},{"vendor":"juniper","url":"https://juniperprintshop.com/products/neighborhood?variant=39746712797273","price":39.0,"currency":"USD","framed":false,"w":11,"h":14,"label":"Paper / 11x14"},{"vendor":"juniper","url":"https://juniperprintshop.com/products/neighborhood?variant=39746712830041","price":49.0,"currency":"USD","framed":false,"w":12,"h":18,"label":"Paper / 12x18"},{"vendor":"juniper","url":"https://juniperprintshop.com/products/neighborhood?variant=18841584926809","price":49.0,"currency":"USD","framed":false,"w":16,"h":20,"label":"Paper / 16x20"},{"vendor":"juniper","url":"https://juniperprintshop.com/products/neighborhood?variant=39746712862809","price":59.0,"currency":"USD","framed":false,"w":18,"h":24,"label":"Paper / 18x24"},{"vendor":"juniper","url":"https://juniperprintshop.com/products/neighborhood?variant=18841584959577","price":69.0,"currency":"USD","framed":false,"w":20,"h":30,"label":"Paper / 20x30"},{"vendor":"juniper","url":"https://juniperprintshop.com/products/neighborhood?variant=18841585025113","price":99.0,"currency":"USD","framed":false,"w":24,"h":36,"label":"Paper / 24x36"},{"vendor":"juniper","url":"https://juniperprintshop.com/products/neighborhood?variant=39746712895577","price":139.0,"currency":"USD","framed":false,"w":30,"h":40,"label":"Paper / 30x40"},{"vendor":"juniper","url":"https://juniperprintshop.com/products/neighborhood?variant=18841585057881","price":149.0,"currency":"USD","framed":false,"w":31,"h":47,"label":"Paper / 31x47"},{"vendor":"juniper","url":"https://juniperprintshop.com/products/neighborhood?variant=18841585090649","price":169.0,"currency":"USD","framed":false,"w":40,"h":55,"label":"Paper / 40x55"},{"vendor":"juniper","url":"https://juniperprintshop.com/products/neighborhood?variant=18841585123417","price":229.0,"currency":"USD","framed":false,"w":55,"h":79,"label":"Paper / 55x79"}]
jp-sprigone	Laurie Anne Gonzalez	https://juniperprintshop.com/products/sprigone	Sprig I	print	flowers	https://cdn.shopify.com/s/files/1/1806/8745/products/SPRIGI.jpg?v=1671607183&width=560	[{"vendor":"juniper","url":"https://juniperprintshop.com/products/sprigone?variant=39715050422361","price":29.0,"currency":"USD","framed":false,"w":8,"h":10,"label":"Paper / 8x10"},{"vendor":"juniper","url":"https://juniperprintshop.com/products/sprigone?variant=39715050455129","price":39.0,"currency":"USD","framed":false,"w":11,"h":14,"label":"Paper / 11x14"},{"vendor":"juniper","url":"https://juniperprintshop.com/products/sprigone?variant=39715050487897","price":49.0,"currency":"USD","framed":false,"w":12,"h":18,"label":"Paper / 12x18"},{"vendor":"juniper","url":"https://juniperprintshop.com/products/sprigone?variant=18608960143449","price":49.0,"currency":"USD","framed":false,"w":16,"h":20,"label":"Paper / 16x20"},{"vendor":"juniper","url":"https://juniperprintshop.com/products/sprigone?variant=39715050520665","price":59.0,"currency":"USD","framed":false,"w":18,"h":24,"label":"Paper / 18x24"},{"vendor":"juniper","url":"https://juniperprintshop.com/products/sprigone?variant=18608960176217","price":69.0,"currency":"USD","framed":false,"w":20,"h":30,"label":"Paper / 20x30"},{"vendor":"juniper","url":"https://juniperprintshop.com/products/sprigone?variant=18608960208985","price":99.0,"currency":"USD","framed":false,"w":24,"h":36,"label":"Paper / 24x36"},{"vendor":"juniper","url":"https://juniperprintshop.com/products/sprigone?variant=39715050553433","price":139.0,"currency":"USD","framed":false,"w":30,"h":40,"label":"Paper / 30x40"},{"vendor":"juniper","url":"https://juniperprintshop.com/products/sprigone?variant=18608960241753","price":149.0,"currency":"USD","framed":false,"w":31,"h":47,"label":"Paper / 31x47"},{"vendor":"juniper","url":"https://juniperprintshop.com/products/sprigone?variant=18608960274521","price":169.0,"currency":"USD","framed":false,"w":40,"h":55,"label":"Paper / 40x55"},{"vendor":"juniper","url":"https://juniperprintshop.com/products/sprigone?variant=18608960307289","price":229.0,"currency":"USD","framed":false,"w":55,"h":79,"label":"Paper / 55x79"}]
jp-olivia-1	Victoria Bradley	https://juniperprintshop.com/products/olivia-1	Olivia	print	figure	https://cdn.shopify.com/s/files/1/1806/8745/products/OLIVIA_e2c6a91f-cfe9-463c-b9a8-4fbec00a6c05.jpg?v=1664229294&width=560	[{"vendor":"juniper","url":"https://juniperprintshop.com/products/olivia-1?variant=39746120712281","price":29.0,"currency":"USD","framed":false,"w":8,"h":10,"label":"Paper / 8x10"},{"vendor":"juniper","url":"https://juniperprintshop.com/products/olivia-1?variant=39746120745049","price":39.0,"currency":"USD","framed":false,"w":11,"h":14,"label":"Paper / 11x14"},{"vendor":"juniper","url":"https://juniperprintshop.com/products/olivia-1?variant=39746120777817","price":49.0,"currency":"USD","framed":false,"w":12,"h":18,"label":"Paper / 12x18"},{"vendor":"juniper","url":"https://juniperprintshop.com/products/olivia-1?variant=18602697457753","price":49.0,"currency":"USD","framed":false,"w":16,"h":20,"label":"Paper / 16x20"},{"vendor":"juniper","url":"https://juniperprintshop.com/products/olivia-1?variant=39746120810585","price":59.0,"currency":"USD","framed":false,"w":18,"h":24,"label":"Paper / 18x24"},{"vendor":"juniper","url":"https://juniperprintshop.com/products/olivia-1?variant=18602697490521","price":69.0,"currency":"USD","framed":false,"w":20,"h":30,"label":"Paper / 20x30"},{"vendor":"juniper","url":"https://juniperprintshop.com/products/olivia-1?variant=18602697523289","price":99.0,"currency":"USD","framed":false,"w":24,"h":36,"label":"Paper / 24x36"},{"vendor":"juniper","url":"https://juniperprintshop.com/products/olivia-1?variant=39746120843353","price":139.0,"currency":"USD","framed":false,"w":30,"h":40,"label":"Paper / 30x40"},{"vendor":"juniper","url":"https://juniperprintshop.com/products/olivia-1?variant=18602697556057","price":149.0,"currency":"USD","framed":false,"w":31,"h":47,"label":"Paper / 31x47"},{"vendor":"juniper","url":"https://juniperprintshop.com/products/olivia-1?variant=18602697621593","price":169.0,"currency":"USD","framed":false,"w":40,"h":55,"label":"Paper / 40x55"},{"vendor":"juniper","url":"https://juniperprintshop.com/products/olivia-1?variant=18602697654361","price":229.0,"currency":"USD","framed":false,"w":55,"h":79,"label":"Paper / 55x79"}]
