# Society6 art prints, read from society6.com product lists (beta, link out only): id, artist, page, title, medium, category, image url, offers (JSON)
s6-italy-coast-houses-minimal-abstract-painting	anarutbre	https://society6.com/products/italy-coast-houses-minimal-abstract-painting_art-print	cinque terre	print	abstract	https://cdn.shopify.com/s/files/1/0781/0282/3156/files/ana-rut-bre-fine-art-cinque-terre-i-art-print-whitebg-8x10.jpg?v=1769251660&crop=region&crop_left=272&crop_top=242&crop_width=255&crop_height=310&art=1	[{"vendor":"society6","url":"https://society6.com/products/italy-coast-houses-minimal-abstract-painting_art-print?variant=47499785208052","price":30.0,"currency":"USD","framed":false,"w":8,"h":10,"label":"No Frame / X-Small 8\" x 10\"","margin":1},{"vendor":"society6","url":"https://society6.com/products/italy-coast-houses-minimal-abstract-painting_art-print?variant=47499785240820","price":50.0,"currency":"USD","framed":false,"w":13,"h":19,"label":"No Frame / Small 13\" x 19\"","margin":1},{"vendor":"society6","url":"https://society6.com/products/italy-coast-houses-minimal-abstract-painting_art-print?variant=47499785273588","price":60.0,"currency":"USD","framed":false,"w":18,"h":24,"label":"No Frame / Medium 18\" x 24\"","margin":2},{"vendor":"society6","url":"https://society6.com/products/italy-coast-houses-minimal-abstract-painting_art-print?variant=47499785306356","price":60.0,"currency":"USD","framed":false,"w":22,"h":28,"label":"No Frame / Large 22\" x 28\"","margin":2},{"vendor":"society6","url":"https://society6.com/products/italy-coast-houses-minimal-abstract-painting_art-print?variant=47499785339124","price":80.0,"currency":"USD","framed":false,"w":28,"h":36,"label":"No Frame / X-Large 28\" x 36\"","margin":2}]
s6-dots-beige5446917	summersunhomeart	https://society6.com/products/dots-beige5446917_art-print	Dots (Beige)	print	abstract	https://cdn.shopify.com/s/files/1/0781/0282/3156/files/summer-sun-home-art-dots-beige-art-print-whitebg-8x10.jpg?v=1769252194&crop=region&crop_left=274&crop_top=242&crop_width=252&crop_height=309&art=1	[{"vendor":"society6","url":"https://society6.com/products/dots-beige5446917_art-print?variant=47499967725812","price":30.0,"currency":"USD","framed":false,"w":8,"h":10,"label":"No Frame / X-Small 8\" x 10\"","margin":1},{"vendor":"society6","url":"https://society6.com/products/dots-beige5446917_art-print?variant=47499967758580","price":50.0,"currency":"USD","framed":false,"w":13,"h":19,"label":"No Frame / Small 13\" x 19\"","margin":1},{"vendor":"society6","url":"https://society6.com/products/dots-beige5446917_art-print?variant=47499967791348","price":60.0,"currency":"USD","framed":false,"w":18,"h":24,"label":"No Frame / Medium 18\" x 24\"","margin":2},{"vendor":"society6","url":"https://society6.com/products/dots-beige5446917_art-print?variant=47499967824116","price":60.0,"currency":"USD","framed":false,"w":22,"h":28,"label":"No Frame / Large 22\" x 28\"","margin":2},{"vendor":"society6","url":"https://society6.com/products/dots-beige5446917_art-print?variant=47499967856884","price":80.0,"currency":"USD","framed":false,"w":28,"h":36,"label":"No Frame / X-Large 28\" x 36\"","margin":2}]
s6-geometry-shape-mid-century-organic-blush-cur	anarutbre	https://society6.com/products/geometry-shape-mid-century-organic-blush-curry-teal_art-print	Blush and Teal Arches	print	abstract	https://cdn.shopify.com/s/files/1/0781/0282/3156/files/ana-rut-bre-fine-art-geometry-shape-mid-century-art-print-whitebg-8x10.jpg?v=1769393443&crop=region&crop_left=272&crop_top=242&crop_width=255&crop_height=310&art=1	[{"vendor":"society6","url":"https://society6.com/products/geometry-shape-mid-century-organic-blush-curry-teal_art-print?variant=47518417420532","price":30.0,"currency":"USD","framed":false,"w":8,"h":10,"label":"No Frame / X-Small 8\" x 10\"","margin":1},{"vendor":"society6","url":"https://society6.com/products/geometry-shape-mid-century-organic-blush-curry-teal_art-print?variant=47518417453300","price":50.0,"currency":"USD","framed":false,"w":13,"h":19,"label":"No Frame / Small 13\" x 19\"","margin":1},{"vendor":"society6","url":"https://society6.com/products/geometry-shape-mid-century-organic-blush-curry-teal_art-print?variant=47518417486068","price":60.0,"currency":"USD","framed":false,"w":18,"h":24,"label":"No Frame / Medium 18\" x 24\"","margin":2},{"vendor":"society6","url":"https://society6.com/products/geometry-shape-mid-century-organic-blush-curry-teal_art-print?variant=47518417518836","price":60.0,"currency":"USD","framed":false,"w":22,"h":28,"label":"No Frame / Large 22\" x 28\"","margin":2},{"vendor":"society6","url":"https://society6.com/products/geometry-shape-mid-century-organic-blush-curry-teal_art-print?variant=47518417551604","price":80.0,"currency":"USD","framed":false,"w":28,"h":36,"label":"No Frame / X-Large 28\" x 36\"","margin":2}]
s6-bunch-of-flowers7703232	alisagal	https://society6.com/products/bunch-of-flowers7703232_art-print	Bunch of Flowers 1	print	abstract	https://cdn.shopify.com/s/files/1/0781/0282/3156/files/alisa-galitsyna-bunch-of-flowers-1-art-print-whitebg-8x10.jpg?v=1769394849&crop=region&crop_left=272&crop_top=242&crop_width=255&crop_height=316&art=1	[{"vendor":"society6","url":"https://society6.com/products/bunch-of-flowers7703232_art-print?variant=47518835474676","price":30.0,"currency":"USD","framed":false,"w":8,"h":10,"label":"No Frame / X-Small 8\" x 10\"","margin":1},{"vendor":"society6","url":"https://society6.com/products/bunch-of-flowers7703232_art-print?variant=47518835507444","price":50.0,"currency":"USD","framed":false,"w":13,"h":19,"label":"No Frame / Small 13\" x 19\"","margin":1},{"vendor":"society6","url":"https://society6.com/products/bunch-of-flowers7703232_art-print?variant=47518835540212","price":60.0,"currency":"USD","framed":false,"w":18,"h":24,"label":"No Frame / Medium 18\" x 24\"","margin":2},{"vendor":"society6","url":"https://society6.com/products/bunch-of-flowers7703232_art-print?variant=47518835572980","price":60.0,"currency":"USD","framed":false,"w":22,"h":28,"label":"No Frame / Large 22\" x 28\"","margin":2},{"vendor":"society6","url":"https://society6.com/products/bunch-of-flowers7703232_art-print?variant=47518835605748","price":80.0,"currency":"USD","framed":false,"w":28,"h":36,"label":"No Frame / X-Large 28\" x 36\"","margin":2}]
s6-echoes-creamsicle	Circa78Designs	https://society6.com/products/echoes-creamsicle_art-print	Echoes - Creamsicle	print	abstract	https://cdn.shopify.com/s/files/1/0781/0282/3156/files/circa78designs-echoes-creamsicle-art-print-whitebg-8x10.jpg?v=1769398107&crop=region&crop_left=274&crop_top=242&crop_width=252&crop_height=310&art=1	[{"vendor":"society6","url":"https://society6.com/products/echoes-creamsicle_art-print?variant=47519809896692","price":30.0,"currency":"USD","framed":false,"w":8,"h":10,"label":"No Frame / X-Small 8\" x 10\"","margin":1},{"vendor":"society6","url":"https://society6.com/products/echoes-creamsicle_art-print?variant=47519809929460","price":50.0,"currency":"USD","framed":false,"w":13,"h":19,"label":"No Frame / Small 13\" x 19\"","margin":1},{"vendor":"society6","url":"https://society6.com/products/echoes-creamsicle_art-print?variant=47519809962228","price":60.0,"currency":"USD","framed":false,"w":18,"h":24,"label":"No Frame / Medium 18\" x 24\"","margin":2},{"vendor":"society6","url":"https://society6.com/products/echoes-creamsicle_art-print?variant=47519809994996","price":60.0,"currency":"USD","framed":false,"w":22,"h":28,"label":"No Frame / Large 22\" x 28\"","margin":2},{"vendor":"society6","url":"https://society6.com/products/echoes-creamsicle_art-print?variant=47519810027764","price":80.0,"currency":"USD","framed":false,"w":28,"h":36,"label":"No Frame / X-Large 28\" x 36\"","margin":2}]
s6-frank1493760	patternization	https://society6.com/products/frank1493760_art-print	frank	print	abstract	https://cdn.shopify.com/s/files/1/0781/0282/3156/files/iris-lehnhardt-frank-i-art-print-whitebg-8x10.jpg?v=1769398245&crop=region&crop_left=272&crop_top=244&crop_width=255&crop_height=308&art=1	[{"vendor":"society6","url":"https://society6.com/products/frank1493760_art-print?variant=47519858491636","price":30.0,"currency":"USD","framed":false,"w":8,"h":10,"label":"No Frame / X-Small 8\" x 10\"","margin":1},{"vendor":"society6","url":"https://society6.com/products/frank1493760_art-print?variant=47519858524404","price":50.0,"currency":"USD","framed":false,"w":13,"h":19,"label":"No Frame / Small 13\" x 19\"","margin":1},{"vendor":"society6","url":"https://society6.com/products/frank1493760_art-print?variant=47519858557172","price":60.0,"currency":"USD","framed":false,"w":18,"h":24,"label":"No Frame / Medium 18\" x 24\"","margin":2},{"vendor":"society6","url":"https://society6.com/products/frank1493760_art-print?variant=47519858589940","price":60.0,"currency":"USD","framed":false,"w":22,"h":28,"label":"No Frame / Large 22\" x 28\"","margin":2},{"vendor":"society6","url":"https://society6.com/products/frank1493760_art-print?variant=47519858622708","price":80.0,"currency":"USD","framed":false,"w":28,"h":36,"label":"No Frame / X-Large 28\" x 36\"","margin":2}]
s6-verte-2	danhobdayart	https://society6.com/products/verte-2_art-print	Verte 2	print	abstract	https://cdn.shopify.com/s/files/1/0781/0282/3156/files/dan-hobday-art-verte-2-art-print-whitebg-8x10.jpg?v=1769398495&crop=region&crop_left=272&crop_top=242&crop_width=255&crop_height=310&art=1	[{"vendor":"society6","url":"https://society6.com/products/verte-2_art-print?variant=47519934808308","price":30.0,"currency":"USD","framed":false,"w":8,"h":10,"label":"No Frame / X-Small 8\" x 10\"","margin":1},{"vendor":"society6","url":"https://society6.com/products/verte-2_art-print?variant=47519934841076","price":50.0,"currency":"USD","framed":false,"w":13,"h":19,"label":"No Frame / Small 13\" x 19\"","margin":1},{"vendor":"society6","url":"https://society6.com/products/verte-2_art-print?variant=47519934873844","price":60.0,"currency":"USD","framed":false,"w":18,"h":24,"label":"No Frame / Medium 18\" x 24\"","margin":2},{"vendor":"society6","url":"https://society6.com/products/verte-2_art-print?variant=47519934906612","price":60.0,"currency":"USD","framed":false,"w":22,"h":28,"label":"No Frame / Large 22\" x 28\"","margin":2},{"vendor":"society6","url":"https://society6.com/products/verte-2_art-print?variant=47519934939380","price":80.0,"currency":"USD","framed":false,"w":28,"h":36,"label":"No Frame / X-Large 28\" x 36\"","margin":2}]
s6-duality2586506	jaeplgr	https://society6.com/products/duality2586506_art-print	Duality	print	abstract	https://cdn.shopify.com/s/files/1/0781/0282/3156/files/jae-polgar-duality-2-art-print-whitebg-8x10.jpg?v=1769399971&crop=region&crop_left=274&crop_top=242&crop_width=252&crop_height=308&art=1	[{"vendor":"society6","url":"https://society6.com/products/duality2586506_art-print?variant=47520390381812","price":30.0,"currency":"USD","framed":false,"w":8,"h":10,"label":"No Frame / X-Small 8\" x 10\"","margin":1},{"vendor":"society6","url":"https://society6.com/products/duality2586506_art-print?variant=47520390414580","price":50.0,"currency":"USD","framed":false,"w":13,"h":19,"label":"No Frame / Small 13\" x 19\"","margin":1},{"vendor":"society6","url":"https://society6.com/products/duality2586506_art-print?variant=47520390447348","price":60.0,"currency":"USD","framed":false,"w":18,"h":24,"label":"No Frame / Medium 18\" x 24\"","margin":2},{"vendor":"society6","url":"https://society6.com/products/duality2586506_art-print?variant=47520390480116","price":60.0,"currency":"USD","framed":false,"w":22,"h":28,"label":"No Frame / Large 22\" x 28\"","margin":2},{"vendor":"society6","url":"https://society6.com/products/duality2586506_art-print?variant=47520390512884","price":80.0,"currency":"USD","framed":false,"w":28,"h":36,"label":"No Frame / X-Large 28\" x 36\"","margin":2}]
s6-layers-of-colour-1	patternization	https://society6.com/products/layers-of-colour-1_art-print	layers of colour 1	print	abstract	https://cdn.shopify.com/s/files/1/0781/0282/3156/files/iris-lehnhardt-layers-of-colour-1-art-print-whitebg-8x10.jpg?v=1769400491&crop=region&crop_left=272&crop_top=261&crop_width=255&crop_height=294&art=1	[{"vendor":"society6","url":"https://society6.com/products/layers-of-colour-1_art-print?variant=47520569098484","price":30.0,"currency":"USD","framed":false,"w":8,"h":10,"label":"No Frame / X-Small 8\" x 10\"","margin":1},{"vendor":"society6","url":"https://society6.com/products/layers-of-colour-1_art-print?variant=47520569131252","price":50.0,"currency":"USD","framed":false,"w":13,"h":19,"label":"No Frame / Small 13\" x 19\"","margin":1},{"vendor":"society6","url":"https://society6.com/products/layers-of-colour-1_art-print?variant=47520569164020","price":60.0,"currency":"USD","framed":false,"w":18,"h":24,"label":"No Frame / Medium 18\" x 24\"","margin":2},{"vendor":"society6","url":"https://society6.com/products/layers-of-colour-1_art-print?variant=47520569196788","price":60.0,"currency":"USD","framed":false,"w":22,"h":28,"label":"No Frame / Large 22\" x 28\"","margin":2},{"vendor":"society6","url":"https://society6.com/products/layers-of-colour-1_art-print?variant=47520569229556","price":80.0,"currency":"USD","framed":false,"w":28,"h":36,"label":"No Frame / X-Large 28\" x 36\"","margin":2}]
s6-green-hills1489624	patternization	https://society6.com/products/green-hills1489624_art-print	green hills	print	abstract	https://cdn.shopify.com/s/files/1/0781/0282/3156/files/iris-lehnhardt-green-hills-art-print-whitebg-8x10.jpg?v=1769400495&crop=region&crop_left=272&crop_top=242&crop_width=255&crop_height=310&art=1	[{"vendor":"society6","url":"https://society6.com/products/green-hills1489624_art-print?variant=47520571228404","price":30.0,"currency":"USD","framed":false,"w":8,"h":10,"label":"No Frame / X-Small 8\" x 10\"","margin":1},{"vendor":"society6","url":"https://society6.com/products/green-hills1489624_art-print?variant=47520571261172","price":50.0,"currency":"USD","framed":false,"w":13,"h":19,"label":"No Frame / Small 13\" x 19\"","margin":1},{"vendor":"society6","url":"https://society6.com/products/green-hills1489624_art-print?variant=47520571293940","price":60.0,"currency":"USD","framed":false,"w":18,"h":24,"label":"No Frame / Medium 18\" x 24\"","margin":2},{"vendor":"society6","url":"https://society6.com/products/green-hills1489624_art-print?variant=47520571326708","price":60.0,"currency":"USD","framed":false,"w":22,"h":28,"label":"No Frame / Large 22\" x 28\"","margin":2},{"vendor":"society6","url":"https://society6.com/products/green-hills1489624_art-print?variant=47520571359476","price":80.0,"currency":"USD","framed":false,"w":28,"h":36,"label":"No Frame / X-Large 28\" x 36\"","margin":2}]
s6-rainbow-peak77739	andywestface	https://society6.com/products/rainbow-peak77739_art-print	Rainbow Peak	print	landscape	https://cdn.shopify.com/s/files/1/0781/0282/3156/files/andy-westface-rainbow-peak-art-print-whitebg-8x10.jpg?v=1778812868&crop=region&crop_left=272&crop_top=243&crop_width=255&crop_height=309&art=1	[{"vendor":"society6","url":"https://society6.com/products/rainbow-peak77739_art-print?variant=48227527164148","price":30.0,"currency":"USD","framed":false,"w":8,"h":10,"label":"No Frame / X-Small 8\" x 10\"","margin":1},{"vendor":"society6","url":"https://society6.com/products/rainbow-peak77739_art-print?variant=48227527196916","price":45.0,"currency":"USD","framed":false,"w":11,"h":14,"label":"No Frame / Small 11\" x 14\"","margin":1},{"vendor":"society6","url":"https://society6.com/products/rainbow-peak77739_art-print?variant=48227527229684","price":50.0,"currency":"USD","framed":false,"w":13,"h":19,"label":"No Frame / Small 13\" x 19\"","margin":1},{"vendor":"society6","url":"https://society6.com/products/rainbow-peak77739_art-print?variant=48227527262452","price":55.0,"currency":"USD","framed":false,"w":16,"h":20,"label":"No Frame / Medium 16\" x 20\"","margin":2},{"vendor":"society6","url":"https://society6.com/products/rainbow-peak77739_art-print?variant=48227527295220","price":60.0,"currency":"USD","framed":false,"w":18,"h":24,"label":"No Frame / Medium 18\" x 24\"","margin":2},{"vendor":"society6","url":"https://society6.com/products/rainbow-peak77739_art-print?variant=48227527327988","price":95.0,"currency":"USD","framed":false,"w":24,"h":36,"label":"No Frame / Large 24\" x 36\"","margin":2},{"vendor":"society6","url":"https://society6.com/products/rainbow-peak77739_art-print?variant=48227527360756","price":125.0,"currency":"USD","framed":false,"w":30,"h":40,"label":"No Frame / X-Large 30\" x 40\"","margin":2}]
s6-arizona-sun-rise	katypie	https://society6.com/products/arizona-sun-rise_art-print	Arizona Sun rise	print	landscape	https://cdn.shopify.com/s/files/1/0781/0282/3156/files/sisi-and-seb-arizona-sun-rise-art-print-whitebg-8x10.jpg?v=1778817613&crop=region&crop_left=243&crop_top=270&crop_width=315&crop_height=256&art=1	[{"vendor":"society6","url":"https://society6.com/products/arizona-sun-rise_art-print?variant=48228622467316","price":30.0,"currency":"USD","framed":false,"w":8,"h":10,"label":"No Frame / X-Small 8\" x 10\"","margin":1},{"vendor":"society6","url":"https://society6.com/products/arizona-sun-rise_art-print?variant=48228622500084","price":45.0,"currency":"USD","framed":false,"w":11,"h":14,"label":"No Frame / Small 11\" x 14\"","margin":1},{"vendor":"society6","url":"https://society6.com/products/arizona-sun-rise_art-print?variant=48228622532852","price":50.0,"currency":"USD","framed":false,"w":13,"h":19,"label":"No Frame / Small 13\" x 19\"","margin":1},{"vendor":"society6","url":"https://society6.com/products/arizona-sun-rise_art-print?variant=48228622565620","price":55.0,"currency":"USD","framed":false,"w":16,"h":20,"label":"No Frame / Medium 16\" x 20\"","margin":2},{"vendor":"society6","url":"https://society6.com/products/arizona-sun-rise_art-print?variant=48228622598388","price":60.0,"currency":"USD","framed":false,"w":18,"h":24,"label":"No Frame / Medium 18\" x 24\"","margin":2},{"vendor":"society6","url":"https://society6.com/products/arizona-sun-rise_art-print?variant=48228622631156","price":95.0,"currency":"USD","framed":false,"w":24,"h":36,"label":"No Frame / Large 24\" x 36\"","margin":2},{"vendor":"society6","url":"https://society6.com/products/arizona-sun-rise_art-print?variant=48228622663924","price":125.0,"currency":"USD","framed":false,"w":30,"h":40,"label":"No Frame / X-Large 30\" x 40\"","margin":2}]
s6-highland-view1240708	danhobdayart	https://society6.com/products/highland-view1240708_art-print	Highland View	print	landscape	https://cdn.shopify.com/s/files/1/0781/0282/3156/files/dan-hobday-art-highland-view-art-print-whitebg-8x10.jpg?v=1778819855&crop=region&crop_left=245&crop_top=271&crop_width=310&crop_height=254&art=1	[{"vendor":"society6","url":"https://society6.com/products/highland-view1240708_art-print?variant=48229099143412","price":30.0,"currency":"USD","framed":false,"w":8,"h":10,"label":"No Frame / X-Small 8\" x 10\"","margin":1},{"vendor":"society6","url":"https://society6.com/products/highland-view1240708_art-print?variant=48229099176180","price":45.0,"currency":"USD","framed":false,"w":11,"h":14,"label":"No Frame / Small 11\" x 14\"","margin":1},{"vendor":"society6","url":"https://society6.com/products/highland-view1240708_art-print?variant=48229099208948","price":50.0,"currency":"USD","framed":false,"w":13,"h":19,"label":"No Frame / Small 13\" x 19\"","margin":1},{"vendor":"society6","url":"https://society6.com/products/highland-view1240708_art-print?variant=48229099241716","price":55.0,"currency":"USD","framed":false,"w":16,"h":20,"label":"No Frame / Medium 16\" x 20\"","margin":2},{"vendor":"society6","url":"https://society6.com/products/highland-view1240708_art-print?variant=48229099274484","price":60.0,"currency":"USD","framed":false,"w":18,"h":24,"label":"No Frame / Medium 18\" x 24\"","margin":2},{"vendor":"society6","url":"https://society6.com/products/highland-view1240708_art-print?variant=48229099307252","price":95.0,"currency":"USD","framed":false,"w":24,"h":36,"label":"No Frame / Large 24\" x 36\"","margin":2},{"vendor":"society6","url":"https://society6.com/products/highland-view1240708_art-print?variant=48229099340020","price":125.0,"currency":"USD","framed":false,"w":30,"h":40,"label":"No Frame / X-Large 30\" x 40\"","margin":2}]
s6-land1240607	danhobdayart	https://society6.com/products/land1240607_art-print	Land	print	landscape	https://cdn.shopify.com/s/files/1/0781/0282/3156/files/dan-hobday-art-land-art-print-whitebg-8x10.jpg?v=1778819909&crop=region&crop_left=242&crop_top=271&crop_width=316&crop_height=255&art=1	[{"vendor":"society6","url":"https://society6.com/products/land1240607_art-print?variant=48229111922932","price":30.0,"currency":"USD","framed":false,"w":8,"h":10,"label":"No Frame / X-Small 8\" x 10\"","margin":1},{"vendor":"society6","url":"https://society6.com/products/land1240607_art-print?variant=48229111955700","price":45.0,"currency":"USD","framed":false,"w":11,"h":14,"label":"No Frame / Small 11\" x 14\"","margin":1},{"vendor":"society6","url":"https://society6.com/products/land1240607_art-print?variant=48229111988468","price":50.0,"currency":"USD","framed":false,"w":13,"h":19,"label":"No Frame / Small 13\" x 19\"","margin":1},{"vendor":"society6","url":"https://society6.com/products/land1240607_art-print?variant=48229112021236","price":55.0,"currency":"USD","framed":false,"w":16,"h":20,"label":"No Frame / Medium 16\" x 20\"","margin":2},{"vendor":"society6","url":"https://society6.com/products/land1240607_art-print?variant=48229112054004","price":60.0,"currency":"USD","framed":false,"w":18,"h":24,"label":"No Frame / Medium 18\" x 24\"","margin":2},{"vendor":"society6","url":"https://society6.com/products/land1240607_art-print?variant=48229112086772","price":95.0,"currency":"USD","framed":false,"w":24,"h":36,"label":"No Frame / Large 24\" x 36\"","margin":2},{"vendor":"society6","url":"https://society6.com/products/land1240607_art-print?variant=48229112119540","price":125.0,"currency":"USD","framed":false,"w":30,"h":40,"label":"No Frame / X-Large 30\" x 40\"","margin":2}]
s6-wild-mountain-sunrise-black-and-white-nature	naturemagick	https://society6.com/products/wild-mountain-sunrise-black-and-white-nature-photography_art-print	Wild Mountain Sunrise	photo	landscape	https://cdn.shopify.com/s/files/1/0781/0282/3156/files/nature-magick-wild-mountain-sunrise-black-and-white-art-print-whitebg-8x10.jpg?v=1778822212&crop=region&crop_left=243&crop_top=270&crop_width=314&crop_height=255&art=1	[{"vendor":"society6","url":"https://society6.com/products/wild-mountain-sunrise-black-and-white-nature-photography_art-print?variant=48229649350900","price":30.0,"currency":"USD","framed":false,"w":8,"h":10,"label":"No Frame / X-Small 8\" x 10\"","margin":1},{"vendor":"society6","url":"https://society6.com/products/wild-mountain-sunrise-black-and-white-nature-photography_art-print?variant=48229649383668","price":45.0,"currency":"USD","framed":false,"w":11,"h":14,"label":"No Frame / Small 11\" x 14\"","margin":1},{"vendor":"society6","url":"https://society6.com/products/wild-mountain-sunrise-black-and-white-nature-photography_art-print?variant=48229649416436","price":50.0,"currency":"USD","framed":false,"w":13,"h":19,"label":"No Frame / Small 13\" x 19\"","margin":1},{"vendor":"society6","url":"https://society6.com/products/wild-mountain-sunrise-black-and-white-nature-photography_art-print?variant=48229649449204","price":55.0,"currency":"USD","framed":false,"w":16,"h":20,"label":"No Frame / Medium 16\" x 20\"","margin":2},{"vendor":"society6","url":"https://society6.com/products/wild-mountain-sunrise-black-and-white-nature-photography_art-print?variant=48229649481972","price":60.0,"currency":"USD","framed":false,"w":18,"h":24,"label":"No Frame / Medium 18\" x 24\"","margin":2},{"vendor":"society6","url":"https://society6.com/products/wild-mountain-sunrise-black-and-white-nature-photography_art-print?variant=48229649514740","price":95.0,"currency":"USD","framed":false,"w":24,"h":36,"label":"No Frame / Large 24\" x 36\"","margin":2},{"vendor":"society6","url":"https://society6.com/products/wild-mountain-sunrise-black-and-white-nature-photography_art-print?variant=48229649547508","price":125.0,"currency":"USD","framed":false,"w":30,"h":40,"label":"No Frame / X-Large 30\" x 40\"","margin":2}]
s6-waiting-game2740294	artcatastrophy	https://society6.com/products/waiting-game2740294_art-print	Waiting Game	print	graphic	https://cdn.shopify.com/s/files/1/0781/0282/3156/files/artcatillustrated-waiting-game-art-print-whitebg-8x10.jpg?v=1778906576&crop=region&crop_left=272&crop_top=242&crop_width=255&crop_height=310&art=1	[{"vendor":"society6","url":"https://society6.com/products/waiting-game2740294_art-print?variant=48240349413620","price":30.0,"currency":"USD","framed":false,"w":8,"h":10,"label":"No Frame / X-Small 8\" x 10\"","margin":1},{"vendor":"society6","url":"https://society6.com/products/waiting-game2740294_art-print?variant=48240349446388","price":45.0,"currency":"USD","framed":false,"w":11,"h":14,"label":"No Frame / Small 11\" x 14\"","margin":1},{"vendor":"society6","url":"https://society6.com/products/waiting-game2740294_art-print?variant=48240349479156","price":50.0,"currency":"USD","framed":false,"w":13,"h":19,"label":"No Frame / Small 13\" x 19\"","margin":1},{"vendor":"society6","url":"https://society6.com/products/waiting-game2740294_art-print?variant=48240349511924","price":55.0,"currency":"USD","framed":false,"w":16,"h":20,"label":"No Frame / Medium 16\" x 20\"","margin":2},{"vendor":"society6","url":"https://society6.com/products/waiting-game2740294_art-print?variant=48240349544692","price":60.0,"currency":"USD","framed":false,"w":18,"h":24,"label":"No Frame / Medium 18\" x 24\"","margin":2},{"vendor":"society6","url":"https://society6.com/products/waiting-game2740294_art-print?variant=48240349577460","price":95.0,"currency":"USD","framed":false,"w":24,"h":36,"label":"No Frame / Large 24\" x 36\"","margin":2},{"vendor":"society6","url":"https://society6.com/products/waiting-game2740294_art-print?variant=48240349610228","price":125.0,"currency":"USD","framed":false,"w":30,"h":40,"label":"No Frame / X-Large 30\" x 40\"","margin":2}]
s6-water-oak1240377	danhobdayart	https://society6.com/products/water-oak1240377_art-print	Water Oak	print	graphic	https://cdn.shopify.com/s/files/1/0781/0282/3156/files/dan-hobday-art-water-oak-art-print-whitebg-8x10.jpg?v=1769793847&crop=region&crop_left=271&crop_top=230&crop_width=251&crop_height=334&art=1	[{"vendor":"society6","url":"https://society6.com/products/water-oak1240377_art-print?variant=47553825407220","price":30.0,"currency":"USD","framed":false,"w":8,"h":10,"label":"No Frame / X-Small 8\" x 10\"","margin":1},{"vendor":"society6","url":"https://society6.com/products/water-oak1240377_art-print?variant=47553825439988","price":50.0,"currency":"USD","framed":false,"w":13,"h":19,"label":"No Frame / Small 13\" x 19\"","margin":1},{"vendor":"society6","url":"https://society6.com/products/water-oak1240377_art-print?variant=47553825472756","price":60.0,"currency":"USD","framed":false,"w":18,"h":24,"label":"No Frame / Medium 18\" x 24\"","margin":2},{"vendor":"society6","url":"https://society6.com/products/water-oak1240377_art-print?variant=47553825505524","price":60.0,"currency":"USD","framed":false,"w":22,"h":28,"label":"No Frame / Large 22\" x 28\"","margin":2},{"vendor":"society6","url":"https://society6.com/products/water-oak1240377_art-print?variant=47553825538292","price":80.0,"currency":"USD","framed":false,"w":28,"h":36,"label":"No Frame / X-Large 28\" x 36\"","margin":2}]
s6-amazona-tattooed	ohjessicaoh	https://society6.com/products/amazona-tattooed_art-print	Amazona (tattooed)	print	graphic	https://cdn.shopify.com/s/files/1/0781/0282/3156/files/jessica-o-amazona-tattooed-art-print-whitebg-8x10.jpg?v=1778906903&crop=region&crop_left=272&crop_top=242&crop_width=255&crop_height=309&art=1	[{"vendor":"society6","url":"https://society6.com/products/amazona-tattooed_art-print?variant=48240433955060","price":30.0,"currency":"USD","framed":false,"w":8,"h":10,"label":"No Frame / X-Small 8\" x 10\"","margin":1},{"vendor":"society6","url":"https://society6.com/products/amazona-tattooed_art-print?variant=48240433987828","price":45.0,"currency":"USD","framed":false,"w":11,"h":14,"label":"No Frame / Small 11\" x 14\"","margin":1},{"vendor":"society6","url":"https://society6.com/products/amazona-tattooed_art-print?variant=48240434020596","price":50.0,"currency":"USD","framed":false,"w":13,"h":19,"label":"No Frame / Small 13\" x 19\"","margin":1},{"vendor":"society6","url":"https://society6.com/products/amazona-tattooed_art-print?variant=48240434053364","price":55.0,"currency":"USD","framed":false,"w":16,"h":20,"label":"No Frame / Medium 16\" x 20\"","margin":2},{"vendor":"society6","url":"https://society6.com/products/amazona-tattooed_art-print?variant=48240434086132","price":60.0,"currency":"USD","framed":false,"w":18,"h":24,"label":"No Frame / Medium 18\" x 24\"","margin":2},{"vendor":"society6","url":"https://society6.com/products/amazona-tattooed_art-print?variant=48240434118900","price":95.0,"currency":"USD","framed":false,"w":24,"h":36,"label":"No Frame / Large 24\" x 36\"","margin":2},{"vendor":"society6","url":"https://society6.com/products/amazona-tattooed_art-print?variant=48240434151668","price":125.0,"currency":"USD","framed":false,"w":30,"h":40,"label":"No Frame / X-Large 30\" x 40\"","margin":2}]
s6-loon-lake8816818	rlt	https://society6.com/products/loon-lake8816818_art-print	Loon Lake	print	graphic	https://cdn.shopify.com/s/files/1/0781/0282/3156/files/renea-l-thull-loon-lake-art-print-whitebg-8x10.jpg?v=1780870579&crop=region&crop_left=274&crop_top=243&crop_width=252&crop_height=309&art=1	[{"vendor":"society6","url":"https://society6.com/products/loon-lake8816818_art-print?variant=48453331353844","price":30.0,"currency":"USD","framed":false,"w":8,"h":10,"label":"No Frame / X-Small 8\" x 10\"","margin":1},{"vendor":"society6","url":"https://society6.com/products/loon-lake8816818_art-print?variant=48453331386612","price":40.0,"currency":"USD","framed":false,"w":10,"h":10,"label":"No Frame / Small 10\" x 10\"","margin":1},{"vendor":"society6","url":"https://society6.com/products/loon-lake8816818_art-print?variant=48453331419380","price":45.0,"currency":"USD","framed":false,"w":11,"h":14,"label":"No Frame / Small 11\" x 14\"","margin":1},{"vendor":"society6","url":"https://society6.com/products/loon-lake8816818_art-print?variant=48453331452148","price":50.0,"currency":"USD","framed":false,"w":13,"h":19,"label":"No Frame / Small 13\" x 19\"","margin":1},{"vendor":"society6","url":"https://society6.com/products/loon-lake8816818_art-print?variant=48453331484916","price":65.0,"currency":"USD","framed":false,"w":20,"h":20,"label":"No Frame / Medium 20\" x 20\"","margin":2},{"vendor":"society6","url":"https://society6.com/products/loon-lake8816818_art-print?variant=48453331517684","price":55.0,"currency":"USD","framed":false,"w":16,"h":20,"label":"No Frame / Medium 16\" x 20\"","margin":2},{"vendor":"society6","url":"https://society6.com/products/loon-lake8816818_art-print?variant=48453331550452","price":60.0,"currency":"USD","framed":false,"w":18,"h":24,"label":"No Frame / Medium 18\" x 24\"","margin":2},{"vendor":"society6","url":"https://society6.com/products/loon-lake8816818_art-print?variant=48453331583220","price":95.0,"currency":"USD","framed":false,"w":24,"h":36,"label":"No Frame / Large 24\" x 36\"","margin":2},{"vendor":"society6","url":"https://society6.com/products/loon-lake8816818_art-print?variant=48453331615988","price":125.0,"currency":"USD","framed":false,"w":30,"h":40,"label":"No Frame / X-Large 30\" x 40\"","margin":2}]
s6-polka-daub-hearts3217060	annmariecoolick	https://society6.com/products/polka-daub-hearts3217060_art-print	Polka Daub Hearts	print	graphic	https://cdn.shopify.com/s/files/1/0781/0282/3156/files/ann-marie-coolick-polka-daub-hearts-art-print-whitebg-8x10.jpg?v=1778981573&crop=region&crop_left=274&crop_top=244&crop_width=252&crop_height=308&art=1	[{"vendor":"society6","url":"https://society6.com/products/polka-daub-hearts3217060_art-print?variant=48262497960180","price":30.0,"currency":"USD","framed":false,"w":8,"h":10,"label":"No Frame / X-Small 8\" x 10\"","margin":1},{"vendor":"society6","url":"https://society6.com/products/polka-daub-hearts3217060_art-print?variant=48262497992948","price":45.0,"currency":"USD","framed":false,"w":11,"h":14,"label":"No Frame / Small 11\" x 14\"","margin":1},{"vendor":"society6","url":"https://society6.com/products/polka-daub-hearts3217060_art-print?variant=48262498025716","price":50.0,"currency":"USD","framed":false,"w":13,"h":19,"label":"No Frame / Small 13\" x 19\"","margin":1},{"vendor":"society6","url":"https://society6.com/products/polka-daub-hearts3217060_art-print?variant=48262498058484","price":55.0,"currency":"USD","framed":false,"w":16,"h":20,"label":"No Frame / Medium 16\" x 20\"","margin":2},{"vendor":"society6","url":"https://society6.com/products/polka-daub-hearts3217060_art-print?variant=48262498091252","price":60.0,"currency":"USD","framed":false,"w":18,"h":24,"label":"No Frame / Medium 18\" x 24\"","margin":2},{"vendor":"society6","url":"https://society6.com/products/polka-daub-hearts3217060_art-print?variant=48262498124020","price":95.0,"currency":"USD","framed":false,"w":24,"h":36,"label":"No Frame / Large 24\" x 36\"","margin":2},{"vendor":"society6","url":"https://society6.com/products/polka-daub-hearts3217060_art-print?variant=48262498156788","price":125.0,"currency":"USD","framed":false,"w":30,"h":40,"label":"No Frame / X-Large 30\" x 40\"","margin":2}]
s6-i-have-sun-in-me	incerti	https://society6.com/products/i-have-sun-in-me_art-print	I have SUN in me	print	graphic	https://cdn.shopify.com/s/files/1/0781/0282/3156/files/joao-incerti-i-have-sun-in-me-art-print-whitebg-8x10.jpg?v=1778882747&crop=region&crop_left=274&crop_top=250&crop_width=252&crop_height=301&art=1	[{"vendor":"society6","url":"https://society6.com/products/i-have-sun-in-me_art-print?variant=48235328766196","price":30.0,"currency":"USD","framed":false,"w":8,"h":10,"label":"No Frame / X-Small 8\" x 10\"","margin":1},{"vendor":"society6","url":"https://society6.com/products/i-have-sun-in-me_art-print?variant=48235328798964","price":45.0,"currency":"USD","framed":false,"w":11,"h":14,"label":"No Frame / Small 11\" x 14\"","margin":1},{"vendor":"society6","url":"https://society6.com/products/i-have-sun-in-me_art-print?variant=48235328831732","price":50.0,"currency":"USD","framed":false,"w":13,"h":19,"label":"No Frame / Small 13\" x 19\"","margin":1},{"vendor":"society6","url":"https://society6.com/products/i-have-sun-in-me_art-print?variant=48235328864500","price":55.0,"currency":"USD","framed":false,"w":16,"h":20,"label":"No Frame / Medium 16\" x 20\"","margin":2},{"vendor":"society6","url":"https://society6.com/products/i-have-sun-in-me_art-print?variant=48235328897268","price":60.0,"currency":"USD","framed":false,"w":18,"h":24,"label":"No Frame / Medium 18\" x 24\"","margin":2},{"vendor":"society6","url":"https://society6.com/products/i-have-sun-in-me_art-print?variant=48235328930036","price":95.0,"currency":"USD","framed":false,"w":24,"h":36,"label":"No Frame / Large 24\" x 36\"","margin":2},{"vendor":"society6","url":"https://society6.com/products/i-have-sun-in-me_art-print?variant=48235328962804","price":125.0,"currency":"USD","framed":false,"w":30,"h":40,"label":"No Frame / X-Large 30\" x 40\"","margin":2}]
s6-black-and-white-abstract-line-art-2	flowline	https://society6.com/products/black-and-white-abstract-line-art-2_art-print	Cream Loops on Black	print	graphic	https://cdn.shopify.com/s/files/1/0781/0282/3156/files/flow-line-black-and-white-abstract-line-art-2-art-print-whitebg-8x10.jpg?v=1781688535&crop=region&crop_left=274&crop_top=244&crop_width=252&crop_height=307&art=1	[{"vendor":"society6","url":"https://society6.com/products/black-and-white-abstract-line-art-2_art-print?variant=48686237778164","price":30.0,"currency":"USD","framed":false,"w":8,"h":10,"label":"No Frame / X-Small 8\" x 10\"","margin":1},{"vendor":"society6","url":"https://society6.com/products/black-and-white-abstract-line-art-2_art-print?variant=48686237810932","price":45.0,"currency":"USD","framed":false,"w":11,"h":14,"label":"No Frame / Small 11\" x 14\"","margin":1},{"vendor":"society6","url":"https://society6.com/products/black-and-white-abstract-line-art-2_art-print?variant=48686237843700","price":50.0,"currency":"USD","framed":false,"w":13,"h":19,"label":"No Frame / Small 13\" x 19\"","margin":1},{"vendor":"society6","url":"https://society6.com/products/black-and-white-abstract-line-art-2_art-print?variant=48686237876468","price":55.0,"currency":"USD","framed":false,"w":16,"h":20,"label":"No Frame / Medium 16\" x 20\"","margin":2},{"vendor":"society6","url":"https://society6.com/products/black-and-white-abstract-line-art-2_art-print?variant=48686237909236","price":60.0,"currency":"USD","framed":false,"w":18,"h":24,"label":"No Frame / Medium 18\" x 24\"","margin":2},{"vendor":"society6","url":"https://society6.com/products/black-and-white-abstract-line-art-2_art-print?variant=48686237942004","price":95.0,"currency":"USD","framed":false,"w":24,"h":36,"label":"No Frame / Large 24\" x 36\"","margin":2},{"vendor":"society6","url":"https://society6.com/products/black-and-white-abstract-line-art-2_art-print?variant=48686237974772","price":125.0,"currency":"USD","framed":false,"w":30,"h":40,"label":"No Frame / X-Large 30\" x 40\"","margin":2}]
s6-car-park	cassiabeck	https://society6.com/products/car-park_art-print	Car Park	print	graphic	https://cdn.shopify.com/s/files/1/0781/0282/3156/files/cassia-beck-car-park-art-print-whitebg-8x10.jpg?v=1781265216&crop=region&crop_left=272&crop_top=242&crop_width=255&crop_height=309&art=1	[{"vendor":"society6","url":"https://society6.com/products/car-park_art-print?variant=48562768937204","price":30.0,"currency":"USD","framed":false,"w":8,"h":10,"label":"No Frame / X-Small 8\" x 10\"","margin":1},{"vendor":"society6","url":"https://society6.com/products/car-park_art-print?variant=48562768969972","price":40.0,"currency":"USD","framed":false,"w":10,"h":10,"label":"No Frame / Small 10\" x 10\"","margin":1},{"vendor":"society6","url":"https://society6.com/products/car-park_art-print?variant=48562769002740","price":45.0,"currency":"USD","framed":false,"w":11,"h":14,"label":"No Frame / Small 11\" x 14\"","margin":1},{"vendor":"society6","url":"https://society6.com/products/car-park_art-print?variant=48562769035508","price":50.0,"currency":"USD","framed":false,"w":13,"h":19,"label":"No Frame / Small 13\" x 19\"","margin":1},{"vendor":"society6","url":"https://society6.com/products/car-park_art-print?variant=48562769068276","price":65.0,"currency":"USD","framed":false,"w":20,"h":20,"label":"No Frame / Medium 20\" x 20\"","margin":2},{"vendor":"society6","url":"https://society6.com/products/car-park_art-print?variant=48562769101044","price":55.0,"currency":"USD","framed":false,"w":16,"h":20,"label":"No Frame / Medium 16\" x 20\"","margin":2},{"vendor":"society6","url":"https://society6.com/products/car-park_art-print?variant=48562769133812","price":60.0,"currency":"USD","framed":false,"w":18,"h":24,"label":"No Frame / Medium 18\" x 24\"","margin":2},{"vendor":"society6","url":"https://society6.com/products/car-park_art-print?variant=48562769166580","price":95.0,"currency":"USD","framed":false,"w":24,"h":36,"label":"No Frame / Large 24\" x 36\"","margin":2},{"vendor":"society6","url":"https://society6.com/products/car-park_art-print?variant=48562769199348","price":125.0,"currency":"USD","framed":false,"w":30,"h":40,"label":"No Frame / X-Large 30\" x 40\"","margin":2}]
s6-peachy-keen8024210	annmariecoolick	https://society6.com/products/peachy-keen8024210_art-print	Peachy Keen	print	graphic	https://cdn.shopify.com/s/files/1/0781/0282/3156/files/ann-marie-coolick-peachy-keen-i-art-print-whitebg-8x10.jpg?v=1780867369&crop=region&crop_left=274&crop_top=242&crop_width=253&crop_height=310&art=1	[{"vendor":"society6","url":"https://society6.com/products/peachy-keen8024210_art-print?variant=48452226089204","price":30.0,"currency":"USD","framed":false,"w":8,"h":10,"label":"No Frame / X-Small 8\" x 10\"","margin":1},{"vendor":"society6","url":"https://society6.com/products/peachy-keen8024210_art-print?variant=48452226121972","price":40.0,"currency":"USD","framed":false,"w":10,"h":10,"label":"No Frame / Small 10\" x 10\"","margin":1},{"vendor":"society6","url":"https://society6.com/products/peachy-keen8024210_art-print?variant=48452226154740","price":45.0,"currency":"USD","framed":false,"w":11,"h":14,"label":"No Frame / Small 11\" x 14\"","margin":1},{"vendor":"society6","url":"https://society6.com/products/peachy-keen8024210_art-print?variant=48452226187508","price":50.0,"currency":"USD","framed":false,"w":13,"h":19,"label":"No Frame / Small 13\" x 19\"","margin":1},{"vendor":"society6","url":"https://society6.com/products/peachy-keen8024210_art-print?variant=48452226220276","price":65.0,"currency":"USD","framed":false,"w":20,"h":20,"label":"No Frame / Medium 20\" x 20\"","margin":2},{"vendor":"society6","url":"https://society6.com/products/peachy-keen8024210_art-print?variant=48452226253044","price":55.0,"currency":"USD","framed":false,"w":16,"h":20,"label":"No Frame / Medium 16\" x 20\"","margin":2},{"vendor":"society6","url":"https://society6.com/products/peachy-keen8024210_art-print?variant=48452226285812","price":60.0,"currency":"USD","framed":false,"w":18,"h":24,"label":"No Frame / Medium 18\" x 24\"","margin":2},{"vendor":"society6","url":"https://society6.com/products/peachy-keen8024210_art-print?variant=48452226318580","price":95.0,"currency":"USD","framed":false,"w":24,"h":36,"label":"No Frame / Large 24\" x 36\"","margin":2},{"vendor":"society6","url":"https://society6.com/products/peachy-keen8024210_art-print?variant=48452226351348","price":125.0,"currency":"USD","framed":false,"w":30,"h":40,"label":"No Frame / X-Large 30\" x 40\"","margin":2}]
s6-you-dont-know-me6673318	incerti	https://society6.com/products/you-dont-know-me6673318_art-print	You don't know "me"	print	graphic	https://cdn.shopify.com/s/files/1/0781/0282/3156/files/joao-incerti-you-dont-know-me-art-print-whitebg-8x10.jpg?v=1779210902&crop=region&crop_left=242&crop_top=275&crop_width=313&crop_height=251&art=1	[{"vendor":"society6","url":"https://society6.com/products/you-dont-know-me6673318_art-print?variant=48303549513972","price":30.0,"currency":"USD","framed":false,"w":8,"h":10,"label":"No Frame / X-Small 8\" x 10\"","margin":1},{"vendor":"society6","url":"https://society6.com/products/you-dont-know-me6673318_art-print?variant=48303549546740","price":45.0,"currency":"USD","framed":false,"w":11,"h":14,"label":"No Frame / Small 11\" x 14\"","margin":1},{"vendor":"society6","url":"https://society6.com/products/you-dont-know-me6673318_art-print?variant=48303549579508","price":50.0,"currency":"USD","framed":false,"w":13,"h":19,"label":"No Frame / Small 13\" x 19\"","margin":1},{"vendor":"society6","url":"https://society6.com/products/you-dont-know-me6673318_art-print?variant=48303549612276","price":55.0,"currency":"USD","framed":false,"w":16,"h":20,"label":"No Frame / Medium 16\" x 20\"","margin":2},{"vendor":"society6","url":"https://society6.com/products/you-dont-know-me6673318_art-print?variant=48303549645044","price":60.0,"currency":"USD","framed":false,"w":18,"h":24,"label":"No Frame / Medium 18\" x 24\"","margin":2},{"vendor":"society6","url":"https://society6.com/products/you-dont-know-me6673318_art-print?variant=48303549677812","price":95.0,"currency":"USD","framed":false,"w":24,"h":36,"label":"No Frame / Large 24\" x 36\"","margin":2},{"vendor":"society6","url":"https://society6.com/products/you-dont-know-me6673318_art-print?variant=48303549710580","price":125.0,"currency":"USD","framed":false,"w":30,"h":40,"label":"No Frame / X-Large 30\" x 40\"","margin":2}]
s6-paris6999190	amberstextiles	https://society6.com/products/paris6999190_art-print	Paris	print	graphic	https://cdn.shopify.com/s/files/1/0781/0282/3156/files/ambers-textiles-paris-i-art-print-whitebg-8x10.jpg?v=1779011542&crop=region&crop_left=272&crop_top=244&crop_width=255&crop_height=313&art=1	[{"vendor":"society6","url":"https://society6.com/products/paris6999190_art-print?variant=48270784168180","price":30.0,"currency":"USD","framed":false,"w":8,"h":10,"label":"No Frame / X-Small 8\" x 10\"","margin":1},{"vendor":"society6","url":"https://society6.com/products/paris6999190_art-print?variant=48270784200948","price":45.0,"currency":"USD","framed":false,"w":11,"h":14,"label":"No Frame / Small 11\" x 14\"","margin":1},{"vendor":"society6","url":"https://society6.com/products/paris6999190_art-print?variant=48270784233716","price":50.0,"currency":"USD","framed":false,"w":13,"h":19,"label":"No Frame / Small 13\" x 19\"","margin":1},{"vendor":"society6","url":"https://society6.com/products/paris6999190_art-print?variant=48270784266484","price":55.0,"currency":"USD","framed":false,"w":16,"h":20,"label":"No Frame / Medium 16\" x 20\"","margin":2},{"vendor":"society6","url":"https://society6.com/products/paris6999190_art-print?variant=48270784299252","price":60.0,"currency":"USD","framed":false,"w":18,"h":24,"label":"No Frame / Medium 18\" x 24\"","margin":2},{"vendor":"society6","url":"https://society6.com/products/paris6999190_art-print?variant=48270784332020","price":95.0,"currency":"USD","framed":false,"w":24,"h":36,"label":"No Frame / Large 24\" x 36\"","margin":2},{"vendor":"society6","url":"https://society6.com/products/paris6999190_art-print?variant=48270784364788","price":125.0,"currency":"USD","framed":false,"w":30,"h":40,"label":"No Frame / X-Large 30\" x 40\"","margin":2}]
s6-under-the-sea-shells3003037	amberstextiles	https://society6.com/products/under-the-sea-shells3003037_art-print	Under the Sea Shells	print	graphic	https://cdn.shopify.com/s/files/1/0781/0282/3156/files/ambers-textiles-under-the-sea-shells-art-print-whitebg-8x10.jpg?v=1778977278&crop=region&crop_left=271&crop_top=230&crop_width=251&crop_height=334&art=1	[{"vendor":"society6","url":"https://society6.com/products/under-the-sea-shells3003037_art-print?variant=48261342789876","price":30.0,"currency":"USD","framed":false,"w":8,"h":10,"label":"No Frame / X-Small 8\" x 10\"","margin":1},{"vendor":"society6","url":"https://society6.com/products/under-the-sea-shells3003037_art-print?variant=48261342822644","price":45.0,"currency":"USD","framed":false,"w":11,"h":14,"label":"No Frame / Small 11\" x 14\"","margin":1},{"vendor":"society6","url":"https://society6.com/products/under-the-sea-shells3003037_art-print?variant=48261342855412","price":50.0,"currency":"USD","framed":false,"w":13,"h":19,"label":"No Frame / Small 13\" x 19\"","margin":1},{"vendor":"society6","url":"https://society6.com/products/under-the-sea-shells3003037_art-print?variant=48261342888180","price":55.0,"currency":"USD","framed":false,"w":16,"h":20,"label":"No Frame / Medium 16\" x 20\"","margin":2},{"vendor":"society6","url":"https://society6.com/products/under-the-sea-shells3003037_art-print?variant=48261342920948","price":60.0,"currency":"USD","framed":false,"w":18,"h":24,"label":"No Frame / Medium 18\" x 24\"","margin":2},{"vendor":"society6","url":"https://society6.com/products/under-the-sea-shells3003037_art-print?variant=48261342953716","price":95.0,"currency":"USD","framed":false,"w":24,"h":36,"label":"No Frame / Large 24\" x 36\"","margin":2},{"vendor":"society6","url":"https://society6.com/products/under-the-sea-shells3003037_art-print?variant=48261342986484","price":125.0,"currency":"USD","framed":false,"w":30,"h":40,"label":"No Frame / X-Large 30\" x 40\"","margin":2}]
s6-abstract-171071267	thindesign	https://society6.com/products/abstract-171071267_art-print	Abstract 18	print	graphic	https://cdn.shopify.com/s/files/1/0781/0282/3156/files/thingdesign-abstract-18-art-print-whitebg-8x10.jpg?v=1780882593&crop=region&crop_left=272&crop_top=242&crop_width=254&crop_height=316&art=1	[{"vendor":"society6","url":"https://society6.com/products/abstract-171071267_art-print?variant=48457476767988","price":30.0,"currency":"USD","framed":false,"w":8,"h":10,"label":"No Frame / X-Small 8\" x 10\"","margin":1},{"vendor":"society6","url":"https://society6.com/products/abstract-171071267_art-print?variant=48457476800756","price":40.0,"currency":"USD","framed":false,"w":10,"h":10,"label":"No Frame / Small 10\" x 10\"","margin":1},{"vendor":"society6","url":"https://society6.com/products/abstract-171071267_art-print?variant=48457476833524","price":45.0,"currency":"USD","framed":false,"w":11,"h":14,"label":"No Frame / Small 11\" x 14\"","margin":1},{"vendor":"society6","url":"https://society6.com/products/abstract-171071267_art-print?variant=48457476866292","price":50.0,"currency":"USD","framed":false,"w":13,"h":19,"label":"No Frame / Small 13\" x 19\"","margin":1},{"vendor":"society6","url":"https://society6.com/products/abstract-171071267_art-print?variant=48457476899060","price":65.0,"currency":"USD","framed":false,"w":20,"h":20,"label":"No Frame / Medium 20\" x 20\"","margin":2},{"vendor":"society6","url":"https://society6.com/products/abstract-171071267_art-print?variant=48457476931828","price":55.0,"currency":"USD","framed":false,"w":16,"h":20,"label":"No Frame / Medium 16\" x 20\"","margin":2},{"vendor":"society6","url":"https://society6.com/products/abstract-171071267_art-print?variant=48457476964596","price":60.0,"currency":"USD","framed":false,"w":18,"h":24,"label":"No Frame / Medium 18\" x 24\"","margin":2},{"vendor":"society6","url":"https://society6.com/products/abstract-171071267_art-print?variant=48457476997364","price":95.0,"currency":"USD","framed":false,"w":24,"h":36,"label":"No Frame / Large 24\" x 36\"","margin":2},{"vendor":"society6","url":"https://society6.com/products/abstract-171071267_art-print?variant=48457477030132","price":125.0,"currency":"USD","framed":false,"w":30,"h":40,"label":"No Frame / X-Large 30\" x 40\"","margin":2}]
s6-golden-burst	catcoq	https://society6.com/products/golden-burst_art-print	Golden Burst	print	graphic	https://cdn.shopify.com/s/files/1/0781/0282/3156/files/cat-coquillette-golden-burst-art-print-whitebg-8x10.jpg?v=1780873270&crop=region&crop_left=272&crop_top=244&crop_width=255&crop_height=306&art=1	[{"vendor":"society6","url":"https://society6.com/products/golden-burst_art-print?variant=48454296469748","price":30.0,"currency":"USD","framed":false,"w":8,"h":10,"label":"No Frame / X-Small 8\" x 10\"","margin":1},{"vendor":"society6","url":"https://society6.com/products/golden-burst_art-print?variant=48454296502516","price":40.0,"currency":"USD","framed":false,"w":10,"h":10,"label":"No Frame / Small 10\" x 10\"","margin":1},{"vendor":"society6","url":"https://society6.com/products/golden-burst_art-print?variant=48454296535284","price":45.0,"currency":"USD","framed":false,"w":11,"h":14,"label":"No Frame / Small 11\" x 14\"","margin":1},{"vendor":"society6","url":"https://society6.com/products/golden-burst_art-print?variant=48454296568052","price":50.0,"currency":"USD","framed":false,"w":13,"h":19,"label":"No Frame / Small 13\" x 19\"","margin":1},{"vendor":"society6","url":"https://society6.com/products/golden-burst_art-print?variant=48454296600820","price":65.0,"currency":"USD","framed":false,"w":20,"h":20,"label":"No Frame / Medium 20\" x 20\"","margin":2},{"vendor":"society6","url":"https://society6.com/products/golden-burst_art-print?variant=48454296633588","price":55.0,"currency":"USD","framed":false,"w":16,"h":20,"label":"No Frame / Medium 16\" x 20\"","margin":2},{"vendor":"society6","url":"https://society6.com/products/golden-burst_art-print?variant=48454296666356","price":60.0,"currency":"USD","framed":false,"w":18,"h":24,"label":"No Frame / Medium 18\" x 24\"","margin":2},{"vendor":"society6","url":"https://society6.com/products/golden-burst_art-print?variant=48454296699124","price":95.0,"currency":"USD","framed":false,"w":24,"h":36,"label":"No Frame / Large 24\" x 36\"","margin":2},{"vendor":"society6","url":"https://society6.com/products/golden-burst_art-print?variant=48454296731892","price":125.0,"currency":"USD","framed":false,"w":30,"h":40,"label":"No Frame / X-Large 30\" x 40\"","margin":2}]
s6-vintage-california-sun	ayeyokp	https://society6.com/products/vintage-california-sun_art-print	Vintage California Sun	print	graphic	https://cdn.shopify.com/s/files/1/0781/0282/3156/files/ayeyokp-vintage-california-sun-art-print-whitebg-8x10.jpg?v=1780861683&crop=region&crop_left=274&crop_top=242&crop_width=253&crop_height=310&art=1	[{"vendor":"society6","url":"https://society6.com/products/vintage-california-sun_art-print?variant=48450874540276","price":30.0,"currency":"USD","framed":false,"w":8,"h":10,"label":"No Frame / X-Small 8\" x 10\"","margin":1},{"vendor":"society6","url":"https://society6.com/products/vintage-california-sun_art-print?variant=48450874573044","price":40.0,"currency":"USD","framed":false,"w":10,"h":10,"label":"No Frame / Small 10\" x 10\"","margin":1},{"vendor":"society6","url":"https://society6.com/products/vintage-california-sun_art-print?variant=48450874605812","price":45.0,"currency":"USD","framed":false,"w":11,"h":14,"label":"No Frame / Small 11\" x 14\"","margin":1},{"vendor":"society6","url":"https://society6.com/products/vintage-california-sun_art-print?variant=48450874638580","price":50.0,"currency":"USD","framed":false,"w":13,"h":19,"label":"No Frame / Small 13\" x 19\"","margin":1},{"vendor":"society6","url":"https://society6.com/products/vintage-california-sun_art-print?variant=48450874671348","price":65.0,"currency":"USD","framed":false,"w":20,"h":20,"label":"No Frame / Medium 20\" x 20\"","margin":2},{"vendor":"society6","url":"https://society6.com/products/vintage-california-sun_art-print?variant=48450874704116","price":55.0,"currency":"USD","framed":false,"w":16,"h":20,"label":"No Frame / Medium 16\" x 20\"","margin":2},{"vendor":"society6","url":"https://society6.com/products/vintage-california-sun_art-print?variant=48450874736884","price":60.0,"currency":"USD","framed":false,"w":18,"h":24,"label":"No Frame / Medium 18\" x 24\"","margin":2},{"vendor":"society6","url":"https://society6.com/products/vintage-california-sun_art-print?variant=48450874769652","price":95.0,"currency":"USD","framed":false,"w":24,"h":36,"label":"No Frame / Large 24\" x 36\"","margin":2},{"vendor":"society6","url":"https://society6.com/products/vintage-california-sun_art-print?variant=48450874802420","price":125.0,"currency":"USD","framed":false,"w":30,"h":40,"label":"No Frame / X-Large 30\" x 40\"","margin":2}]
s6-spilling-red-tulips	rlt	https://society6.com/products/spilling-red-tulips_art-print	Spilling Red Tulips	print	graphic	https://cdn.shopify.com/s/files/1/0781/0282/3156/files/renea-l-thull-spilling-red-tulips-art-print-whitebg-8x10.jpg?v=1779037561&crop=region&crop_left=245&crop_top=270&crop_width=310&crop_height=255&art=1	[{"vendor":"society6","url":"https://society6.com/products/spilling-red-tulips_art-print?variant=48278182592756","price":30.0,"currency":"USD","framed":false,"w":8,"h":10,"label":"No Frame / X-Small 8\" x 10\"","margin":1},{"vendor":"society6","url":"https://society6.com/products/spilling-red-tulips_art-print?variant=48278182625524","price":45.0,"currency":"USD","framed":false,"w":11,"h":14,"label":"No Frame / Small 11\" x 14\"","margin":1},{"vendor":"society6","url":"https://society6.com/products/spilling-red-tulips_art-print?variant=48278182658292","price":50.0,"currency":"USD","framed":false,"w":13,"h":19,"label":"No Frame / Small 13\" x 19\"","margin":1},{"vendor":"society6","url":"https://society6.com/products/spilling-red-tulips_art-print?variant=48278182691060","price":55.0,"currency":"USD","framed":false,"w":16,"h":20,"label":"No Frame / Medium 16\" x 20\"","margin":2},{"vendor":"society6","url":"https://society6.com/products/spilling-red-tulips_art-print?variant=48278182723828","price":60.0,"currency":"USD","framed":false,"w":18,"h":24,"label":"No Frame / Medium 18\" x 24\"","margin":2},{"vendor":"society6","url":"https://society6.com/products/spilling-red-tulips_art-print?variant=48278182756596","price":95.0,"currency":"USD","framed":false,"w":24,"h":36,"label":"No Frame / Large 24\" x 36\"","margin":2},{"vendor":"society6","url":"https://society6.com/products/spilling-red-tulips_art-print?variant=48278182789364","price":125.0,"currency":"USD","framed":false,"w":30,"h":40,"label":"No Frame / X-Large 30\" x 40\"","margin":2}]
s6-flower-market-no-1	rlt	https://society6.com/products/flower-market-no-1_art-print	Flower Market No. 1	print	graphic	https://cdn.shopify.com/s/files/1/0781/0282/3156/files/renea-l-thull-flower-market-no-1-art-print-whitebg-8x10.jpg?v=1779020675&crop=region&crop_left=274&crop_top=244&crop_width=251&crop_height=306&art=1	[{"vendor":"society6","url":"https://society6.com/products/flower-market-no-1_art-print?variant=48273447977204","price":30.0,"currency":"USD","framed":false,"w":8,"h":10,"label":"No Frame / X-Small 8\" x 10\"","margin":1},{"vendor":"society6","url":"https://society6.com/products/flower-market-no-1_art-print?variant=48273448009972","price":45.0,"currency":"USD","framed":false,"w":11,"h":14,"label":"No Frame / Small 11\" x 14\"","margin":1},{"vendor":"society6","url":"https://society6.com/products/flower-market-no-1_art-print?variant=48273448042740","price":50.0,"currency":"USD","framed":false,"w":13,"h":19,"label":"No Frame / Small 13\" x 19\"","margin":1},{"vendor":"society6","url":"https://society6.com/products/flower-market-no-1_art-print?variant=48273448075508","price":55.0,"currency":"USD","framed":false,"w":16,"h":20,"label":"No Frame / Medium 16\" x 20\"","margin":2},{"vendor":"society6","url":"https://society6.com/products/flower-market-no-1_art-print?variant=48273448108276","price":60.0,"currency":"USD","framed":false,"w":18,"h":24,"label":"No Frame / Medium 18\" x 24\"","margin":2},{"vendor":"society6","url":"https://society6.com/products/flower-market-no-1_art-print?variant=48273448141044","price":95.0,"currency":"USD","framed":false,"w":24,"h":36,"label":"No Frame / Large 24\" x 36\"","margin":2},{"vendor":"society6","url":"https://society6.com/products/flower-market-no-1_art-print?variant=48273448173812","price":125.0,"currency":"USD","framed":false,"w":30,"h":40,"label":"No Frame / X-Large 30\" x 40\"","margin":2}]
s6-behind-the-painted-door	junkydotcom	https://society6.com/products/behind-the-painted-door_art-print	Behind the Painted Door	print	graphic	https://cdn.shopify.com/s/files/1/0781/0282/3156/files/junkydotcom-behind-the-painted-door-art-print-whitebg-8x10.jpg?v=1781683521&crop=region&crop_left=272&crop_top=242&crop_width=255&crop_height=310&art=1	[{"vendor":"society6","url":"https://society6.com/products/behind-the-painted-door_art-print?variant=48684771410164","price":30.0,"currency":"USD","framed":false,"w":8,"h":10,"label":"No Frame / X-Small 8\" x 10\"","margin":1},{"vendor":"society6","url":"https://society6.com/products/behind-the-painted-door_art-print?variant=48684771442932","price":45.0,"currency":"USD","framed":false,"w":11,"h":14,"label":"No Frame / Small 11\" x 14\"","margin":1},{"vendor":"society6","url":"https://society6.com/products/behind-the-painted-door_art-print?variant=48684771475700","price":50.0,"currency":"USD","framed":false,"w":13,"h":19,"label":"No Frame / Small 13\" x 19\"","margin":1},{"vendor":"society6","url":"https://society6.com/products/behind-the-painted-door_art-print?variant=48684771508468","price":55.0,"currency":"USD","framed":false,"w":16,"h":20,"label":"No Frame / Medium 16\" x 20\"","margin":2},{"vendor":"society6","url":"https://society6.com/products/behind-the-painted-door_art-print?variant=48684771541236","price":60.0,"currency":"USD","framed":false,"w":18,"h":24,"label":"No Frame / Medium 18\" x 24\"","margin":2},{"vendor":"society6","url":"https://society6.com/products/behind-the-painted-door_art-print?variant=48684771574004","price":95.0,"currency":"USD","framed":false,"w":24,"h":36,"label":"No Frame / Large 24\" x 36\"","margin":2},{"vendor":"society6","url":"https://society6.com/products/behind-the-painted-door_art-print?variant=48684771606772","price":125.0,"currency":"USD","framed":false,"w":30,"h":40,"label":"No Frame / X-Large 30\" x 40\"","margin":2}]
s6-theyve-arrived-4x5	msgonzalez	https://society6.com/products/theyve-arrived-4x5_art-print	They've arrived! (Square)	print	graphic	https://cdn.shopify.com/s/files/1/0781/0282/3156/files/msgonzalez-theyve-arrived-square-art-print-whitebg-8x10.jpg?v=1781483256&crop=region&crop_left=272&crop_top=243&crop_width=255&crop_height=311&art=1	[{"vendor":"society6","url":"https://society6.com/products/theyve-arrived-4x5_art-print?variant=48626383257844","price":30.0,"currency":"USD","framed":false,"w":8,"h":10,"label":"No Frame / X-Small 8\" x 10\"","margin":1},{"vendor":"society6","url":"https://society6.com/products/theyve-arrived-4x5_art-print?variant=48626383290612","price":40.0,"currency":"USD","framed":false,"w":10,"h":10,"label":"No Frame / Small 10\" x 10\"","margin":1},{"vendor":"society6","url":"https://society6.com/products/theyve-arrived-4x5_art-print?variant=48626383323380","price":45.0,"currency":"USD","framed":false,"w":11,"h":14,"label":"No Frame / Small 11\" x 14\"","margin":1},{"vendor":"society6","url":"https://society6.com/products/theyve-arrived-4x5_art-print?variant=48626383356148","price":50.0,"currency":"USD","framed":false,"w":13,"h":19,"label":"No Frame / Small 13\" x 19\"","margin":1},{"vendor":"society6","url":"https://society6.com/products/theyve-arrived-4x5_art-print?variant=48626383388916","price":65.0,"currency":"USD","framed":false,"w":20,"h":20,"label":"No Frame / Medium 20\" x 20\"","margin":2},{"vendor":"society6","url":"https://society6.com/products/theyve-arrived-4x5_art-print?variant=48626383421684","price":55.0,"currency":"USD","framed":false,"w":16,"h":20,"label":"No Frame / Medium 16\" x 20\"","margin":2},{"vendor":"society6","url":"https://society6.com/products/theyve-arrived-4x5_art-print?variant=48626383454452","price":60.0,"currency":"USD","framed":false,"w":18,"h":24,"label":"No Frame / Medium 18\" x 24\"","margin":2},{"vendor":"society6","url":"https://society6.com/products/theyve-arrived-4x5_art-print?variant=48626383487220","price":95.0,"currency":"USD","framed":false,"w":24,"h":36,"label":"No Frame / Large 24\" x 36\"","margin":2},{"vendor":"society6","url":"https://society6.com/products/theyve-arrived-4x5_art-print?variant=48626383519988","price":125.0,"currency":"USD","framed":false,"w":30,"h":40,"label":"No Frame / X-Large 30\" x 40\"","margin":2}]
s6-stripe-pants	brittdoesdesign	https://society6.com/products/stripe-pants_art-print	Stripe Pants	print	graphic	https://cdn.shopify.com/s/files/1/0781/0282/3156/files/britt-does-design-stripe-pants-art-print-whitebg-8x10.jpg?v=1780862815&crop=region&crop_left=273&crop_top=242&crop_width=254&crop_height=310&art=1	[{"vendor":"society6","url":"https://society6.com/products/stripe-pants_art-print?variant=48451126231284","price":30.0,"currency":"USD","framed":false,"w":8,"h":10,"label":"No Frame / X-Small 8\" x 10\"","margin":1},{"vendor":"society6","url":"https://society6.com/products/stripe-pants_art-print?variant=48451126264052","price":40.0,"currency":"USD","framed":false,"w":10,"h":10,"label":"No Frame / Small 10\" x 10\"","margin":1},{"vendor":"society6","url":"https://society6.com/products/stripe-pants_art-print?variant=48451126296820","price":45.0,"currency":"USD","framed":false,"w":11,"h":14,"label":"No Frame / Small 11\" x 14\"","margin":1},{"vendor":"society6","url":"https://society6.com/products/stripe-pants_art-print?variant=48451126329588","price":50.0,"currency":"USD","framed":false,"w":13,"h":19,"label":"No Frame / Small 13\" x 19\"","margin":1},{"vendor":"society6","url":"https://society6.com/products/stripe-pants_art-print?variant=48451126362356","price":65.0,"currency":"USD","framed":false,"w":20,"h":20,"label":"No Frame / Medium 20\" x 20\"","margin":2},{"vendor":"society6","url":"https://society6.com/products/stripe-pants_art-print?variant=48451126395124","price":55.0,"currency":"USD","framed":false,"w":16,"h":20,"label":"No Frame / Medium 16\" x 20\"","margin":2},{"vendor":"society6","url":"https://society6.com/products/stripe-pants_art-print?variant=48451126427892","price":60.0,"currency":"USD","framed":false,"w":18,"h":24,"label":"No Frame / Medium 18\" x 24\"","margin":2},{"vendor":"society6","url":"https://society6.com/products/stripe-pants_art-print?variant=48451126460660","price":95.0,"currency":"USD","framed":false,"w":24,"h":36,"label":"No Frame / Large 24\" x 36\"","margin":2},{"vendor":"society6","url":"https://society6.com/products/stripe-pants_art-print?variant=48451126493428","price":125.0,"currency":"USD","framed":false,"w":30,"h":40,"label":"No Frame / X-Large 30\" x 40\"","margin":2}]
s6-loons-at-dusk	rlt	https://society6.com/products/loons-at-dusk_art-print	Loons At Dusk	print	graphic	https://cdn.shopify.com/s/files/1/0781/0282/3156/files/renea-l-thull-loons-at-dusk-art-print-whitebg-8x10.jpg?v=1779070817&crop=region&crop_left=272&crop_top=242&crop_width=255&crop_height=309&art=1	[{"vendor":"society6","url":"https://society6.com/products/loons-at-dusk_art-print?variant=48287250481396","price":30.0,"currency":"USD","framed":false,"w":8,"h":10,"label":"No Frame / X-Small 8\" x 10\"","margin":1},{"vendor":"society6","url":"https://society6.com/products/loons-at-dusk_art-print?variant=48287250514164","price":45.0,"currency":"USD","framed":false,"w":11,"h":14,"label":"No Frame / Small 11\" x 14\"","margin":1},{"vendor":"society6","url":"https://society6.com/products/loons-at-dusk_art-print?variant=48287250546932","price":50.0,"currency":"USD","framed":false,"w":13,"h":19,"label":"No Frame / Small 13\" x 19\"","margin":1},{"vendor":"society6","url":"https://society6.com/products/loons-at-dusk_art-print?variant=48287250579700","price":55.0,"currency":"USD","framed":false,"w":16,"h":20,"label":"No Frame / Medium 16\" x 20\"","margin":2},{"vendor":"society6","url":"https://society6.com/products/loons-at-dusk_art-print?variant=48287250612468","price":60.0,"currency":"USD","framed":false,"w":18,"h":24,"label":"No Frame / Medium 18\" x 24\"","margin":2},{"vendor":"society6","url":"https://society6.com/products/loons-at-dusk_art-print?variant=48287250645236","price":95.0,"currency":"USD","framed":false,"w":24,"h":36,"label":"No Frame / Large 24\" x 36\"","margin":2},{"vendor":"society6","url":"https://society6.com/products/loons-at-dusk_art-print?variant=48287250678004","price":125.0,"currency":"USD","framed":false,"w":30,"h":40,"label":"No Frame / X-Large 30\" x 40\"","margin":2}]
s6-midcentury-bluebird-pair	rlt	https://society6.com/products/midcentury-bluebird-pair_art-print	Midcentury Bluebird Pair	print	graphic	https://cdn.shopify.com/s/files/1/0781/0282/3156/files/renea-l-thull-midcentury-bluebird-pair-art-print-whitebg-8x10.jpg?v=1779037268&crop=region&crop_left=246&crop_top=271&crop_width=308&crop_height=253&art=1	[{"vendor":"society6","url":"https://society6.com/products/midcentury-bluebird-pair_art-print?variant=48278104801524","price":30.0,"currency":"USD","framed":false,"w":8,"h":10,"label":"No Frame / X-Small 8\" x 10\"","margin":1},{"vendor":"society6","url":"https://society6.com/products/midcentury-bluebird-pair_art-print?variant=48278104834292","price":45.0,"currency":"USD","framed":false,"w":11,"h":14,"label":"No Frame / Small 11\" x 14\"","margin":1},{"vendor":"society6","url":"https://society6.com/products/midcentury-bluebird-pair_art-print?variant=48278104867060","price":50.0,"currency":"USD","framed":false,"w":13,"h":19,"label":"No Frame / Small 13\" x 19\"","margin":1},{"vendor":"society6","url":"https://society6.com/products/midcentury-bluebird-pair_art-print?variant=48278104899828","price":55.0,"currency":"USD","framed":false,"w":16,"h":20,"label":"No Frame / Medium 16\" x 20\"","margin":2},{"vendor":"society6","url":"https://society6.com/products/midcentury-bluebird-pair_art-print?variant=48278104932596","price":60.0,"currency":"USD","framed":false,"w":18,"h":24,"label":"No Frame / Medium 18\" x 24\"","margin":2},{"vendor":"society6","url":"https://society6.com/products/midcentury-bluebird-pair_art-print?variant=48278104965364","price":95.0,"currency":"USD","framed":false,"w":24,"h":36,"label":"No Frame / Large 24\" x 36\"","margin":2},{"vendor":"society6","url":"https://society6.com/products/midcentury-bluebird-pair_art-print?variant=48278104998132","price":125.0,"currency":"USD","framed":false,"w":30,"h":40,"label":"No Frame / X-Large 30\" x 40\"","margin":2}]
s6-palm-springs-california6103960	galdesign	https://society6.com/products/palm-springs-california6103960_art-print	Palm Springs California	photo	graphic	https://cdn.shopify.com/s/files/1/0781/0282/3156/files/gal-design-palm-springs-california-i-art-print-whitebg-8x10.jpg?v=1778993954&crop=region&crop_left=272&crop_top=243&crop_width=255&crop_height=311&art=1	[{"vendor":"society6","url":"https://society6.com/products/palm-springs-california6103960_art-print?variant=48265975038196","price":30.0,"currency":"USD","framed":false,"w":8,"h":10,"label":"No Frame / X-Small 8\" x 10\"","margin":1},{"vendor":"society6","url":"https://society6.com/products/palm-springs-california6103960_art-print?variant=48265975070964","price":45.0,"currency":"USD","framed":false,"w":11,"h":14,"label":"No Frame / Small 11\" x 14\"","margin":1},{"vendor":"society6","url":"https://society6.com/products/palm-springs-california6103960_art-print?variant=48265975103732","price":50.0,"currency":"USD","framed":false,"w":13,"h":19,"label":"No Frame / Small 13\" x 19\"","margin":1},{"vendor":"society6","url":"https://society6.com/products/palm-springs-california6103960_art-print?variant=48265975136500","price":55.0,"currency":"USD","framed":false,"w":16,"h":20,"label":"No Frame / Medium 16\" x 20\"","margin":2},{"vendor":"society6","url":"https://society6.com/products/palm-springs-california6103960_art-print?variant=48265975169268","price":60.0,"currency":"USD","framed":false,"w":18,"h":24,"label":"No Frame / Medium 18\" x 24\"","margin":2},{"vendor":"society6","url":"https://society6.com/products/palm-springs-california6103960_art-print?variant=48265975202036","price":95.0,"currency":"USD","framed":false,"w":24,"h":36,"label":"No Frame / Large 24\" x 36\"","margin":2},{"vendor":"society6","url":"https://society6.com/products/palm-springs-california6103960_art-print?variant=48265975234804","price":125.0,"currency":"USD","framed":false,"w":30,"h":40,"label":"No Frame / X-Large 30\" x 40\"","margin":2}]
s6-mid-century-geometry-abstract-shapes-bauhaus	anarutbre	https://society6.com/products/mid-century-geometry-abstract-shapes-bauhaus-3_art-print	Bauhaus Shapes III	print	graphic	https://cdn.shopify.com/s/files/1/0781/0282/3156/files/ana-rut-bre-fine-art-mid-century-geometry-abst-iii-art-print-whitebg-8x10.jpg?v=1778990556&crop=region&crop_left=272&crop_top=242&crop_width=255&crop_height=310&art=1	[{"vendor":"society6","url":"https://society6.com/products/mid-century-geometry-abstract-shapes-bauhaus-3_art-print?variant=48265011036404","price":30.0,"currency":"USD","framed":false,"w":8,"h":10,"label":"No Frame / X-Small 8\" x 10\"","margin":1},{"vendor":"society6","url":"https://society6.com/products/mid-century-geometry-abstract-shapes-bauhaus-3_art-print?variant=48265011069172","price":45.0,"currency":"USD","framed":false,"w":11,"h":14,"label":"No Frame / Small 11\" x 14\"","margin":1},{"vendor":"society6","url":"https://society6.com/products/mid-century-geometry-abstract-shapes-bauhaus-3_art-print?variant=48265011101940","price":50.0,"currency":"USD","framed":false,"w":13,"h":19,"label":"No Frame / Small 13\" x 19\"","margin":1},{"vendor":"society6","url":"https://society6.com/products/mid-century-geometry-abstract-shapes-bauhaus-3_art-print?variant=48265011134708","price":55.0,"currency":"USD","framed":false,"w":16,"h":20,"label":"No Frame / Medium 16\" x 20\"","margin":2},{"vendor":"society6","url":"https://society6.com/products/mid-century-geometry-abstract-shapes-bauhaus-3_art-print?variant=48265011167476","price":60.0,"currency":"USD","framed":false,"w":18,"h":24,"label":"No Frame / Medium 18\" x 24\"","margin":2},{"vendor":"society6","url":"https://society6.com/products/mid-century-geometry-abstract-shapes-bauhaus-3_art-print?variant=48265011200244","price":95.0,"currency":"USD","framed":false,"w":24,"h":36,"label":"No Frame / Large 24\" x 36\"","margin":2},{"vendor":"society6","url":"https://society6.com/products/mid-century-geometry-abstract-shapes-bauhaus-3_art-print?variant=48265011233012","price":125.0,"currency":"USD","framed":false,"w":30,"h":40,"label":"No Frame / X-Large 30\" x 40\"","margin":2}]
s6-the-wanderer-plant-illustration	kristiangallagher	https://society6.com/products/the-wanderer-plant-illustration_art-print	The Wanderer	print	lines	https://cdn.shopify.com/s/files/1/0781/0282/3156/files/modern-tropical-the-wanderer-house-plant-illustration-art-print-whitebg-8x10.jpg?v=1778881997&crop=region&crop_left=247&crop_top=272&crop_width=306&crop_height=251&art=1	[{"vendor":"society6","url":"https://society6.com/products/the-wanderer-plant-illustration_art-print?variant=48235214930164","price":30.0,"currency":"USD","framed":false,"w":8,"h":10,"label":"No Frame / X-Small 8\" x 10\"","margin":1},{"vendor":"society6","url":"https://society6.com/products/the-wanderer-plant-illustration_art-print?variant=48235214962932","price":45.0,"currency":"USD","framed":false,"w":11,"h":14,"label":"No Frame / Small 11\" x 14\"","margin":1},{"vendor":"society6","url":"https://society6.com/products/the-wanderer-plant-illustration_art-print?variant=48235214995700","price":50.0,"currency":"USD","framed":false,"w":13,"h":19,"label":"No Frame / Small 13\" x 19\"","margin":1},{"vendor":"society6","url":"https://society6.com/products/the-wanderer-plant-illustration_art-print?variant=48235215028468","price":55.0,"currency":"USD","framed":false,"w":16,"h":20,"label":"No Frame / Medium 16\" x 20\"","margin":2},{"vendor":"society6","url":"https://society6.com/products/the-wanderer-plant-illustration_art-print?variant=48235215061236","price":60.0,"currency":"USD","framed":false,"w":18,"h":24,"label":"No Frame / Medium 18\" x 24\"","margin":2},{"vendor":"society6","url":"https://society6.com/products/the-wanderer-plant-illustration_art-print?variant=48235215094004","price":95.0,"currency":"USD","framed":false,"w":24,"h":36,"label":"No Frame / Large 24\" x 36\"","margin":2},{"vendor":"society6","url":"https://society6.com/products/the-wanderer-plant-illustration_art-print?variant=48235215126772","price":125.0,"currency":"USD","framed":false,"w":30,"h":40,"label":"No Frame / X-Large 30\" x 40\"","margin":2}]
s6-cherry-fruit-branch-i	thindesign	https://society6.com/products/cherry-fruit-branch-i_art-print	Cherry Fruit Branch I	print	lines	https://cdn.shopify.com/s/files/1/0781/0282/3156/files/thingdesign-cherry-fruit-branch-i-art-print-whitebg-8x10.jpg?v=1781686010&crop=region&crop_left=274&crop_top=242&crop_width=253&crop_height=310&art=1	[{"vendor":"society6","url":"https://society6.com/products/cherry-fruit-branch-i_art-print?variant=48685490176244","price":30.0,"currency":"USD","framed":false,"w":8,"h":10,"label":"No Frame / X-Small 8\" x 10\"","margin":1},{"vendor":"society6","url":"https://society6.com/products/cherry-fruit-branch-i_art-print?variant=48685490209012","price":45.0,"currency":"USD","framed":false,"w":11,"h":14,"label":"No Frame / Small 11\" x 14\"","margin":1},{"vendor":"society6","url":"https://society6.com/products/cherry-fruit-branch-i_art-print?variant=48685490241780","price":50.0,"currency":"USD","framed":false,"w":13,"h":19,"label":"No Frame / Small 13\" x 19\"","margin":1},{"vendor":"society6","url":"https://society6.com/products/cherry-fruit-branch-i_art-print?variant=48685490274548","price":55.0,"currency":"USD","framed":false,"w":16,"h":20,"label":"No Frame / Medium 16\" x 20\"","margin":2},{"vendor":"society6","url":"https://society6.com/products/cherry-fruit-branch-i_art-print?variant=48685490307316","price":60.0,"currency":"USD","framed":false,"w":18,"h":24,"label":"No Frame / Medium 18\" x 24\"","margin":2},{"vendor":"society6","url":"https://society6.com/products/cherry-fruit-branch-i_art-print?variant=48685490340084","price":95.0,"currency":"USD","framed":false,"w":24,"h":36,"label":"No Frame / Large 24\" x 36\"","margin":2},{"vendor":"society6","url":"https://society6.com/products/cherry-fruit-branch-i_art-print?variant=48685490372852","price":125.0,"currency":"USD","framed":false,"w":30,"h":40,"label":"No Frame / X-Large 30\" x 40\"","margin":2}]
s6-tropical-forest-sunset-mid-century-abstract-	kristiangallagher	https://society6.com/products/tropical-forest-sunset-mid-century-abstract-shapes_art-print	Tropical Forest Sunset	print	lines	https://cdn.shopify.com/s/files/1/0781/0282/3156/files/modern-tropical-tropical-forest-sunset-mid-century-abstract-shapes-art-print-whitebg-8x10.jpg?v=1778974479&crop=region&crop_left=274&crop_top=244&crop_width=252&crop_height=307&art=1	[{"vendor":"society6","url":"https://society6.com/products/tropical-forest-sunset-mid-century-abstract-shapes_art-print?variant=48260598169844","price":30.0,"currency":"USD","framed":false,"w":8,"h":10,"label":"No Frame / X-Small 8\" x 10\"","margin":1},{"vendor":"society6","url":"https://society6.com/products/tropical-forest-sunset-mid-century-abstract-shapes_art-print?variant=48260598202612","price":45.0,"currency":"USD","framed":false,"w":11,"h":14,"label":"No Frame / Small 11\" x 14\"","margin":1},{"vendor":"society6","url":"https://society6.com/products/tropical-forest-sunset-mid-century-abstract-shapes_art-print?variant=48260598235380","price":50.0,"currency":"USD","framed":false,"w":13,"h":19,"label":"No Frame / Small 13\" x 19\"","margin":1},{"vendor":"society6","url":"https://society6.com/products/tropical-forest-sunset-mid-century-abstract-shapes_art-print?variant=48260598268148","price":55.0,"currency":"USD","framed":false,"w":16,"h":20,"label":"No Frame / Medium 16\" x 20\"","margin":2},{"vendor":"society6","url":"https://society6.com/products/tropical-forest-sunset-mid-century-abstract-shapes_art-print?variant=48260598300916","price":60.0,"currency":"USD","framed":false,"w":18,"h":24,"label":"No Frame / Medium 18\" x 24\"","margin":2},{"vendor":"society6","url":"https://society6.com/products/tropical-forest-sunset-mid-century-abstract-shapes_art-print?variant=48260598333684","price":95.0,"currency":"USD","framed":false,"w":24,"h":36,"label":"No Frame / Large 24\" x 36\"","margin":2},{"vendor":"society6","url":"https://society6.com/products/tropical-forest-sunset-mid-century-abstract-shapes_art-print?variant=48260598366452","price":125.0,"currency":"USD","framed":false,"w":30,"h":40,"label":"No Frame / X-Large 30\" x 40\"","margin":2}]
s6-birds-view-sea	katypie	https://society6.com/products/birds-view-sea_art-print	Birds View Sea	photo	lines	https://cdn.shopify.com/s/files/1/0781/0282/3156/files/sisi-and-seb-birds-view-sea-art-print-whitebg-8x10.jpg?v=1778970559&crop=region&crop_left=274&crop_top=242&crop_width=253&crop_height=310&art=1	[{"vendor":"society6","url":"https://society6.com/products/birds-view-sea_art-print?variant=48259442737396","price":30.0,"currency":"USD","framed":false,"w":8,"h":10,"label":"No Frame / X-Small 8\" x 10\"","margin":1},{"vendor":"society6","url":"https://society6.com/products/birds-view-sea_art-print?variant=48259442770164","price":45.0,"currency":"USD","framed":false,"w":11,"h":14,"label":"No Frame / Small 11\" x 14\"","margin":1},{"vendor":"society6","url":"https://society6.com/products/birds-view-sea_art-print?variant=48259442802932","price":50.0,"currency":"USD","framed":false,"w":13,"h":19,"label":"No Frame / Small 13\" x 19\"","margin":1},{"vendor":"society6","url":"https://society6.com/products/birds-view-sea_art-print?variant=48259442835700","price":55.0,"currency":"USD","framed":false,"w":16,"h":20,"label":"No Frame / Medium 16\" x 20\"","margin":2},{"vendor":"society6","url":"https://society6.com/products/birds-view-sea_art-print?variant=48259442868468","price":60.0,"currency":"USD","framed":false,"w":18,"h":24,"label":"No Frame / Medium 18\" x 24\"","margin":2},{"vendor":"society6","url":"https://society6.com/products/birds-view-sea_art-print?variant=48259442901236","price":95.0,"currency":"USD","framed":false,"w":24,"h":36,"label":"No Frame / Large 24\" x 36\"","margin":2},{"vendor":"society6","url":"https://society6.com/products/birds-view-sea_art-print?variant=48259442934004","price":125.0,"currency":"USD","framed":false,"w":30,"h":40,"label":"No Frame / X-Large 30\" x 40\"","margin":2}]
s6-still-life-with-flowers-and-fruit8980851	michaelnobel	https://society6.com/products/still-life-with-flowers-and-fruit8980851_art-print	Flowers and Fruit	print	lines	https://cdn.shopify.com/s/files/1/0781/0282/3156/files/nobel-art-still-life-with-flowers-and-fruit-art-print-whitebg-8x10.jpg?v=1782342742&crop=region&crop_left=272&crop_top=242&crop_width=255&crop_height=310&art=1	[{"vendor":"society6","url":"https://society6.com/products/still-life-with-flowers-and-fruit8980851_art-print?variant=48770559279348","price":30.0,"currency":"USD","framed":false,"w":8,"h":10,"label":"No Frame / X-Small 8\" x 10\"","margin":1},{"vendor":"society6","url":"https://society6.com/products/still-life-with-flowers-and-fruit8980851_art-print?variant=48770559312116","price":45.0,"currency":"USD","framed":false,"w":11,"h":14,"label":"No Frame / Small 11\" x 14\"","margin":1},{"vendor":"society6","url":"https://society6.com/products/still-life-with-flowers-and-fruit8980851_art-print?variant=48770559344884","price":50.0,"currency":"USD","framed":false,"w":13,"h":19,"label":"No Frame / Small 13\" x 19\"","margin":1},{"vendor":"society6","url":"https://society6.com/products/still-life-with-flowers-and-fruit8980851_art-print?variant=48770559377652","price":55.0,"currency":"USD","framed":false,"w":16,"h":20,"label":"No Frame / Medium 16\" x 20\"","margin":2},{"vendor":"society6","url":"https://society6.com/products/still-life-with-flowers-and-fruit8980851_art-print?variant=48770559410420","price":60.0,"currency":"USD","framed":false,"w":18,"h":24,"label":"No Frame / Medium 18\" x 24\"","margin":2},{"vendor":"society6","url":"https://society6.com/products/still-life-with-flowers-and-fruit8980851_art-print?variant=48770559443188","price":95.0,"currency":"USD","framed":false,"w":24,"h":36,"label":"No Frame / Large 24\" x 36\"","margin":2},{"vendor":"society6","url":"https://society6.com/products/still-life-with-flowers-and-fruit8980851_art-print?variant=48770559475956","price":125.0,"currency":"USD","framed":false,"w":30,"h":40,"label":"No Frame / X-Large 30\" x 40\"","margin":2}]
s6-c6624169	hong1023	https://society6.com/products/c6624169_art-print	Yellow starling	print	lines	https://cdn.shopify.com/s/files/1/0781/0282/3156/files/little-chewy-design-studio-yellow-starling-art-print-whitebg-8x10.jpg?v=1781800091&crop=region&crop_left=274&crop_top=242&crop_width=253&crop_height=310&art=1	[{"vendor":"society6","url":"https://society6.com/products/c6624169_art-print?variant=48719940223220","price":30.0,"currency":"USD","framed":false,"w":8,"h":10,"label":"No Frame / X-Small 8\" x 10\"","margin":1},{"vendor":"society6","url":"https://society6.com/products/c6624169_art-print?variant=48719940255988","price":45.0,"currency":"USD","framed":false,"w":11,"h":14,"label":"No Frame / Small 11\" x 14\"","margin":1},{"vendor":"society6","url":"https://society6.com/products/c6624169_art-print?variant=48719940288756","price":50.0,"currency":"USD","framed":false,"w":13,"h":19,"label":"No Frame / Small 13\" x 19\"","margin":1},{"vendor":"society6","url":"https://society6.com/products/c6624169_art-print?variant=48719940321524","price":55.0,"currency":"USD","framed":false,"w":16,"h":20,"label":"No Frame / Medium 16\" x 20\"","margin":2},{"vendor":"society6","url":"https://society6.com/products/c6624169_art-print?variant=48719940354292","price":60.0,"currency":"USD","framed":false,"w":18,"h":24,"label":"No Frame / Medium 18\" x 24\"","margin":2},{"vendor":"society6","url":"https://society6.com/products/c6624169_art-print?variant=48719940387060","price":95.0,"currency":"USD","framed":false,"w":24,"h":36,"label":"No Frame / Large 24\" x 36\"","margin":2},{"vendor":"society6","url":"https://society6.com/products/c6624169_art-print?variant=48719940419828","price":125.0,"currency":"USD","framed":false,"w":30,"h":40,"label":"No Frame / X-Large 30\" x 40\"","margin":2}]
s6-palm-trees1169237	prints_miuus_studio	https://society6.com/products/palm-trees1169237_art-print	Palm Trees	print	lines	https://cdn.shopify.com/s/files/1/0781/0282/3156/files/tmsbynight-palm-trees-iii-art-print-whitebg-8x10.jpg?v=1781698007&crop=region&crop_left=274&crop_top=244&crop_width=252&crop_height=312&art=1	[{"vendor":"society6","url":"https://society6.com/products/palm-trees1169237_art-print?variant=48688959946996","price":30.0,"currency":"USD","framed":false,"w":8,"h":10,"label":"No Frame / X-Small 8\" x 10\"","margin":1},{"vendor":"society6","url":"https://society6.com/products/palm-trees1169237_art-print?variant=48688959979764","price":45.0,"currency":"USD","framed":false,"w":11,"h":14,"label":"No Frame / Small 11\" x 14\"","margin":1},{"vendor":"society6","url":"https://society6.com/products/palm-trees1169237_art-print?variant=48688960012532","price":50.0,"currency":"USD","framed":false,"w":13,"h":19,"label":"No Frame / Small 13\" x 19\"","margin":1},{"vendor":"society6","url":"https://society6.com/products/palm-trees1169237_art-print?variant=48688960045300","price":55.0,"currency":"USD","framed":false,"w":16,"h":20,"label":"No Frame / Medium 16\" x 20\"","margin":2},{"vendor":"society6","url":"https://society6.com/products/palm-trees1169237_art-print?variant=48688960078068","price":60.0,"currency":"USD","framed":false,"w":18,"h":24,"label":"No Frame / Medium 18\" x 24\"","margin":2},{"vendor":"society6","url":"https://society6.com/products/palm-trees1169237_art-print?variant=48688960110836","price":95.0,"currency":"USD","framed":false,"w":24,"h":36,"label":"No Frame / Large 24\" x 36\"","margin":2},{"vendor":"society6","url":"https://society6.com/products/palm-trees1169237_art-print?variant=48688960143604","price":125.0,"currency":"USD","framed":false,"w":30,"h":40,"label":"No Frame / X-Large 30\" x 40\"","margin":2}]
s6-cat-and-plant-76	ilovedoodle	https://society6.com/products/cat-and-plant-76_art-print	Cat and Plant 76	print	lines	https://cdn.shopify.com/s/files/1/0781/0282/3156/files/ilovedoodle-cat-and-plant-76-art-print-whitebg-8x10.jpg?v=1780927371&crop=region&crop_left=274&crop_top=242&crop_width=253&crop_height=315&art=1	[{"vendor":"society6","url":"https://society6.com/products/cat-and-plant-76_art-print?variant=48476135063796","price":30.0,"currency":"USD","framed":false,"w":8,"h":10,"label":"No Frame / X-Small 8\" x 10\"","margin":1},{"vendor":"society6","url":"https://society6.com/products/cat-and-plant-76_art-print?variant=48476135096564","price":40.0,"currency":"USD","framed":false,"w":10,"h":10,"label":"No Frame / Small 10\" x 10\"","margin":1},{"vendor":"society6","url":"https://society6.com/products/cat-and-plant-76_art-print?variant=48476135129332","price":45.0,"currency":"USD","framed":false,"w":11,"h":14,"label":"No Frame / Small 11\" x 14\"","margin":1},{"vendor":"society6","url":"https://society6.com/products/cat-and-plant-76_art-print?variant=48476135162100","price":50.0,"currency":"USD","framed":false,"w":13,"h":19,"label":"No Frame / Small 13\" x 19\"","margin":1},{"vendor":"society6","url":"https://society6.com/products/cat-and-plant-76_art-print?variant=48476135194868","price":65.0,"currency":"USD","framed":false,"w":20,"h":20,"label":"No Frame / Medium 20\" x 20\"","margin":2},{"vendor":"society6","url":"https://society6.com/products/cat-and-plant-76_art-print?variant=48476135227636","price":55.0,"currency":"USD","framed":false,"w":16,"h":20,"label":"No Frame / Medium 16\" x 20\"","margin":2},{"vendor":"society6","url":"https://society6.com/products/cat-and-plant-76_art-print?variant=48476135260404","price":60.0,"currency":"USD","framed":false,"w":18,"h":24,"label":"No Frame / Medium 18\" x 24\"","margin":2},{"vendor":"society6","url":"https://society6.com/products/cat-and-plant-76_art-print?variant=48476135293172","price":95.0,"currency":"USD","framed":false,"w":24,"h":36,"label":"No Frame / Large 24\" x 36\"","margin":2},{"vendor":"society6","url":"https://society6.com/products/cat-and-plant-76_art-print?variant=48476135325940","price":125.0,"currency":"USD","framed":false,"w":30,"h":40,"label":"No Frame / X-Large 30\" x 40\"","margin":2}]
s6-red-tulip2036705	midcenturymodern	https://society6.com/products/red-tulip2036705_art-print	Vintage Tulip Minimalism - Red	print	lines	https://cdn.shopify.com/s/files/1/0781/0282/3156/files/colour-poems-vintage-tulip-minimalism-red-art-print-whitebg-8x10.jpg?v=1780895425&crop=region&crop_left=274&crop_top=243&crop_width=252&crop_height=308&art=1	[{"vendor":"society6","url":"https://society6.com/products/red-tulip2036705_art-print?variant=48462696186100","price":30.0,"currency":"USD","framed":false,"w":8,"h":10,"label":"No Frame / X-Small 8\" x 10\"","margin":1},{"vendor":"society6","url":"https://society6.com/products/red-tulip2036705_art-print?variant=48462696218868","price":40.0,"currency":"USD","framed":false,"w":10,"h":10,"label":"No Frame / Small 10\" x 10\"","margin":1},{"vendor":"society6","url":"https://society6.com/products/red-tulip2036705_art-print?variant=48462696251636","price":45.0,"currency":"USD","framed":false,"w":11,"h":14,"label":"No Frame / Small 11\" x 14\"","margin":1},{"vendor":"society6","url":"https://society6.com/products/red-tulip2036705_art-print?variant=48462696284404","price":50.0,"currency":"USD","framed":false,"w":13,"h":19,"label":"No Frame / Small 13\" x 19\"","margin":1},{"vendor":"society6","url":"https://society6.com/products/red-tulip2036705_art-print?variant=48462696317172","price":65.0,"currency":"USD","framed":false,"w":20,"h":20,"label":"No Frame / Medium 20\" x 20\"","margin":2},{"vendor":"society6","url":"https://society6.com/products/red-tulip2036705_art-print?variant=48462696349940","price":55.0,"currency":"USD","framed":false,"w":16,"h":20,"label":"No Frame / Medium 16\" x 20\"","margin":2},{"vendor":"society6","url":"https://society6.com/products/red-tulip2036705_art-print?variant=48462696382708","price":60.0,"currency":"USD","framed":false,"w":18,"h":24,"label":"No Frame / Medium 18\" x 24\"","margin":2},{"vendor":"society6","url":"https://society6.com/products/red-tulip2036705_art-print?variant=48462696415476","price":95.0,"currency":"USD","framed":false,"w":24,"h":36,"label":"No Frame / Large 24\" x 36\"","margin":2},{"vendor":"society6","url":"https://society6.com/products/red-tulip2036705_art-print?variant=48462696448244","price":125.0,"currency":"USD","framed":false,"w":30,"h":40,"label":"No Frame / X-Large 30\" x 40\"","margin":2}]
s6-the-lovers-nooddood-remix	caleleroy	https://society6.com/products/the-lovers-nooddood-remix_art-print	The Lovers - NOODDOOD Remix	print	lines	https://cdn.shopify.com/s/files/1/0781/0282/3156/files/caleleroy-the-lovers-nooddood-remix-art-print-whitebg-8x10.jpg?v=1769314004&crop=region&crop_left=271&crop_top=230&crop_width=251&crop_height=334&art=1	[{"vendor":"society6","url":"https://society6.com/products/the-lovers-nooddood-remix_art-print?variant=47508488356084","price":30.0,"currency":"USD","framed":false,"w":8,"h":10,"label":"No Frame / X-Small 8\" x 10\"","margin":1},{"vendor":"society6","url":"https://society6.com/products/the-lovers-nooddood-remix_art-print?variant=47508488388852","price":50.0,"currency":"USD","framed":false,"w":13,"h":19,"label":"No Frame / Small 13\" x 19\"","margin":1},{"vendor":"society6","url":"https://society6.com/products/the-lovers-nooddood-remix_art-print?variant=47508488421620","price":60.0,"currency":"USD","framed":false,"w":18,"h":24,"label":"No Frame / Medium 18\" x 24\"","margin":2},{"vendor":"society6","url":"https://society6.com/products/the-lovers-nooddood-remix_art-print?variant=47508488454388","price":60.0,"currency":"USD","framed":false,"w":22,"h":28,"label":"No Frame / Large 22\" x 28\"","margin":2},{"vendor":"society6","url":"https://society6.com/products/the-lovers-nooddood-remix_art-print?variant=47508488487156","price":80.0,"currency":"USD","framed":false,"w":28,"h":36,"label":"No Frame / X-Large 28\" x 36\"","margin":2}]
s6-movement-of-lines-6	thindesign	https://society6.com/products/movement-of-lines-6_art-print	Movement of Lines 6	print	lines	https://cdn.shopify.com/s/files/1/0781/0282/3156/files/thingdesign-movement-of-lines-6-art-print-whitebg-8x10.jpg?v=1780922158&crop=region&crop_left=272&crop_top=245&crop_width=255&crop_height=305&art=1	[{"vendor":"society6","url":"https://society6.com/products/movement-of-lines-6_art-print?variant=48473829769460","price":30.0,"currency":"USD","framed":false,"w":8,"h":10,"label":"No Frame / X-Small 8\" x 10\"","margin":1},{"vendor":"society6","url":"https://society6.com/products/movement-of-lines-6_art-print?variant=48473829802228","price":40.0,"currency":"USD","framed":false,"w":10,"h":10,"label":"No Frame / Small 10\" x 10\"","margin":1},{"vendor":"society6","url":"https://society6.com/products/movement-of-lines-6_art-print?variant=48473829834996","price":45.0,"currency":"USD","framed":false,"w":11,"h":14,"label":"No Frame / Small 11\" x 14\"","margin":1},{"vendor":"society6","url":"https://society6.com/products/movement-of-lines-6_art-print?variant=48473829867764","price":50.0,"currency":"USD","framed":false,"w":13,"h":19,"label":"No Frame / Small 13\" x 19\"","margin":1},{"vendor":"society6","url":"https://society6.com/products/movement-of-lines-6_art-print?variant=48473829900532","price":65.0,"currency":"USD","framed":false,"w":20,"h":20,"label":"No Frame / Medium 20\" x 20\"","margin":2},{"vendor":"society6","url":"https://society6.com/products/movement-of-lines-6_art-print?variant=48473829933300","price":55.0,"currency":"USD","framed":false,"w":16,"h":20,"label":"No Frame / Medium 16\" x 20\"","margin":2},{"vendor":"society6","url":"https://society6.com/products/movement-of-lines-6_art-print?variant=48473829966068","price":60.0,"currency":"USD","framed":false,"w":18,"h":24,"label":"No Frame / Medium 18\" x 24\"","margin":2},{"vendor":"society6","url":"https://society6.com/products/movement-of-lines-6_art-print?variant=48473829998836","price":95.0,"currency":"USD","framed":false,"w":24,"h":36,"label":"No Frame / Large 24\" x 36\"","margin":2},{"vendor":"society6","url":"https://society6.com/products/movement-of-lines-6_art-print?variant=48473830031604","price":125.0,"currency":"USD","framed":false,"w":30,"h":40,"label":"No Frame / X-Large 30\" x 40\"","margin":2}]
s6-minimal-abstract-art-plant-39	thindesign	https://society6.com/products/minimal-abstract-art-plant-39_art-print	Minimal Abstract Art Plant 39	print	lines	https://cdn.shopify.com/s/files/1/0781/0282/3156/files/thingdesign-minimal-abstract-art-plant-39-art-print-whitebg-8x10.jpg?v=1779013391&crop=region&crop_left=274&crop_top=242&crop_width=252&crop_height=309&art=1	[{"vendor":"society6","url":"https://society6.com/products/minimal-abstract-art-plant-39_art-print?variant=48271320219892","price":30.0,"currency":"USD","framed":false,"w":8,"h":10,"label":"No Frame / X-Small 8\" x 10\"","margin":1},{"vendor":"society6","url":"https://society6.com/products/minimal-abstract-art-plant-39_art-print?variant=48271320252660","price":45.0,"currency":"USD","framed":false,"w":11,"h":14,"label":"No Frame / Small 11\" x 14\"","margin":1},{"vendor":"society6","url":"https://society6.com/products/minimal-abstract-art-plant-39_art-print?variant=48271320285428","price":50.0,"currency":"USD","framed":false,"w":13,"h":19,"label":"No Frame / Small 13\" x 19\"","margin":1},{"vendor":"society6","url":"https://society6.com/products/minimal-abstract-art-plant-39_art-print?variant=48271320318196","price":55.0,"currency":"USD","framed":false,"w":16,"h":20,"label":"No Frame / Medium 16\" x 20\"","margin":2},{"vendor":"society6","url":"https://society6.com/products/minimal-abstract-art-plant-39_art-print?variant=48271320350964","price":60.0,"currency":"USD","framed":false,"w":18,"h":24,"label":"No Frame / Medium 18\" x 24\"","margin":2},{"vendor":"society6","url":"https://society6.com/products/minimal-abstract-art-plant-39_art-print?variant=48271320383732","price":95.0,"currency":"USD","framed":false,"w":24,"h":36,"label":"No Frame / Large 24\" x 36\"","margin":2},{"vendor":"society6","url":"https://society6.com/products/minimal-abstract-art-plant-39_art-print?variant=48271320416500","price":125.0,"currency":"USD","framed":false,"w":30,"h":40,"label":"No Frame / X-Large 30\" x 40\"","margin":2}]
s6-abstract-portrait-46578929	dada22	https://society6.com/products/abstract-portrait-46578929_art-print	Abstract Portrait 4	print	lines	https://cdn.shopify.com/s/files/1/0781/0282/3156/files/dada22-abstract-portrait-4-art-print-whitebg-8x10.jpg?v=1779004001&crop=region&crop_left=274&crop_top=242&crop_width=253&crop_height=310&art=1	[{"vendor":"society6","url":"https://society6.com/products/abstract-portrait-46578929_art-print?variant=48268761104628","price":30.0,"currency":"USD","framed":false,"w":8,"h":10,"label":"No Frame / X-Small 8\" x 10\"","margin":1},{"vendor":"society6","url":"https://society6.com/products/abstract-portrait-46578929_art-print?variant=48268761137396","price":45.0,"currency":"USD","framed":false,"w":11,"h":14,"label":"No Frame / Small 11\" x 14\"","margin":1},{"vendor":"society6","url":"https://society6.com/products/abstract-portrait-46578929_art-print?variant=48268761170164","price":50.0,"currency":"USD","framed":false,"w":13,"h":19,"label":"No Frame / Small 13\" x 19\"","margin":1},{"vendor":"society6","url":"https://society6.com/products/abstract-portrait-46578929_art-print?variant=48268761202932","price":55.0,"currency":"USD","framed":false,"w":16,"h":20,"label":"No Frame / Medium 16\" x 20\"","margin":2},{"vendor":"society6","url":"https://society6.com/products/abstract-portrait-46578929_art-print?variant=48268761235700","price":60.0,"currency":"USD","framed":false,"w":18,"h":24,"label":"No Frame / Medium 18\" x 24\"","margin":2},{"vendor":"society6","url":"https://society6.com/products/abstract-portrait-46578929_art-print?variant=48268761268468","price":95.0,"currency":"USD","framed":false,"w":24,"h":36,"label":"No Frame / Large 24\" x 36\"","margin":2},{"vendor":"society6","url":"https://society6.com/products/abstract-portrait-46578929_art-print?variant=48268761301236","price":125.0,"currency":"USD","framed":false,"w":30,"h":40,"label":"No Frame / X-Large 30\" x 40\"","margin":2}]
s6-woman-with-flowers-8-line-art	dada22	https://society6.com/products/woman-with-flowers-8-line-art_art-print	Woman with Flowers VIII	print	lines	https://cdn.shopify.com/s/files/1/0781/0282/3156/files/dada22-woman-with-flowers-8-line-art-art-print-whitebg-8x10.jpg?v=1778994474&crop=region&crop_left=272&crop_top=242&crop_width=255&crop_height=310&art=1	[{"vendor":"society6","url":"https://society6.com/products/woman-with-flowers-8-line-art_art-print?variant=48266118594804","price":30.0,"currency":"USD","framed":false,"w":8,"h":10,"label":"No Frame / X-Small 8\" x 10\"","margin":1},{"vendor":"society6","url":"https://society6.com/products/woman-with-flowers-8-line-art_art-print?variant=48266118627572","price":45.0,"currency":"USD","framed":false,"w":11,"h":14,"label":"No Frame / Small 11\" x 14\"","margin":1},{"vendor":"society6","url":"https://society6.com/products/woman-with-flowers-8-line-art_art-print?variant=48266118660340","price":50.0,"currency":"USD","framed":false,"w":13,"h":19,"label":"No Frame / Small 13\" x 19\"","margin":1},{"vendor":"society6","url":"https://society6.com/products/woman-with-flowers-8-line-art_art-print?variant=48266118693108","price":55.0,"currency":"USD","framed":false,"w":16,"h":20,"label":"No Frame / Medium 16\" x 20\"","margin":2},{"vendor":"society6","url":"https://society6.com/products/woman-with-flowers-8-line-art_art-print?variant=48266118725876","price":60.0,"currency":"USD","framed":false,"w":18,"h":24,"label":"No Frame / Medium 18\" x 24\"","margin":2},{"vendor":"society6","url":"https://society6.com/products/woman-with-flowers-8-line-art_art-print?variant=48266118758644","price":95.0,"currency":"USD","framed":false,"w":24,"h":36,"label":"No Frame / Large 24\" x 36\"","margin":2},{"vendor":"society6","url":"https://society6.com/products/woman-with-flowers-8-line-art_art-print?variant=48266118791412","price":125.0,"currency":"USD","framed":false,"w":30,"h":40,"label":"No Frame / X-Large 30\" x 40\"","margin":2}]
s6-minimalist-citrus-still-life-fine-art	arteresting	https://society6.com/products/minimalist-citrus-still-life-fine-art_art-print	Citrus Still Life	print	lines	https://cdn.shopify.com/s/files/1/0781/0282/3156/files/arteresting-official-minimalist-citrus-still-life-fine-art-art-print-whitebg-8x10.jpg?v=1782397801&crop=region&crop_left=274&crop_top=244&crop_width=252&crop_height=308&art=1	[{"vendor":"society6","url":"https://society6.com/products/minimalist-citrus-still-life-fine-art_art-print?variant=48777810837748","price":30.0,"currency":"USD","framed":false,"w":8,"h":10,"label":"No Frame / X-Small 8\" x 10\"","margin":1},{"vendor":"society6","url":"https://society6.com/products/minimalist-citrus-still-life-fine-art_art-print?variant=48777810870516","price":45.0,"currency":"USD","framed":false,"w":11,"h":14,"label":"No Frame / Small 11\" x 14\"","margin":1},{"vendor":"society6","url":"https://society6.com/products/minimalist-citrus-still-life-fine-art_art-print?variant=48777810903284","price":50.0,"currency":"USD","framed":false,"w":13,"h":19,"label":"No Frame / Small 13\" x 19\"","margin":1},{"vendor":"society6","url":"https://society6.com/products/minimalist-citrus-still-life-fine-art_art-print?variant=48777810936052","price":55.0,"currency":"USD","framed":false,"w":16,"h":20,"label":"No Frame / Medium 16\" x 20\"","margin":2},{"vendor":"society6","url":"https://society6.com/products/minimalist-citrus-still-life-fine-art_art-print?variant=48777810968820","price":60.0,"currency":"USD","framed":false,"w":18,"h":24,"label":"No Frame / Medium 18\" x 24\"","margin":2},{"vendor":"society6","url":"https://society6.com/products/minimalist-citrus-still-life-fine-art_art-print?variant=48777811001588","price":95.0,"currency":"USD","framed":false,"w":24,"h":36,"label":"No Frame / Large 24\" x 36\"","margin":2},{"vendor":"society6","url":"https://society6.com/products/minimalist-citrus-still-life-fine-art_art-print?variant=48777811034356","price":125.0,"currency":"USD","framed":false,"w":30,"h":40,"label":"No Frame / X-Large 30\" x 40\"","margin":2}]
s6-she-never-saw-herself-as-others-did	joystclaire	https://society6.com/products/she-never-saw-herself-as-others-did_art-print	She Never Saw Herself	print	lines	https://cdn.shopify.com/s/files/1/0781/0282/3156/files/olivia-st-claire-she-never-saw-herself-as-others-did-art-print-whitebg-8x10.jpg?v=1781863210&crop=region&crop_left=305&crop_top=270&crop_width=245&crop_height=256&art=1	[{"vendor":"society6","url":"https://society6.com/products/she-never-saw-herself-as-others-did_art-print?variant=48740385390836","price":30.0,"currency":"USD","framed":false,"w":8,"h":10,"label":"No Frame / X-Small 8\" x 10\"","margin":1},{"vendor":"society6","url":"https://society6.com/products/she-never-saw-herself-as-others-did_art-print?variant=48740385423604","price":45.0,"currency":"USD","framed":false,"w":11,"h":14,"label":"No Frame / Small 11\" x 14\"","margin":1},{"vendor":"society6","url":"https://society6.com/products/she-never-saw-herself-as-others-did_art-print?variant=48740385456372","price":50.0,"currency":"USD","framed":false,"w":13,"h":19,"label":"No Frame / Small 13\" x 19\"","margin":1},{"vendor":"society6","url":"https://society6.com/products/she-never-saw-herself-as-others-did_art-print?variant=48740385489140","price":55.0,"currency":"USD","framed":false,"w":16,"h":20,"label":"No Frame / Medium 16\" x 20\"","margin":2},{"vendor":"society6","url":"https://society6.com/products/she-never-saw-herself-as-others-did_art-print?variant=48740385521908","price":60.0,"currency":"USD","framed":false,"w":18,"h":24,"label":"No Frame / Medium 18\" x 24\"","margin":2},{"vendor":"society6","url":"https://society6.com/products/she-never-saw-herself-as-others-did_art-print?variant=48740385554676","price":95.0,"currency":"USD","framed":false,"w":24,"h":36,"label":"No Frame / Large 24\" x 36\"","margin":2},{"vendor":"society6","url":"https://society6.com/products/she-never-saw-herself-as-others-did_art-print?variant=48740385587444","price":125.0,"currency":"USD","framed":false,"w":30,"h":40,"label":"No Frame / X-Large 30\" x 40\"","margin":2}]
s6-winter-poodle	aniagretastudio	https://society6.com/products/winter-poodle_art-print	Winter Poodle	print	lines	https://cdn.shopify.com/s/files/1/0781/0282/3156/files/aniagretastudio-winter-poodle-art-print-whitebg-8x10.jpg?v=1781839281&crop=region&crop_left=274&crop_top=243&crop_width=252&crop_height=308&art=1	[{"vendor":"society6","url":"https://society6.com/products/winter-poodle_art-print?variant=48732678390004","price":30.0,"currency":"USD","framed":false,"w":8,"h":10,"label":"No Frame / X-Small 8\" x 10\"","margin":1},{"vendor":"society6","url":"https://society6.com/products/winter-poodle_art-print?variant=48732678422772","price":45.0,"currency":"USD","framed":false,"w":11,"h":14,"label":"No Frame / Small 11\" x 14\"","margin":1},{"vendor":"society6","url":"https://society6.com/products/winter-poodle_art-print?variant=48732678455540","price":50.0,"currency":"USD","framed":false,"w":13,"h":19,"label":"No Frame / Small 13\" x 19\"","margin":1},{"vendor":"society6","url":"https://society6.com/products/winter-poodle_art-print?variant=48732678488308","price":55.0,"currency":"USD","framed":false,"w":16,"h":20,"label":"No Frame / Medium 16\" x 20\"","margin":2},{"vendor":"society6","url":"https://society6.com/products/winter-poodle_art-print?variant=48732678521076","price":60.0,"currency":"USD","framed":false,"w":18,"h":24,"label":"No Frame / Medium 18\" x 24\"","margin":2},{"vendor":"society6","url":"https://society6.com/products/winter-poodle_art-print?variant=48732678553844","price":95.0,"currency":"USD","framed":false,"w":24,"h":36,"label":"No Frame / Large 24\" x 36\"","margin":2},{"vendor":"society6","url":"https://society6.com/products/winter-poodle_art-print?variant=48732678586612","price":125.0,"currency":"USD","framed":false,"w":30,"h":40,"label":"No Frame / X-Large 30\" x 40\"","margin":2}]
s6-tulips8754000	summersunhomeart	https://society6.com/products/tulips8754000_art-print	Tulips	print	flowers	https://cdn.shopify.com/s/files/1/0781/0282/3156/files/summer-sun-home-art-tulips-iii-art-print-whitebg-8x10.jpg?v=1779046405&crop=region&crop_left=272&crop_top=242&crop_width=255&crop_height=309&art=1	[{"vendor":"society6","url":"https://society6.com/products/tulips8754000_art-print?variant=48280596152564","price":30.0,"currency":"USD","framed":false,"w":8,"h":10,"label":"No Frame / X-Small 8\" x 10\"","margin":1},{"vendor":"society6","url":"https://society6.com/products/tulips8754000_art-print?variant=48280596185332","price":45.0,"currency":"USD","framed":false,"w":11,"h":14,"label":"No Frame / Small 11\" x 14\"","margin":1},{"vendor":"society6","url":"https://society6.com/products/tulips8754000_art-print?variant=48280596218100","price":50.0,"currency":"USD","framed":false,"w":13,"h":19,"label":"No Frame / Small 13\" x 19\"","margin":1},{"vendor":"society6","url":"https://society6.com/products/tulips8754000_art-print?variant=48280596250868","price":55.0,"currency":"USD","framed":false,"w":16,"h":20,"label":"No Frame / Medium 16\" x 20\"","margin":2},{"vendor":"society6","url":"https://society6.com/products/tulips8754000_art-print?variant=48280596283636","price":60.0,"currency":"USD","framed":false,"w":18,"h":24,"label":"No Frame / Medium 18\" x 24\"","margin":2},{"vendor":"society6","url":"https://society6.com/products/tulips8754000_art-print?variant=48280596316404","price":95.0,"currency":"USD","framed":false,"w":24,"h":36,"label":"No Frame / Large 24\" x 36\"","margin":2},{"vendor":"society6","url":"https://society6.com/products/tulips8754000_art-print?variant=48280596349172","price":125.0,"currency":"USD","framed":false,"w":30,"h":40,"label":"No Frame / X-Large 30\" x 40\"","margin":2}]
s6-the-dreamer7457000	dada22	https://society6.com/products/the-dreamer7457000_art-print	The Dreamer	print	flowers	https://cdn.shopify.com/s/files/1/0781/0282/3156/files/dada22-the-dreamer-art-print-whitebg-8x10.jpg?v=1779021933&crop=region&crop_left=272&crop_top=242&crop_width=255&crop_height=310&art=1	[{"vendor":"society6","url":"https://society6.com/products/the-dreamer7457000_art-print?variant=48273806819572","price":30.0,"currency":"USD","framed":false,"w":8,"h":10,"label":"No Frame / X-Small 8\" x 10\"","margin":1},{"vendor":"society6","url":"https://society6.com/products/the-dreamer7457000_art-print?variant=48273806852340","price":45.0,"currency":"USD","framed":false,"w":11,"h":14,"label":"No Frame / Small 11\" x 14\"","margin":1},{"vendor":"society6","url":"https://society6.com/products/the-dreamer7457000_art-print?variant=48273806885108","price":50.0,"currency":"USD","framed":false,"w":13,"h":19,"label":"No Frame / Small 13\" x 19\"","margin":1},{"vendor":"society6","url":"https://society6.com/products/the-dreamer7457000_art-print?variant=48273806917876","price":55.0,"currency":"USD","framed":false,"w":16,"h":20,"label":"No Frame / Medium 16\" x 20\"","margin":2},{"vendor":"society6","url":"https://society6.com/products/the-dreamer7457000_art-print?variant=48273806950644","price":60.0,"currency":"USD","framed":false,"w":18,"h":24,"label":"No Frame / Medium 18\" x 24\"","margin":2},{"vendor":"society6","url":"https://society6.com/products/the-dreamer7457000_art-print?variant=48273806983412","price":95.0,"currency":"USD","framed":false,"w":24,"h":36,"label":"No Frame / Large 24\" x 36\"","margin":2},{"vendor":"society6","url":"https://society6.com/products/the-dreamer7457000_art-print?variant=48273807016180","price":125.0,"currency":"USD","framed":false,"w":30,"h":40,"label":"No Frame / X-Large 30\" x 40\"","margin":2}]
s6-the-fragility5041113	incerti	https://society6.com/products/the-fragility5041113_art-print	The Fragility	print	flowers	https://cdn.shopify.com/s/files/1/0781/0282/3156/files/joao-incerti-the-fragility-art-print-whitebg-8x10.jpg?v=1779102800&crop=region&crop_left=279&crop_top=250&crop_width=242&crop_height=300&art=1	[{"vendor":"society6","url":"https://society6.com/products/the-fragility5041113_art-print?variant=48292955947252","price":30.0,"currency":"USD","framed":false,"w":8,"h":10,"label":"No Frame / X-Small 8\" x 10\"","margin":1},{"vendor":"society6","url":"https://society6.com/products/the-fragility5041113_art-print?variant=48292955980020","price":45.0,"currency":"USD","framed":false,"w":11,"h":14,"label":"No Frame / Small 11\" x 14\"","margin":1},{"vendor":"society6","url":"https://society6.com/products/the-fragility5041113_art-print?variant=48292956012788","price":50.0,"currency":"USD","framed":false,"w":13,"h":19,"label":"No Frame / Small 13\" x 19\"","margin":1},{"vendor":"society6","url":"https://society6.com/products/the-fragility5041113_art-print?variant=48292956045556","price":55.0,"currency":"USD","framed":false,"w":16,"h":20,"label":"No Frame / Medium 16\" x 20\"","margin":2},{"vendor":"society6","url":"https://society6.com/products/the-fragility5041113_art-print?variant=48292956078324","price":60.0,"currency":"USD","framed":false,"w":18,"h":24,"label":"No Frame / Medium 18\" x 24\"","margin":2},{"vendor":"society6","url":"https://society6.com/products/the-fragility5041113_art-print?variant=48292956111092","price":95.0,"currency":"USD","framed":false,"w":24,"h":36,"label":"No Frame / Large 24\" x 36\"","margin":2},{"vendor":"society6","url":"https://society6.com/products/the-fragility5041113_art-print?variant=48292956143860","price":125.0,"currency":"USD","framed":false,"w":30,"h":40,"label":"No Frame / X-Large 30\" x 40\"","margin":2}]
s6-red-floral-jungle-garden-botanical-featuring	larameintjes	https://society6.com/products/red-floral-jungle-garden-botanical-featuring-proteas-reeds-eucalyptus-ferns-and-birds-of-paradise_art-print	Red Jungle Garden	print	flowers	https://cdn.shopify.com/s/files/1/0781/0282/3156/files/lara-lee-meintjes-red-floral-jungle-art-print-whitebg-8x10.jpg?v=1780852104&crop=region&crop_left=272&crop_top=242&crop_width=255&crop_height=316&art=1	[{"vendor":"society6","url":"https://society6.com/products/red-floral-jungle-garden-botanical-featuring-proteas-reeds-eucalyptus-ferns-and-birds-of-paradise_art-print?variant=48448168067316","price":30.0,"currency":"USD","framed":false,"w":8,"h":10,"label":"No Frame / X-Small 8\" x 10\"","margin":1},{"vendor":"society6","url":"https://society6.com/products/red-floral-jungle-garden-botanical-featuring-proteas-reeds-eucalyptus-ferns-and-birds-of-paradise_art-print?variant=48448168100084","price":40.0,"currency":"USD","framed":false,"w":10,"h":10,"label":"No Frame / Small 10\" x 10\"","margin":1},{"vendor":"society6","url":"https://society6.com/products/red-floral-jungle-garden-botanical-featuring-proteas-reeds-eucalyptus-ferns-and-birds-of-paradise_art-print?variant=48448168132852","price":45.0,"currency":"USD","framed":false,"w":11,"h":14,"label":"No Frame / Small 11\" x 14\"","margin":1},{"vendor":"society6","url":"https://society6.com/products/red-floral-jungle-garden-botanical-featuring-proteas-reeds-eucalyptus-ferns-and-birds-of-paradise_art-print?variant=48448168165620","price":50.0,"currency":"USD","framed":false,"w":13,"h":19,"label":"No Frame / Small 13\" x 19\"","margin":1},{"vendor":"society6","url":"https://society6.com/products/red-floral-jungle-garden-botanical-featuring-proteas-reeds-eucalyptus-ferns-and-birds-of-paradise_art-print?variant=48448168198388","price":65.0,"currency":"USD","framed":false,"w":20,"h":20,"label":"No Frame / Medium 20\" x 20\"","margin":2},{"vendor":"society6","url":"https://society6.com/products/red-floral-jungle-garden-botanical-featuring-proteas-reeds-eucalyptus-ferns-and-birds-of-paradise_art-print?variant=48448168231156","price":55.0,"currency":"USD","framed":false,"w":16,"h":20,"label":"No Frame / Medium 16\" x 20\"","margin":2},{"vendor":"society6","url":"https://society6.com/products/red-floral-jungle-garden-botanical-featuring-proteas-reeds-eucalyptus-ferns-and-birds-of-paradise_art-print?variant=48448168263924","price":60.0,"currency":"USD","framed":false,"w":18,"h":24,"label":"No Frame / Medium 18\" x 24\"","margin":2},{"vendor":"society6","url":"https://society6.com/products/red-floral-jungle-garden-botanical-featuring-proteas-reeds-eucalyptus-ferns-and-birds-of-paradise_art-print?variant=48448168296692","price":95.0,"currency":"USD","framed":false,"w":24,"h":36,"label":"No Frame / Large 24\" x 36\"","margin":2},{"vendor":"society6","url":"https://society6.com/products/red-floral-jungle-garden-botanical-featuring-proteas-reeds-eucalyptus-ferns-and-birds-of-paradise_art-print?variant=48448168329460","price":125.0,"currency":"USD","framed":false,"w":30,"h":40,"label":"No Frame / X-Large 30\" x 40\"","margin":2}]
s6-dance-under-the-moonlight	artyguava	https://society6.com/products/dance-under-the-moonlight_art-print	Dance under the Moonlight	print	flowers	https://cdn.shopify.com/s/files/1/0781/0282/3156/files/artyguava-dance-under-the-moonlight-art-print-whitebg-8x10.jpg?v=1778867859&crop=region&crop_left=272&crop_top=242&crop_width=255&crop_height=310&art=1	[{"vendor":"society6","url":"https://society6.com/products/dance-under-the-moonlight_art-print?variant=48232123105524","price":30.0,"currency":"USD","framed":false,"w":8,"h":10,"label":"No Frame / X-Small 8\" x 10\"","margin":1},{"vendor":"society6","url":"https://society6.com/products/dance-under-the-moonlight_art-print?variant=48232123138292","price":45.0,"currency":"USD","framed":false,"w":11,"h":14,"label":"No Frame / Small 11\" x 14\"","margin":1},{"vendor":"society6","url":"https://society6.com/products/dance-under-the-moonlight_art-print?variant=48232123171060","price":50.0,"currency":"USD","framed":false,"w":13,"h":19,"label":"No Frame / Small 13\" x 19\"","margin":1},{"vendor":"society6","url":"https://society6.com/products/dance-under-the-moonlight_art-print?variant=48232123203828","price":55.0,"currency":"USD","framed":false,"w":16,"h":20,"label":"No Frame / Medium 16\" x 20\"","margin":2},{"vendor":"society6","url":"https://society6.com/products/dance-under-the-moonlight_art-print?variant=48232123236596","price":60.0,"currency":"USD","framed":false,"w":18,"h":24,"label":"No Frame / Medium 18\" x 24\"","margin":2},{"vendor":"society6","url":"https://society6.com/products/dance-under-the-moonlight_art-print?variant=48232123269364","price":95.0,"currency":"USD","framed":false,"w":24,"h":36,"label":"No Frame / Large 24\" x 36\"","margin":2},{"vendor":"society6","url":"https://society6.com/products/dance-under-the-moonlight_art-print?variant=48232123302132","price":125.0,"currency":"USD","framed":false,"w":30,"h":40,"label":"No Frame / X-Large 30\" x 40\"","margin":2}]
s6-winter-floral-peony-bouquet-in-delft-vase-on	larameintjes	https://society6.com/products/winter-floral-peony-bouquet-in-delft-vase-on-dark-navy-blue-painting_art-print	Peonies in a Delft Vase	print	flowers	https://cdn.shopify.com/s/files/1/0781/0282/3156/files/lara-lee-meintjes-winter-floral-peony-bouquet-in-delft-vase-on-dark-navy-blue-painting-art-print-whitebg-8x10.jpg?v=1778994380&crop=region&crop_left=272&crop_top=242&crop_width=255&crop_height=316&art=1	[{"vendor":"society6","url":"https://society6.com/products/winter-floral-peony-bouquet-in-delft-vase-on-dark-navy-blue-painting_art-print?variant=48266095427828","price":30.0,"currency":"USD","framed":false,"w":8,"h":10,"label":"No Frame / X-Small 8\" x 10\"","margin":1},{"vendor":"society6","url":"https://society6.com/products/winter-floral-peony-bouquet-in-delft-vase-on-dark-navy-blue-painting_art-print?variant=48266095460596","price":45.0,"currency":"USD","framed":false,"w":11,"h":14,"label":"No Frame / Small 11\" x 14\"","margin":1},{"vendor":"society6","url":"https://society6.com/products/winter-floral-peony-bouquet-in-delft-vase-on-dark-navy-blue-painting_art-print?variant=48266095493364","price":50.0,"currency":"USD","framed":false,"w":13,"h":19,"label":"No Frame / Small 13\" x 19\"","margin":1},{"vendor":"society6","url":"https://society6.com/products/winter-floral-peony-bouquet-in-delft-vase-on-dark-navy-blue-painting_art-print?variant=48266095526132","price":55.0,"currency":"USD","framed":false,"w":16,"h":20,"label":"No Frame / Medium 16\" x 20\"","margin":2},{"vendor":"society6","url":"https://society6.com/products/winter-floral-peony-bouquet-in-delft-vase-on-dark-navy-blue-painting_art-print?variant=48266095558900","price":60.0,"currency":"USD","framed":false,"w":18,"h":24,"label":"No Frame / Medium 18\" x 24\"","margin":2},{"vendor":"society6","url":"https://society6.com/products/winter-floral-peony-bouquet-in-delft-vase-on-dark-navy-blue-painting_art-print?variant=48266095591668","price":95.0,"currency":"USD","framed":false,"w":24,"h":36,"label":"No Frame / Large 24\" x 36\"","margin":2},{"vendor":"society6","url":"https://society6.com/products/winter-floral-peony-bouquet-in-delft-vase-on-dark-navy-blue-painting_art-print?variant=48266095624436","price":125.0,"currency":"USD","framed":false,"w":30,"h":40,"label":"No Frame / X-Large 30\" x 40\"","margin":2}]
s6-i-may-not-have-gone-where-i-intended-to-go-b	83oranges	https://society6.com/products/i-may-not-have-gone-where-i-intended-to-go-but-ive-ended-up-where-i-needed-to-be_art-print	Tiger Camping	print	flowers	https://cdn.shopify.com/s/files/1/0781/0282/3156/files/83-oranges-tiger-camping-art-print-whitebg-8x10.jpg?v=1778971485&crop=region&crop_left=272&crop_top=242&crop_width=255&crop_height=315&art=1	[{"vendor":"society6","url":"https://society6.com/products/i-may-not-have-gone-where-i-intended-to-go-but-ive-ended-up-where-i-needed-to-be_art-print?variant=48259771564276","price":30.0,"currency":"USD","framed":false,"w":8,"h":10,"label":"No Frame / X-Small 8\" x 10\"","margin":1},{"vendor":"society6","url":"https://society6.com/products/i-may-not-have-gone-where-i-intended-to-go-but-ive-ended-up-where-i-needed-to-be_art-print?variant=48259771597044","price":45.0,"currency":"USD","framed":false,"w":11,"h":14,"label":"No Frame / Small 11\" x 14\"","margin":1},{"vendor":"society6","url":"https://society6.com/products/i-may-not-have-gone-where-i-intended-to-go-but-ive-ended-up-where-i-needed-to-be_art-print?variant=48259771629812","price":50.0,"currency":"USD","framed":false,"w":13,"h":19,"label":"No Frame / Small 13\" x 19\"","margin":1},{"vendor":"society6","url":"https://society6.com/products/i-may-not-have-gone-where-i-intended-to-go-but-ive-ended-up-where-i-needed-to-be_art-print?variant=48259771662580","price":55.0,"currency":"USD","framed":false,"w":16,"h":20,"label":"No Frame / Medium 16\" x 20\"","margin":2},{"vendor":"society6","url":"https://society6.com/products/i-may-not-have-gone-where-i-intended-to-go-but-ive-ended-up-where-i-needed-to-be_art-print?variant=48259771695348","price":60.0,"currency":"USD","framed":false,"w":18,"h":24,"label":"No Frame / Medium 18\" x 24\"","margin":2},{"vendor":"society6","url":"https://society6.com/products/i-may-not-have-gone-where-i-intended-to-go-but-ive-ended-up-where-i-needed-to-be_art-print?variant=48259771728116","price":95.0,"currency":"USD","framed":false,"w":24,"h":36,"label":"No Frame / Large 24\" x 36\"","margin":2},{"vendor":"society6","url":"https://society6.com/products/i-may-not-have-gone-where-i-intended-to-go-but-ive-ended-up-where-i-needed-to-be_art-print?variant=48259771760884","price":125.0,"currency":"USD","framed":false,"w":30,"h":40,"label":"No Frame / X-Large 30\" x 40\"","margin":2}]
s6-average-absence-society6	83oranges	https://society6.com/products/average-absence-society6_art-print	Average Absence	print	flowers	https://cdn.shopify.com/s/files/1/0781/0282/3156/files/83-oranges-average-absence-art-print-whitebg-8x10.jpg?v=1778913774&crop=region&crop_left=272&crop_top=242&crop_width=255&crop_height=314&art=1	[{"vendor":"society6","url":"https://society6.com/products/average-absence-society6_art-print?variant=48242382602484","price":30.0,"currency":"USD","framed":false,"w":8,"h":10,"label":"No Frame / X-Small 8\" x 10\"","margin":1},{"vendor":"society6","url":"https://society6.com/products/average-absence-society6_art-print?variant=48242382635252","price":45.0,"currency":"USD","framed":false,"w":11,"h":14,"label":"No Frame / Small 11\" x 14\"","margin":1},{"vendor":"society6","url":"https://society6.com/products/average-absence-society6_art-print?variant=48242382668020","price":50.0,"currency":"USD","framed":false,"w":13,"h":19,"label":"No Frame / Small 13\" x 19\"","margin":1},{"vendor":"society6","url":"https://society6.com/products/average-absence-society6_art-print?variant=48242382700788","price":55.0,"currency":"USD","framed":false,"w":16,"h":20,"label":"No Frame / Medium 16\" x 20\"","margin":2},{"vendor":"society6","url":"https://society6.com/products/average-absence-society6_art-print?variant=48242382733556","price":60.0,"currency":"USD","framed":false,"w":18,"h":24,"label":"No Frame / Medium 18\" x 24\"","margin":2},{"vendor":"society6","url":"https://society6.com/products/average-absence-society6_art-print?variant=48242382766324","price":95.0,"currency":"USD","framed":false,"w":24,"h":36,"label":"No Frame / Large 24\" x 36\"","margin":2},{"vendor":"society6","url":"https://society6.com/products/average-absence-society6_art-print?variant=48242382799092","price":125.0,"currency":"USD","framed":false,"w":30,"h":40,"label":"No Frame / X-Large 30\" x 40\"","margin":2}]
s6-roses-bloomed-everytime-i-thought-of-you	frankmoth	https://society6.com/products/roses-bloomed-everytime-i-thought-of-you_art-print	Roses Bloomed	print	flowers	https://cdn.shopify.com/s/files/1/0781/0282/3156/files/frank-moth-roses-bloomed-every-time-i-thought-of-you-art-print-whitebg-8x10.jpg?v=1778821990&crop=region&crop_left=272&crop_top=242&crop_width=255&crop_height=310&art=1	[{"vendor":"society6","url":"https://society6.com/products/roses-bloomed-everytime-i-thought-of-you_art-print?variant=48229586043124","price":30.0,"currency":"USD","framed":false,"w":8,"h":10,"label":"No Frame / X-Small 8\" x 10\"","margin":1},{"vendor":"society6","url":"https://society6.com/products/roses-bloomed-everytime-i-thought-of-you_art-print?variant=48229586075892","price":45.0,"currency":"USD","framed":false,"w":11,"h":14,"label":"No Frame / Small 11\" x 14\"","margin":1},{"vendor":"society6","url":"https://society6.com/products/roses-bloomed-everytime-i-thought-of-you_art-print?variant=48229586108660","price":50.0,"currency":"USD","framed":false,"w":13,"h":19,"label":"No Frame / Small 13\" x 19\"","margin":1},{"vendor":"society6","url":"https://society6.com/products/roses-bloomed-everytime-i-thought-of-you_art-print?variant=48229586141428","price":55.0,"currency":"USD","framed":false,"w":16,"h":20,"label":"No Frame / Medium 16\" x 20\"","margin":2},{"vendor":"society6","url":"https://society6.com/products/roses-bloomed-everytime-i-thought-of-you_art-print?variant=48229586174196","price":60.0,"currency":"USD","framed":false,"w":18,"h":24,"label":"No Frame / Medium 18\" x 24\"","margin":2},{"vendor":"society6","url":"https://society6.com/products/roses-bloomed-everytime-i-thought-of-you_art-print?variant=48229586206964","price":95.0,"currency":"USD","framed":false,"w":24,"h":36,"label":"No Frame / Large 24\" x 36\"","margin":2},{"vendor":"society6","url":"https://society6.com/products/roses-bloomed-everytime-i-thought-of-you_art-print?variant=48229586239732","price":125.0,"currency":"USD","framed":false,"w":30,"h":40,"label":"No Frame / X-Large 30\" x 40\"","margin":2}]
s6-catnap-tuxedo-cat-napping-in-chair-by-the-wi	larameintjes	https://society6.com/products/catnap-tuxedo-cat-napping-in-chair-by-the-window_art-print	Catnap	print	flowers	https://cdn.shopify.com/s/files/1/0781/0282/3156/files/lara-lee-meintjes-catnap-tuxedo-cat-napping-in-chair-by-the-window-art-print-whitebg-8x10.jpg?v=1778819347&crop=region&crop_left=272&crop_top=242&crop_width=255&crop_height=314&art=1	[{"vendor":"society6","url":"https://society6.com/products/catnap-tuxedo-cat-napping-in-chair-by-the-window_art-print?variant=48229005820148","price":30.0,"currency":"USD","framed":false,"w":8,"h":10,"label":"No Frame / X-Small 8\" x 10\"","margin":1},{"vendor":"society6","url":"https://society6.com/products/catnap-tuxedo-cat-napping-in-chair-by-the-window_art-print?variant=48229005852916","price":45.0,"currency":"USD","framed":false,"w":11,"h":14,"label":"No Frame / Small 11\" x 14\"","margin":1},{"vendor":"society6","url":"https://society6.com/products/catnap-tuxedo-cat-napping-in-chair-by-the-window_art-print?variant=48229005885684","price":50.0,"currency":"USD","framed":false,"w":13,"h":19,"label":"No Frame / Small 13\" x 19\"","margin":1},{"vendor":"society6","url":"https://society6.com/products/catnap-tuxedo-cat-napping-in-chair-by-the-window_art-print?variant=48229005918452","price":55.0,"currency":"USD","framed":false,"w":16,"h":20,"label":"No Frame / Medium 16\" x 20\"","margin":2},{"vendor":"society6","url":"https://society6.com/products/catnap-tuxedo-cat-napping-in-chair-by-the-window_art-print?variant=48229005951220","price":60.0,"currency":"USD","framed":false,"w":18,"h":24,"label":"No Frame / Medium 18\" x 24\"","margin":2},{"vendor":"society6","url":"https://society6.com/products/catnap-tuxedo-cat-napping-in-chair-by-the-window_art-print?variant=48229005983988","price":95.0,"currency":"USD","framed":false,"w":24,"h":36,"label":"No Frame / Large 24\" x 36\"","margin":2},{"vendor":"society6","url":"https://society6.com/products/catnap-tuxedo-cat-napping-in-chair-by-the-window_art-print?variant=48229006016756","price":125.0,"currency":"USD","framed":false,"w":30,"h":40,"label":"No Frame / X-Large 30\" x 40\"","margin":2}]
s6-echinacea-and-finches	kellylouisejudd	https://society6.com/products/echinacea-and-finches_art-print	Echinacea and Finches	print	flowers	https://cdn.shopify.com/s/files/1/0781/0282/3156/files/kelly-louise-judd-echinacea-and-finches-art-print-whitebg-8x10.jpg?v=1781828743&crop=region&crop_left=272&crop_top=242&crop_width=255&crop_height=313&art=1	[{"vendor":"society6","url":"https://society6.com/products/echinacea-and-finches_art-print?variant=48729133809908","price":30.0,"currency":"USD","framed":false,"w":8,"h":10,"label":"No Frame / X-Small 8\" x 10\"","margin":1},{"vendor":"society6","url":"https://society6.com/products/echinacea-and-finches_art-print?variant=48729133842676","price":45.0,"currency":"USD","framed":false,"w":11,"h":14,"label":"No Frame / Small 11\" x 14\"","margin":1},{"vendor":"society6","url":"https://society6.com/products/echinacea-and-finches_art-print?variant=48729133875444","price":50.0,"currency":"USD","framed":false,"w":13,"h":19,"label":"No Frame / Small 13\" x 19\"","margin":1},{"vendor":"society6","url":"https://society6.com/products/echinacea-and-finches_art-print?variant=48729133908212","price":55.0,"currency":"USD","framed":false,"w":16,"h":20,"label":"No Frame / Medium 16\" x 20\"","margin":2},{"vendor":"society6","url":"https://society6.com/products/echinacea-and-finches_art-print?variant=48729133940980","price":60.0,"currency":"USD","framed":false,"w":18,"h":24,"label":"No Frame / Medium 18\" x 24\"","margin":2},{"vendor":"society6","url":"https://society6.com/products/echinacea-and-finches_art-print?variant=48729133973748","price":95.0,"currency":"USD","framed":false,"w":24,"h":36,"label":"No Frame / Large 24\" x 36\"","margin":2},{"vendor":"society6","url":"https://society6.com/products/echinacea-and-finches_art-print?variant=48729134006516","price":125.0,"currency":"USD","framed":false,"w":30,"h":40,"label":"No Frame / X-Large 30\" x 40\"","margin":2}]
s6-lily-floral4901402	megangalante	https://society6.com/products/lily-floral4901402_art-print	Lily Floral	print	flowers	https://cdn.shopify.com/s/files/1/0781/0282/3156/files/megan-galante-lily-floral-art-print-whitebg-8x10.jpg?v=1781711938&crop=region&crop_left=272&crop_top=242&crop_width=255&crop_height=314&art=1	[{"vendor":"society6","url":"https://society6.com/products/lily-floral4901402_art-print?variant=48693215166708","price":30.0,"currency":"USD","framed":false,"w":8,"h":10,"label":"No Frame / X-Small 8\" x 10\"","margin":1},{"vendor":"society6","url":"https://society6.com/products/lily-floral4901402_art-print?variant=48693215199476","price":45.0,"currency":"USD","framed":false,"w":11,"h":14,"label":"No Frame / Small 11\" x 14\"","margin":1},{"vendor":"society6","url":"https://society6.com/products/lily-floral4901402_art-print?variant=48693215232244","price":50.0,"currency":"USD","framed":false,"w":13,"h":19,"label":"No Frame / Small 13\" x 19\"","margin":1},{"vendor":"society6","url":"https://society6.com/products/lily-floral4901402_art-print?variant=48693215265012","price":55.0,"currency":"USD","framed":false,"w":16,"h":20,"label":"No Frame / Medium 16\" x 20\"","margin":2},{"vendor":"society6","url":"https://society6.com/products/lily-floral4901402_art-print?variant=48693215297780","price":60.0,"currency":"USD","framed":false,"w":18,"h":24,"label":"No Frame / Medium 18\" x 24\"","margin":2},{"vendor":"society6","url":"https://society6.com/products/lily-floral4901402_art-print?variant=48693215330548","price":95.0,"currency":"USD","framed":false,"w":24,"h":36,"label":"No Frame / Large 24\" x 36\"","margin":2},{"vendor":"society6","url":"https://society6.com/products/lily-floral4901402_art-print?variant=48693215363316","price":125.0,"currency":"USD","framed":false,"w":30,"h":40,"label":"No Frame / X-Large 30\" x 40\"","margin":2}]
s6-quiet-panda-forest	enshape	https://society6.com/products/quiet-panda-forest_art-print	Quiet Panda Forest	print	flowers	https://cdn.shopify.com/s/files/1/0781/0282/3156/files/enshape-quiet-panda-forest-art-print-whitebg-8x10.jpg?v=1781675208&crop=region&crop_left=272&crop_top=242&crop_width=255&crop_height=310&art=1	[{"vendor":"society6","url":"https://society6.com/products/quiet-panda-forest_art-print?variant=48682509467892","price":30.0,"currency":"USD","framed":false,"w":8,"h":10,"label":"No Frame / X-Small 8\" x 10\"","margin":1},{"vendor":"society6","url":"https://society6.com/products/quiet-panda-forest_art-print?variant=48682509500660","price":45.0,"currency":"USD","framed":false,"w":11,"h":14,"label":"No Frame / Small 11\" x 14\"","margin":1},{"vendor":"society6","url":"https://society6.com/products/quiet-panda-forest_art-print?variant=48682509533428","price":50.0,"currency":"USD","framed":false,"w":13,"h":19,"label":"No Frame / Small 13\" x 19\"","margin":1},{"vendor":"society6","url":"https://society6.com/products/quiet-panda-forest_art-print?variant=48682509566196","price":55.0,"currency":"USD","framed":false,"w":16,"h":20,"label":"No Frame / Medium 16\" x 20\"","margin":2},{"vendor":"society6","url":"https://society6.com/products/quiet-panda-forest_art-print?variant=48682509598964","price":60.0,"currency":"USD","framed":false,"w":18,"h":24,"label":"No Frame / Medium 18\" x 24\"","margin":2},{"vendor":"society6","url":"https://society6.com/products/quiet-panda-forest_art-print?variant=48682509631732","price":95.0,"currency":"USD","framed":false,"w":24,"h":36,"label":"No Frame / Large 24\" x 36\"","margin":2},{"vendor":"society6","url":"https://society6.com/products/quiet-panda-forest_art-print?variant=48682509664500","price":125.0,"currency":"USD","framed":false,"w":30,"h":40,"label":"No Frame / X-Large 30\" x 40\"","margin":2}]
s6-mountain-landscape-oil-painting8874890	enshape	https://society6.com/products/mountain-landscape-oil-painting8874890_art-print	Mountain Landscape Oil Painting	print	flowers	https://cdn.shopify.com/s/files/1/0781/0282/3156/files/enshape-mountain-landscape-oil-painting-art-print-whitebg-8x10.jpg?v=1779070728&crop=region&crop_left=242&crop_top=270&crop_width=314&crop_height=256&art=1	[{"vendor":"society6","url":"https://society6.com/products/mountain-landscape-oil-painting8874890_art-print?variant=48287218630900","price":30.0,"currency":"USD","framed":false,"w":8,"h":10,"label":"No Frame / X-Small 8\" x 10\"","margin":1},{"vendor":"society6","url":"https://society6.com/products/mountain-landscape-oil-painting8874890_art-print?variant=48287218663668","price":45.0,"currency":"USD","framed":false,"w":11,"h":14,"label":"No Frame / Small 11\" x 14\"","margin":1},{"vendor":"society6","url":"https://society6.com/products/mountain-landscape-oil-painting8874890_art-print?variant=48287218696436","price":50.0,"currency":"USD","framed":false,"w":13,"h":19,"label":"No Frame / Small 13\" x 19\"","margin":1},{"vendor":"society6","url":"https://society6.com/products/mountain-landscape-oil-painting8874890_art-print?variant=48287218729204","price":55.0,"currency":"USD","framed":false,"w":16,"h":20,"label":"No Frame / Medium 16\" x 20\"","margin":2},{"vendor":"society6","url":"https://society6.com/products/mountain-landscape-oil-painting8874890_art-print?variant=48287218761972","price":60.0,"currency":"USD","framed":false,"w":18,"h":24,"label":"No Frame / Medium 18\" x 24\"","margin":2},{"vendor":"society6","url":"https://society6.com/products/mountain-landscape-oil-painting8874890_art-print?variant=48287218794740","price":95.0,"currency":"USD","framed":false,"w":24,"h":36,"label":"No Frame / Large 24\" x 36\"","margin":2},{"vendor":"society6","url":"https://society6.com/products/mountain-landscape-oil-painting8874890_art-print?variant=48287218827508","price":125.0,"currency":"USD","framed":false,"w":30,"h":40,"label":"No Frame / X-Large 30\" x 40\"","margin":2}]
s6-new-zealand5426343	amberstextiles	https://society6.com/products/new-zealand5426343_art-print	New Zealand	print	flowers	https://cdn.shopify.com/s/files/1/0781/0282/3156/files/ambers-textiles-new-zealand-i-art-print-whitebg-8x10.jpg?v=1781716355&crop=region&crop_left=272&crop_top=244&crop_width=255&crop_height=313&art=1	[{"vendor":"society6","url":"https://society6.com/products/new-zealand5426343_art-print?variant=48694405857524","price":30.0,"currency":"USD","framed":false,"w":8,"h":10,"label":"No Frame / X-Small 8\" x 10\"","margin":1},{"vendor":"society6","url":"https://society6.com/products/new-zealand5426343_art-print?variant=48694405890292","price":45.0,"currency":"USD","framed":false,"w":11,"h":14,"label":"No Frame / Small 11\" x 14\"","margin":1},{"vendor":"society6","url":"https://society6.com/products/new-zealand5426343_art-print?variant=48694405923060","price":50.0,"currency":"USD","framed":false,"w":13,"h":19,"label":"No Frame / Small 13\" x 19\"","margin":1},{"vendor":"society6","url":"https://society6.com/products/new-zealand5426343_art-print?variant=48694405955828","price":55.0,"currency":"USD","framed":false,"w":16,"h":20,"label":"No Frame / Medium 16\" x 20\"","margin":2},{"vendor":"society6","url":"https://society6.com/products/new-zealand5426343_art-print?variant=48694405988596","price":60.0,"currency":"USD","framed":false,"w":18,"h":24,"label":"No Frame / Medium 18\" x 24\"","margin":2},{"vendor":"society6","url":"https://society6.com/products/new-zealand5426343_art-print?variant=48694406021364","price":95.0,"currency":"USD","framed":false,"w":24,"h":36,"label":"No Frame / Large 24\" x 36\"","margin":2},{"vendor":"society6","url":"https://society6.com/products/new-zealand5426343_art-print?variant=48694406054132","price":125.0,"currency":"USD","framed":false,"w":30,"h":40,"label":"No Frame / X-Large 30\" x 40\"","margin":2}]
s6-desert-trip5512568	shinachoi	https://society6.com/products/desert-trip5512568_art-print	Desert Trip	print	flowers	https://cdn.shopify.com/s/files/1/0781/0282/3156/files/shina-choi-art-desert-trip-art-print-whitebg-8x10.jpg?v=1781196862&crop=region&crop_left=244&crop_top=270&crop_width=314&crop_height=255&art=1	[{"vendor":"society6","url":"https://society6.com/products/desert-trip5512568_art-print?variant=48551695778036","price":30.0,"currency":"USD","framed":false,"w":8,"h":10,"label":"No Frame / X-Small 8\" x 10\"","margin":1},{"vendor":"society6","url":"https://society6.com/products/desert-trip5512568_art-print?variant=48551695810804","price":45.0,"currency":"USD","framed":false,"w":11,"h":14,"label":"No Frame / Small 11\" x 14\"","margin":1},{"vendor":"society6","url":"https://society6.com/products/desert-trip5512568_art-print?variant=48551695843572","price":50.0,"currency":"USD","framed":false,"w":13,"h":19,"label":"No Frame / Small 13\" x 19\"","margin":1},{"vendor":"society6","url":"https://society6.com/products/desert-trip5512568_art-print?variant=48551695876340","price":55.0,"currency":"USD","framed":false,"w":16,"h":20,"label":"No Frame / Medium 16\" x 20\"","margin":2},{"vendor":"society6","url":"https://society6.com/products/desert-trip5512568_art-print?variant=48551695909108","price":60.0,"currency":"USD","framed":false,"w":18,"h":24,"label":"No Frame / Medium 18\" x 24\"","margin":2},{"vendor":"society6","url":"https://society6.com/products/desert-trip5512568_art-print?variant=48551695941876","price":95.0,"currency":"USD","framed":false,"w":24,"h":36,"label":"No Frame / Large 24\" x 36\"","margin":2},{"vendor":"society6","url":"https://society6.com/products/desert-trip5512568_art-print?variant=48551695974644","price":125.0,"currency":"USD","framed":false,"w":30,"h":40,"label":"No Frame / X-Large 30\" x 40\"","margin":2}]
s6-mountains954906	nadja1	https://society6.com/products/mountains954906_art-print	Mountains	print	flowers	https://cdn.shopify.com/s/files/1/0781/0282/3156/files/nadja-mountains-iii-art-print-whitebg-8x10.jpg?v=1780881180&crop=region&crop_left=272&crop_top=242&crop_width=255&crop_height=310&art=1	[{"vendor":"society6","url":"https://society6.com/products/mountains954906_art-print?variant=48456972468468","price":30.0,"currency":"USD","framed":false,"w":8,"h":10,"label":"No Frame / X-Small 8\" x 10\"","margin":1},{"vendor":"society6","url":"https://society6.com/products/mountains954906_art-print?variant=48456972501236","price":40.0,"currency":"USD","framed":false,"w":10,"h":10,"label":"No Frame / Small 10\" x 10\"","margin":1},{"vendor":"society6","url":"https://society6.com/products/mountains954906_art-print?variant=48456972534004","price":45.0,"currency":"USD","framed":false,"w":11,"h":14,"label":"No Frame / Small 11\" x 14\"","margin":1},{"vendor":"society6","url":"https://society6.com/products/mountains954906_art-print?variant=48456972566772","price":50.0,"currency":"USD","framed":false,"w":13,"h":19,"label":"No Frame / Small 13\" x 19\"","margin":1},{"vendor":"society6","url":"https://society6.com/products/mountains954906_art-print?variant=48456972599540","price":65.0,"currency":"USD","framed":false,"w":20,"h":20,"label":"No Frame / Medium 20\" x 20\"","margin":2},{"vendor":"society6","url":"https://society6.com/products/mountains954906_art-print?variant=48456972632308","price":55.0,"currency":"USD","framed":false,"w":16,"h":20,"label":"No Frame / Medium 16\" x 20\"","margin":2},{"vendor":"society6","url":"https://society6.com/products/mountains954906_art-print?variant=48456972665076","price":60.0,"currency":"USD","framed":false,"w":18,"h":24,"label":"No Frame / Medium 18\" x 24\"","margin":2},{"vendor":"society6","url":"https://society6.com/products/mountains954906_art-print?variant=48456972697844","price":95.0,"currency":"USD","framed":false,"w":24,"h":36,"label":"No Frame / Large 24\" x 36\"","margin":2},{"vendor":"society6","url":"https://society6.com/products/mountains954906_art-print?variant=48456972730612","price":125.0,"currency":"USD","framed":false,"w":30,"h":40,"label":"No Frame / X-Large 30\" x 40\"","margin":2}]
s6-can-you-feel-spring-cherry-blossom	mellyterpening	https://society6.com/products/can-you-feel-spring-cherry-blossom_art-print	Cherry Blossom	print	flowers	https://cdn.shopify.com/s/files/1/0781/0282/3156/files/melly-terpening-can-you-feel-spring-cherry-blossom-art-print-whitebg-8x10.jpg?v=1779212285&crop=region&crop_left=274&crop_top=242&crop_width=252&crop_height=309&art=1	[{"vendor":"society6","url":"https://society6.com/products/can-you-feel-spring-cherry-blossom_art-print?variant=48303698772212","price":30.0,"currency":"USD","framed":false,"w":8,"h":10,"label":"No Frame / X-Small 8\" x 10\"","margin":1},{"vendor":"society6","url":"https://society6.com/products/can-you-feel-spring-cherry-blossom_art-print?variant=48303698804980","price":45.0,"currency":"USD","framed":false,"w":11,"h":14,"label":"No Frame / Small 11\" x 14\"","margin":1},{"vendor":"society6","url":"https://society6.com/products/can-you-feel-spring-cherry-blossom_art-print?variant=48303698837748","price":50.0,"currency":"USD","framed":false,"w":13,"h":19,"label":"No Frame / Small 13\" x 19\"","margin":1},{"vendor":"society6","url":"https://society6.com/products/can-you-feel-spring-cherry-blossom_art-print?variant=48303698870516","price":55.0,"currency":"USD","framed":false,"w":16,"h":20,"label":"No Frame / Medium 16\" x 20\"","margin":2},{"vendor":"society6","url":"https://society6.com/products/can-you-feel-spring-cherry-blossom_art-print?variant=48303698903284","price":60.0,"currency":"USD","framed":false,"w":18,"h":24,"label":"No Frame / Medium 18\" x 24\"","margin":2},{"vendor":"society6","url":"https://society6.com/products/can-you-feel-spring-cherry-blossom_art-print?variant=48303698936052","price":95.0,"currency":"USD","framed":false,"w":24,"h":36,"label":"No Frame / Large 24\" x 36\"","margin":2},{"vendor":"society6","url":"https://society6.com/products/can-you-feel-spring-cherry-blossom_art-print?variant=48303698968820","price":125.0,"currency":"USD","framed":false,"w":30,"h":40,"label":"No Frame / X-Large 30\" x 40\"","margin":2}]
s6-sunset-over-paris8936483	katharinapuritscher	https://society6.com/products/sunset-over-paris8936483_art-print	Sunset Over Paris	print	flowers	https://cdn.shopify.com/s/files/1/0781/0282/3156/files/katharina-puritscher-sunset-over-paris-art-print-whitebg-8x10.jpg?v=1779177959&crop=region&crop_left=272&crop_top=242&crop_width=255&crop_height=312&art=1	[{"vendor":"society6","url":"https://society6.com/products/sunset-over-paris8936483_art-print?variant=48297870688500","price":30.0,"currency":"USD","framed":false,"w":8,"h":10,"label":"No Frame / X-Small 8\" x 10\"","margin":1},{"vendor":"society6","url":"https://society6.com/products/sunset-over-paris8936483_art-print?variant=48297870721268","price":45.0,"currency":"USD","framed":false,"w":11,"h":14,"label":"No Frame / Small 11\" x 14\"","margin":1},{"vendor":"society6","url":"https://society6.com/products/sunset-over-paris8936483_art-print?variant=48297870754036","price":50.0,"currency":"USD","framed":false,"w":13,"h":19,"label":"No Frame / Small 13\" x 19\"","margin":1},{"vendor":"society6","url":"https://society6.com/products/sunset-over-paris8936483_art-print?variant=48297870786804","price":55.0,"currency":"USD","framed":false,"w":16,"h":20,"label":"No Frame / Medium 16\" x 20\"","margin":2},{"vendor":"society6","url":"https://society6.com/products/sunset-over-paris8936483_art-print?variant=48297870819572","price":60.0,"currency":"USD","framed":false,"w":18,"h":24,"label":"No Frame / Medium 18\" x 24\"","margin":2},{"vendor":"society6","url":"https://society6.com/products/sunset-over-paris8936483_art-print?variant=48297870852340","price":95.0,"currency":"USD","framed":false,"w":24,"h":36,"label":"No Frame / Large 24\" x 36\"","margin":2},{"vendor":"society6","url":"https://society6.com/products/sunset-over-paris8936483_art-print?variant=48297870885108","price":125.0,"currency":"USD","framed":false,"w":30,"h":40,"label":"No Frame / X-Large 30\" x 40\"","margin":2}]
s6-bluebird-and-apple-blossoms8796285	rlt	https://society6.com/products/bluebird-and-apple-blossoms8796285_art-print	Bluebird and Apple Blossoms	print	flowers	https://cdn.shopify.com/s/files/1/0781/0282/3156/files/renea-l-thull-bluebird-and-apple-blossoms-art-print-whitebg-8x10.jpg?v=1779055365&crop=region&crop_left=272&crop_top=242&crop_width=255&crop_height=310&art=1	[{"vendor":"society6","url":"https://society6.com/products/bluebird-and-apple-blossoms8796285_art-print?variant=48283070267636","price":30.0,"currency":"USD","framed":false,"w":8,"h":10,"label":"No Frame / X-Small 8\" x 10\"","margin":1},{"vendor":"society6","url":"https://society6.com/products/bluebird-and-apple-blossoms8796285_art-print?variant=48283070300404","price":45.0,"currency":"USD","framed":false,"w":11,"h":14,"label":"No Frame / Small 11\" x 14\"","margin":1},{"vendor":"society6","url":"https://society6.com/products/bluebird-and-apple-blossoms8796285_art-print?variant=48283070333172","price":50.0,"currency":"USD","framed":false,"w":13,"h":19,"label":"No Frame / Small 13\" x 19\"","margin":1},{"vendor":"society6","url":"https://society6.com/products/bluebird-and-apple-blossoms8796285_art-print?variant=48283070365940","price":55.0,"currency":"USD","framed":false,"w":16,"h":20,"label":"No Frame / Medium 16\" x 20\"","margin":2},{"vendor":"society6","url":"https://society6.com/products/bluebird-and-apple-blossoms8796285_art-print?variant=48283070398708","price":60.0,"currency":"USD","framed":false,"w":18,"h":24,"label":"No Frame / Medium 18\" x 24\"","margin":2},{"vendor":"society6","url":"https://society6.com/products/bluebird-and-apple-blossoms8796285_art-print?variant=48283070431476","price":95.0,"currency":"USD","framed":false,"w":24,"h":36,"label":"No Frame / Large 24\" x 36\"","margin":2},{"vendor":"society6","url":"https://society6.com/products/bluebird-and-apple-blossoms8796285_art-print?variant=48283070464244","price":125.0,"currency":"USD","framed":false,"w":30,"h":40,"label":"No Frame / X-Large 30\" x 40\"","margin":2}]
s6-penny-blues	annmariecoolick	https://society6.com/products/penny-blues_art-print	Penny Blues	print	flowers	https://cdn.shopify.com/s/files/1/0781/0282/3156/files/ann-marie-coolick-penny-blues-art-print-whitebg-8x10.jpg?v=1779033128&crop=region&crop_left=272&crop_top=242&crop_width=255&crop_height=313&art=1	[{"vendor":"society6","url":"https://society6.com/products/penny-blues_art-print?variant=48276948582644","price":30.0,"currency":"USD","framed":false,"w":8,"h":10,"label":"No Frame / X-Small 8\" x 10\"","margin":1},{"vendor":"society6","url":"https://society6.com/products/penny-blues_art-print?variant=48276948615412","price":45.0,"currency":"USD","framed":false,"w":11,"h":14,"label":"No Frame / Small 11\" x 14\"","margin":1},{"vendor":"society6","url":"https://society6.com/products/penny-blues_art-print?variant=48276948648180","price":50.0,"currency":"USD","framed":false,"w":13,"h":19,"label":"No Frame / Small 13\" x 19\"","margin":1},{"vendor":"society6","url":"https://society6.com/products/penny-blues_art-print?variant=48276948680948","price":55.0,"currency":"USD","framed":false,"w":16,"h":20,"label":"No Frame / Medium 16\" x 20\"","margin":2},{"vendor":"society6","url":"https://society6.com/products/penny-blues_art-print?variant=48276948713716","price":60.0,"currency":"USD","framed":false,"w":18,"h":24,"label":"No Frame / Medium 18\" x 24\"","margin":2},{"vendor":"society6","url":"https://society6.com/products/penny-blues_art-print?variant=48276948746484","price":95.0,"currency":"USD","framed":false,"w":24,"h":36,"label":"No Frame / Large 24\" x 36\"","margin":2},{"vendor":"society6","url":"https://society6.com/products/penny-blues_art-print?variant=48276948779252","price":125.0,"currency":"USD","framed":false,"w":30,"h":40,"label":"No Frame / X-Large 30\" x 40\"","margin":2}]
s6-linocut-flower-meadow-blue	designdannick	https://society6.com/products/linocut-flower-meadow-blue_art-print	Linocut flower meadow blue	print	flowers	https://cdn.shopify.com/s/files/1/0781/0282/3156/files/design-dannick-linocut-flower-meadow-blue-art-print-whitebg-8x10.jpg?v=1779022109&crop=region&crop_left=272&crop_top=242&crop_width=255&crop_height=313&art=1	[{"vendor":"society6","url":"https://society6.com/products/linocut-flower-meadow-blue_art-print?variant=48273860755700","price":30.0,"currency":"USD","framed":false,"w":8,"h":10,"label":"No Frame / X-Small 8\" x 10\"","margin":1},{"vendor":"society6","url":"https://society6.com/products/linocut-flower-meadow-blue_art-print?variant=48273860788468","price":45.0,"currency":"USD","framed":false,"w":11,"h":14,"label":"No Frame / Small 11\" x 14\"","margin":1},{"vendor":"society6","url":"https://society6.com/products/linocut-flower-meadow-blue_art-print?variant=48273860821236","price":50.0,"currency":"USD","framed":false,"w":13,"h":19,"label":"No Frame / Small 13\" x 19\"","margin":1},{"vendor":"society6","url":"https://society6.com/products/linocut-flower-meadow-blue_art-print?variant=48273860854004","price":55.0,"currency":"USD","framed":false,"w":16,"h":20,"label":"No Frame / Medium 16\" x 20\"","margin":2},{"vendor":"society6","url":"https://society6.com/products/linocut-flower-meadow-blue_art-print?variant=48273860886772","price":60.0,"currency":"USD","framed":false,"w":18,"h":24,"label":"No Frame / Medium 18\" x 24\"","margin":2},{"vendor":"society6","url":"https://society6.com/products/linocut-flower-meadow-blue_art-print?variant=48273860919540","price":95.0,"currency":"USD","framed":false,"w":24,"h":36,"label":"No Frame / Large 24\" x 36\"","margin":2},{"vendor":"society6","url":"https://society6.com/products/linocut-flower-meadow-blue_art-print?variant=48273860952308","price":125.0,"currency":"USD","framed":false,"w":30,"h":40,"label":"No Frame / X-Large 30\" x 40\"","margin":2}]
s6-peonies-flowers-i	elbuenlimon	https://society6.com/products/peonies-flowers-i_art-print	Peonies flowers I	print	flowers	https://cdn.shopify.com/s/files/1/0781/0282/3156/files/el-buen-limon-peonies-flowers-i-art-print-whitebg-8x10.jpg?v=1779011982&crop=region&crop_left=274&crop_top=243&crop_width=253&crop_height=309&art=1	[{"vendor":"society6","url":"https://society6.com/products/peonies-flowers-i_art-print?variant=48270910521588","price":30.0,"currency":"USD","framed":false,"w":8,"h":10,"label":"No Frame / X-Small 8\" x 10\"","margin":1},{"vendor":"society6","url":"https://society6.com/products/peonies-flowers-i_art-print?variant=48270910554356","price":45.0,"currency":"USD","framed":false,"w":11,"h":14,"label":"No Frame / Small 11\" x 14\"","margin":1},{"vendor":"society6","url":"https://society6.com/products/peonies-flowers-i_art-print?variant=48270910587124","price":50.0,"currency":"USD","framed":false,"w":13,"h":19,"label":"No Frame / Small 13\" x 19\"","margin":1},{"vendor":"society6","url":"https://society6.com/products/peonies-flowers-i_art-print?variant=48270910619892","price":55.0,"currency":"USD","framed":false,"w":16,"h":20,"label":"No Frame / Medium 16\" x 20\"","margin":2},{"vendor":"society6","url":"https://society6.com/products/peonies-flowers-i_art-print?variant=48270910652660","price":60.0,"currency":"USD","framed":false,"w":18,"h":24,"label":"No Frame / Medium 18\" x 24\"","margin":2},{"vendor":"society6","url":"https://society6.com/products/peonies-flowers-i_art-print?variant=48270910685428","price":95.0,"currency":"USD","framed":false,"w":24,"h":36,"label":"No Frame / Large 24\" x 36\"","margin":2},{"vendor":"society6","url":"https://society6.com/products/peonies-flowers-i_art-print?variant=48270910718196","price":125.0,"currency":"USD","framed":false,"w":30,"h":40,"label":"No Frame / X-Large 30\" x 40\"","margin":2}]
s6-coastal-summer-meadow	joystclaire	https://society6.com/products/coastal-summer-meadow_art-print	Coastal Summer Meadow	photo	flowers	https://cdn.shopify.com/s/files/1/0781/0282/3156/files/olivia-st-claire-coastal-summer-meadow-art-print-whitebg-8x10.jpg?v=1781868330&crop=region&crop_left=272&crop_top=242&crop_width=255&crop_height=310&art=1	[{"vendor":"society6","url":"https://society6.com/products/coastal-summer-meadow_art-print?variant=48742365135092","price":30.0,"currency":"USD","framed":false,"w":8,"h":10,"label":"No Frame / X-Small 8\" x 10\"","margin":1},{"vendor":"society6","url":"https://society6.com/products/coastal-summer-meadow_art-print?variant=48742365167860","price":45.0,"currency":"USD","framed":false,"w":11,"h":14,"label":"No Frame / Small 11\" x 14\"","margin":1},{"vendor":"society6","url":"https://society6.com/products/coastal-summer-meadow_art-print?variant=48742365200628","price":50.0,"currency":"USD","framed":false,"w":13,"h":19,"label":"No Frame / Small 13\" x 19\"","margin":1},{"vendor":"society6","url":"https://society6.com/products/coastal-summer-meadow_art-print?variant=48742365233396","price":55.0,"currency":"USD","framed":false,"w":16,"h":20,"label":"No Frame / Medium 16\" x 20\"","margin":2},{"vendor":"society6","url":"https://society6.com/products/coastal-summer-meadow_art-print?variant=48742365266164","price":60.0,"currency":"USD","framed":false,"w":18,"h":24,"label":"No Frame / Medium 18\" x 24\"","margin":2},{"vendor":"society6","url":"https://society6.com/products/coastal-summer-meadow_art-print?variant=48742365298932","price":95.0,"currency":"USD","framed":false,"w":24,"h":36,"label":"No Frame / Large 24\" x 36\"","margin":2},{"vendor":"society6","url":"https://society6.com/products/coastal-summer-meadow_art-print?variant=48742365331700","price":125.0,"currency":"USD","framed":false,"w":30,"h":40,"label":"No Frame / X-Large 30\" x 40\"","margin":2}]
s6-mount-rainier-wildflowers8980887	somecallmebeth	https://society6.com/products/mount-rainier-wildflowers8980887_art-print	Mount Rainier Wildflowers	print	flowers	https://cdn.shopify.com/s/files/1/0781/0282/3156/files/beth-norton-mount-rainier-wildflowers-art-print-whitebg-8x10.jpg?v=1782345996&crop=region&crop_left=272&crop_top=242&crop_width=255&crop_height=315&art=1	[{"vendor":"society6","url":"https://society6.com/products/mount-rainier-wildflowers8980887_art-print?variant=48770899280116","price":30.0,"currency":"USD","framed":false,"w":8,"h":10,"label":"No Frame / X-Small 8\" x 10\"","margin":1},{"vendor":"society6","url":"https://society6.com/products/mount-rainier-wildflowers8980887_art-print?variant=48770899312884","price":40.0,"currency":"USD","framed":false,"w":10,"h":10,"label":"No Frame / Small 10\" x 10\"","margin":1},{"vendor":"society6","url":"https://society6.com/products/mount-rainier-wildflowers8980887_art-print?variant=48770899345652","price":45.0,"currency":"USD","framed":false,"w":11,"h":14,"label":"No Frame / Small 11\" x 14\"","margin":1},{"vendor":"society6","url":"https://society6.com/products/mount-rainier-wildflowers8980887_art-print?variant=48770899378420","price":50.0,"currency":"USD","framed":false,"w":13,"h":19,"label":"No Frame / Small 13\" x 19\"","margin":1},{"vendor":"society6","url":"https://society6.com/products/mount-rainier-wildflowers8980887_art-print?variant=48770899411188","price":65.0,"currency":"USD","framed":false,"w":20,"h":20,"label":"No Frame / Medium 20\" x 20\"","margin":2},{"vendor":"society6","url":"https://society6.com/products/mount-rainier-wildflowers8980887_art-print?variant=48770899443956","price":55.0,"currency":"USD","framed":false,"w":16,"h":20,"label":"No Frame / Medium 16\" x 20\"","margin":2},{"vendor":"society6","url":"https://society6.com/products/mount-rainier-wildflowers8980887_art-print?variant=48770899476724","price":60.0,"currency":"USD","framed":false,"w":18,"h":24,"label":"No Frame / Medium 18\" x 24\"","margin":2},{"vendor":"society6","url":"https://society6.com/products/mount-rainier-wildflowers8980887_art-print?variant=48770899509492","price":95.0,"currency":"USD","framed":false,"w":24,"h":36,"label":"No Frame / Large 24\" x 36\"","margin":2},{"vendor":"society6","url":"https://society6.com/products/mount-rainier-wildflowers8980887_art-print?variant=48770899542260","price":125.0,"currency":"USD","framed":false,"w":30,"h":40,"label":"No Frame / X-Large 30\" x 40\"","margin":2}]
s6-nuances-of-pink	joystclaire	https://society6.com/products/nuances-of-pink_art-print	Nuances of Pink	print	flowers	https://cdn.shopify.com/s/files/1/0781/0282/3156/files/olivia-st-claire-nuances-of-pink-modern-botanical-dahlia-flower-photography-art-print-whitebg-8x10.jpg?v=1781871668&crop=region&crop_left=272&crop_top=242&crop_width=255&crop_height=314&art=1	[{"vendor":"society6","url":"https://society6.com/products/nuances-of-pink_art-print?variant=48743806730484","price":30.0,"currency":"USD","framed":false,"w":8,"h":10,"label":"No Frame / X-Small 8\" x 10\"","margin":1},{"vendor":"society6","url":"https://society6.com/products/nuances-of-pink_art-print?variant=48743806763252","price":45.0,"currency":"USD","framed":false,"w":11,"h":14,"label":"No Frame / Small 11\" x 14\"","margin":1},{"vendor":"society6","url":"https://society6.com/products/nuances-of-pink_art-print?variant=48743806796020","price":50.0,"currency":"USD","framed":false,"w":13,"h":19,"label":"No Frame / Small 13\" x 19\"","margin":1},{"vendor":"society6","url":"https://society6.com/products/nuances-of-pink_art-print?variant=48743806828788","price":55.0,"currency":"USD","framed":false,"w":16,"h":20,"label":"No Frame / Medium 16\" x 20\"","margin":2},{"vendor":"society6","url":"https://society6.com/products/nuances-of-pink_art-print?variant=48743806861556","price":60.0,"currency":"USD","framed":false,"w":18,"h":24,"label":"No Frame / Medium 18\" x 24\"","margin":2},{"vendor":"society6","url":"https://society6.com/products/nuances-of-pink_art-print?variant=48743806894324","price":95.0,"currency":"USD","framed":false,"w":24,"h":36,"label":"No Frame / Large 24\" x 36\"","margin":2},{"vendor":"society6","url":"https://society6.com/products/nuances-of-pink_art-print?variant=48743806927092","price":125.0,"currency":"USD","framed":false,"w":30,"h":40,"label":"No Frame / X-Large 30\" x 40\"","margin":2}]
s6-sheep-in-field	kelliemontana	https://society6.com/products/sheep-in-field_art-print	Sheep in Field	print	flowers	https://cdn.shopify.com/s/files/1/0781/0282/3156/files/kellie-montana-sheep-in-field-art-print-whitebg-8x10_7cdcd33b-1eed-48a1-9680-cc3504557e22.jpg?v=1781871504&crop=region&crop_left=274&crop_top=244&crop_width=253&crop_height=308&art=1	[{"vendor":"society6","url":"https://society6.com/products/sheep-in-field_art-print?variant=48743726252276","price":30.0,"currency":"USD","framed":false,"w":8,"h":10,"label":"No Frame / X-Small 8\" x 10\"","margin":1},{"vendor":"society6","url":"https://society6.com/products/sheep-in-field_art-print?variant=48743726285044","price":45.0,"currency":"USD","framed":false,"w":11,"h":14,"label":"No Frame / Small 11\" x 14\"","margin":1},{"vendor":"society6","url":"https://society6.com/products/sheep-in-field_art-print?variant=48743726317812","price":50.0,"currency":"USD","framed":false,"w":13,"h":19,"label":"No Frame / Small 13\" x 19\"","margin":1},{"vendor":"society6","url":"https://society6.com/products/sheep-in-field_art-print?variant=48743726350580","price":55.0,"currency":"USD","framed":false,"w":16,"h":20,"label":"No Frame / Medium 16\" x 20\"","margin":2},{"vendor":"society6","url":"https://society6.com/products/sheep-in-field_art-print?variant=48743726383348","price":60.0,"currency":"USD","framed":false,"w":18,"h":24,"label":"No Frame / Medium 18\" x 24\"","margin":2},{"vendor":"society6","url":"https://society6.com/products/sheep-in-field_art-print?variant=48743726416116","price":95.0,"currency":"USD","framed":false,"w":24,"h":36,"label":"No Frame / Large 24\" x 36\"","margin":2},{"vendor":"society6","url":"https://society6.com/products/sheep-in-field_art-print?variant=48743726448884","price":125.0,"currency":"USD","framed":false,"w":30,"h":40,"label":"No Frame / X-Large 30\" x 40\"","margin":2}]
s6-abundance3160472	joystclaire	https://society6.com/products/abundance3160472_art-print	Abundance	print	flowers	https://cdn.shopify.com/s/files/1/0781/0282/3156/files/olivia-st-claire-abundance-iii-art-print-whitebg-8x10.jpg?v=1781867953&crop=region&crop_left=272&crop_top=242&crop_width=255&crop_height=310&art=1	[{"vendor":"society6","url":"https://society6.com/products/abundance3160472_art-print?variant=48742240747764","price":30.0,"currency":"USD","framed":false,"w":8,"h":10,"label":"No Frame / X-Small 8\" x 10\"","margin":1},{"vendor":"society6","url":"https://society6.com/products/abundance3160472_art-print?variant=48742240780532","price":45.0,"currency":"USD","framed":false,"w":11,"h":14,"label":"No Frame / Small 11\" x 14\"","margin":1},{"vendor":"society6","url":"https://society6.com/products/abundance3160472_art-print?variant=48742240813300","price":50.0,"currency":"USD","framed":false,"w":13,"h":19,"label":"No Frame / Small 13\" x 19\"","margin":1},{"vendor":"society6","url":"https://society6.com/products/abundance3160472_art-print?variant=48742240846068","price":55.0,"currency":"USD","framed":false,"w":16,"h":20,"label":"No Frame / Medium 16\" x 20\"","margin":2},{"vendor":"society6","url":"https://society6.com/products/abundance3160472_art-print?variant=48742240878836","price":60.0,"currency":"USD","framed":false,"w":18,"h":24,"label":"No Frame / Medium 18\" x 24\"","margin":2},{"vendor":"society6","url":"https://society6.com/products/abundance3160472_art-print?variant=48742240911604","price":95.0,"currency":"USD","framed":false,"w":24,"h":36,"label":"No Frame / Large 24\" x 36\"","margin":2},{"vendor":"society6","url":"https://society6.com/products/abundance3160472_art-print?variant=48742240944372","price":125.0,"currency":"USD","framed":false,"w":30,"h":40,"label":"No Frame / X-Large 30\" x 40\"","margin":2}]
s6-coneflower-study-2	joystclaire	https://society6.com/products/coneflower-study-2_art-print	Coneflower Study 2	print	flowers	https://cdn.shopify.com/s/files/1/0781/0282/3156/files/olivia-st-claire-coneflower-study-2-art-print-whitebg-8x10.jpg?v=1781867936&crop=region&crop_left=274&crop_top=242&crop_width=253&crop_height=310&art=1	[{"vendor":"society6","url":"https://society6.com/products/coneflower-study-2_art-print?variant=48742233440500","price":30.0,"currency":"USD","framed":false,"w":8,"h":10,"label":"No Frame / X-Small 8\" x 10\"","margin":1},{"vendor":"society6","url":"https://society6.com/products/coneflower-study-2_art-print?variant=48742233473268","price":45.0,"currency":"USD","framed":false,"w":11,"h":14,"label":"No Frame / Small 11\" x 14\"","margin":1},{"vendor":"society6","url":"https://society6.com/products/coneflower-study-2_art-print?variant=48742233506036","price":50.0,"currency":"USD","framed":false,"w":13,"h":19,"label":"No Frame / Small 13\" x 19\"","margin":1},{"vendor":"society6","url":"https://society6.com/products/coneflower-study-2_art-print?variant=48742233538804","price":55.0,"currency":"USD","framed":false,"w":16,"h":20,"label":"No Frame / Medium 16\" x 20\"","margin":2},{"vendor":"society6","url":"https://society6.com/products/coneflower-study-2_art-print?variant=48742233571572","price":60.0,"currency":"USD","framed":false,"w":18,"h":24,"label":"No Frame / Medium 18\" x 24\"","margin":2},{"vendor":"society6","url":"https://society6.com/products/coneflower-study-2_art-print?variant=48742233604340","price":95.0,"currency":"USD","framed":false,"w":24,"h":36,"label":"No Frame / Large 24\" x 36\"","margin":2},{"vendor":"society6","url":"https://society6.com/products/coneflower-study-2_art-print?variant=48742233637108","price":125.0,"currency":"USD","framed":false,"w":30,"h":40,"label":"No Frame / X-Large 30\" x 40\"","margin":2}]
s6-one-summer-afternoon-in-nova-scotia	joystclaire	https://society6.com/products/one-summer-afternoon-in-nova-scotia_art-print	Nova Scotia Afternoon	photo	flowers	https://cdn.shopify.com/s/files/1/0781/0282/3156/files/olivia-st-claire-one-summer-afternoon-in-nova-scotia-art-print-whitebg-8x10.jpg?v=1781866973&crop=region&crop_left=272&crop_top=242&crop_width=255&crop_height=314&art=1	[{"vendor":"society6","url":"https://society6.com/products/one-summer-afternoon-in-nova-scotia_art-print?variant=48741908840692","price":30.0,"currency":"USD","framed":false,"w":8,"h":10,"label":"No Frame / X-Small 8\" x 10\"","margin":1},{"vendor":"society6","url":"https://society6.com/products/one-summer-afternoon-in-nova-scotia_art-print?variant=48741908873460","price":45.0,"currency":"USD","framed":false,"w":11,"h":14,"label":"No Frame / Small 11\" x 14\"","margin":1},{"vendor":"society6","url":"https://society6.com/products/one-summer-afternoon-in-nova-scotia_art-print?variant=48741908906228","price":50.0,"currency":"USD","framed":false,"w":13,"h":19,"label":"No Frame / Small 13\" x 19\"","margin":1},{"vendor":"society6","url":"https://society6.com/products/one-summer-afternoon-in-nova-scotia_art-print?variant=48741908938996","price":55.0,"currency":"USD","framed":false,"w":16,"h":20,"label":"No Frame / Medium 16\" x 20\"","margin":2},{"vendor":"society6","url":"https://society6.com/products/one-summer-afternoon-in-nova-scotia_art-print?variant=48741908971764","price":60.0,"currency":"USD","framed":false,"w":18,"h":24,"label":"No Frame / Medium 18\" x 24\"","margin":2},{"vendor":"society6","url":"https://society6.com/products/one-summer-afternoon-in-nova-scotia_art-print?variant=48741909004532","price":95.0,"currency":"USD","framed":false,"w":24,"h":36,"label":"No Frame / Large 24\" x 36\"","margin":2},{"vendor":"society6","url":"https://society6.com/products/one-summer-afternoon-in-nova-scotia_art-print?variant=48741909037300","price":125.0,"currency":"USD","framed":false,"w":30,"h":40,"label":"No Frame / X-Large 30\" x 40\"","margin":2}]
s6-between-autumn-and-winter	joystclaire	https://society6.com/products/between-autumn-and-winter_art-print	Between Autumn and Winter	print	flowers	https://cdn.shopify.com/s/files/1/0781/0282/3156/files/olivia-st-claire-between-autumn-and-winter-art-print-whitebg-8x10.jpg?v=1781859400&crop=region&crop_left=272&crop_top=242&crop_width=255&crop_height=313&art=1	[{"vendor":"society6","url":"https://society6.com/products/between-autumn-and-winter_art-print?variant=48738726150388","price":30.0,"currency":"USD","framed":false,"w":8,"h":10,"label":"No Frame / X-Small 8\" x 10\"","margin":1},{"vendor":"society6","url":"https://society6.com/products/between-autumn-and-winter_art-print?variant=48738726183156","price":45.0,"currency":"USD","framed":false,"w":11,"h":14,"label":"No Frame / Small 11\" x 14\"","margin":1},{"vendor":"society6","url":"https://society6.com/products/between-autumn-and-winter_art-print?variant=48738726215924","price":50.0,"currency":"USD","framed":false,"w":13,"h":19,"label":"No Frame / Small 13\" x 19\"","margin":1},{"vendor":"society6","url":"https://society6.com/products/between-autumn-and-winter_art-print?variant=48738726248692","price":55.0,"currency":"USD","framed":false,"w":16,"h":20,"label":"No Frame / Medium 16\" x 20\"","margin":2},{"vendor":"society6","url":"https://society6.com/products/between-autumn-and-winter_art-print?variant=48738726281460","price":60.0,"currency":"USD","framed":false,"w":18,"h":24,"label":"No Frame / Medium 18\" x 24\"","margin":2},{"vendor":"society6","url":"https://society6.com/products/between-autumn-and-winter_art-print?variant=48738726314228","price":95.0,"currency":"USD","framed":false,"w":24,"h":36,"label":"No Frame / Large 24\" x 36\"","margin":2},{"vendor":"society6","url":"https://society6.com/products/between-autumn-and-winter_art-print?variant=48738726346996","price":125.0,"currency":"USD","framed":false,"w":30,"h":40,"label":"No Frame / X-Large 30\" x 40\"","margin":2}]
s6-wildflower-fields8979321	robyriker	https://society6.com/products/wildflower-fields8979321_art-print	Wildflower Fields	print	flowers	https://cdn.shopify.com/s/files/1/0781/0282/3156/files/robyriker-wildflower-fields-art-print-whitebg-8x10.jpg?v=1781855784&crop=region&crop_left=272&crop_top=242&crop_width=255&crop_height=313&art=1	[{"vendor":"society6","url":"https://society6.com/products/wildflower-fields8979321_art-print?variant=48737613938932","price":30.0,"currency":"USD","framed":false,"w":8,"h":10,"label":"No Frame / X-Small 8\" x 10\"","margin":1},{"vendor":"society6","url":"https://society6.com/products/wildflower-fields8979321_art-print?variant=48737613971700","price":45.0,"currency":"USD","framed":false,"w":11,"h":14,"label":"No Frame / Small 11\" x 14\"","margin":1},{"vendor":"society6","url":"https://society6.com/products/wildflower-fields8979321_art-print?variant=48737614004468","price":50.0,"currency":"USD","framed":false,"w":13,"h":19,"label":"No Frame / Small 13\" x 19\"","margin":1},{"vendor":"society6","url":"https://society6.com/products/wildflower-fields8979321_art-print?variant=48737614037236","price":55.0,"currency":"USD","framed":false,"w":16,"h":20,"label":"No Frame / Medium 16\" x 20\"","margin":2},{"vendor":"society6","url":"https://society6.com/products/wildflower-fields8979321_art-print?variant=48737614070004","price":60.0,"currency":"USD","framed":false,"w":18,"h":24,"label":"No Frame / Medium 18\" x 24\"","margin":2},{"vendor":"society6","url":"https://society6.com/products/wildflower-fields8979321_art-print?variant=48737614102772","price":95.0,"currency":"USD","framed":false,"w":24,"h":36,"label":"No Frame / Large 24\" x 36\"","margin":2},{"vendor":"society6","url":"https://society6.com/products/wildflower-fields8979321_art-print?variant=48737614135540","price":125.0,"currency":"USD","framed":false,"w":30,"h":40,"label":"No Frame / X-Large 30\" x 40\"","margin":2}]
s6-abstract-flora8808706	melissadonnestudio	https://society6.com/products/abstract-flora8808706_art-print	Abstract Flora	print	flowers	https://cdn.shopify.com/s/files/1/0781/0282/3156/files/melissa-donne-abstract-flora-art-print-whitebg-8x10.jpg?v=1781876067&crop=region&crop_left=274&crop_top=244&crop_width=252&crop_height=306&art=1	[{"vendor":"society6","url":"https://society6.com/products/abstract-flora8808706_art-print?variant=48746582933748","price":30.0,"currency":"USD","framed":false,"w":8,"h":10,"label":"No Frame / X-Small 8\" x 10\"","margin":1},{"vendor":"society6","url":"https://society6.com/products/abstract-flora8808706_art-print?variant=48746582966516","price":45.0,"currency":"USD","framed":false,"w":11,"h":14,"label":"No Frame / Small 11\" x 14\"","margin":1},{"vendor":"society6","url":"https://society6.com/products/abstract-flora8808706_art-print?variant=48746582999284","price":50.0,"currency":"USD","framed":false,"w":13,"h":19,"label":"No Frame / Small 13\" x 19\"","margin":1},{"vendor":"society6","url":"https://society6.com/products/abstract-flora8808706_art-print?variant=48746583032052","price":55.0,"currency":"USD","framed":false,"w":16,"h":20,"label":"No Frame / Medium 16\" x 20\"","margin":2},{"vendor":"society6","url":"https://society6.com/products/abstract-flora8808706_art-print?variant=48746583064820","price":60.0,"currency":"USD","framed":false,"w":18,"h":24,"label":"No Frame / Medium 18\" x 24\"","margin":2},{"vendor":"society6","url":"https://society6.com/products/abstract-flora8808706_art-print?variant=48746583097588","price":95.0,"currency":"USD","framed":false,"w":24,"h":36,"label":"No Frame / Large 24\" x 36\"","margin":2},{"vendor":"society6","url":"https://society6.com/products/abstract-flora8808706_art-print?variant=48746583130356","price":125.0,"currency":"USD","framed":false,"w":30,"h":40,"label":"No Frame / X-Large 30\" x 40\"","margin":2}]
s6-blue-ridge-october	annmariecoolick	https://society6.com/products/blue-ridge-october_art-print	Blue Ridge October	print	landscape	https://cdn.shopify.com/s/files/1/0781/0282/3156/files/ann-marie-coolick-blue-ridge-october-art-print-whitebg-8x10.jpg?v=1780873399&crop=region&crop_left=243&crop_top=270&crop_width=315&crop_height=256&art=1	[{"vendor":"society6","url":"https://society6.com/products/blue-ridge-october_art-print?variant=48454354370804","price":30.0,"currency":"USD","framed":false,"w":8,"h":10,"label":"No Frame / X-Small 8\" x 10\"","margin":1},{"vendor":"society6","url":"https://society6.com/products/blue-ridge-october_art-print?variant=48454354403572","price":40.0,"currency":"USD","framed":false,"w":10,"h":10,"label":"No Frame / Small 10\" x 10\"","margin":1},{"vendor":"society6","url":"https://society6.com/products/blue-ridge-october_art-print?variant=48454354436340","price":45.0,"currency":"USD","framed":false,"w":11,"h":14,"label":"No Frame / Small 11\" x 14\"","margin":1},{"vendor":"society6","url":"https://society6.com/products/blue-ridge-october_art-print?variant=48454354469108","price":50.0,"currency":"USD","framed":false,"w":13,"h":19,"label":"No Frame / Small 13\" x 19\"","margin":1},{"vendor":"society6","url":"https://society6.com/products/blue-ridge-october_art-print?variant=48454354501876","price":65.0,"currency":"USD","framed":false,"w":20,"h":20,"label":"No Frame / Medium 20\" x 20\"","margin":2},{"vendor":"society6","url":"https://society6.com/products/blue-ridge-october_art-print?variant=48454354534644","price":55.0,"currency":"USD","framed":false,"w":16,"h":20,"label":"No Frame / Medium 16\" x 20\"","margin":2},{"vendor":"society6","url":"https://society6.com/products/blue-ridge-october_art-print?variant=48454354567412","price":60.0,"currency":"USD","framed":false,"w":18,"h":24,"label":"No Frame / Medium 18\" x 24\"","margin":2},{"vendor":"society6","url":"https://society6.com/products/blue-ridge-october_art-print?variant=48454354600180","price":95.0,"currency":"USD","framed":false,"w":24,"h":36,"label":"No Frame / Large 24\" x 36\"","margin":2},{"vendor":"society6","url":"https://society6.com/products/blue-ridge-october_art-print?variant=48454354632948","price":125.0,"currency":"USD","framed":false,"w":30,"h":40,"label":"No Frame / X-Large 30\" x 40\"","margin":2}]
s6-colorful-morning-in-the-mountain-forest	nadja1	https://society6.com/products/colorful-morning-in-the-mountain-forest_art-print	Mountain Forest Morning	print	landscape	https://cdn.shopify.com/s/files/1/0781/0282/3156/files/nadja-colorful-morning-in-the-mountain-forest-art-print-whitebg-8x10.jpg?v=1780919561&crop=region&crop_left=272&crop_top=242&crop_width=255&crop_height=310&art=1	[{"vendor":"society6","url":"https://society6.com/products/colorful-morning-in-the-mountain-forest_art-print?variant=48472271061236","price":30.0,"currency":"USD","framed":false,"w":8,"h":10,"label":"No Frame / X-Small 8\" x 10\"","margin":1},{"vendor":"society6","url":"https://society6.com/products/colorful-morning-in-the-mountain-forest_art-print?variant=48472271094004","price":40.0,"currency":"USD","framed":false,"w":10,"h":10,"label":"No Frame / Small 10\" x 10\"","margin":1},{"vendor":"society6","url":"https://society6.com/products/colorful-morning-in-the-mountain-forest_art-print?variant=48472271126772","price":45.0,"currency":"USD","framed":false,"w":11,"h":14,"label":"No Frame / Small 11\" x 14\"","margin":1},{"vendor":"society6","url":"https://society6.com/products/colorful-morning-in-the-mountain-forest_art-print?variant=48472271159540","price":50.0,"currency":"USD","framed":false,"w":13,"h":19,"label":"No Frame / Small 13\" x 19\"","margin":1},{"vendor":"society6","url":"https://society6.com/products/colorful-morning-in-the-mountain-forest_art-print?variant=48472271192308","price":65.0,"currency":"USD","framed":false,"w":20,"h":20,"label":"No Frame / Medium 20\" x 20\"","margin":2},{"vendor":"society6","url":"https://society6.com/products/colorful-morning-in-the-mountain-forest_art-print?variant=48472271225076","price":55.0,"currency":"USD","framed":false,"w":16,"h":20,"label":"No Frame / Medium 16\" x 20\"","margin":2},{"vendor":"society6","url":"https://society6.com/products/colorful-morning-in-the-mountain-forest_art-print?variant=48472271257844","price":60.0,"currency":"USD","framed":false,"w":18,"h":24,"label":"No Frame / Medium 18\" x 24\"","margin":2},{"vendor":"society6","url":"https://society6.com/products/colorful-morning-in-the-mountain-forest_art-print?variant=48472271290612","price":95.0,"currency":"USD","framed":false,"w":24,"h":36,"label":"No Frame / Large 24\" x 36\"","margin":2},{"vendor":"society6","url":"https://society6.com/products/colorful-morning-in-the-mountain-forest_art-print?variant=48472271323380","price":125.0,"currency":"USD","framed":false,"w":30,"h":40,"label":"No Frame / X-Large 30\" x 40\"","margin":2}]
s6-sifted-summit	mohanadshuraideh	https://society6.com/products/sifted-summit_art-print	Sifted Summit	print	landscape	https://cdn.shopify.com/s/files/1/0781/0282/3156/files/vertigo-artography-sifted-summit-snow-sugar-on-mountain-peak-art-print-whitebg-8x10.jpg?v=1780901867&crop=region&crop_left=272&crop_top=242&crop_width=255&crop_height=310&art=1	[{"vendor":"society6","url":"https://society6.com/products/sifted-summit_art-print?variant=48465486938356","price":30.0,"currency":"USD","framed":false,"w":8,"h":10,"label":"No Frame / X-Small 8\" x 10\"","margin":1},{"vendor":"society6","url":"https://society6.com/products/sifted-summit_art-print?variant=48465486971124","price":40.0,"currency":"USD","framed":false,"w":10,"h":10,"label":"No Frame / Small 10\" x 10\"","margin":1},{"vendor":"society6","url":"https://society6.com/products/sifted-summit_art-print?variant=48465487003892","price":45.0,"currency":"USD","framed":false,"w":11,"h":14,"label":"No Frame / Small 11\" x 14\"","margin":1},{"vendor":"society6","url":"https://society6.com/products/sifted-summit_art-print?variant=48465487036660","price":50.0,"currency":"USD","framed":false,"w":13,"h":19,"label":"No Frame / Small 13\" x 19\"","margin":1},{"vendor":"society6","url":"https://society6.com/products/sifted-summit_art-print?variant=48465487069428","price":65.0,"currency":"USD","framed":false,"w":20,"h":20,"label":"No Frame / Medium 20\" x 20\"","margin":2},{"vendor":"society6","url":"https://society6.com/products/sifted-summit_art-print?variant=48465487102196","price":55.0,"currency":"USD","framed":false,"w":16,"h":20,"label":"No Frame / Medium 16\" x 20\"","margin":2},{"vendor":"society6","url":"https://society6.com/products/sifted-summit_art-print?variant=48465487134964","price":60.0,"currency":"USD","framed":false,"w":18,"h":24,"label":"No Frame / Medium 18\" x 24\"","margin":2},{"vendor":"society6","url":"https://society6.com/products/sifted-summit_art-print?variant=48465487167732","price":95.0,"currency":"USD","framed":false,"w":24,"h":36,"label":"No Frame / Large 24\" x 36\"","margin":2},{"vendor":"society6","url":"https://society6.com/products/sifted-summit_art-print?variant=48465487200500","price":125.0,"currency":"USD","framed":false,"w":30,"h":40,"label":"No Frame / X-Large 30\" x 40\"","margin":2}]
s6-indigo-mountains894310	spacefrogdesigns	https://society6.com/products/indigo-mountains894310_art-print	Indigo Mountains	print	landscape	https://cdn.shopify.com/s/files/1/0781/0282/3156/files/spacefrogdesigns-indigo-mountains-art-print-whitebg-8x10.jpg?v=1780852341&crop=region&crop_left=272&crop_top=242&crop_width=255&crop_height=310&art=1	[{"vendor":"society6","url":"https://society6.com/products/indigo-mountains894310_art-print?variant=48448243302644","price":30.0,"currency":"USD","framed":false,"w":8,"h":10,"label":"No Frame / X-Small 8\" x 10\"","margin":1},{"vendor":"society6","url":"https://society6.com/products/indigo-mountains894310_art-print?variant=48448243335412","price":40.0,"currency":"USD","framed":false,"w":10,"h":10,"label":"No Frame / Small 10\" x 10\"","margin":1},{"vendor":"society6","url":"https://society6.com/products/indigo-mountains894310_art-print?variant=48448243368180","price":45.0,"currency":"USD","framed":false,"w":11,"h":14,"label":"No Frame / Small 11\" x 14\"","margin":1},{"vendor":"society6","url":"https://society6.com/products/indigo-mountains894310_art-print?variant=48448243400948","price":50.0,"currency":"USD","framed":false,"w":13,"h":19,"label":"No Frame / Small 13\" x 19\"","margin":1},{"vendor":"society6","url":"https://society6.com/products/indigo-mountains894310_art-print?variant=48448243433716","price":65.0,"currency":"USD","framed":false,"w":20,"h":20,"label":"No Frame / Medium 20\" x 20\"","margin":2},{"vendor":"society6","url":"https://society6.com/products/indigo-mountains894310_art-print?variant=48448243466484","price":55.0,"currency":"USD","framed":false,"w":16,"h":20,"label":"No Frame / Medium 16\" x 20\"","margin":2},{"vendor":"society6","url":"https://society6.com/products/indigo-mountains894310_art-print?variant=48448243499252","price":60.0,"currency":"USD","framed":false,"w":18,"h":24,"label":"No Frame / Medium 18\" x 24\"","margin":2},{"vendor":"society6","url":"https://society6.com/products/indigo-mountains894310_art-print?variant=48448243532020","price":95.0,"currency":"USD","framed":false,"w":24,"h":36,"label":"No Frame / Large 24\" x 36\"","margin":2},{"vendor":"society6","url":"https://society6.com/products/indigo-mountains894310_art-print?variant=48448243564788","price":125.0,"currency":"USD","framed":false,"w":30,"h":40,"label":"No Frame / X-Large 30\" x 40\"","margin":2}]
s6-the-dip8974669	katypie	https://society6.com/products/the-dip8974669_art-print	The Dip	photo	landscape	https://cdn.shopify.com/s/files/1/0781/0282/3156/files/sisi-and-seb-the-dip-art-print-whitebg-8x10.jpg?v=1779211137&crop=region&crop_left=231&crop_top=270&crop_width=333&crop_height=253&art=1	[{"vendor":"society6","url":"https://society6.com/products/the-dip8974669_art-print?variant=48303577235700","price":30.0,"currency":"USD","framed":false,"w":8,"h":10,"label":"No Frame / X-Small 8\" x 10\"","margin":1},{"vendor":"society6","url":"https://society6.com/products/the-dip8974669_art-print?variant=48303577268468","price":45.0,"currency":"USD","framed":false,"w":11,"h":14,"label":"No Frame / Small 11\" x 14\"","margin":1},{"vendor":"society6","url":"https://society6.com/products/the-dip8974669_art-print?variant=48303577301236","price":50.0,"currency":"USD","framed":false,"w":13,"h":19,"label":"No Frame / Small 13\" x 19\"","margin":1},{"vendor":"society6","url":"https://society6.com/products/the-dip8974669_art-print?variant=48303577334004","price":55.0,"currency":"USD","framed":false,"w":16,"h":20,"label":"No Frame / Medium 16\" x 20\"","margin":2},{"vendor":"society6","url":"https://society6.com/products/the-dip8974669_art-print?variant=48303577366772","price":60.0,"currency":"USD","framed":false,"w":18,"h":24,"label":"No Frame / Medium 18\" x 24\"","margin":2},{"vendor":"society6","url":"https://society6.com/products/the-dip8974669_art-print?variant=48303577399540","price":95.0,"currency":"USD","framed":false,"w":24,"h":36,"label":"No Frame / Large 24\" x 36\"","margin":2},{"vendor":"society6","url":"https://society6.com/products/the-dip8974669_art-print?variant=48303577432308","price":125.0,"currency":"USD","framed":false,"w":30,"h":40,"label":"No Frame / X-Large 30\" x 40\"","margin":2}]
s6-florence6999195	amberstextiles	https://society6.com/products/florence6999195_art-print	Florence	print	landscape	https://cdn.shopify.com/s/files/1/0781/0282/3156/files/ambers-textiles-florence-art-print-whitebg-8x10.jpg?v=1779011556&crop=region&crop_left=272&crop_top=242&crop_width=255&crop_height=314&art=1	[{"vendor":"society6","url":"https://society6.com/products/florence6999195_art-print?variant=48270787969268","price":30.0,"currency":"USD","framed":false,"w":8,"h":10,"label":"No Frame / X-Small 8\" x 10\"","margin":1},{"vendor":"society6","url":"https://society6.com/products/florence6999195_art-print?variant=48270788002036","price":45.0,"currency":"USD","framed":false,"w":11,"h":14,"label":"No Frame / Small 11\" x 14\"","margin":1},{"vendor":"society6","url":"https://society6.com/products/florence6999195_art-print?variant=48270788034804","price":50.0,"currency":"USD","framed":false,"w":13,"h":19,"label":"No Frame / Small 13\" x 19\"","margin":1},{"vendor":"society6","url":"https://society6.com/products/florence6999195_art-print?variant=48270788067572","price":55.0,"currency":"USD","framed":false,"w":16,"h":20,"label":"No Frame / Medium 16\" x 20\"","margin":2},{"vendor":"society6","url":"https://society6.com/products/florence6999195_art-print?variant=48270788100340","price":60.0,"currency":"USD","framed":false,"w":18,"h":24,"label":"No Frame / Medium 18\" x 24\"","margin":2},{"vendor":"society6","url":"https://society6.com/products/florence6999195_art-print?variant=48270788133108","price":95.0,"currency":"USD","framed":false,"w":24,"h":36,"label":"No Frame / Large 24\" x 36\"","margin":2},{"vendor":"society6","url":"https://society6.com/products/florence6999195_art-print?variant=48270788165876","price":125.0,"currency":"USD","framed":false,"w":30,"h":40,"label":"No Frame / X-Large 30\" x 40\"","margin":2}]
s6-through-the-dunes8976567	missmustardseed	https://society6.com/products/through-the-dunes8976567_art-print	Through the Dunes	print	landscape	https://cdn.shopify.com/s/files/1/0781/0282/3156/files/miss-mustard-seed-through-the-dunes-art-print-whitebg-8x10.jpg?v=1781844731&crop=region&crop_left=272&crop_top=242&crop_width=255&crop_height=310&art=1	[{"vendor":"society6","url":"https://society6.com/products/through-the-dunes8976567_art-print?variant=48734332682484","price":30.0,"currency":"USD","framed":false,"w":8,"h":10,"label":"No Frame / X-Small 8\" x 10\"","margin":1},{"vendor":"society6","url":"https://society6.com/products/through-the-dunes8976567_art-print?variant=48734332715252","price":45.0,"currency":"USD","framed":false,"w":11,"h":14,"label":"No Frame / Small 11\" x 14\"","margin":1},{"vendor":"society6","url":"https://society6.com/products/through-the-dunes8976567_art-print?variant=48734332748020","price":50.0,"currency":"USD","framed":false,"w":13,"h":19,"label":"No Frame / Small 13\" x 19\"","margin":1},{"vendor":"society6","url":"https://society6.com/products/through-the-dunes8976567_art-print?variant=48734332780788","price":55.0,"currency":"USD","framed":false,"w":16,"h":20,"label":"No Frame / Medium 16\" x 20\"","margin":2},{"vendor":"society6","url":"https://society6.com/products/through-the-dunes8976567_art-print?variant=48734332813556","price":60.0,"currency":"USD","framed":false,"w":18,"h":24,"label":"No Frame / Medium 18\" x 24\"","margin":2},{"vendor":"society6","url":"https://society6.com/products/through-the-dunes8976567_art-print?variant=48734332846324","price":95.0,"currency":"USD","framed":false,"w":24,"h":36,"label":"No Frame / Large 24\" x 36\"","margin":2},{"vendor":"society6","url":"https://society6.com/products/through-the-dunes8976567_art-print?variant=48734332879092","price":125.0,"currency":"USD","framed":false,"w":30,"h":40,"label":"No Frame / X-Large 30\" x 40\"","margin":2}]
s6-sunset-landscape8556105	claramcallister	https://society6.com/products/sunset-landscape8556105_art-print	Sunset Landscape	print	landscape	https://cdn.shopify.com/s/files/1/0781/0282/3156/files/clara-mcallister-sunset-landscape-i-art-print-whitebg-8x10.jpg?v=1780925414&crop=region&crop_left=272&crop_top=242&crop_width=255&crop_height=310&art=1	[{"vendor":"society6","url":"https://society6.com/products/sunset-landscape8556105_art-print?variant=48475331330292","price":30.0,"currency":"USD","framed":false,"w":8,"h":10,"label":"No Frame / X-Small 8\" x 10\"","margin":1},{"vendor":"society6","url":"https://society6.com/products/sunset-landscape8556105_art-print?variant=48475331363060","price":40.0,"currency":"USD","framed":false,"w":10,"h":10,"label":"No Frame / Small 10\" x 10\"","margin":1},{"vendor":"society6","url":"https://society6.com/products/sunset-landscape8556105_art-print?variant=48475331395828","price":45.0,"currency":"USD","framed":false,"w":11,"h":14,"label":"No Frame / Small 11\" x 14\"","margin":1},{"vendor":"society6","url":"https://society6.com/products/sunset-landscape8556105_art-print?variant=48475331428596","price":50.0,"currency":"USD","framed":false,"w":13,"h":19,"label":"No Frame / Small 13\" x 19\"","margin":1},{"vendor":"society6","url":"https://society6.com/products/sunset-landscape8556105_art-print?variant=48475331461364","price":65.0,"currency":"USD","framed":false,"w":20,"h":20,"label":"No Frame / Medium 20\" x 20\"","margin":2},{"vendor":"society6","url":"https://society6.com/products/sunset-landscape8556105_art-print?variant=48475331494132","price":55.0,"currency":"USD","framed":false,"w":16,"h":20,"label":"No Frame / Medium 16\" x 20\"","margin":2},{"vendor":"society6","url":"https://society6.com/products/sunset-landscape8556105_art-print?variant=48475331526900","price":60.0,"currency":"USD","framed":false,"w":18,"h":24,"label":"No Frame / Medium 18\" x 24\"","margin":2},{"vendor":"society6","url":"https://society6.com/products/sunset-landscape8556105_art-print?variant=48475331559668","price":95.0,"currency":"USD","framed":false,"w":24,"h":36,"label":"No Frame / Large 24\" x 36\"","margin":2},{"vendor":"society6","url":"https://society6.com/products/sunset-landscape8556105_art-print?variant=48475331592436","price":125.0,"currency":"USD","framed":false,"w":30,"h":40,"label":"No Frame / X-Large 30\" x 40\"","margin":2}]
s6-test1709823	galeswitzer	https://society6.com/products/test1709823_art-print	Beach Sunday	photo	landscape	https://cdn.shopify.com/s/files/1/0781/0282/3156/files/gale-switzer-beach-sunday-i-art-print-whitebg-8x10.jpg?v=1780892080&crop=region&crop_left=272&crop_top=242&crop_width=255&crop_height=312&art=1	[{"vendor":"society6","url":"https://society6.com/products/test1709823_art-print?variant=48461185908980","price":30.0,"currency":"USD","framed":false,"w":8,"h":10,"label":"No Frame / X-Small 8\" x 10\"","margin":1},{"vendor":"society6","url":"https://society6.com/products/test1709823_art-print?variant=48461185941748","price":40.0,"currency":"USD","framed":false,"w":10,"h":10,"label":"No Frame / Small 10\" x 10\"","margin":1},{"vendor":"society6","url":"https://society6.com/products/test1709823_art-print?variant=48461185974516","price":45.0,"currency":"USD","framed":false,"w":11,"h":14,"label":"No Frame / Small 11\" x 14\"","margin":1},{"vendor":"society6","url":"https://society6.com/products/test1709823_art-print?variant=48461186007284","price":50.0,"currency":"USD","framed":false,"w":13,"h":19,"label":"No Frame / Small 13\" x 19\"","margin":1},{"vendor":"society6","url":"https://society6.com/products/test1709823_art-print?variant=48461186040052","price":65.0,"currency":"USD","framed":false,"w":20,"h":20,"label":"No Frame / Medium 20\" x 20\"","margin":2},{"vendor":"society6","url":"https://society6.com/products/test1709823_art-print?variant=48461186072820","price":55.0,"currency":"USD","framed":false,"w":16,"h":20,"label":"No Frame / Medium 16\" x 20\"","margin":2},{"vendor":"society6","url":"https://society6.com/products/test1709823_art-print?variant=48461186105588","price":60.0,"currency":"USD","framed":false,"w":18,"h":24,"label":"No Frame / Medium 18\" x 24\"","margin":2},{"vendor":"society6","url":"https://society6.com/products/test1709823_art-print?variant=48461186138356","price":95.0,"currency":"USD","framed":false,"w":24,"h":36,"label":"No Frame / Large 24\" x 36\"","margin":2},{"vendor":"society6","url":"https://society6.com/products/test1709823_art-print?variant=48461186171124","price":125.0,"currency":"USD","framed":false,"w":30,"h":40,"label":"No Frame / X-Large 30\" x 40\"","margin":2}]
s6-aerial-ocean-waves-coastal-wall-art-photogra	nadja1	https://society6.com/products/aerial-ocean-waves-coastal-wall-art-photography_art-print	Aerial Ocean Waves	photo	landscape	https://cdn.shopify.com/s/files/1/0781/0282/3156/files/nadja-aerial-ocean-waves-coastal-wall-art-photography-art-print-whitebg-8x10.jpg?v=1779092571&crop=region&crop_left=272&crop_top=242&crop_width=255&crop_height=316&art=1	[{"vendor":"society6","url":"https://society6.com/products/aerial-ocean-waves-coastal-wall-art-photography_art-print?variant=48292497588468","price":30.0,"currency":"USD","framed":false,"w":8,"h":10,"label":"No Frame / X-Small 8\" x 10\"","margin":1},{"vendor":"society6","url":"https://society6.com/products/aerial-ocean-waves-coastal-wall-art-photography_art-print?variant=48292497621236","price":45.0,"currency":"USD","framed":false,"w":11,"h":14,"label":"No Frame / Small 11\" x 14\"","margin":1},{"vendor":"society6","url":"https://society6.com/products/aerial-ocean-waves-coastal-wall-art-photography_art-print?variant=48292497654004","price":50.0,"currency":"USD","framed":false,"w":13,"h":19,"label":"No Frame / Small 13\" x 19\"","margin":1},{"vendor":"society6","url":"https://society6.com/products/aerial-ocean-waves-coastal-wall-art-photography_art-print?variant=48292497686772","price":55.0,"currency":"USD","framed":false,"w":16,"h":20,"label":"No Frame / Medium 16\" x 20\"","margin":2},{"vendor":"society6","url":"https://society6.com/products/aerial-ocean-waves-coastal-wall-art-photography_art-print?variant=48292497719540","price":60.0,"currency":"USD","framed":false,"w":18,"h":24,"label":"No Frame / Medium 18\" x 24\"","margin":2},{"vendor":"society6","url":"https://society6.com/products/aerial-ocean-waves-coastal-wall-art-photography_art-print?variant=48292497752308","price":95.0,"currency":"USD","framed":false,"w":24,"h":36,"label":"No Frame / Large 24\" x 36\"","margin":2},{"vendor":"society6","url":"https://society6.com/products/aerial-ocean-waves-coastal-wall-art-photography_art-print?variant=48292497785076","price":125.0,"currency":"USD","framed":false,"w":30,"h":40,"label":"No Frame / X-Large 30\" x 40\"","margin":2}]
s6-lakeside-summer-1	annmariecoolick	https://society6.com/products/lakeside-summer-1_art-print	Lakeside Summer 1	print	landscape	https://cdn.shopify.com/s/files/1/0781/0282/3156/files/ann-marie-coolick-lakeside-summer-1-art-print-whitebg-8x10.jpg?v=1769795168&crop=region&crop_left=242&crop_top=270&crop_width=316&crop_height=256&art=1	[{"vendor":"society6","url":"https://society6.com/products/lakeside-summer-1_art-print?variant=47553976107252","price":30.0,"currency":"USD","framed":false,"w":8,"h":10,"label":"No Frame / X-Small 8\" x 10\"","margin":1},{"vendor":"society6","url":"https://society6.com/products/lakeside-summer-1_art-print?variant=47553976140020","price":50.0,"currency":"USD","framed":false,"w":13,"h":19,"label":"No Frame / Small 13\" x 19\"","margin":1},{"vendor":"society6","url":"https://society6.com/products/lakeside-summer-1_art-print?variant=47553976172788","price":60.0,"currency":"USD","framed":false,"w":18,"h":24,"label":"No Frame / Medium 18\" x 24\"","margin":2},{"vendor":"society6","url":"https://society6.com/products/lakeside-summer-1_art-print?variant=47553976205556","price":60.0,"currency":"USD","framed":false,"w":22,"h":28,"label":"No Frame / Large 22\" x 28\"","margin":2},{"vendor":"society6","url":"https://society6.com/products/lakeside-summer-1_art-print?variant=47553976238324","price":80.0,"currency":"USD","framed":false,"w":28,"h":36,"label":"No Frame / X-Large 28\" x 36\"","margin":2}]
s6-solitude8726540	danhobdayart	https://society6.com/products/solitude8726540_art-print	Solitude	print	landscape	https://cdn.shopify.com/s/files/1/0781/0282/3156/files/dan-hobday-art-solitude-i-art-print-whitebg-8x10.jpg?v=1780925880&crop=region&crop_left=272&crop_top=242&crop_width=255&crop_height=309&art=1	[{"vendor":"society6","url":"https://society6.com/products/solitude8726540_art-print?variant=48475507097844","price":30.0,"currency":"USD","framed":false,"w":8,"h":10,"label":"No Frame / X-Small 8\" x 10\"","margin":1},{"vendor":"society6","url":"https://society6.com/products/solitude8726540_art-print?variant=48475507130612","price":40.0,"currency":"USD","framed":false,"w":10,"h":10,"label":"No Frame / Small 10\" x 10\"","margin":1},{"vendor":"society6","url":"https://society6.com/products/solitude8726540_art-print?variant=48475507163380","price":45.0,"currency":"USD","framed":false,"w":11,"h":14,"label":"No Frame / Small 11\" x 14\"","margin":1},{"vendor":"society6","url":"https://society6.com/products/solitude8726540_art-print?variant=48475507196148","price":50.0,"currency":"USD","framed":false,"w":13,"h":19,"label":"No Frame / Small 13\" x 19\"","margin":1},{"vendor":"society6","url":"https://society6.com/products/solitude8726540_art-print?variant=48475507228916","price":65.0,"currency":"USD","framed":false,"w":20,"h":20,"label":"No Frame / Medium 20\" x 20\"","margin":2},{"vendor":"society6","url":"https://society6.com/products/solitude8726540_art-print?variant=48475507261684","price":55.0,"currency":"USD","framed":false,"w":16,"h":20,"label":"No Frame / Medium 16\" x 20\"","margin":2},{"vendor":"society6","url":"https://society6.com/products/solitude8726540_art-print?variant=48475507294452","price":60.0,"currency":"USD","framed":false,"w":18,"h":24,"label":"No Frame / Medium 18\" x 24\"","margin":2},{"vendor":"society6","url":"https://society6.com/products/solitude8726540_art-print?variant=48475507327220","price":95.0,"currency":"USD","framed":false,"w":24,"h":36,"label":"No Frame / Large 24\" x 36\"","margin":2},{"vendor":"society6","url":"https://society6.com/products/solitude8726540_art-print?variant=48475507359988","price":125.0,"currency":"USD","framed":false,"w":30,"h":40,"label":"No Frame / X-Large 30\" x 40\"","margin":2}]
s6-candy-mountain327259	ewkaphoto	https://society6.com/products/candy-mountain327259_art-print	Candy Mountain	print	landscape	https://cdn.shopify.com/s/files/1/0781/0282/3156/files/ewkaphoto-candy-mountain-landscape-and-nature-photography-art-print-whitebg-8x10.jpg?v=1781740870&crop=region&crop_left=274&crop_top=242&crop_width=253&crop_height=310&art=1	[{"vendor":"society6","url":"https://society6.com/products/candy-mountain327259_art-print?variant=48702083367156","price":30.0,"currency":"USD","framed":false,"w":8,"h":10,"label":"No Frame / X-Small 8\" x 10\"","margin":1},{"vendor":"society6","url":"https://society6.com/products/candy-mountain327259_art-print?variant=48702083399924","price":45.0,"currency":"USD","framed":false,"w":11,"h":14,"label":"No Frame / Small 11\" x 14\"","margin":1},{"vendor":"society6","url":"https://society6.com/products/candy-mountain327259_art-print?variant=48702083432692","price":50.0,"currency":"USD","framed":false,"w":13,"h":19,"label":"No Frame / Small 13\" x 19\"","margin":1},{"vendor":"society6","url":"https://society6.com/products/candy-mountain327259_art-print?variant=48702083465460","price":55.0,"currency":"USD","framed":false,"w":16,"h":20,"label":"No Frame / Medium 16\" x 20\"","margin":2},{"vendor":"society6","url":"https://society6.com/products/candy-mountain327259_art-print?variant=48702083498228","price":60.0,"currency":"USD","framed":false,"w":18,"h":24,"label":"No Frame / Medium 18\" x 24\"","margin":2},{"vendor":"society6","url":"https://society6.com/products/candy-mountain327259_art-print?variant=48702083530996","price":95.0,"currency":"USD","framed":false,"w":24,"h":36,"label":"No Frame / Large 24\" x 36\"","margin":2},{"vendor":"society6","url":"https://society6.com/products/candy-mountain327259_art-print?variant=48702083563764","price":125.0,"currency":"USD","framed":false,"w":30,"h":40,"label":"No Frame / X-Large 30\" x 40\"","margin":2}]
s6-cappadocia-turkey5426413	amberstextiles	https://society6.com/products/cappadocia-turkey5426413_art-print	Cappadocia, Turkey	print	landscape	https://cdn.shopify.com/s/files/1/0781/0282/3156/files/ambers-textiles-cappadocia-turkey-art-print-whitebg-8x10.jpg?v=1781716409&crop=region&crop_left=272&crop_top=244&crop_width=255&crop_height=314&art=1	[{"vendor":"society6","url":"https://society6.com/products/cappadocia-turkey5426413_art-print?variant=48694423716084","price":30.0,"currency":"USD","framed":false,"w":8,"h":10,"label":"No Frame / X-Small 8\" x 10\"","margin":1},{"vendor":"society6","url":"https://society6.com/products/cappadocia-turkey5426413_art-print?variant=48694423748852","price":45.0,"currency":"USD","framed":false,"w":11,"h":14,"label":"No Frame / Small 11\" x 14\"","margin":1},{"vendor":"society6","url":"https://society6.com/products/cappadocia-turkey5426413_art-print?variant=48694423781620","price":50.0,"currency":"USD","framed":false,"w":13,"h":19,"label":"No Frame / Small 13\" x 19\"","margin":1},{"vendor":"society6","url":"https://society6.com/products/cappadocia-turkey5426413_art-print?variant=48694423814388","price":55.0,"currency":"USD","framed":false,"w":16,"h":20,"label":"No Frame / Medium 16\" x 20\"","margin":2},{"vendor":"society6","url":"https://society6.com/products/cappadocia-turkey5426413_art-print?variant=48694423847156","price":60.0,"currency":"USD","framed":false,"w":18,"h":24,"label":"No Frame / Medium 18\" x 24\"","margin":2},{"vendor":"society6","url":"https://society6.com/products/cappadocia-turkey5426413_art-print?variant=48694423879924","price":95.0,"currency":"USD","framed":false,"w":24,"h":36,"label":"No Frame / Large 24\" x 36\"","margin":2},{"vendor":"society6","url":"https://society6.com/products/cappadocia-turkey5426413_art-print?variant=48694423912692","price":125.0,"currency":"USD","framed":false,"w":30,"h":40,"label":"No Frame / X-Large 30\" x 40\"","margin":2}]
s6-garden-of-the-gods5512494	shinachoi	https://society6.com/products/garden-of-the-gods5512494_art-print	Garden of the Gods	print	landscape	https://cdn.shopify.com/s/files/1/0781/0282/3156/files/shina-choi-art-garden-of-the-gods-art-print-whitebg-8x10.jpg?v=1781196677&crop=region&crop_left=244&crop_top=270&crop_width=312&crop_height=256&art=1	[{"vendor":"society6","url":"https://society6.com/products/garden-of-the-gods5512494_art-print?variant=48551657832692","price":30.0,"currency":"USD","framed":false,"w":8,"h":10,"label":"No Frame / X-Small 8\" x 10\"","margin":1},{"vendor":"society6","url":"https://society6.com/products/garden-of-the-gods5512494_art-print?variant=48551657865460","price":45.0,"currency":"USD","framed":false,"w":11,"h":14,"label":"No Frame / Small 11\" x 14\"","margin":1},{"vendor":"society6","url":"https://society6.com/products/garden-of-the-gods5512494_art-print?variant=48551657898228","price":50.0,"currency":"USD","framed":false,"w":13,"h":19,"label":"No Frame / Small 13\" x 19\"","margin":1},{"vendor":"society6","url":"https://society6.com/products/garden-of-the-gods5512494_art-print?variant=48551657930996","price":55.0,"currency":"USD","framed":false,"w":16,"h":20,"label":"No Frame / Medium 16\" x 20\"","margin":2},{"vendor":"society6","url":"https://society6.com/products/garden-of-the-gods5512494_art-print?variant=48551657963764","price":60.0,"currency":"USD","framed":false,"w":18,"h":24,"label":"No Frame / Medium 18\" x 24\"","margin":2},{"vendor":"society6","url":"https://society6.com/products/garden-of-the-gods5512494_art-print?variant=48551657996532","price":95.0,"currency":"USD","framed":false,"w":24,"h":36,"label":"No Frame / Large 24\" x 36\"","margin":2},{"vendor":"society6","url":"https://society6.com/products/garden-of-the-gods5512494_art-print?variant=48551658029300","price":125.0,"currency":"USD","framed":false,"w":30,"h":40,"label":"No Frame / X-Large 30\" x 40\"","margin":2}]
s6-italian-field-in-warm-sunlight	shinachoi	https://society6.com/products/italian-field-in-warm-sunlight_art-print	Italian Field in Warm Sunlight	print	landscape	https://cdn.shopify.com/s/files/1/0781/0282/3156/files/shina-choi-art-italian-field-in-warm-sunlight-art-print-whitebg-8x10.jpg?v=1781142238&crop=region&crop_left=243&crop_top=271&crop_width=314&crop_height=255&art=1	[{"vendor":"society6","url":"https://society6.com/products/italian-field-in-warm-sunlight_art-print?variant=48539065090292","price":30.0,"currency":"USD","framed":false,"w":8,"h":10,"label":"No Frame / X-Small 8\" x 10\"","margin":1},{"vendor":"society6","url":"https://society6.com/products/italian-field-in-warm-sunlight_art-print?variant=48539065123060","price":45.0,"currency":"USD","framed":false,"w":11,"h":14,"label":"No Frame / Small 11\" x 14\"","margin":1},{"vendor":"society6","url":"https://society6.com/products/italian-field-in-warm-sunlight_art-print?variant=48539065155828","price":50.0,"currency":"USD","framed":false,"w":13,"h":19,"label":"No Frame / Small 13\" x 19\"","margin":1},{"vendor":"society6","url":"https://society6.com/products/italian-field-in-warm-sunlight_art-print?variant=48539065188596","price":55.0,"currency":"USD","framed":false,"w":16,"h":20,"label":"No Frame / Medium 16\" x 20\"","margin":2},{"vendor":"society6","url":"https://society6.com/products/italian-field-in-warm-sunlight_art-print?variant=48539065221364","price":60.0,"currency":"USD","framed":false,"w":18,"h":24,"label":"No Frame / Medium 18\" x 24\"","margin":2},{"vendor":"society6","url":"https://society6.com/products/italian-field-in-warm-sunlight_art-print?variant=48539065254132","price":95.0,"currency":"USD","framed":false,"w":24,"h":36,"label":"No Frame / Large 24\" x 36\"","margin":2},{"vendor":"society6","url":"https://society6.com/products/italian-field-in-warm-sunlight_art-print?variant=48539065286900","price":125.0,"currency":"USD","framed":false,"w":30,"h":40,"label":"No Frame / X-Large 30\" x 40\"","margin":2}]
s6-monument-valley6245199	shinachoi	https://society6.com/products/monument-valley6245199_art-print	Monument Valley	print	landscape	https://cdn.shopify.com/s/files/1/0781/0282/3156/files/shina-choi-art-monument-valley-i-art-print-whitebg-8x10.jpg?v=1781140834&crop=region&crop_left=242&crop_top=270&crop_width=315&crop_height=256&art=1	[{"vendor":"society6","url":"https://society6.com/products/monument-valley6245199_art-print?variant=48538786136308","price":30.0,"currency":"USD","framed":false,"w":8,"h":10,"label":"No Frame / X-Small 8\" x 10\"","margin":1},{"vendor":"society6","url":"https://society6.com/products/monument-valley6245199_art-print?variant=48538786169076","price":45.0,"currency":"USD","framed":false,"w":11,"h":14,"label":"No Frame / Small 11\" x 14\"","margin":1},{"vendor":"society6","url":"https://society6.com/products/monument-valley6245199_art-print?variant=48538786201844","price":50.0,"currency":"USD","framed":false,"w":13,"h":19,"label":"No Frame / Small 13\" x 19\"","margin":1},{"vendor":"society6","url":"https://society6.com/products/monument-valley6245199_art-print?variant=48538786234612","price":55.0,"currency":"USD","framed":false,"w":16,"h":20,"label":"No Frame / Medium 16\" x 20\"","margin":2},{"vendor":"society6","url":"https://society6.com/products/monument-valley6245199_art-print?variant=48538786267380","price":60.0,"currency":"USD","framed":false,"w":18,"h":24,"label":"No Frame / Medium 18\" x 24\"","margin":2},{"vendor":"society6","url":"https://society6.com/products/monument-valley6245199_art-print?variant=48538786300148","price":95.0,"currency":"USD","framed":false,"w":24,"h":36,"label":"No Frame / Large 24\" x 36\"","margin":2},{"vendor":"society6","url":"https://society6.com/products/monument-valley6245199_art-print?variant=48538786332916","price":125.0,"currency":"USD","framed":false,"w":30,"h":40,"label":"No Frame / X-Large 30\" x 40\"","margin":2}]
s6-ski2176146	augustalba	https://society6.com/products/ski2176146_art-print	SKI	print	landscape	https://cdn.shopify.com/s/files/1/0781/0282/3156/files/augustalba-ski-ii-art-print-whitebg-8x10.jpg?v=1780931355&crop=region&crop_left=273&crop_top=243&crop_width=254&crop_height=312&art=1	[{"vendor":"society6","url":"https://society6.com/products/ski2176146_art-print?variant=48477531734260","price":30.0,"currency":"USD","framed":false,"w":8,"h":10,"label":"No Frame / X-Small 8\" x 10\"","margin":1},{"vendor":"society6","url":"https://society6.com/products/ski2176146_art-print?variant=48477531767028","price":40.0,"currency":"USD","framed":false,"w":10,"h":10,"label":"No Frame / Small 10\" x 10\"","margin":1},{"vendor":"society6","url":"https://society6.com/products/ski2176146_art-print?variant=48477531799796","price":45.0,"currency":"USD","framed":false,"w":11,"h":14,"label":"No Frame / Small 11\" x 14\"","margin":1},{"vendor":"society6","url":"https://society6.com/products/ski2176146_art-print?variant=48477531832564","price":50.0,"currency":"USD","framed":false,"w":13,"h":19,"label":"No Frame / Small 13\" x 19\"","margin":1},{"vendor":"society6","url":"https://society6.com/products/ski2176146_art-print?variant=48477531865332","price":65.0,"currency":"USD","framed":false,"w":20,"h":20,"label":"No Frame / Medium 20\" x 20\"","margin":2},{"vendor":"society6","url":"https://society6.com/products/ski2176146_art-print?variant=48477531898100","price":55.0,"currency":"USD","framed":false,"w":16,"h":20,"label":"No Frame / Medium 16\" x 20\"","margin":2},{"vendor":"society6","url":"https://society6.com/products/ski2176146_art-print?variant=48477531930868","price":60.0,"currency":"USD","framed":false,"w":18,"h":24,"label":"No Frame / Medium 18\" x 24\"","margin":2},{"vendor":"society6","url":"https://society6.com/products/ski2176146_art-print?variant=48477531963636","price":95.0,"currency":"USD","framed":false,"w":24,"h":36,"label":"No Frame / Large 24\" x 36\"","margin":2},{"vendor":"society6","url":"https://society6.com/products/ski2176146_art-print?variant=48477531996404","price":125.0,"currency":"USD","framed":false,"w":30,"h":40,"label":"No Frame / X-Large 30\" x 40\"","margin":2}]
s6-maratea7336273	danhobdayart	https://society6.com/products/maratea7336273_art-print	Maratea	print	landscape	https://cdn.shopify.com/s/files/1/0781/0282/3156/files/dan-hobday-art-maratea-art-print-whitebg-8x10.jpg?v=1779019413&crop=region&crop_left=242&crop_top=268&crop_width=316&crop_height=257&art=1	[{"vendor":"society6","url":"https://society6.com/products/maratea7336273_art-print?variant=48273076486388","price":30.0,"currency":"USD","framed":false,"w":8,"h":10,"label":"No Frame / X-Small 8\" x 10\"","margin":1},{"vendor":"society6","url":"https://society6.com/products/maratea7336273_art-print?variant=48273076519156","price":45.0,"currency":"USD","framed":false,"w":11,"h":14,"label":"No Frame / Small 11\" x 14\"","margin":1},{"vendor":"society6","url":"https://society6.com/products/maratea7336273_art-print?variant=48273076551924","price":50.0,"currency":"USD","framed":false,"w":13,"h":19,"label":"No Frame / Small 13\" x 19\"","margin":1},{"vendor":"society6","url":"https://society6.com/products/maratea7336273_art-print?variant=48273076584692","price":55.0,"currency":"USD","framed":false,"w":16,"h":20,"label":"No Frame / Medium 16\" x 20\"","margin":2},{"vendor":"society6","url":"https://society6.com/products/maratea7336273_art-print?variant=48273076617460","price":60.0,"currency":"USD","framed":false,"w":18,"h":24,"label":"No Frame / Medium 18\" x 24\"","margin":2},{"vendor":"society6","url":"https://society6.com/products/maratea7336273_art-print?variant=48273076650228","price":95.0,"currency":"USD","framed":false,"w":24,"h":36,"label":"No Frame / Large 24\" x 36\"","margin":2},{"vendor":"society6","url":"https://society6.com/products/maratea7336273_art-print?variant=48273076682996","price":125.0,"currency":"USD","framed":false,"w":30,"h":40,"label":"No Frame / X-Large 30\" x 40\"","margin":2}]
s6-wild-horses-couldnt-take-you-from-me-young-w	nine57	https://society6.com/products/wild-horses-couldnt-take-you-from-me-young-woman-on-a-white-horse-throwing-her-hair-black-wilderness-black-and-white-photograph-photography-photographs_art-print	Wild Horses	photo	landscape	https://cdn.shopify.com/s/files/1/0781/0282/3156/files/astrid-arkhangelsky-wild-horses-couldnt-take-you-from-me-art-print-whitebg-8x10.jpg?v=1779017974&crop=region&crop_left=272&crop_top=244&crop_width=255&crop_height=314&art=1	[{"vendor":"society6","url":"https://society6.com/products/wild-horses-couldnt-take-you-from-me-young-woman-on-a-white-horse-throwing-her-hair-black-wilderness-black-and-white-photograph-photography-photographs_art-print?variant=48272661053684","price":30.0,"currency":"USD","framed":false,"w":8,"h":10,"label":"No Frame / X-Small 8\" x 10\"","margin":1},{"vendor":"society6","url":"https://society6.com/products/wild-horses-couldnt-take-you-from-me-young-woman-on-a-white-horse-throwing-her-hair-black-wilderness-black-and-white-photograph-photography-photographs_art-print?variant=48272661086452","price":45.0,"currency":"USD","framed":false,"w":11,"h":14,"label":"No Frame / Small 11\" x 14\"","margin":1},{"vendor":"society6","url":"https://society6.com/products/wild-horses-couldnt-take-you-from-me-young-woman-on-a-white-horse-throwing-her-hair-black-wilderness-black-and-white-photograph-photography-photographs_art-print?variant=48272661119220","price":50.0,"currency":"USD","framed":false,"w":13,"h":19,"label":"No Frame / Small 13\" x 19\"","margin":1},{"vendor":"society6","url":"https://society6.com/products/wild-horses-couldnt-take-you-from-me-young-woman-on-a-white-horse-throwing-her-hair-black-wilderness-black-and-white-photograph-photography-photographs_art-print?variant=48272661151988","price":55.0,"currency":"USD","framed":false,"w":16,"h":20,"label":"No Frame / Medium 16\" x 20\"","margin":2},{"vendor":"society6","url":"https://society6.com/products/wild-horses-couldnt-take-you-from-me-young-woman-on-a-white-horse-throwing-her-hair-black-wilderness-black-and-white-photograph-photography-photographs_art-print?variant=48272661184756","price":60.0,"currency":"USD","framed":false,"w":18,"h":24,"label":"No Frame / Medium 18\" x 24\"","margin":2},{"vendor":"society6","url":"https://society6.com/products/wild-horses-couldnt-take-you-from-me-young-woman-on-a-white-horse-throwing-her-hair-black-wilderness-black-and-white-photograph-photography-photographs_art-print?variant=48272661217524","price":95.0,"currency":"USD","framed":false,"w":24,"h":36,"label":"No Frame / Large 24\" x 36\"","margin":2},{"vendor":"society6","url":"https://society6.com/products/wild-horses-couldnt-take-you-from-me-young-woman-on-a-white-horse-throwing-her-hair-black-wilderness-black-and-white-photograph-photography-photographs_art-print?variant=48272661250292","price":125.0,"currency":"USD","framed":false,"w":30,"h":40,"label":"No Frame / X-Large 30\" x 40\"","margin":2}]
s6-west-texas-wild1913754	annbphoto	https://society6.com/products/west-texas-wild1913754_art-print	West Texas Wild	photo	landscape	https://cdn.shopify.com/s/files/1/0781/0282/3156/files/ann-hudec-west-texas-wild-v-art-print-whitebg-8x10.jpg?v=1778946957&crop=region&crop_left=245&crop_top=270&crop_width=311&crop_height=256&art=1	[{"vendor":"society6","url":"https://society6.com/products/west-texas-wild1913754_art-print?variant=48252111847668","price":30.0,"currency":"USD","framed":false,"w":8,"h":10,"label":"No Frame / X-Small 8\" x 10\"","margin":1},{"vendor":"society6","url":"https://society6.com/products/west-texas-wild1913754_art-print?variant=48252111880436","price":45.0,"currency":"USD","framed":false,"w":11,"h":14,"label":"No Frame / Small 11\" x 14\"","margin":1},{"vendor":"society6","url":"https://society6.com/products/west-texas-wild1913754_art-print?variant=48252111913204","price":50.0,"currency":"USD","framed":false,"w":13,"h":19,"label":"No Frame / Small 13\" x 19\"","margin":1},{"vendor":"society6","url":"https://society6.com/products/west-texas-wild1913754_art-print?variant=48252111945972","price":55.0,"currency":"USD","framed":false,"w":16,"h":20,"label":"No Frame / Medium 16\" x 20\"","margin":2},{"vendor":"society6","url":"https://society6.com/products/west-texas-wild1913754_art-print?variant=48252111978740","price":60.0,"currency":"USD","framed":false,"w":18,"h":24,"label":"No Frame / Medium 18\" x 24\"","margin":2},{"vendor":"society6","url":"https://society6.com/products/west-texas-wild1913754_art-print?variant=48252112011508","price":95.0,"currency":"USD","framed":false,"w":24,"h":36,"label":"No Frame / Large 24\" x 36\"","margin":2},{"vendor":"society6","url":"https://society6.com/products/west-texas-wild1913754_art-print?variant=48252112044276","price":125.0,"currency":"USD","framed":false,"w":30,"h":40,"label":"No Frame / X-Large 30\" x 40\"","margin":2}]
s6-mountain-black-bear1752062	nadja1	https://society6.com/products/mountain-black-bear1752062_art-print	Mountain Black Bear	print	landscape	https://cdn.shopify.com/s/files/1/0781/0282/3156/files/nadja-mountain-black-bear-art-print-whitebg-8x10.jpg?v=1778944100&crop=region&crop_left=272&crop_top=243&crop_width=255&crop_height=309&art=1	[{"vendor":"society6","url":"https://society6.com/products/mountain-black-bear1752062_art-print?variant=48251314110708","price":30.0,"currency":"USD","framed":false,"w":8,"h":10,"label":"No Frame / X-Small 8\" x 10\"","margin":1},{"vendor":"society6","url":"https://society6.com/products/mountain-black-bear1752062_art-print?variant=48251314143476","price":45.0,"currency":"USD","framed":false,"w":11,"h":14,"label":"No Frame / Small 11\" x 14\"","margin":1},{"vendor":"society6","url":"https://society6.com/products/mountain-black-bear1752062_art-print?variant=48251314176244","price":50.0,"currency":"USD","framed":false,"w":13,"h":19,"label":"No Frame / Small 13\" x 19\"","margin":1},{"vendor":"society6","url":"https://society6.com/products/mountain-black-bear1752062_art-print?variant=48251314209012","price":55.0,"currency":"USD","framed":false,"w":16,"h":20,"label":"No Frame / Medium 16\" x 20\"","margin":2},{"vendor":"society6","url":"https://society6.com/products/mountain-black-bear1752062_art-print?variant=48251314241780","price":60.0,"currency":"USD","framed":false,"w":18,"h":24,"label":"No Frame / Medium 18\" x 24\"","margin":2},{"vendor":"society6","url":"https://society6.com/products/mountain-black-bear1752062_art-print?variant=48251314274548","price":95.0,"currency":"USD","framed":false,"w":24,"h":36,"label":"No Frame / Large 24\" x 36\"","margin":2},{"vendor":"society6","url":"https://society6.com/products/mountain-black-bear1752062_art-print?variant=48251314307316","price":125.0,"currency":"USD","framed":false,"w":30,"h":40,"label":"No Frame / X-Large 30\" x 40\"","margin":2}]
s6-jackalope-marigold-and-black	byrewilde	https://society6.com/products/jackalope-marigold-and-black_art-print	Jackalope - marigold and black	print	desert	https://cdn.shopify.com/s/files/1/0781/0282/3156/files/byre-wilde-jackalope-marigold-and-black-art-print-whitebg-8x10.jpg?v=1781469332&crop=region&crop_left=272&crop_top=242&crop_width=255&crop_height=316&art=1	[{"vendor":"society6","url":"https://society6.com/products/jackalope-marigold-and-black_art-print?variant=48620282118388","price":30.0,"currency":"USD","framed":false,"w":8,"h":10,"label":"No Frame / X-Small 8\" x 10\"","margin":1},{"vendor":"society6","url":"https://society6.com/products/jackalope-marigold-and-black_art-print?variant=48620282151156","price":40.0,"currency":"USD","framed":false,"w":10,"h":10,"label":"No Frame / Small 10\" x 10\"","margin":1},{"vendor":"society6","url":"https://society6.com/products/jackalope-marigold-and-black_art-print?variant=48620282183924","price":45.0,"currency":"USD","framed":false,"w":11,"h":14,"label":"No Frame / Small 11\" x 14\"","margin":1},{"vendor":"society6","url":"https://society6.com/products/jackalope-marigold-and-black_art-print?variant=48620282216692","price":50.0,"currency":"USD","framed":false,"w":13,"h":19,"label":"No Frame / Small 13\" x 19\"","margin":1},{"vendor":"society6","url":"https://society6.com/products/jackalope-marigold-and-black_art-print?variant=48620282249460","price":65.0,"currency":"USD","framed":false,"w":20,"h":20,"label":"No Frame / Medium 20\" x 20\"","margin":2},{"vendor":"society6","url":"https://society6.com/products/jackalope-marigold-and-black_art-print?variant=48620282282228","price":55.0,"currency":"USD","framed":false,"w":16,"h":20,"label":"No Frame / Medium 16\" x 20\"","margin":2},{"vendor":"society6","url":"https://society6.com/products/jackalope-marigold-and-black_art-print?variant=48620282314996","price":60.0,"currency":"USD","framed":false,"w":18,"h":24,"label":"No Frame / Medium 18\" x 24\"","margin":2},{"vendor":"society6","url":"https://society6.com/products/jackalope-marigold-and-black_art-print?variant=48620282347764","price":95.0,"currency":"USD","framed":false,"w":24,"h":36,"label":"No Frame / Large 24\" x 36\"","margin":2},{"vendor":"society6","url":"https://society6.com/products/jackalope-marigold-and-black_art-print?variant=48620282380532","price":125.0,"currency":"USD","framed":false,"w":30,"h":40,"label":"No Frame / X-Large 30\" x 40\"","margin":2}]
s6-desert-moon-vista	spacefrogdesigns	https://society6.com/products/desert-moon-vista_art-print	Desert Moon Vista	print	desert	https://cdn.shopify.com/s/files/1/0781/0282/3156/files/spacefrogdesigns-desert-moon-vista-art-print-whitebg-8x10.jpg?v=1781467916&crop=region&crop_left=272&crop_top=242&crop_width=255&crop_height=309&art=1	[{"vendor":"society6","url":"https://society6.com/products/desert-moon-vista_art-print?variant=48619922391284","price":30.0,"currency":"USD","framed":false,"w":8,"h":10,"label":"No Frame / X-Small 8\" x 10\"","margin":1},{"vendor":"society6","url":"https://society6.com/products/desert-moon-vista_art-print?variant=48619922424052","price":40.0,"currency":"USD","framed":false,"w":10,"h":10,"label":"No Frame / Small 10\" x 10\"","margin":1},{"vendor":"society6","url":"https://society6.com/products/desert-moon-vista_art-print?variant=48619922456820","price":45.0,"currency":"USD","framed":false,"w":11,"h":14,"label":"No Frame / Small 11\" x 14\"","margin":1},{"vendor":"society6","url":"https://society6.com/products/desert-moon-vista_art-print?variant=48619922489588","price":50.0,"currency":"USD","framed":false,"w":13,"h":19,"label":"No Frame / Small 13\" x 19\"","margin":1},{"vendor":"society6","url":"https://society6.com/products/desert-moon-vista_art-print?variant=48619922522356","price":65.0,"currency":"USD","framed":false,"w":20,"h":20,"label":"No Frame / Medium 20\" x 20\"","margin":2},{"vendor":"society6","url":"https://society6.com/products/desert-moon-vista_art-print?variant=48619922555124","price":55.0,"currency":"USD","framed":false,"w":16,"h":20,"label":"No Frame / Medium 16\" x 20\"","margin":2},{"vendor":"society6","url":"https://society6.com/products/desert-moon-vista_art-print?variant=48619922587892","price":60.0,"currency":"USD","framed":false,"w":18,"h":24,"label":"No Frame / Medium 18\" x 24\"","margin":2},{"vendor":"society6","url":"https://society6.com/products/desert-moon-vista_art-print?variant=48619922620660","price":95.0,"currency":"USD","framed":false,"w":24,"h":36,"label":"No Frame / Large 24\" x 36\"","margin":2},{"vendor":"society6","url":"https://society6.com/products/desert-moon-vista_art-print?variant=48619922653428","price":125.0,"currency":"USD","framed":false,"w":30,"h":40,"label":"No Frame / X-Large 30\" x 40\"","margin":2}]
s6-flying-cacti	heyluisa	https://society6.com/products/flying-cacti_art-print	Flying Cacti	print	desert	https://cdn.shopify.com/s/files/1/0781/0282/3156/files/luisa-azevedo-flying-cacti-art-print-whitebg-8x10.jpg?v=1780887584&crop=region&crop_left=272&crop_top=266&crop_width=255&crop_height=292&art=1	[{"vendor":"society6","url":"https://society6.com/products/flying-cacti_art-print?variant=48459250073844","price":30.0,"currency":"USD","framed":false,"w":8,"h":10,"label":"No Frame / X-Small 8\" x 10\"","margin":1},{"vendor":"society6","url":"https://society6.com/products/flying-cacti_art-print?variant=48459250106612","price":40.0,"currency":"USD","framed":false,"w":10,"h":10,"label":"No Frame / Small 10\" x 10\"","margin":1},{"vendor":"society6","url":"https://society6.com/products/flying-cacti_art-print?variant=48459250139380","price":45.0,"currency":"USD","framed":false,"w":11,"h":14,"label":"No Frame / Small 11\" x 14\"","margin":1},{"vendor":"society6","url":"https://society6.com/products/flying-cacti_art-print?variant=48459250172148","price":50.0,"currency":"USD","framed":false,"w":13,"h":19,"label":"No Frame / Small 13\" x 19\"","margin":1},{"vendor":"society6","url":"https://society6.com/products/flying-cacti_art-print?variant=48459250204916","price":65.0,"currency":"USD","framed":false,"w":20,"h":20,"label":"No Frame / Medium 20\" x 20\"","margin":2},{"vendor":"society6","url":"https://society6.com/products/flying-cacti_art-print?variant=48459250237684","price":55.0,"currency":"USD","framed":false,"w":16,"h":20,"label":"No Frame / Medium 16\" x 20\"","margin":2},{"vendor":"society6","url":"https://society6.com/products/flying-cacti_art-print?variant=48459250270452","price":60.0,"currency":"USD","framed":false,"w":18,"h":24,"label":"No Frame / Medium 18\" x 24\"","margin":2},{"vendor":"society6","url":"https://society6.com/products/flying-cacti_art-print?variant=48459250303220","price":95.0,"currency":"USD","framed":false,"w":24,"h":36,"label":"No Frame / Large 24\" x 36\"","margin":2},{"vendor":"society6","url":"https://society6.com/products/flying-cacti_art-print?variant=48459250335988","price":125.0,"currency":"USD","framed":false,"w":30,"h":40,"label":"No Frame / X-Large 30\" x 40\"","margin":2}]
s6-sunset-moon-ridge-grainy-red-mountain-range-	palmtreeprints	https://society6.com/products/sunset-moon-ridge-grainy-red-mountain-range-desert-landscape-photography-yellow-fullmoon-blue-sky_art-print	Sunset Moon Ridge	photo	desert	https://cdn.shopify.com/s/files/1/0781/0282/3156/files/desertxpalm-sunset-moon-ridge-grainy-red-mountain-range-desert-landscape-art-print-whitebg-8x10.jpg?v=1778820559&crop=region&crop_left=242&crop_top=271&crop_width=316&crop_height=255&art=1	[{"vendor":"society6","url":"https://society6.com/products/sunset-moon-ridge-grainy-red-mountain-range-desert-landscape-photography-yellow-fullmoon-blue-sky_art-print?variant=48229269897460","price":30.0,"currency":"USD","framed":false,"w":8,"h":10,"label":"No Frame / X-Small 8\" x 10\"","margin":1},{"vendor":"society6","url":"https://society6.com/products/sunset-moon-ridge-grainy-red-mountain-range-desert-landscape-photography-yellow-fullmoon-blue-sky_art-print?variant=48229269930228","price":45.0,"currency":"USD","framed":false,"w":11,"h":14,"label":"No Frame / Small 11\" x 14\"","margin":1},{"vendor":"society6","url":"https://society6.com/products/sunset-moon-ridge-grainy-red-mountain-range-desert-landscape-photography-yellow-fullmoon-blue-sky_art-print?variant=48229269962996","price":50.0,"currency":"USD","framed":false,"w":13,"h":19,"label":"No Frame / Small 13\" x 19\"","margin":1},{"vendor":"society6","url":"https://society6.com/products/sunset-moon-ridge-grainy-red-mountain-range-desert-landscape-photography-yellow-fullmoon-blue-sky_art-print?variant=48229269995764","price":55.0,"currency":"USD","framed":false,"w":16,"h":20,"label":"No Frame / Medium 16\" x 20\"","margin":2},{"vendor":"society6","url":"https://society6.com/products/sunset-moon-ridge-grainy-red-mountain-range-desert-landscape-photography-yellow-fullmoon-blue-sky_art-print?variant=48229270028532","price":60.0,"currency":"USD","framed":false,"w":18,"h":24,"label":"No Frame / Medium 18\" x 24\"","margin":2},{"vendor":"society6","url":"https://society6.com/products/sunset-moon-ridge-grainy-red-mountain-range-desert-landscape-photography-yellow-fullmoon-blue-sky_art-print?variant=48229270061300","price":95.0,"currency":"USD","framed":false,"w":24,"h":36,"label":"No Frame / Large 24\" x 36\"","margin":2},{"vendor":"society6","url":"https://society6.com/products/sunset-moon-ridge-grainy-red-mountain-range-desert-landscape-photography-yellow-fullmoon-blue-sky_art-print?variant=48229270094068","price":125.0,"currency":"USD","framed":false,"w":30,"h":40,"label":"No Frame / X-Large 30\" x 40\"","margin":2}]
s6-joshua-tree-sunset1244641	eastlynbright	https://society6.com/products/joshua-tree-sunset1244641_art-print	Joshua Tree Sunset	photo	desert	https://cdn.shopify.com/s/files/1/0781/0282/3156/files/eastlyn--joshua-joshua-tree-sunset-i-art-print-whitebg-8x10.jpg?v=1781860444&crop=region&crop_left=242&crop_top=270&crop_width=316&crop_height=255&art=1	[{"vendor":"society6","url":"https://society6.com/products/joshua-tree-sunset1244641_art-print?variant=48739050619124","price":30.0,"currency":"USD","framed":false,"w":8,"h":10,"label":"No Frame / X-Small 8\" x 10\"","margin":1},{"vendor":"society6","url":"https://society6.com/products/joshua-tree-sunset1244641_art-print?variant=48739050651892","price":45.0,"currency":"USD","framed":false,"w":11,"h":14,"label":"No Frame / Small 11\" x 14\"","margin":1},{"vendor":"society6","url":"https://society6.com/products/joshua-tree-sunset1244641_art-print?variant=48739050684660","price":50.0,"currency":"USD","framed":false,"w":13,"h":19,"label":"No Frame / Small 13\" x 19\"","margin":1},{"vendor":"society6","url":"https://society6.com/products/joshua-tree-sunset1244641_art-print?variant=48739050717428","price":55.0,"currency":"USD","framed":false,"w":16,"h":20,"label":"No Frame / Medium 16\" x 20\"","margin":2},{"vendor":"society6","url":"https://society6.com/products/joshua-tree-sunset1244641_art-print?variant=48739050750196","price":60.0,"currency":"USD","framed":false,"w":18,"h":24,"label":"No Frame / Medium 18\" x 24\"","margin":2},{"vendor":"society6","url":"https://society6.com/products/joshua-tree-sunset1244641_art-print?variant=48739050782964","price":95.0,"currency":"USD","framed":false,"w":24,"h":36,"label":"No Frame / Large 24\" x 36\"","margin":2},{"vendor":"society6","url":"https://society6.com/products/joshua-tree-sunset1244641_art-print?variant=48739050815732","price":125.0,"currency":"USD","framed":false,"w":30,"h":40,"label":"No Frame / X-Large 30\" x 40\"","margin":2}]
s6-wild-horses-ii1840772	lukegramphotos	https://society6.com/products/wild-horses-ii1840772_art-print	Wild Horses II	photo	desert	https://cdn.shopify.com/s/files/1/0781/0282/3156/files/luke-gram-wild-horses-ii-art-print-whitebg-8x10.jpg?v=1781756001&crop=region&crop_left=242&crop_top=270&crop_width=316&crop_height=256&art=1	[{"vendor":"society6","url":"https://society6.com/products/wild-horses-ii1840772_art-print?variant=48706927722740","price":30.0,"currency":"USD","framed":false,"w":8,"h":10,"label":"No Frame / X-Small 8\" x 10\"","margin":1},{"vendor":"society6","url":"https://society6.com/products/wild-horses-ii1840772_art-print?variant=48706927755508","price":45.0,"currency":"USD","framed":false,"w":11,"h":14,"label":"No Frame / Small 11\" x 14\"","margin":1},{"vendor":"society6","url":"https://society6.com/products/wild-horses-ii1840772_art-print?variant=48706927788276","price":50.0,"currency":"USD","framed":false,"w":13,"h":19,"label":"No Frame / Small 13\" x 19\"","margin":1},{"vendor":"society6","url":"https://society6.com/products/wild-horses-ii1840772_art-print?variant=48706927821044","price":55.0,"currency":"USD","framed":false,"w":16,"h":20,"label":"No Frame / Medium 16\" x 20\"","margin":2},{"vendor":"society6","url":"https://society6.com/products/wild-horses-ii1840772_art-print?variant=48706927853812","price":60.0,"currency":"USD","framed":false,"w":18,"h":24,"label":"No Frame / Medium 18\" x 24\"","margin":2},{"vendor":"society6","url":"https://society6.com/products/wild-horses-ii1840772_art-print?variant=48706927886580","price":95.0,"currency":"USD","framed":false,"w":24,"h":36,"label":"No Frame / Large 24\" x 36\"","margin":2},{"vendor":"society6","url":"https://society6.com/products/wild-horses-ii1840772_art-print?variant=48706927919348","price":125.0,"currency":"USD","framed":false,"w":30,"h":40,"label":"No Frame / X-Large 30\" x 40\"","margin":2}]
s6-southwest-horses8977309	galdesign	https://society6.com/products/southwest-horses8977309_art-print	Southwest Horses	photo	desert	https://cdn.shopify.com/s/files/1/0781/0282/3156/files/gal-design-southwest-horses-art-print-whitebg-8x10.jpg?v=1781689654&crop=region&crop_left=274&crop_top=243&crop_width=253&crop_height=308&art=1	[{"vendor":"society6","url":"https://society6.com/products/southwest-horses8977309_art-print?variant=48686546518260","price":30.0,"currency":"USD","framed":false,"w":8,"h":10,"label":"No Frame / X-Small 8\" x 10\"","margin":1},{"vendor":"society6","url":"https://society6.com/products/southwest-horses8977309_art-print?variant=48686546551028","price":45.0,"currency":"USD","framed":false,"w":11,"h":14,"label":"No Frame / Small 11\" x 14\"","margin":1},{"vendor":"society6","url":"https://society6.com/products/southwest-horses8977309_art-print?variant=48686546583796","price":50.0,"currency":"USD","framed":false,"w":13,"h":19,"label":"No Frame / Small 13\" x 19\"","margin":1},{"vendor":"society6","url":"https://society6.com/products/southwest-horses8977309_art-print?variant=48686546616564","price":55.0,"currency":"USD","framed":false,"w":16,"h":20,"label":"No Frame / Medium 16\" x 20\"","margin":2},{"vendor":"society6","url":"https://society6.com/products/southwest-horses8977309_art-print?variant=48686546649332","price":60.0,"currency":"USD","framed":false,"w":18,"h":24,"label":"No Frame / Medium 18\" x 24\"","margin":2},{"vendor":"society6","url":"https://society6.com/products/southwest-horses8977309_art-print?variant=48686546682100","price":95.0,"currency":"USD","framed":false,"w":24,"h":36,"label":"No Frame / Large 24\" x 36\"","margin":2},{"vendor":"society6","url":"https://society6.com/products/southwest-horses8977309_art-print?variant=48686546714868","price":125.0,"currency":"USD","framed":false,"w":30,"h":40,"label":"No Frame / X-Large 30\" x 40\"","margin":2}]
s6-grand-canyon-national-park8977365	jazzberryblue	https://society6.com/products/grand-canyon-national-park8977365_art-print	Grand Canyon National Park	print	desert	https://cdn.shopify.com/s/files/1/0781/0282/3156/files/jazzberry-blue-grand-canyon-national-park-i-art-print-whitebg-8x10.jpg?v=1781690710&crop=region&crop_left=274&crop_top=242&crop_width=253&crop_height=309&art=1	[{"vendor":"society6","url":"https://society6.com/products/grand-canyon-national-park8977365_art-print?variant=48686843822324","price":30.0,"currency":"USD","framed":false,"w":8,"h":10,"label":"No Frame / X-Small 8\" x 10\"","margin":1},{"vendor":"society6","url":"https://society6.com/products/grand-canyon-national-park8977365_art-print?variant=48686843855092","price":45.0,"currency":"USD","framed":false,"w":11,"h":14,"label":"No Frame / Small 11\" x 14\"","margin":1},{"vendor":"society6","url":"https://society6.com/products/grand-canyon-national-park8977365_art-print?variant=48686843887860","price":50.0,"currency":"USD","framed":false,"w":13,"h":19,"label":"No Frame / Small 13\" x 19\"","margin":1},{"vendor":"society6","url":"https://society6.com/products/grand-canyon-national-park8977365_art-print?variant=48686843920628","price":55.0,"currency":"USD","framed":false,"w":16,"h":20,"label":"No Frame / Medium 16\" x 20\"","margin":2},{"vendor":"society6","url":"https://society6.com/products/grand-canyon-national-park8977365_art-print?variant=48686843953396","price":60.0,"currency":"USD","framed":false,"w":18,"h":24,"label":"No Frame / Medium 18\" x 24\"","margin":2},{"vendor":"society6","url":"https://society6.com/products/grand-canyon-national-park8977365_art-print?variant=48686843986164","price":95.0,"currency":"USD","framed":false,"w":24,"h":36,"label":"No Frame / Large 24\" x 36\"","margin":2},{"vendor":"society6","url":"https://society6.com/products/grand-canyon-national-park8977365_art-print?variant=48686844018932","price":125.0,"currency":"USD","framed":false,"w":30,"h":40,"label":"No Frame / X-Large 30\" x 40\"","margin":2}]
s6-pale-desert-2-joshua-tree-cactus-landscape-p	eyepoetry	https://society6.com/products/pale-desert-2-joshua-tree-cactus-landscape-photography_art-print	Pale Desert II	photo	desert	https://cdn.shopify.com/s/files/1/0781/0282/3156/files/eye-poetry-photography-pale-desert-2-joshua-tree-cactus-landscape-photography-art-print-whitebg-8x10.jpg?v=1778988943&crop=region&crop_left=272&crop_top=244&crop_width=255&crop_height=313&art=1	[{"vendor":"society6","url":"https://society6.com/products/pale-desert-2-joshua-tree-cactus-landscape-photography_art-print?variant=48264542421236","price":30.0,"currency":"USD","framed":false,"w":8,"h":10,"label":"No Frame / X-Small 8\" x 10\"","margin":1},{"vendor":"society6","url":"https://society6.com/products/pale-desert-2-joshua-tree-cactus-landscape-photography_art-print?variant=48264542454004","price":45.0,"currency":"USD","framed":false,"w":11,"h":14,"label":"No Frame / Small 11\" x 14\"","margin":1},{"vendor":"society6","url":"https://society6.com/products/pale-desert-2-joshua-tree-cactus-landscape-photography_art-print?variant=48264542486772","price":50.0,"currency":"USD","framed":false,"w":13,"h":19,"label":"No Frame / Small 13\" x 19\"","margin":1},{"vendor":"society6","url":"https://society6.com/products/pale-desert-2-joshua-tree-cactus-landscape-photography_art-print?variant=48264542519540","price":55.0,"currency":"USD","framed":false,"w":16,"h":20,"label":"No Frame / Medium 16\" x 20\"","margin":2},{"vendor":"society6","url":"https://society6.com/products/pale-desert-2-joshua-tree-cactus-landscape-photography_art-print?variant=48264542552308","price":60.0,"currency":"USD","framed":false,"w":18,"h":24,"label":"No Frame / Medium 18\" x 24\"","margin":2},{"vendor":"society6","url":"https://society6.com/products/pale-desert-2-joshua-tree-cactus-landscape-photography_art-print?variant=48264542585076","price":95.0,"currency":"USD","framed":false,"w":24,"h":36,"label":"No Frame / Large 24\" x 36\"","margin":2},{"vendor":"society6","url":"https://society6.com/products/pale-desert-2-joshua-tree-cactus-landscape-photography_art-print?variant=48264542617844","price":125.0,"currency":"USD","framed":false,"w":30,"h":40,"label":"No Frame / X-Large 30\" x 40\"","margin":2}]
s6-abstract-cactus-ii	flowline	https://society6.com/products/abstract-cactus-ii_art-print	Abstract Cactus II	print	desert	https://cdn.shopify.com/s/files/1/0781/0282/3156/files/flow-line-abstract-cactus-ii-art-print-whitebg-8x10.jpg?v=1778967672&crop=region&crop_left=274&crop_top=242&crop_width=253&crop_height=309&art=1	[{"vendor":"society6","url":"https://society6.com/products/abstract-cactus-ii_art-print?variant=48258370371828","price":30.0,"currency":"USD","framed":false,"w":8,"h":10,"label":"No Frame / X-Small 8\" x 10\"","margin":1},{"vendor":"society6","url":"https://society6.com/products/abstract-cactus-ii_art-print?variant=48258370404596","price":45.0,"currency":"USD","framed":false,"w":11,"h":14,"label":"No Frame / Small 11\" x 14\"","margin":1},{"vendor":"society6","url":"https://society6.com/products/abstract-cactus-ii_art-print?variant=48258370437364","price":50.0,"currency":"USD","framed":false,"w":13,"h":19,"label":"No Frame / Small 13\" x 19\"","margin":1},{"vendor":"society6","url":"https://society6.com/products/abstract-cactus-ii_art-print?variant=48258370470132","price":55.0,"currency":"USD","framed":false,"w":16,"h":20,"label":"No Frame / Medium 16\" x 20\"","margin":2},{"vendor":"society6","url":"https://society6.com/products/abstract-cactus-ii_art-print?variant=48258370502900","price":60.0,"currency":"USD","framed":false,"w":18,"h":24,"label":"No Frame / Medium 18\" x 24\"","margin":2},{"vendor":"society6","url":"https://society6.com/products/abstract-cactus-ii_art-print?variant=48258370535668","price":95.0,"currency":"USD","framed":false,"w":24,"h":36,"label":"No Frame / Large 24\" x 36\"","margin":2},{"vendor":"society6","url":"https://society6.com/products/abstract-cactus-ii_art-print?variant=48258370568436","price":125.0,"currency":"USD","framed":false,"w":30,"h":40,"label":"No Frame / X-Large 30\" x 40\"","margin":2}]
s6-dangerous-cliff	delmundo	https://society6.com/products/dangerous-cliff_art-print	Dangerous Cliff	photo	desert	https://cdn.shopify.com/s/files/1/0781/0282/3156/files/del-mundo-imagery-dangerous-cliff-art-print-whitebg-8x10.jpg?v=1791040247&crop=region&crop_left=272&crop_top=243&crop_width=255&crop_height=312&art=1	[{"vendor":"society6","url":"https://society6.com/products/dangerous-cliff_art-print?variant=67689549988084","price":30.0,"currency":"USD","framed":false,"w":8,"h":10,"label":"No Frame / X-Small 8\" x 10\"","margin":1},{"vendor":"society6","url":"https://society6.com/products/dangerous-cliff_art-print?variant=67689550020852","price":45.0,"currency":"USD","framed":false,"w":11,"h":14,"label":"No Frame / Small 11\" x 14\"","margin":1},{"vendor":"society6","url":"https://society6.com/products/dangerous-cliff_art-print?variant=67689550053620","price":55.0,"currency":"USD","framed":false,"w":16,"h":20,"label":"No Frame / Medium 16\" x 20\"","margin":2},{"vendor":"society6","url":"https://society6.com/products/dangerous-cliff_art-print?variant=67689550086388","price":60.0,"currency":"USD","framed":false,"w":18,"h":24,"label":"No Frame / Medium 18\" x 24\"","margin":2},{"vendor":"society6","url":"https://society6.com/products/dangerous-cliff_art-print?variant=67689550119156","price":125.0,"currency":"USD","framed":false,"w":30,"h":40,"label":"No Frame / X-Large 30\" x 40\"","margin":2}]
s6-great-sand-dunes-national-park-vi	delmundo	https://society6.com/products/great-sand-dunes-national-park-vi_art-print	Great Sand Dunes VI	photo	desert	https://cdn.shopify.com/s/files/1/0781/0282/3156/files/del-mundo-imagery-great-sand-dunes-national-park-vi-art-print-whitebg-8x10.jpg?v=1782337930&crop=region&crop_left=272&crop_top=242&crop_width=255&crop_height=310&art=1	[{"vendor":"society6","url":"https://society6.com/products/great-sand-dunes-national-park-vi_art-print?variant=48769980924148","price":30.0,"currency":"USD","framed":false,"w":8,"h":10,"label":"No Frame / X-Small 8\" x 10\"","margin":1},{"vendor":"society6","url":"https://society6.com/products/great-sand-dunes-national-park-vi_art-print?variant=48769980956916","price":45.0,"currency":"USD","framed":false,"w":11,"h":14,"label":"No Frame / Small 11\" x 14\"","margin":1},{"vendor":"society6","url":"https://society6.com/products/great-sand-dunes-national-park-vi_art-print?variant=48769980989684","price":50.0,"currency":"USD","framed":false,"w":13,"h":19,"label":"No Frame / Small 13\" x 19\"","margin":1},{"vendor":"society6","url":"https://society6.com/products/great-sand-dunes-national-park-vi_art-print?variant=48769981022452","price":55.0,"currency":"USD","framed":false,"w":16,"h":20,"label":"No Frame / Medium 16\" x 20\"","margin":2},{"vendor":"society6","url":"https://society6.com/products/great-sand-dunes-national-park-vi_art-print?variant=48769981055220","price":60.0,"currency":"USD","framed":false,"w":18,"h":24,"label":"No Frame / Medium 18\" x 24\"","margin":2},{"vendor":"society6","url":"https://society6.com/products/great-sand-dunes-national-park-vi_art-print?variant=48769981087988","price":95.0,"currency":"USD","framed":false,"w":24,"h":36,"label":"No Frame / Large 24\" x 36\"","margin":2},{"vendor":"society6","url":"https://society6.com/products/great-sand-dunes-national-park-vi_art-print?variant=48769981120756","price":125.0,"currency":"USD","framed":false,"w":30,"h":40,"label":"No Frame / X-Large 30\" x 40\"","margin":2}]
s6-life-on-mars8978268	delmundo	https://society6.com/products/life-on-mars8978268_art-print	Life on Mars	photo	desert	https://cdn.shopify.com/s/files/1/0781/0282/3156/files/del-mundo-imagery-life-on-mars-art-print-whitebg-8x10.jpg?v=1781853479&crop=region&crop_left=272&crop_top=242&crop_width=255&crop_height=309&art=1	[{"vendor":"society6","url":"https://society6.com/products/life-on-mars8978268_art-print?variant=48736945275124","price":30.0,"currency":"USD","framed":false,"w":8,"h":10,"label":"No Frame / X-Small 8\" x 10\"","margin":1},{"vendor":"society6","url":"https://society6.com/products/life-on-mars8978268_art-print?variant=48736945307892","price":45.0,"currency":"USD","framed":false,"w":11,"h":14,"label":"No Frame / Small 11\" x 14\"","margin":1},{"vendor":"society6","url":"https://society6.com/products/life-on-mars8978268_art-print?variant=48736945340660","price":50.0,"currency":"USD","framed":false,"w":13,"h":19,"label":"No Frame / Small 13\" x 19\"","margin":1},{"vendor":"society6","url":"https://society6.com/products/life-on-mars8978268_art-print?variant=48736945373428","price":55.0,"currency":"USD","framed":false,"w":16,"h":20,"label":"No Frame / Medium 16\" x 20\"","margin":2},{"vendor":"society6","url":"https://society6.com/products/life-on-mars8978268_art-print?variant=48736945406196","price":60.0,"currency":"USD","framed":false,"w":18,"h":24,"label":"No Frame / Medium 18\" x 24\"","margin":2},{"vendor":"society6","url":"https://society6.com/products/life-on-mars8978268_art-print?variant=48736945438964","price":95.0,"currency":"USD","framed":false,"w":24,"h":36,"label":"No Frame / Large 24\" x 36\"","margin":2},{"vendor":"society6","url":"https://society6.com/products/life-on-mars8978268_art-print?variant=48736945471732","price":125.0,"currency":"USD","framed":false,"w":30,"h":40,"label":"No Frame / X-Large 30\" x 40\"","margin":2}]
s6-bryce-canyon-window	delmundo	https://society6.com/products/bryce-canyon-window_art-print	Bryce Canyon Window	photo	desert	https://cdn.shopify.com/s/files/1/0781/0282/3156/files/del-mundo-imagery-bryce-canyon-window-art-print-whitebg-8x10.jpg?v=1781853451&crop=region&crop_left=242&crop_top=270&crop_width=313&crop_height=256&art=1	[{"vendor":"society6","url":"https://society6.com/products/bryce-canyon-window_art-print?variant=48736934691060","price":30.0,"currency":"USD","framed":false,"w":8,"h":10,"label":"No Frame / X-Small 8\" x 10\"","margin":1},{"vendor":"society6","url":"https://society6.com/products/bryce-canyon-window_art-print?variant=48736934723828","price":45.0,"currency":"USD","framed":false,"w":11,"h":14,"label":"No Frame / Small 11\" x 14\"","margin":1},{"vendor":"society6","url":"https://society6.com/products/bryce-canyon-window_art-print?variant=48736934756596","price":50.0,"currency":"USD","framed":false,"w":13,"h":19,"label":"No Frame / Small 13\" x 19\"","margin":1},{"vendor":"society6","url":"https://society6.com/products/bryce-canyon-window_art-print?variant=48736934789364","price":55.0,"currency":"USD","framed":false,"w":16,"h":20,"label":"No Frame / Medium 16\" x 20\"","margin":2},{"vendor":"society6","url":"https://society6.com/products/bryce-canyon-window_art-print?variant=48736934822132","price":60.0,"currency":"USD","framed":false,"w":18,"h":24,"label":"No Frame / Medium 18\" x 24\"","margin":2},{"vendor":"society6","url":"https://society6.com/products/bryce-canyon-window_art-print?variant=48736934854900","price":95.0,"currency":"USD","framed":false,"w":24,"h":36,"label":"No Frame / Large 24\" x 36\"","margin":2},{"vendor":"society6","url":"https://society6.com/products/bryce-canyon-window_art-print?variant=48736934887668","price":125.0,"currency":"USD","framed":false,"w":30,"h":40,"label":"No Frame / X-Large 30\" x 40\"","margin":2}]
s6-antelope-canyon-glow	delmundo	https://society6.com/products/antelope-canyon-glow_art-print	Antelope Canyon Glow	photo	desert	https://cdn.shopify.com/s/files/1/0781/0282/3156/files/del-mundo-imagery-antelope-canyon-glow-art-print-whitebg-8x10.jpg?v=1781852169&crop=region&crop_left=272&crop_top=242&crop_width=255&crop_height=310&art=1	[{"vendor":"society6","url":"https://society6.com/products/antelope-canyon-glow_art-print?variant=48736550125812","price":30.0,"currency":"USD","framed":false,"w":8,"h":10,"label":"No Frame / X-Small 8\" x 10\"","margin":1},{"vendor":"society6","url":"https://society6.com/products/antelope-canyon-glow_art-print?variant=48736550158580","price":45.0,"currency":"USD","framed":false,"w":11,"h":14,"label":"No Frame / Small 11\" x 14\"","margin":1},{"vendor":"society6","url":"https://society6.com/products/antelope-canyon-glow_art-print?variant=48736550191348","price":50.0,"currency":"USD","framed":false,"w":13,"h":19,"label":"No Frame / Small 13\" x 19\"","margin":1},{"vendor":"society6","url":"https://society6.com/products/antelope-canyon-glow_art-print?variant=48736550224116","price":55.0,"currency":"USD","framed":false,"w":16,"h":20,"label":"No Frame / Medium 16\" x 20\"","margin":2},{"vendor":"society6","url":"https://society6.com/products/antelope-canyon-glow_art-print?variant=48736550256884","price":60.0,"currency":"USD","framed":false,"w":18,"h":24,"label":"No Frame / Medium 18\" x 24\"","margin":2},{"vendor":"society6","url":"https://society6.com/products/antelope-canyon-glow_art-print?variant=48736550289652","price":95.0,"currency":"USD","framed":false,"w":24,"h":36,"label":"No Frame / Large 24\" x 36\"","margin":2},{"vendor":"society6","url":"https://society6.com/products/antelope-canyon-glow_art-print?variant=48736550322420","price":125.0,"currency":"USD","framed":false,"w":30,"h":40,"label":"No Frame / X-Large 30\" x 40\"","margin":2}]
s6-float-xviii3651313	mauikauai	https://society6.com/products/float-xviii3651313_art-print	float xviii	photo	water	https://cdn.shopify.com/s/files/1/0781/0282/3156/files/mauikauai-float-xviii-art-print-whitebg-8x10.jpg?v=1778989404&crop=region&crop_left=274&crop_top=242&crop_width=253&crop_height=310&art=1	[{"vendor":"society6","url":"https://society6.com/products/float-xviii3651313_art-print?variant=48264675229940","price":30.0,"currency":"USD","framed":false,"w":8,"h":10,"label":"No Frame / X-Small 8\" x 10\"","margin":1},{"vendor":"society6","url":"https://society6.com/products/float-xviii3651313_art-print?variant=48264675262708","price":45.0,"currency":"USD","framed":false,"w":11,"h":14,"label":"No Frame / Small 11\" x 14\"","margin":1},{"vendor":"society6","url":"https://society6.com/products/float-xviii3651313_art-print?variant=48264675295476","price":50.0,"currency":"USD","framed":false,"w":13,"h":19,"label":"No Frame / Small 13\" x 19\"","margin":1},{"vendor":"society6","url":"https://society6.com/products/float-xviii3651313_art-print?variant=48264675328244","price":55.0,"currency":"USD","framed":false,"w":16,"h":20,"label":"No Frame / Medium 16\" x 20\"","margin":2},{"vendor":"society6","url":"https://society6.com/products/float-xviii3651313_art-print?variant=48264675361012","price":60.0,"currency":"USD","framed":false,"w":18,"h":24,"label":"No Frame / Medium 18\" x 24\"","margin":2},{"vendor":"society6","url":"https://society6.com/products/float-xviii3651313_art-print?variant=48264675393780","price":95.0,"currency":"USD","framed":false,"w":24,"h":36,"label":"No Frame / Large 24\" x 36\"","margin":2},{"vendor":"society6","url":"https://society6.com/products/float-xviii3651313_art-print?variant=48264675426548","price":125.0,"currency":"USD","framed":false,"w":30,"h":40,"label":"No Frame / X-Large 30\" x 40\"","margin":2}]
s6-make-a-splash2236768	ilovedoodle	https://society6.com/products/make-a-splash2236768_art-print	Make a Splash	print	water	https://cdn.shopify.com/s/files/1/0781/0282/3156/files/ilovedoodle-make-a-splash-art-print-whitebg-8x10.jpg?v=1778955010&crop=region&crop_left=272&crop_top=244&crop_width=255&crop_height=306&art=1	[{"vendor":"society6","url":"https://society6.com/products/make-a-splash2236768_art-print?variant=48254477435124","price":30.0,"currency":"USD","framed":false,"w":8,"h":10,"label":"No Frame / X-Small 8\" x 10\"","margin":1},{"vendor":"society6","url":"https://society6.com/products/make-a-splash2236768_art-print?variant=48254477467892","price":45.0,"currency":"USD","framed":false,"w":11,"h":14,"label":"No Frame / Small 11\" x 14\"","margin":1},{"vendor":"society6","url":"https://society6.com/products/make-a-splash2236768_art-print?variant=48254477500660","price":50.0,"currency":"USD","framed":false,"w":13,"h":19,"label":"No Frame / Small 13\" x 19\"","margin":1},{"vendor":"society6","url":"https://society6.com/products/make-a-splash2236768_art-print?variant=48254477533428","price":55.0,"currency":"USD","framed":false,"w":16,"h":20,"label":"No Frame / Medium 16\" x 20\"","margin":2},{"vendor":"society6","url":"https://society6.com/products/make-a-splash2236768_art-print?variant=48254477566196","price":60.0,"currency":"USD","framed":false,"w":18,"h":24,"label":"No Frame / Medium 18\" x 24\"","margin":2},{"vendor":"society6","url":"https://society6.com/products/make-a-splash2236768_art-print?variant=48254477598964","price":95.0,"currency":"USD","framed":false,"w":24,"h":36,"label":"No Frame / Large 24\" x 36\"","margin":2},{"vendor":"society6","url":"https://society6.com/products/make-a-splash2236768_art-print?variant=48254477631732","price":125.0,"currency":"USD","framed":false,"w":30,"h":40,"label":"No Frame / X-Large 30\" x 40\"","margin":2}]
s6-blue-striped-umbrellas-of-the-french-riviera	saigeashtonprints	https://society6.com/products/blue-striped-umbrellas-of-the-french-riviera-nice-france-beach-photography_art-print	Riviera Umbrellas	print	water	https://cdn.shopify.com/s/files/1/0781/0282/3156/files/saige-ashton-dreamlike-travel-prints-blue-striped-umbrellas-of-the-french-riviera-nice-france-beach-photography-art-print-whitebg-8x10.jpg?v=1781731662&crop=region&crop_left=274&crop_top=244&crop_width=253&crop_height=310&art=1	[{"vendor":"society6","url":"https://society6.com/products/blue-striped-umbrellas-of-the-french-riviera-nice-france-beach-photography_art-print?variant=48699259355380","price":30.0,"currency":"USD","framed":false,"w":8,"h":10,"label":"No Frame / X-Small 8\" x 10\"","margin":1},{"vendor":"society6","url":"https://society6.com/products/blue-striped-umbrellas-of-the-french-riviera-nice-france-beach-photography_art-print?variant=48699259388148","price":45.0,"currency":"USD","framed":false,"w":11,"h":14,"label":"No Frame / Small 11\" x 14\"","margin":1},{"vendor":"society6","url":"https://society6.com/products/blue-striped-umbrellas-of-the-french-riviera-nice-france-beach-photography_art-print?variant=48699259420916","price":50.0,"currency":"USD","framed":false,"w":13,"h":19,"label":"No Frame / Small 13\" x 19\"","margin":1},{"vendor":"society6","url":"https://society6.com/products/blue-striped-umbrellas-of-the-french-riviera-nice-france-beach-photography_art-print?variant=48699259453684","price":55.0,"currency":"USD","framed":false,"w":16,"h":20,"label":"No Frame / Medium 16\" x 20\"","margin":2},{"vendor":"society6","url":"https://society6.com/products/blue-striped-umbrellas-of-the-french-riviera-nice-france-beach-photography_art-print?variant=48699259486452","price":60.0,"currency":"USD","framed":false,"w":18,"h":24,"label":"No Frame / Medium 18\" x 24\"","margin":2},{"vendor":"society6","url":"https://society6.com/products/blue-striped-umbrellas-of-the-french-riviera-nice-france-beach-photography_art-print?variant=48699259519220","price":95.0,"currency":"USD","framed":false,"w":24,"h":36,"label":"No Frame / Large 24\" x 36\"","margin":2},{"vendor":"society6","url":"https://society6.com/products/blue-striped-umbrellas-of-the-french-riviera-nice-france-beach-photography_art-print?variant=48699259551988","price":125.0,"currency":"USD","framed":false,"w":30,"h":40,"label":"No Frame / X-Large 30\" x 40\"","margin":2}]
s6-lake-michigan-sunrise-chicago	jessicakaram	https://society6.com/products/lake-michigan-sunrise-chicago_art-print	Lake Michigan Sunrise, Chicago	print	water	https://cdn.shopify.com/s/files/1/0781/0282/3156/files/jess-lake-michigan-sunrise-chicago-art-print-whitebg-8x10.jpg?v=1781859811&crop=region&crop_left=274&crop_top=242&crop_width=253&crop_height=312&art=1	[{"vendor":"society6","url":"https://society6.com/products/lake-michigan-sunrise-chicago_art-print?variant=48738861711604","price":30.0,"currency":"USD","framed":false,"w":8,"h":10,"label":"No Frame / X-Small 8\" x 10\"","margin":1},{"vendor":"society6","url":"https://society6.com/products/lake-michigan-sunrise-chicago_art-print?variant=48738861744372","price":45.0,"currency":"USD","framed":false,"w":11,"h":14,"label":"No Frame / Small 11\" x 14\"","margin":1},{"vendor":"society6","url":"https://society6.com/products/lake-michigan-sunrise-chicago_art-print?variant=48738861777140","price":50.0,"currency":"USD","framed":false,"w":13,"h":19,"label":"No Frame / Small 13\" x 19\"","margin":1},{"vendor":"society6","url":"https://society6.com/products/lake-michigan-sunrise-chicago_art-print?variant=48738861809908","price":55.0,"currency":"USD","framed":false,"w":16,"h":20,"label":"No Frame / Medium 16\" x 20\"","margin":2},{"vendor":"society6","url":"https://society6.com/products/lake-michigan-sunrise-chicago_art-print?variant=48738861842676","price":60.0,"currency":"USD","framed":false,"w":18,"h":24,"label":"No Frame / Medium 18\" x 24\"","margin":2},{"vendor":"society6","url":"https://society6.com/products/lake-michigan-sunrise-chicago_art-print?variant=48738861875444","price":95.0,"currency":"USD","framed":false,"w":24,"h":36,"label":"No Frame / Large 24\" x 36\"","margin":2},{"vendor":"society6","url":"https://society6.com/products/lake-michigan-sunrise-chicago_art-print?variant=48738861908212","price":125.0,"currency":"USD","framed":false,"w":30,"h":40,"label":"No Frame / X-Large 30\" x 40\"","margin":2}]
s6-aerial-beach-print-aerial-beach-photography-	radub85	https://society6.com/products/aerial-beach-print-aerial-beach-photography-emerald-turquoise-ocean-beach-photography-ocean-waves-beach-art-poster-home-decor-art-print_art-print	Emerald Beach from Above	photo	water	https://cdn.shopify.com/s/files/1/0781/0282/3156/files/art-my-house-aerial-beach-print-aerial-beach-photography-emerald-turquoise-ocean-beach-photography-ocean-waves-be-art-print-whitebg-8x10.jpg?v=1781809166&crop=region&crop_left=274&crop_top=242&crop_width=253&crop_height=310&art=1	[{"vendor":"society6","url":"https://society6.com/products/aerial-beach-print-aerial-beach-photography-emerald-turquoise-ocean-beach-photography-ocean-waves-beach-art-poster-home-decor-art-print_art-print?variant=48722814599412","price":30.0,"currency":"USD","framed":false,"w":8,"h":10,"label":"No Frame / X-Small 8\" x 10\"","margin":1},{"vendor":"society6","url":"https://society6.com/products/aerial-beach-print-aerial-beach-photography-emerald-turquoise-ocean-beach-photography-ocean-waves-beach-art-poster-home-decor-art-print_art-print?variant=48722814632180","price":45.0,"currency":"USD","framed":false,"w":11,"h":14,"label":"No Frame / Small 11\" x 14\"","margin":1},{"vendor":"society6","url":"https://society6.com/products/aerial-beach-print-aerial-beach-photography-emerald-turquoise-ocean-beach-photography-ocean-waves-beach-art-poster-home-decor-art-print_art-print?variant=48722814664948","price":50.0,"currency":"USD","framed":false,"w":13,"h":19,"label":"No Frame / Small 13\" x 19\"","margin":1},{"vendor":"society6","url":"https://society6.com/products/aerial-beach-print-aerial-beach-photography-emerald-turquoise-ocean-beach-photography-ocean-waves-beach-art-poster-home-decor-art-print_art-print?variant=48722814697716","price":55.0,"currency":"USD","framed":false,"w":16,"h":20,"label":"No Frame / Medium 16\" x 20\"","margin":2},{"vendor":"society6","url":"https://society6.com/products/aerial-beach-print-aerial-beach-photography-emerald-turquoise-ocean-beach-photography-ocean-waves-beach-art-poster-home-decor-art-print_art-print?variant=48722814730484","price":60.0,"currency":"USD","framed":false,"w":18,"h":24,"label":"No Frame / Medium 18\" x 24\"","margin":2},{"vendor":"society6","url":"https://society6.com/products/aerial-beach-print-aerial-beach-photography-emerald-turquoise-ocean-beach-photography-ocean-waves-beach-art-poster-home-decor-art-print_art-print?variant=48722814763252","price":95.0,"currency":"USD","framed":false,"w":24,"h":36,"label":"No Frame / Large 24\" x 36\"","margin":2},{"vendor":"society6","url":"https://society6.com/products/aerial-beach-print-aerial-beach-photography-emerald-turquoise-ocean-beach-photography-ocean-waves-beach-art-poster-home-decor-art-print_art-print?variant=48722814796020","price":125.0,"currency":"USD","framed":false,"w":30,"h":40,"label":"No Frame / X-Large 30\" x 40\"","margin":2}]
s6-beach-vibes-umbrellas-print-ocean-sea-beach-	radub85	https://society6.com/products/beach-vibes-umbrellas-print-ocean-sea-beach-people-print-aerial-beach-summer-art-print-aerial-photography-summer-vibes-coastal-art_art-print	Beach Umbrellas from Above	photo	water	https://cdn.shopify.com/s/files/1/0781/0282/3156/files/art-my-house-beach-vibes-umbrellas-print-ocean-sea-beach-people-print-aerial-beach-summer-art-print-aerial-photog-art-print-whitebg-8x10.jpg?v=1781802777&crop=region&crop_left=242&crop_top=267&crop_width=316&crop_height=259&art=1	[{"vendor":"society6","url":"https://society6.com/products/beach-vibes-umbrellas-print-ocean-sea-beach-people-print-aerial-beach-summer-art-print-aerial-photography-summer-vibes-coastal-art_art-print?variant=48720686711028","price":30.0,"currency":"USD","framed":false,"w":8,"h":10,"label":"No Frame / X-Small 8\" x 10\"","margin":1},{"vendor":"society6","url":"https://society6.com/products/beach-vibes-umbrellas-print-ocean-sea-beach-people-print-aerial-beach-summer-art-print-aerial-photography-summer-vibes-coastal-art_art-print?variant=48720686743796","price":45.0,"currency":"USD","framed":false,"w":11,"h":14,"label":"No Frame / Small 11\" x 14\"","margin":1},{"vendor":"society6","url":"https://society6.com/products/beach-vibes-umbrellas-print-ocean-sea-beach-people-print-aerial-beach-summer-art-print-aerial-photography-summer-vibes-coastal-art_art-print?variant=48720686776564","price":50.0,"currency":"USD","framed":false,"w":13,"h":19,"label":"No Frame / Small 13\" x 19\"","margin":1},{"vendor":"society6","url":"https://society6.com/products/beach-vibes-umbrellas-print-ocean-sea-beach-people-print-aerial-beach-summer-art-print-aerial-photography-summer-vibes-coastal-art_art-print?variant=48720686809332","price":55.0,"currency":"USD","framed":false,"w":16,"h":20,"label":"No Frame / Medium 16\" x 20\"","margin":2},{"vendor":"society6","url":"https://society6.com/products/beach-vibes-umbrellas-print-ocean-sea-beach-people-print-aerial-beach-summer-art-print-aerial-photography-summer-vibes-coastal-art_art-print?variant=48720686842100","price":60.0,"currency":"USD","framed":false,"w":18,"h":24,"label":"No Frame / Medium 18\" x 24\"","margin":2},{"vendor":"society6","url":"https://society6.com/products/beach-vibes-umbrellas-print-ocean-sea-beach-people-print-aerial-beach-summer-art-print-aerial-photography-summer-vibes-coastal-art_art-print?variant=48720686874868","price":95.0,"currency":"USD","framed":false,"w":24,"h":36,"label":"No Frame / Large 24\" x 36\"","margin":2},{"vendor":"society6","url":"https://society6.com/products/beach-vibes-umbrellas-print-ocean-sea-beach-people-print-aerial-beach-summer-art-print-aerial-photography-summer-vibes-coastal-art_art-print?variant=48720686907636","price":125.0,"currency":"USD","framed":false,"w":30,"h":40,"label":"No Frame / X-Large 30\" x 40\"","margin":2}]
s6-the-sound-of-waves4955575	underdott	https://society6.com/products/the-sound-of-waves4955575_art-print	The sound of waves ...	print	water	https://cdn.shopify.com/s/files/1/0781/0282/3156/files/underdott-the-sound-of-waves-art-print-whitebg-8x10.jpg?v=1781473635&crop=region&crop_left=272&crop_top=242&crop_width=255&crop_height=310&art=1	[{"vendor":"society6","url":"https://society6.com/products/the-sound-of-waves4955575_art-print?variant=48623109865716","price":30.0,"currency":"USD","framed":false,"w":8,"h":10,"label":"No Frame / X-Small 8\" x 10\"","margin":1},{"vendor":"society6","url":"https://society6.com/products/the-sound-of-waves4955575_art-print?variant=48623109898484","price":40.0,"currency":"USD","framed":false,"w":10,"h":10,"label":"No Frame / Small 10\" x 10\"","margin":1},{"vendor":"society6","url":"https://society6.com/products/the-sound-of-waves4955575_art-print?variant=48623109931252","price":45.0,"currency":"USD","framed":false,"w":11,"h":14,"label":"No Frame / Small 11\" x 14\"","margin":1},{"vendor":"society6","url":"https://society6.com/products/the-sound-of-waves4955575_art-print?variant=48623109964020","price":50.0,"currency":"USD","framed":false,"w":13,"h":19,"label":"No Frame / Small 13\" x 19\"","margin":1},{"vendor":"society6","url":"https://society6.com/products/the-sound-of-waves4955575_art-print?variant=48623109996788","price":65.0,"currency":"USD","framed":false,"w":20,"h":20,"label":"No Frame / Medium 20\" x 20\"","margin":2},{"vendor":"society6","url":"https://society6.com/products/the-sound-of-waves4955575_art-print?variant=48623110029556","price":55.0,"currency":"USD","framed":false,"w":16,"h":20,"label":"No Frame / Medium 16\" x 20\"","margin":2},{"vendor":"society6","url":"https://society6.com/products/the-sound-of-waves4955575_art-print?variant=48623110062324","price":60.0,"currency":"USD","framed":false,"w":18,"h":24,"label":"No Frame / Medium 18\" x 24\"","margin":2},{"vendor":"society6","url":"https://society6.com/products/the-sound-of-waves4955575_art-print?variant=48623110095092","price":95.0,"currency":"USD","framed":false,"w":24,"h":36,"label":"No Frame / Large 24\" x 36\"","margin":2},{"vendor":"society6","url":"https://society6.com/products/the-sound-of-waves4955575_art-print?variant=48623110127860","price":125.0,"currency":"USD","framed":false,"w":30,"h":40,"label":"No Frame / X-Large 30\" x 40\"","margin":2}]
s6-tiny-surfers-in-lima-illustrated	carrielymandesigns	https://society6.com/products/tiny-surfers-in-lima-illustrated_art-print	Tiny Surfers in Lima	print	water	https://cdn.shopify.com/s/files/1/0781/0282/3156/files/lyman-creative-co-tiny-surfers-in-lima-i-art-print-whitebg-8x10.jpg?v=1781748295&crop=region&crop_left=245&crop_top=271&crop_width=310&crop_height=253&art=1	[{"vendor":"society6","url":"https://society6.com/products/tiny-surfers-in-lima-illustrated_art-print?variant=48704659718388","price":30.0,"currency":"USD","framed":false,"w":8,"h":10,"label":"No Frame / X-Small 8\" x 10\"","margin":1},{"vendor":"society6","url":"https://society6.com/products/tiny-surfers-in-lima-illustrated_art-print?variant=48704659751156","price":45.0,"currency":"USD","framed":false,"w":11,"h":14,"label":"No Frame / Small 11\" x 14\"","margin":1},{"vendor":"society6","url":"https://society6.com/products/tiny-surfers-in-lima-illustrated_art-print?variant=48704659783924","price":50.0,"currency":"USD","framed":false,"w":13,"h":19,"label":"No Frame / Small 13\" x 19\"","margin":1},{"vendor":"society6","url":"https://society6.com/products/tiny-surfers-in-lima-illustrated_art-print?variant=48704659816692","price":55.0,"currency":"USD","framed":false,"w":16,"h":20,"label":"No Frame / Medium 16\" x 20\"","margin":2},{"vendor":"society6","url":"https://society6.com/products/tiny-surfers-in-lima-illustrated_art-print?variant=48704659849460","price":60.0,"currency":"USD","framed":false,"w":18,"h":24,"label":"No Frame / Medium 18\" x 24\"","margin":2},{"vendor":"society6","url":"https://society6.com/products/tiny-surfers-in-lima-illustrated_art-print?variant=48704659882228","price":95.0,"currency":"USD","framed":false,"w":24,"h":36,"label":"No Frame / Large 24\" x 36\"","margin":2},{"vendor":"society6","url":"https://society6.com/products/tiny-surfers-in-lima-illustrated_art-print?variant=48704659914996","price":125.0,"currency":"USD","framed":false,"w":30,"h":40,"label":"No Frame / X-Large 30\" x 40\"","margin":2}]
s6-sunset-surf2097403	galdesign	https://society6.com/products/sunset-surf2097403_art-print	Sunset Surf	photo	water	https://cdn.shopify.com/s/files/1/0781/0282/3156/files/gal-design-sunset-surf-ii-art-print-whitebg-8x10.jpg?v=1781699040&crop=region&crop_left=272&crop_top=243&crop_width=255&crop_height=309&art=1	[{"vendor":"society6","url":"https://society6.com/products/sunset-surf2097403_art-print?variant=48689331896564","price":30.0,"currency":"USD","framed":false,"w":8,"h":10,"label":"No Frame / X-Small 8\" x 10\"","margin":1},{"vendor":"society6","url":"https://society6.com/products/sunset-surf2097403_art-print?variant=48689331929332","price":45.0,"currency":"USD","framed":false,"w":11,"h":14,"label":"No Frame / Small 11\" x 14\"","margin":1},{"vendor":"society6","url":"https://society6.com/products/sunset-surf2097403_art-print?variant=48689331962100","price":50.0,"currency":"USD","framed":false,"w":13,"h":19,"label":"No Frame / Small 13\" x 19\"","margin":1},{"vendor":"society6","url":"https://society6.com/products/sunset-surf2097403_art-print?variant=48689331994868","price":55.0,"currency":"USD","framed":false,"w":16,"h":20,"label":"No Frame / Medium 16\" x 20\"","margin":2},{"vendor":"society6","url":"https://society6.com/products/sunset-surf2097403_art-print?variant=48689332027636","price":60.0,"currency":"USD","framed":false,"w":18,"h":24,"label":"No Frame / Medium 18\" x 24\"","margin":2},{"vendor":"society6","url":"https://society6.com/products/sunset-surf2097403_art-print?variant=48689332060404","price":95.0,"currency":"USD","framed":false,"w":24,"h":36,"label":"No Frame / Large 24\" x 36\"","margin":2},{"vendor":"society6","url":"https://society6.com/products/sunset-surf2097403_art-print?variant=48689332093172","price":125.0,"currency":"USD","framed":false,"w":30,"h":40,"label":"No Frame / X-Large 30\" x 40\"","margin":2}]
s6-blue-whale1382506	spacefrogdesigns	https://society6.com/products/blue-whale1382506_art-print	Blue Whale	print	water	https://cdn.shopify.com/s/files/1/0781/0282/3156/files/spacefrogdesigns-blue-whale-i-art-print-whitebg-8x10.jpg?v=1780886170&crop=region&crop_left=272&crop_top=242&crop_width=255&crop_height=310&art=1	[{"vendor":"society6","url":"https://society6.com/products/blue-whale1382506_art-print?variant=48458732634356","price":30.0,"currency":"USD","framed":false,"w":8,"h":10,"label":"No Frame / X-Small 8\" x 10\"","margin":1},{"vendor":"society6","url":"https://society6.com/products/blue-whale1382506_art-print?variant=48458732667124","price":40.0,"currency":"USD","framed":false,"w":10,"h":10,"label":"No Frame / Small 10\" x 10\"","margin":1},{"vendor":"society6","url":"https://society6.com/products/blue-whale1382506_art-print?variant=48458732699892","price":45.0,"currency":"USD","framed":false,"w":11,"h":14,"label":"No Frame / Small 11\" x 14\"","margin":1},{"vendor":"society6","url":"https://society6.com/products/blue-whale1382506_art-print?variant=48458732732660","price":50.0,"currency":"USD","framed":false,"w":13,"h":19,"label":"No Frame / Small 13\" x 19\"","margin":1},{"vendor":"society6","url":"https://society6.com/products/blue-whale1382506_art-print?variant=48458732765428","price":65.0,"currency":"USD","framed":false,"w":20,"h":20,"label":"No Frame / Medium 20\" x 20\"","margin":2},{"vendor":"society6","url":"https://society6.com/products/blue-whale1382506_art-print?variant=48458732798196","price":55.0,"currency":"USD","framed":false,"w":16,"h":20,"label":"No Frame / Medium 16\" x 20\"","margin":2},{"vendor":"society6","url":"https://society6.com/products/blue-whale1382506_art-print?variant=48458732830964","price":60.0,"currency":"USD","framed":false,"w":18,"h":24,"label":"No Frame / Medium 18\" x 24\"","margin":2},{"vendor":"society6","url":"https://society6.com/products/blue-whale1382506_art-print?variant=48458732863732","price":95.0,"currency":"USD","framed":false,"w":24,"h":36,"label":"No Frame / Large 24\" x 36\"","margin":2},{"vendor":"society6","url":"https://society6.com/products/blue-whale1382506_art-print?variant=48458732896500","price":125.0,"currency":"USD","framed":false,"w":30,"h":40,"label":"No Frame / X-Large 30\" x 40\"","margin":2}]
s6-santa-monica-beach6230126	eyepoetry	https://society6.com/products/santa-monica-beach6230126_art-print	Santa Monica Beach	photo	water	https://cdn.shopify.com/s/files/1/0781/0282/3156/files/eye-poetry-photography-santa-monica-beach-coastal-landscape-photography-california-art-print-whitebg-8x10.jpg?v=1778996560&crop=region&crop_left=242&crop_top=270&crop_width=313&crop_height=256&art=1	[{"vendor":"society6","url":"https://society6.com/products/santa-monica-beach6230126_art-print?variant=48266708451572","price":30.0,"currency":"USD","framed":false,"w":8,"h":10,"label":"No Frame / X-Small 8\" x 10\"","margin":1},{"vendor":"society6","url":"https://society6.com/products/santa-monica-beach6230126_art-print?variant=48266708484340","price":45.0,"currency":"USD","framed":false,"w":11,"h":14,"label":"No Frame / Small 11\" x 14\"","margin":1},{"vendor":"society6","url":"https://society6.com/products/santa-monica-beach6230126_art-print?variant=48266708517108","price":50.0,"currency":"USD","framed":false,"w":13,"h":19,"label":"No Frame / Small 13\" x 19\"","margin":1},{"vendor":"society6","url":"https://society6.com/products/santa-monica-beach6230126_art-print?variant=48266708549876","price":55.0,"currency":"USD","framed":false,"w":16,"h":20,"label":"No Frame / Medium 16\" x 20\"","margin":2},{"vendor":"society6","url":"https://society6.com/products/santa-monica-beach6230126_art-print?variant=48266708582644","price":60.0,"currency":"USD","framed":false,"w":18,"h":24,"label":"No Frame / Medium 18\" x 24\"","margin":2},{"vendor":"society6","url":"https://society6.com/products/santa-monica-beach6230126_art-print?variant=48266708615412","price":95.0,"currency":"USD","framed":false,"w":24,"h":36,"label":"No Frame / Large 24\" x 36\"","margin":2},{"vendor":"society6","url":"https://society6.com/products/santa-monica-beach6230126_art-print?variant=48266708648180","price":125.0,"currency":"USD","framed":false,"w":30,"h":40,"label":"No Frame / X-Large 30\" x 40\"","margin":2}]
s6-rum-on-the-rocks	tylervarsell	https://society6.com/products/rum-on-the-rocks_art-print	Rum on the Rocks	print	water	https://cdn.shopify.com/s/files/1/0781/0282/3156/files/tyler-varsell-rum-on-the-rocks-art-print-whitebg-8x10.jpg?v=1778867630&crop=region&crop_left=272&crop_top=242&crop_width=255&crop_height=315&art=1	[{"vendor":"society6","url":"https://society6.com/products/rum-on-the-rocks_art-print?variant=48232079786228","price":30.0,"currency":"USD","framed":false,"w":8,"h":10,"label":"No Frame / X-Small 8\" x 10\"","margin":1},{"vendor":"society6","url":"https://society6.com/products/rum-on-the-rocks_art-print?variant=48232079818996","price":45.0,"currency":"USD","framed":false,"w":11,"h":14,"label":"No Frame / Small 11\" x 14\"","margin":1},{"vendor":"society6","url":"https://society6.com/products/rum-on-the-rocks_art-print?variant=48232079851764","price":50.0,"currency":"USD","framed":false,"w":13,"h":19,"label":"No Frame / Small 13\" x 19\"","margin":1},{"vendor":"society6","url":"https://society6.com/products/rum-on-the-rocks_art-print?variant=48232079884532","price":55.0,"currency":"USD","framed":false,"w":16,"h":20,"label":"No Frame / Medium 16\" x 20\"","margin":2},{"vendor":"society6","url":"https://society6.com/products/rum-on-the-rocks_art-print?variant=48232079917300","price":60.0,"currency":"USD","framed":false,"w":18,"h":24,"label":"No Frame / Medium 18\" x 24\"","margin":2},{"vendor":"society6","url":"https://society6.com/products/rum-on-the-rocks_art-print?variant=48232079950068","price":95.0,"currency":"USD","framed":false,"w":24,"h":36,"label":"No Frame / Large 24\" x 36\"","margin":2},{"vendor":"society6","url":"https://society6.com/products/rum-on-the-rocks_art-print?variant=48232079982836","price":125.0,"currency":"USD","framed":false,"w":30,"h":40,"label":"No Frame / X-Large 30\" x 40\"","margin":2}]
s6-crowned-by-the-sea	nadja1	https://society6.com/products/crowned-by-the-sea_art-print	Crowned by the Sea	print	water	https://cdn.shopify.com/s/files/1/0781/0282/3156/files/nadja-crowned-by-the-sea-art-print-whitebg-8x10.jpg?v=1791031183&crop=region&crop_left=242&crop_top=270&crop_width=316&crop_height=256&art=1	[{"vendor":"society6","url":"https://society6.com/products/crowned-by-the-sea_art-print?variant=67687838810356","price":30.0,"currency":"USD","framed":false,"w":10,"h":8,"label":"No Frame / X-Small 10\" x 8\"","margin":1},{"vendor":"society6","url":"https://society6.com/products/crowned-by-the-sea_art-print?variant=67687838843124","price":45.0,"currency":"USD","framed":false,"w":14,"h":11,"label":"No Frame / Small 14\" x 11\"","margin":1},{"vendor":"society6","url":"https://society6.com/products/crowned-by-the-sea_art-print?variant=67687838875892","price":55.0,"currency":"USD","framed":false,"w":20,"h":16,"label":"No Frame / Medium 20\" x 16\"","margin":2},{"vendor":"society6","url":"https://society6.com/products/crowned-by-the-sea_art-print?variant=67687838908660","price":60.0,"currency":"USD","framed":false,"w":24,"h":18,"label":"No Frame / Medium 24\" x 18\"","margin":2},{"vendor":"society6","url":"https://society6.com/products/crowned-by-the-sea_art-print?variant=67687838941428","price":125.0,"currency":"USD","framed":false,"w":40,"h":30,"label":"No Frame / X-Large 40\" x 30\"","margin":2}]
s6-abstract-pastel-ocean-sunset	mauikauai	https://society6.com/products/abstract-pastel-ocean-sunset_art-print	abstract pastel ocean sunset	print	water	https://cdn.shopify.com/s/files/1/0781/0282/3156/files/mauikauai-abstract-pastel-ocean-sunset-art-print-whitebg-8x10.jpg?v=1791017837&crop=region&crop_left=272&crop_top=242&crop_width=255&crop_height=310&art=1	[{"vendor":"society6","url":"https://society6.com/products/abstract-pastel-ocean-sunset_art-print?variant=67686495748340","price":30.0,"currency":"USD","framed":false,"w":8,"h":10,"label":"No Frame / X-Small 8\" x 10\"","margin":1},{"vendor":"society6","url":"https://society6.com/products/abstract-pastel-ocean-sunset_art-print?variant=67686495781108","price":40.0,"currency":"USD","framed":false,"w":10,"h":10,"label":"No Frame / Small 10\" x 10\"","margin":1},{"vendor":"society6","url":"https://society6.com/products/abstract-pastel-ocean-sunset_art-print?variant=67686495813876","price":45.0,"currency":"USD","framed":false,"w":11,"h":14,"label":"No Frame / Small 11\" x 14\"","margin":1},{"vendor":"society6","url":"https://society6.com/products/abstract-pastel-ocean-sunset_art-print?variant=67686495846644","price":65.0,"currency":"USD","framed":false,"w":20,"h":20,"label":"No Frame / Medium 20\" x 20\"","margin":2},{"vendor":"society6","url":"https://society6.com/products/abstract-pastel-ocean-sunset_art-print?variant=67686495879412","price":55.0,"currency":"USD","framed":false,"w":16,"h":20,"label":"No Frame / Medium 16\" x 20\"","margin":2},{"vendor":"society6","url":"https://society6.com/products/abstract-pastel-ocean-sunset_art-print?variant=67686495912180","price":60.0,"currency":"USD","framed":false,"w":18,"h":24,"label":"No Frame / Medium 18\" x 24\"","margin":2},{"vendor":"society6","url":"https://society6.com/products/abstract-pastel-ocean-sunset_art-print?variant=67686495944948","price":125.0,"currency":"USD","framed":false,"w":30,"h":40,"label":"No Frame / X-Large 30\" x 40\"","margin":2}]
s6-at-the-beach-two	ingz	https://society6.com/products/at-the-beach-two_art-print	At the Beach II	photo	water	https://cdn.shopify.com/s/files/1/0781/0282/3156/files/ingrid-beddoes-at-the-beach-two-art-print-whitebg-8x10.jpg?v=1782490995&crop=region&crop_left=242&crop_top=272&crop_width=313&crop_height=253&art=1	[{"vendor":"society6","url":"https://society6.com/products/at-the-beach-two_art-print?variant=48783575941364","price":30.0,"currency":"USD","framed":false,"w":8,"h":10,"label":"No Frame / X-Small 8\" x 10\"","margin":1},{"vendor":"society6","url":"https://society6.com/products/at-the-beach-two_art-print?variant=48783575974132","price":45.0,"currency":"USD","framed":false,"w":11,"h":14,"label":"No Frame / Small 11\" x 14\"","margin":1},{"vendor":"society6","url":"https://society6.com/products/at-the-beach-two_art-print?variant=48783576006900","price":50.0,"currency":"USD","framed":false,"w":13,"h":19,"label":"No Frame / Small 13\" x 19\"","margin":1},{"vendor":"society6","url":"https://society6.com/products/at-the-beach-two_art-print?variant=48783576039668","price":55.0,"currency":"USD","framed":false,"w":16,"h":20,"label":"No Frame / Medium 16\" x 20\"","margin":2},{"vendor":"society6","url":"https://society6.com/products/at-the-beach-two_art-print?variant=48783576072436","price":60.0,"currency":"USD","framed":false,"w":18,"h":24,"label":"No Frame / Medium 18\" x 24\"","margin":2},{"vendor":"society6","url":"https://society6.com/products/at-the-beach-two_art-print?variant=48783576105204","price":95.0,"currency":"USD","framed":false,"w":24,"h":36,"label":"No Frame / Large 24\" x 36\"","margin":2},{"vendor":"society6","url":"https://society6.com/products/at-the-beach-two_art-print?variant=48783576137972","price":125.0,"currency":"USD","framed":false,"w":30,"h":40,"label":"No Frame / X-Large 30\" x 40\"","margin":2}]
s6-palm-trees-on-venice-beach-los-angeles-calif	ppolecho	https://society6.com/products/palm-trees-on-venice-beach-los-angeles-california-travel-photography_art-print	Venice Beach Palms	photo	beach	https://cdn.shopify.com/s/files/1/0781/0282/3156/files/pati-photography--fine-art-travel-print-palm-trees-on-venice-beach-los-angeles-california-travel-photography-art-print-whitebg-8x10.jpg?v=1781580816&crop=region&crop_left=273&crop_top=242&crop_width=254&crop_height=314&art=1	[{"vendor":"society6","url":"https://society6.com/products/palm-trees-on-venice-beach-los-angeles-california-travel-photography_art-print?variant=48653905133812","price":30.0,"currency":"USD","framed":false,"w":8,"h":10,"label":"No Frame / X-Small 8\" x 10\"","margin":1},{"vendor":"society6","url":"https://society6.com/products/palm-trees-on-venice-beach-los-angeles-california-travel-photography_art-print?variant=48653905166580","price":40.0,"currency":"USD","framed":false,"w":10,"h":10,"label":"No Frame / Small 10\" x 10\"","margin":1},{"vendor":"society6","url":"https://society6.com/products/palm-trees-on-venice-beach-los-angeles-california-travel-photography_art-print?variant=48653905199348","price":45.0,"currency":"USD","framed":false,"w":11,"h":14,"label":"No Frame / Small 11\" x 14\"","margin":1},{"vendor":"society6","url":"https://society6.com/products/palm-trees-on-venice-beach-los-angeles-california-travel-photography_art-print?variant=48653905232116","price":50.0,"currency":"USD","framed":false,"w":13,"h":19,"label":"No Frame / Small 13\" x 19\"","margin":1},{"vendor":"society6","url":"https://society6.com/products/palm-trees-on-venice-beach-los-angeles-california-travel-photography_art-print?variant=48653905264884","price":65.0,"currency":"USD","framed":false,"w":20,"h":20,"label":"No Frame / Medium 20\" x 20\"","margin":2},{"vendor":"society6","url":"https://society6.com/products/palm-trees-on-venice-beach-los-angeles-california-travel-photography_art-print?variant=48653905297652","price":55.0,"currency":"USD","framed":false,"w":16,"h":20,"label":"No Frame / Medium 16\" x 20\"","margin":2},{"vendor":"society6","url":"https://society6.com/products/palm-trees-on-venice-beach-los-angeles-california-travel-photography_art-print?variant=48653905330420","price":60.0,"currency":"USD","framed":false,"w":18,"h":24,"label":"No Frame / Medium 18\" x 24\"","margin":2},{"vendor":"society6","url":"https://society6.com/products/palm-trees-on-venice-beach-los-angeles-california-travel-photography_art-print?variant=48653905363188","price":95.0,"currency":"USD","framed":false,"w":24,"h":36,"label":"No Frame / Large 24\" x 36\"","margin":2},{"vendor":"society6","url":"https://society6.com/products/palm-trees-on-venice-beach-los-angeles-california-travel-photography_art-print?variant=48653905395956","price":125.0,"currency":"USD","framed":false,"w":30,"h":40,"label":"No Frame / X-Large 30\" x 40\"","margin":2}]
s6-a-day-at-the-beach6532731	galdesign	https://society6.com/products/a-day-at-the-beach6532731_art-print	A Day At The Beach	photo	beach	https://cdn.shopify.com/s/files/1/0781/0282/3156/files/gal-design-a-day-at-the-beach-i-art-print-whitebg-8x10.jpg?v=1779002671&crop=region&crop_left=272&crop_top=242&crop_width=255&crop_height=314&art=1	[{"vendor":"society6","url":"https://society6.com/products/a-day-at-the-beach6532731_art-print?variant=48268378964212","price":30.0,"currency":"USD","framed":false,"w":8,"h":10,"label":"No Frame / X-Small 8\" x 10\"","margin":1},{"vendor":"society6","url":"https://society6.com/products/a-day-at-the-beach6532731_art-print?variant=48268378996980","price":45.0,"currency":"USD","framed":false,"w":11,"h":14,"label":"No Frame / Small 11\" x 14\"","margin":1},{"vendor":"society6","url":"https://society6.com/products/a-day-at-the-beach6532731_art-print?variant=48268379029748","price":50.0,"currency":"USD","framed":false,"w":13,"h":19,"label":"No Frame / Small 13\" x 19\"","margin":1},{"vendor":"society6","url":"https://society6.com/products/a-day-at-the-beach6532731_art-print?variant=48268379062516","price":55.0,"currency":"USD","framed":false,"w":16,"h":20,"label":"No Frame / Medium 16\" x 20\"","margin":2},{"vendor":"society6","url":"https://society6.com/products/a-day-at-the-beach6532731_art-print?variant=48268379095284","price":60.0,"currency":"USD","framed":false,"w":18,"h":24,"label":"No Frame / Medium 18\" x 24\"","margin":2},{"vendor":"society6","url":"https://society6.com/products/a-day-at-the-beach6532731_art-print?variant=48268379128052","price":95.0,"currency":"USD","framed":false,"w":24,"h":36,"label":"No Frame / Large 24\" x 36\"","margin":2},{"vendor":"society6","url":"https://society6.com/products/a-day-at-the-beach6532731_art-print?variant=48268379160820","price":125.0,"currency":"USD","framed":false,"w":30,"h":40,"label":"No Frame / X-Large 30\" x 40\"","margin":2}]
s6-rocky-san-diego-coastline-fine-art-print	sidecarphoto	https://society6.com/products/rocky-san-diego-coastline-fine-art-print_art-print	San Diego Coastline	photo	beach	https://cdn.shopify.com/s/files/1/0781/0282/3156/files/sidecarphoto-travel-photography-rocky-san-diego-coastline-fine-art-print-whitebg-8x10.jpg?v=1778902101&crop=region&crop_left=274&crop_top=244&crop_width=253&crop_height=310&art=1	[{"vendor":"society6","url":"https://society6.com/products/rocky-san-diego-coastline-fine-art-print_art-print?variant=48239271117044","price":30.0,"currency":"USD","framed":false,"w":8,"h":10,"label":"No Frame / X-Small 8\" x 10\"","margin":1},{"vendor":"society6","url":"https://society6.com/products/rocky-san-diego-coastline-fine-art-print_art-print?variant=48239271149812","price":45.0,"currency":"USD","framed":false,"w":11,"h":14,"label":"No Frame / Small 11\" x 14\"","margin":1},{"vendor":"society6","url":"https://society6.com/products/rocky-san-diego-coastline-fine-art-print_art-print?variant=48239271182580","price":50.0,"currency":"USD","framed":false,"w":13,"h":19,"label":"No Frame / Small 13\" x 19\"","margin":1},{"vendor":"society6","url":"https://society6.com/products/rocky-san-diego-coastline-fine-art-print_art-print?variant=48239271215348","price":55.0,"currency":"USD","framed":false,"w":16,"h":20,"label":"No Frame / Medium 16\" x 20\"","margin":2},{"vendor":"society6","url":"https://society6.com/products/rocky-san-diego-coastline-fine-art-print_art-print?variant=48239271248116","price":60.0,"currency":"USD","framed":false,"w":18,"h":24,"label":"No Frame / Medium 18\" x 24\"","margin":2},{"vendor":"society6","url":"https://society6.com/products/rocky-san-diego-coastline-fine-art-print_art-print?variant=48239271280884","price":95.0,"currency":"USD","framed":false,"w":24,"h":36,"label":"No Frame / Large 24\" x 36\"","margin":2},{"vendor":"society6","url":"https://society6.com/products/rocky-san-diego-coastline-fine-art-print_art-print?variant=48239271313652","price":125.0,"currency":"USD","framed":false,"w":30,"h":40,"label":"No Frame / X-Large 30\" x 40\"","margin":2}]
s6-watercolor-blue-crab8897187	michellemospens	https://society6.com/products/watercolor-blue-crab8897187_art-print	Watercolor Blue Crab	print	beach	https://cdn.shopify.com/s/files/1/0781/0282/3156/files/michelle-mospens-watercolor-blue-crab-art-print-whitebg-8x10.jpg?v=1778898367&crop=region&crop_left=231&crop_top=270&crop_width=333&crop_height=253&art=1	[{"vendor":"society6","url":"https://society6.com/products/watercolor-blue-crab8897187_art-print?variant=48238452474100","price":30.0,"currency":"USD","framed":false,"w":8,"h":10,"label":"No Frame / X-Small 8\" x 10\"","margin":1},{"vendor":"society6","url":"https://society6.com/products/watercolor-blue-crab8897187_art-print?variant=48238452506868","price":45.0,"currency":"USD","framed":false,"w":11,"h":14,"label":"No Frame / Small 11\" x 14\"","margin":1},{"vendor":"society6","url":"https://society6.com/products/watercolor-blue-crab8897187_art-print?variant=48238452539636","price":50.0,"currency":"USD","framed":false,"w":13,"h":19,"label":"No Frame / Small 13\" x 19\"","margin":1},{"vendor":"society6","url":"https://society6.com/products/watercolor-blue-crab8897187_art-print?variant=48238452572404","price":55.0,"currency":"USD","framed":false,"w":16,"h":20,"label":"No Frame / Medium 16\" x 20\"","margin":2},{"vendor":"society6","url":"https://society6.com/products/watercolor-blue-crab8897187_art-print?variant=48238452605172","price":60.0,"currency":"USD","framed":false,"w":18,"h":24,"label":"No Frame / Medium 18\" x 24\"","margin":2},{"vendor":"society6","url":"https://society6.com/products/watercolor-blue-crab8897187_art-print?variant=48238452637940","price":95.0,"currency":"USD","framed":false,"w":24,"h":36,"label":"No Frame / Large 24\" x 36\"","margin":2},{"vendor":"society6","url":"https://society6.com/products/watercolor-blue-crab8897187_art-print?variant=48238452670708","price":125.0,"currency":"USD","framed":false,"w":30,"h":40,"label":"No Frame / X-Large 30\" x 40\"","margin":2}]
s6-walk-on-the-beach-wpz	saraheisenlohr	https://society6.com/products/walk-on-the-beach-wpz_art-print	Walk on the Beach	print	beach	https://cdn.shopify.com/s/files/1/0781/0282/3156/files/sarah-eisenlohr-walk-on-the-beach-art-print-whitebg-8x10.jpg?v=1778817526&crop=region&crop_left=272&crop_top=242&crop_width=255&crop_height=314&art=1	[{"vendor":"society6","url":"https://society6.com/products/walk-on-the-beach-wpz_art-print?variant=48228597793012","price":30.0,"currency":"USD","framed":false,"w":8,"h":10,"label":"No Frame / X-Small 8\" x 10\"","margin":1},{"vendor":"society6","url":"https://society6.com/products/walk-on-the-beach-wpz_art-print?variant=48228597825780","price":45.0,"currency":"USD","framed":false,"w":11,"h":14,"label":"No Frame / Small 11\" x 14\"","margin":1},{"vendor":"society6","url":"https://society6.com/products/walk-on-the-beach-wpz_art-print?variant=48228597858548","price":50.0,"currency":"USD","framed":false,"w":13,"h":19,"label":"No Frame / Small 13\" x 19\"","margin":1},{"vendor":"society6","url":"https://society6.com/products/walk-on-the-beach-wpz_art-print?variant=48228597891316","price":55.0,"currency":"USD","framed":false,"w":16,"h":20,"label":"No Frame / Medium 16\" x 20\"","margin":2},{"vendor":"society6","url":"https://society6.com/products/walk-on-the-beach-wpz_art-print?variant=48228597924084","price":60.0,"currency":"USD","framed":false,"w":18,"h":24,"label":"No Frame / Medium 18\" x 24\"","margin":2},{"vendor":"society6","url":"https://society6.com/products/walk-on-the-beach-wpz_art-print?variant=48228597956852","price":95.0,"currency":"USD","framed":false,"w":24,"h":36,"label":"No Frame / Large 24\" x 36\"","margin":2},{"vendor":"society6","url":"https://society6.com/products/walk-on-the-beach-wpz_art-print?variant=48228597989620","price":125.0,"currency":"USD","framed":false,"w":30,"h":40,"label":"No Frame / X-Large 30\" x 40\"","margin":2}]
s6-her-mind-wandered-back-and-forth-with-the-wa	joystclaire	https://society6.com/products/her-mind-wandered-back-and-forth-with-the-waves_art-print	Her Mind Wandered	print	beach	https://cdn.shopify.com/s/files/1/0781/0282/3156/files/olivia-st-claire-her-mind-wandered-back-and-forth-with-the-waves-michigan-beach-nature-photograph-art-print-whitebg-8x10.jpg?v=1781861587&crop=region&crop_left=274&crop_top=242&crop_width=253&crop_height=309&art=1	[{"vendor":"society6","url":"https://society6.com/products/her-mind-wandered-back-and-forth-with-the-waves_art-print?variant=48739597615348","price":30.0,"currency":"USD","framed":false,"w":8,"h":10,"label":"No Frame / X-Small 8\" x 10\"","margin":1},{"vendor":"society6","url":"https://society6.com/products/her-mind-wandered-back-and-forth-with-the-waves_art-print?variant=48739597648116","price":45.0,"currency":"USD","framed":false,"w":11,"h":14,"label":"No Frame / Small 11\" x 14\"","margin":1},{"vendor":"society6","url":"https://society6.com/products/her-mind-wandered-back-and-forth-with-the-waves_art-print?variant=48739597680884","price":50.0,"currency":"USD","framed":false,"w":13,"h":19,"label":"No Frame / Small 13\" x 19\"","margin":1},{"vendor":"society6","url":"https://society6.com/products/her-mind-wandered-back-and-forth-with-the-waves_art-print?variant=48739597713652","price":55.0,"currency":"USD","framed":false,"w":16,"h":20,"label":"No Frame / Medium 16\" x 20\"","margin":2},{"vendor":"society6","url":"https://society6.com/products/her-mind-wandered-back-and-forth-with-the-waves_art-print?variant=48739597746420","price":60.0,"currency":"USD","framed":false,"w":18,"h":24,"label":"No Frame / Medium 18\" x 24\"","margin":2},{"vendor":"society6","url":"https://society6.com/products/her-mind-wandered-back-and-forth-with-the-waves_art-print?variant=48739597779188","price":95.0,"currency":"USD","framed":false,"w":24,"h":36,"label":"No Frame / Large 24\" x 36\"","margin":2},{"vendor":"society6","url":"https://society6.com/products/her-mind-wandered-back-and-forth-with-the-waves_art-print?variant=48739597811956","price":125.0,"currency":"USD","framed":false,"w":30,"h":40,"label":"No Frame / X-Large 30\" x 40\"","margin":2}]
s6-adventure-along-the-wild-sea	joystclaire	https://society6.com/products/adventure-along-the-wild-sea_art-print	Adventure Along the Wild Sea	print	beach	https://cdn.shopify.com/s/files/1/0781/0282/3156/files/olivia-st-claire-adventure-along-the-wild-sea-art-print-whitebg-8x10.jpg?v=1781860418&crop=region&crop_left=272&crop_top=244&crop_width=255&crop_height=308&art=1	[{"vendor":"society6","url":"https://society6.com/products/adventure-along-the-wild-sea_art-print?variant=48739046031604","price":30.0,"currency":"USD","framed":false,"w":8,"h":10,"label":"No Frame / X-Small 8\" x 10\"","margin":1},{"vendor":"society6","url":"https://society6.com/products/adventure-along-the-wild-sea_art-print?variant=48739046064372","price":45.0,"currency":"USD","framed":false,"w":11,"h":14,"label":"No Frame / Small 11\" x 14\"","margin":1},{"vendor":"society6","url":"https://society6.com/products/adventure-along-the-wild-sea_art-print?variant=48739046097140","price":50.0,"currency":"USD","framed":false,"w":13,"h":19,"label":"No Frame / Small 13\" x 19\"","margin":1},{"vendor":"society6","url":"https://society6.com/products/adventure-along-the-wild-sea_art-print?variant=48739046129908","price":55.0,"currency":"USD","framed":false,"w":16,"h":20,"label":"No Frame / Medium 16\" x 20\"","margin":2},{"vendor":"society6","url":"https://society6.com/products/adventure-along-the-wild-sea_art-print?variant=48739046162676","price":60.0,"currency":"USD","framed":false,"w":18,"h":24,"label":"No Frame / Medium 18\" x 24\"","margin":2},{"vendor":"society6","url":"https://society6.com/products/adventure-along-the-wild-sea_art-print?variant=48739046195444","price":95.0,"currency":"USD","framed":false,"w":24,"h":36,"label":"No Frame / Large 24\" x 36\"","margin":2},{"vendor":"society6","url":"https://society6.com/products/adventure-along-the-wild-sea_art-print?variant=48739046228212","price":125.0,"currency":"USD","framed":false,"w":30,"h":40,"label":"No Frame / X-Large 30\" x 40\"","margin":2}]
s6-turquoise-sea-pastel-beach-iii	nauticaldecor	https://society6.com/products/turquoise-sea-pastel-beach-iii_art-print	Turquoise Sea Pastel Beach III	photo	beach	https://cdn.shopify.com/s/files/1/0781/0282/3156/files/nautical-decor-turquoise-sea-pastel-beach-iii-art-print-whitebg-8x10.jpg?v=1781860410&crop=region&crop_left=272&crop_top=242&crop_width=255&crop_height=310&art=1	[{"vendor":"society6","url":"https://society6.com/products/turquoise-sea-pastel-beach-iii_art-print?variant=48739042197748","price":30.0,"currency":"USD","framed":false,"w":8,"h":10,"label":"No Frame / X-Small 8\" x 10\"","margin":1},{"vendor":"society6","url":"https://society6.com/products/turquoise-sea-pastel-beach-iii_art-print?variant=48739042230516","price":45.0,"currency":"USD","framed":false,"w":11,"h":14,"label":"No Frame / Small 11\" x 14\"","margin":1},{"vendor":"society6","url":"https://society6.com/products/turquoise-sea-pastel-beach-iii_art-print?variant=48739042263284","price":50.0,"currency":"USD","framed":false,"w":13,"h":19,"label":"No Frame / Small 13\" x 19\"","margin":1},{"vendor":"society6","url":"https://society6.com/products/turquoise-sea-pastel-beach-iii_art-print?variant=48739042296052","price":55.0,"currency":"USD","framed":false,"w":16,"h":20,"label":"No Frame / Medium 16\" x 20\"","margin":2},{"vendor":"society6","url":"https://society6.com/products/turquoise-sea-pastel-beach-iii_art-print?variant=48739042328820","price":60.0,"currency":"USD","framed":false,"w":18,"h":24,"label":"No Frame / Medium 18\" x 24\"","margin":2},{"vendor":"society6","url":"https://society6.com/products/turquoise-sea-pastel-beach-iii_art-print?variant=48739042361588","price":95.0,"currency":"USD","framed":false,"w":24,"h":36,"label":"No Frame / Large 24\" x 36\"","margin":2},{"vendor":"society6","url":"https://society6.com/products/turquoise-sea-pastel-beach-iii_art-print?variant=48739042394356","price":125.0,"currency":"USD","framed":false,"w":30,"h":40,"label":"No Frame / X-Large 30\" x 40\"","margin":2}]
s6-ocean719647	malicat	https://society6.com/products/ocean719647_art-print	Ocean	photo	beach	https://cdn.shopify.com/s/files/1/0781/0282/3156/files/morgan-schilke-ocean-iii-art-print-whitebg-8x10.jpg?v=1781859261&crop=region&crop_left=272&crop_top=270&crop_width=255&crop_height=282&art=1	[{"vendor":"society6","url":"https://society6.com/products/ocean719647_art-print?variant=48738682306804","price":30.0,"currency":"USD","framed":false,"w":8,"h":10,"label":"No Frame / X-Small 8\" x 10\"","margin":1},{"vendor":"society6","url":"https://society6.com/products/ocean719647_art-print?variant=48738682339572","price":45.0,"currency":"USD","framed":false,"w":11,"h":14,"label":"No Frame / Small 11\" x 14\"","margin":1},{"vendor":"society6","url":"https://society6.com/products/ocean719647_art-print?variant=48738682372340","price":50.0,"currency":"USD","framed":false,"w":13,"h":19,"label":"No Frame / Small 13\" x 19\"","margin":1},{"vendor":"society6","url":"https://society6.com/products/ocean719647_art-print?variant=48738682405108","price":55.0,"currency":"USD","framed":false,"w":16,"h":20,"label":"No Frame / Medium 16\" x 20\"","margin":2},{"vendor":"society6","url":"https://society6.com/products/ocean719647_art-print?variant=48738682437876","price":60.0,"currency":"USD","framed":false,"w":18,"h":24,"label":"No Frame / Medium 18\" x 24\"","margin":2},{"vendor":"society6","url":"https://society6.com/products/ocean719647_art-print?variant=48738682470644","price":95.0,"currency":"USD","framed":false,"w":24,"h":36,"label":"No Frame / Large 24\" x 36\"","margin":2},{"vendor":"society6","url":"https://society6.com/products/ocean719647_art-print?variant=48738682503412","price":125.0,"currency":"USD","framed":false,"w":30,"h":40,"label":"No Frame / X-Large 30\" x 40\"","margin":2}]
s6-moroccan-tiles3003371	amberstextiles	https://society6.com/products/moroccan-tiles3003371_art-print	Moroccan Tiles	print	coast	https://cdn.shopify.com/s/files/1/0781/0282/3156/files/ambers-textiles-moroccan-tiles-ii-art-print-whitebg-8x10.jpg?v=1781700336&crop=region&crop_left=272&crop_top=242&crop_width=255&crop_height=316&art=1	[{"vendor":"society6","url":"https://society6.com/products/moroccan-tiles3003371_art-print?variant=48689728880884","price":30.0,"currency":"USD","framed":false,"w":8,"h":10,"label":"No Frame / X-Small 8\" x 10\"","margin":1},{"vendor":"society6","url":"https://society6.com/products/moroccan-tiles3003371_art-print?variant=48689728913652","price":45.0,"currency":"USD","framed":false,"w":11,"h":14,"label":"No Frame / Small 11\" x 14\"","margin":1},{"vendor":"society6","url":"https://society6.com/products/moroccan-tiles3003371_art-print?variant=48689728946420","price":50.0,"currency":"USD","framed":false,"w":13,"h":19,"label":"No Frame / Small 13\" x 19\"","margin":1},{"vendor":"society6","url":"https://society6.com/products/moroccan-tiles3003371_art-print?variant=48689728979188","price":55.0,"currency":"USD","framed":false,"w":16,"h":20,"label":"No Frame / Medium 16\" x 20\"","margin":2},{"vendor":"society6","url":"https://society6.com/products/moroccan-tiles3003371_art-print?variant=48689729011956","price":60.0,"currency":"USD","framed":false,"w":18,"h":24,"label":"No Frame / Medium 18\" x 24\"","margin":2},{"vendor":"society6","url":"https://society6.com/products/moroccan-tiles3003371_art-print?variant=48689729044724","price":95.0,"currency":"USD","framed":false,"w":24,"h":36,"label":"No Frame / Large 24\" x 36\"","margin":2},{"vendor":"society6","url":"https://society6.com/products/moroccan-tiles3003371_art-print?variant=48689729077492","price":125.0,"currency":"USD","framed":false,"w":30,"h":40,"label":"No Frame / X-Large 30\" x 40\"","margin":2}]
s6-meadow-by-the-sea	nadja1	https://society6.com/products/meadow-by-the-sea_art-print	Meadow by the Sea	print	coast	https://cdn.shopify.com/s/files/1/0781/0282/3156/files/nadja-meadow-by-the-sea-art-print-whitebg-8x10.jpg?v=1781694049&crop=region&crop_left=272&crop_top=242&crop_width=255&crop_height=311&art=1	[{"vendor":"society6","url":"https://society6.com/products/meadow-by-the-sea_art-print?variant=48687797764340","price":30.0,"currency":"USD","framed":false,"w":8,"h":10,"label":"No Frame / X-Small 8\" x 10\"","margin":1},{"vendor":"society6","url":"https://society6.com/products/meadow-by-the-sea_art-print?variant=48687797797108","price":45.0,"currency":"USD","framed":false,"w":11,"h":14,"label":"No Frame / Small 11\" x 14\"","margin":1},{"vendor":"society6","url":"https://society6.com/products/meadow-by-the-sea_art-print?variant=48687797829876","price":50.0,"currency":"USD","framed":false,"w":13,"h":19,"label":"No Frame / Small 13\" x 19\"","margin":1},{"vendor":"society6","url":"https://society6.com/products/meadow-by-the-sea_art-print?variant=48687797862644","price":55.0,"currency":"USD","framed":false,"w":16,"h":20,"label":"No Frame / Medium 16\" x 20\"","margin":2},{"vendor":"society6","url":"https://society6.com/products/meadow-by-the-sea_art-print?variant=48687797895412","price":60.0,"currency":"USD","framed":false,"w":18,"h":24,"label":"No Frame / Medium 18\" x 24\"","margin":2},{"vendor":"society6","url":"https://society6.com/products/meadow-by-the-sea_art-print?variant=48687797928180","price":95.0,"currency":"USD","framed":false,"w":24,"h":36,"label":"No Frame / Large 24\" x 36\"","margin":2},{"vendor":"society6","url":"https://society6.com/products/meadow-by-the-sea_art-print?variant=48687797960948","price":125.0,"currency":"USD","framed":false,"w":30,"h":40,"label":"No Frame / X-Large 30\" x 40\"","margin":2}]
s6-sharks-humpback-whales-orcas-turtles-ocean-p	jesschampagne	https://society6.com/products/sharks-humpback-whales-orcas-turtles-ocean-play-print_art-print	Ocean Play	print	coast	https://cdn.shopify.com/s/files/1/0781/0282/3156/files/jess-champagne-sharks-humpback-whales-orcas-turtles-ocean-play-print-art-print-whitebg-8x10.jpg?v=1781506346&crop=region&crop_left=274&crop_top=242&crop_width=252&crop_height=309&art=1	[{"vendor":"society6","url":"https://society6.com/products/sharks-humpback-whales-orcas-turtles-ocean-play-print_art-print?variant=48632983683316","price":30.0,"currency":"USD","framed":false,"w":8,"h":10,"label":"No Frame / X-Small 8\" x 10\"","margin":1},{"vendor":"society6","url":"https://society6.com/products/sharks-humpback-whales-orcas-turtles-ocean-play-print_art-print?variant=48632983716084","price":40.0,"currency":"USD","framed":false,"w":10,"h":10,"label":"No Frame / Small 10\" x 10\"","margin":1},{"vendor":"society6","url":"https://society6.com/products/sharks-humpback-whales-orcas-turtles-ocean-play-print_art-print?variant=48632983748852","price":45.0,"currency":"USD","framed":false,"w":11,"h":14,"label":"No Frame / Small 11\" x 14\"","margin":1},{"vendor":"society6","url":"https://society6.com/products/sharks-humpback-whales-orcas-turtles-ocean-play-print_art-print?variant=48632983781620","price":50.0,"currency":"USD","framed":false,"w":13,"h":19,"label":"No Frame / Small 13\" x 19\"","margin":1},{"vendor":"society6","url":"https://society6.com/products/sharks-humpback-whales-orcas-turtles-ocean-play-print_art-print?variant=48632983814388","price":65.0,"currency":"USD","framed":false,"w":20,"h":20,"label":"No Frame / Medium 20\" x 20\"","margin":2},{"vendor":"society6","url":"https://society6.com/products/sharks-humpback-whales-orcas-turtles-ocean-play-print_art-print?variant=48632983847156","price":55.0,"currency":"USD","framed":false,"w":16,"h":20,"label":"No Frame / Medium 16\" x 20\"","margin":2},{"vendor":"society6","url":"https://society6.com/products/sharks-humpback-whales-orcas-turtles-ocean-play-print_art-print?variant=48632983879924","price":60.0,"currency":"USD","framed":false,"w":18,"h":24,"label":"No Frame / Medium 18\" x 24\"","margin":2},{"vendor":"society6","url":"https://society6.com/products/sharks-humpback-whales-orcas-turtles-ocean-play-print_art-print?variant=48632983912692","price":95.0,"currency":"USD","framed":false,"w":24,"h":36,"label":"No Frame / Large 24\" x 36\"","margin":2},{"vendor":"society6","url":"https://society6.com/products/sharks-humpback-whales-orcas-turtles-ocean-play-print_art-print?variant=48632983945460","price":125.0,"currency":"USD","framed":false,"w":30,"h":40,"label":"No Frame / X-Large 30\" x 40\"","margin":2}]
s6-surf-sisters3431304	galdesign	https://society6.com/products/surf-sisters3431304_art-print	Surf Sisters	photo	coast	https://cdn.shopify.com/s/files/1/0781/0282/3156/files/gal-design-surf-sisters-art-print-whitebg-8x10.jpg?v=1778868826&crop=region&crop_left=272&crop_top=242&crop_width=255&crop_height=310&art=1	[{"vendor":"society6","url":"https://society6.com/products/surf-sisters3431304_art-print?variant=48232361787636","price":30.0,"currency":"USD","framed":false,"w":8,"h":10,"label":"No Frame / X-Small 8\" x 10\"","margin":1},{"vendor":"society6","url":"https://society6.com/products/surf-sisters3431304_art-print?variant=48232361820404","price":45.0,"currency":"USD","framed":false,"w":11,"h":14,"label":"No Frame / Small 11\" x 14\"","margin":1},{"vendor":"society6","url":"https://society6.com/products/surf-sisters3431304_art-print?variant=48232361853172","price":50.0,"currency":"USD","framed":false,"w":13,"h":19,"label":"No Frame / Small 13\" x 19\"","margin":1},{"vendor":"society6","url":"https://society6.com/products/surf-sisters3431304_art-print?variant=48232361885940","price":55.0,"currency":"USD","framed":false,"w":16,"h":20,"label":"No Frame / Medium 16\" x 20\"","margin":2},{"vendor":"society6","url":"https://society6.com/products/surf-sisters3431304_art-print?variant=48232361918708","price":60.0,"currency":"USD","framed":false,"w":18,"h":24,"label":"No Frame / Medium 18\" x 24\"","margin":2},{"vendor":"society6","url":"https://society6.com/products/surf-sisters3431304_art-print?variant=48232361951476","price":95.0,"currency":"USD","framed":false,"w":24,"h":36,"label":"No Frame / Large 24\" x 36\"","margin":2},{"vendor":"society6","url":"https://society6.com/products/surf-sisters3431304_art-print?variant=48232361984244","price":125.0,"currency":"USD","framed":false,"w":30,"h":40,"label":"No Frame / X-Large 30\" x 40\"","margin":2}]
s6-sunset-by-the-sea-blue-ocean-pink-sky	madinja	https://society6.com/products/sunset-by-the-sea-blue-ocean-pink-sky_art-print	Sunset by the Sea	print	coast	https://cdn.shopify.com/s/files/1/0781/0282/3156/files/madinja-travel-and-nature-photography-sunset-by-the-sea-blue-ocean-pink-sky-art-print-whitebg-8x10.jpg?v=1781881835&crop=region&crop_left=272&crop_top=244&crop_width=255&crop_height=313&art=1	[{"vendor":"society6","url":"https://society6.com/products/sunset-by-the-sea-blue-ocean-pink-sky_art-print?variant=48749207093492","price":30.0,"currency":"USD","framed":false,"w":8,"h":10,"label":"No Frame / X-Small 8\" x 10\"","margin":1},{"vendor":"society6","url":"https://society6.com/products/sunset-by-the-sea-blue-ocean-pink-sky_art-print?variant=48749207126260","price":45.0,"currency":"USD","framed":false,"w":11,"h":14,"label":"No Frame / Small 11\" x 14\"","margin":1},{"vendor":"society6","url":"https://society6.com/products/sunset-by-the-sea-blue-ocean-pink-sky_art-print?variant=48749207159028","price":50.0,"currency":"USD","framed":false,"w":13,"h":19,"label":"No Frame / Small 13\" x 19\"","margin":1},{"vendor":"society6","url":"https://society6.com/products/sunset-by-the-sea-blue-ocean-pink-sky_art-print?variant=48749207191796","price":55.0,"currency":"USD","framed":false,"w":16,"h":20,"label":"No Frame / Medium 16\" x 20\"","margin":2},{"vendor":"society6","url":"https://society6.com/products/sunset-by-the-sea-blue-ocean-pink-sky_art-print?variant=48749207224564","price":60.0,"currency":"USD","framed":false,"w":18,"h":24,"label":"No Frame / Medium 18\" x 24\"","margin":2},{"vendor":"society6","url":"https://society6.com/products/sunset-by-the-sea-blue-ocean-pink-sky_art-print?variant=48749207257332","price":95.0,"currency":"USD","framed":false,"w":24,"h":36,"label":"No Frame / Large 24\" x 36\"","margin":2},{"vendor":"society6","url":"https://society6.com/products/sunset-by-the-sea-blue-ocean-pink-sky_art-print?variant=48749207290100","price":125.0,"currency":"USD","framed":false,"w":30,"h":40,"label":"No Frame / X-Large 30\" x 40\"","margin":2}]
s6-painting-of-santorini-greece8830973	lisadartdesigns	https://society6.com/products/painting-of-santorini-greece8830973_art-print	Painting of Santorini Greece	print	coast	https://cdn.shopify.com/s/files/1/0781/0282/3156/files/lisa-d-art-designs-painting-of-santorini-greece-art-print-whitebg-8x10.jpg?v=1781876707&crop=region&crop_left=272&crop_top=242&crop_width=255&crop_height=310&art=1	[{"vendor":"society6","url":"https://society6.com/products/painting-of-santorini-greece8830973_art-print?variant=48747267457268","price":30.0,"currency":"USD","framed":false,"w":8,"h":10,"label":"No Frame / X-Small 8\" x 10\"","margin":1},{"vendor":"society6","url":"https://society6.com/products/painting-of-santorini-greece8830973_art-print?variant=48747267490036","price":45.0,"currency":"USD","framed":false,"w":11,"h":14,"label":"No Frame / Small 11\" x 14\"","margin":1},{"vendor":"society6","url":"https://society6.com/products/painting-of-santorini-greece8830973_art-print?variant=48747267522804","price":50.0,"currency":"USD","framed":false,"w":13,"h":19,"label":"No Frame / Small 13\" x 19\"","margin":1},{"vendor":"society6","url":"https://society6.com/products/painting-of-santorini-greece8830973_art-print?variant=48747267555572","price":55.0,"currency":"USD","framed":false,"w":16,"h":20,"label":"No Frame / Medium 16\" x 20\"","margin":2},{"vendor":"society6","url":"https://society6.com/products/painting-of-santorini-greece8830973_art-print?variant=48747267588340","price":60.0,"currency":"USD","framed":false,"w":18,"h":24,"label":"No Frame / Medium 18\" x 24\"","margin":2},{"vendor":"society6","url":"https://society6.com/products/painting-of-santorini-greece8830973_art-print?variant=48747267621108","price":95.0,"currency":"USD","framed":false,"w":24,"h":36,"label":"No Frame / Large 24\" x 36\"","margin":2},{"vendor":"society6","url":"https://society6.com/products/painting-of-santorini-greece8830973_art-print?variant=48747267653876","price":125.0,"currency":"USD","framed":false,"w":30,"h":40,"label":"No Frame / X-Large 30\" x 40\"","margin":2}]
s6-tom-curren-backdoor-pipeline	johnseatoncallahan	https://society6.com/products/tom-curren-backdoor-pipeline_art-print	Backdoor Pipeline	photo	coast	https://cdn.shopify.com/s/files/1/0781/0282/3156/files/john-seaton-callahan-tom-curren-surfing-on-the-north-shore-art-print-whitebg-8x10.jpg?v=1781871150&crop=region&crop_left=242&crop_top=270&crop_width=316&crop_height=255&art=1	[{"vendor":"society6","url":"https://society6.com/products/tom-curren-backdoor-pipeline_art-print?variant=48743566409972","price":30.0,"currency":"USD","framed":false,"w":8,"h":10,"label":"No Frame / X-Small 8\" x 10\"","margin":1},{"vendor":"society6","url":"https://society6.com/products/tom-curren-backdoor-pipeline_art-print?variant=48743566442740","price":45.0,"currency":"USD","framed":false,"w":11,"h":14,"label":"No Frame / Small 11\" x 14\"","margin":1},{"vendor":"society6","url":"https://society6.com/products/tom-curren-backdoor-pipeline_art-print?variant=48743566475508","price":50.0,"currency":"USD","framed":false,"w":13,"h":19,"label":"No Frame / Small 13\" x 19\"","margin":1},{"vendor":"society6","url":"https://society6.com/products/tom-curren-backdoor-pipeline_art-print?variant=48743566508276","price":55.0,"currency":"USD","framed":false,"w":16,"h":20,"label":"No Frame / Medium 16\" x 20\"","margin":2},{"vendor":"society6","url":"https://society6.com/products/tom-curren-backdoor-pipeline_art-print?variant=48743566541044","price":60.0,"currency":"USD","framed":false,"w":18,"h":24,"label":"No Frame / Medium 18\" x 24\"","margin":2},{"vendor":"society6","url":"https://society6.com/products/tom-curren-backdoor-pipeline_art-print?variant=48743566573812","price":95.0,"currency":"USD","framed":false,"w":24,"h":36,"label":"No Frame / Large 24\" x 36\"","margin":2},{"vendor":"society6","url":"https://society6.com/products/tom-curren-backdoor-pipeline_art-print?variant=48743566606580","price":125.0,"currency":"USD","framed":false,"w":30,"h":40,"label":"No Frame / X-Large 30\" x 40\"","margin":2}]
s6-mcway-falls8978907	delmundo	https://society6.com/products/mcway-falls8978907_art-print	McWay Falls	photo	coast	https://cdn.shopify.com/s/files/1/0781/0282/3156/files/del-mundo-imagery-mcway-falls-art-print-whitebg-8x10.jpg?v=1781854974&crop=region&crop_left=270&crop_top=242&crop_width=257&crop_height=310&art=1	[{"vendor":"society6","url":"https://society6.com/products/mcway-falls8978907_art-print?variant=48737370636532","price":30.0,"currency":"USD","framed":false,"w":8,"h":10,"label":"No Frame / X-Small 8\" x 10\"","margin":1},{"vendor":"society6","url":"https://society6.com/products/mcway-falls8978907_art-print?variant=48737370669300","price":45.0,"currency":"USD","framed":false,"w":11,"h":14,"label":"No Frame / Small 11\" x 14\"","margin":1},{"vendor":"society6","url":"https://society6.com/products/mcway-falls8978907_art-print?variant=48737370702068","price":50.0,"currency":"USD","framed":false,"w":13,"h":19,"label":"No Frame / Small 13\" x 19\"","margin":1},{"vendor":"society6","url":"https://society6.com/products/mcway-falls8978907_art-print?variant=48737370734836","price":55.0,"currency":"USD","framed":false,"w":16,"h":20,"label":"No Frame / Medium 16\" x 20\"","margin":2},{"vendor":"society6","url":"https://society6.com/products/mcway-falls8978907_art-print?variant=48737370767604","price":60.0,"currency":"USD","framed":false,"w":18,"h":24,"label":"No Frame / Medium 18\" x 24\"","margin":2},{"vendor":"society6","url":"https://society6.com/products/mcway-falls8978907_art-print?variant=48737370800372","price":95.0,"currency":"USD","framed":false,"w":24,"h":36,"label":"No Frame / Large 24\" x 36\"","margin":2},{"vendor":"society6","url":"https://society6.com/products/mcway-falls8978907_art-print?variant=48737370833140","price":125.0,"currency":"USD","framed":false,"w":30,"h":40,"label":"No Frame / X-Large 30\" x 40\"","margin":2}]
s6-menton-original-painting-of-france-beach-art	helobirdie	https://society6.com/products/menton-original-painting-of-france-beach-art-french-riviera_art-print	Menton	print	coast	https://cdn.shopify.com/s/files/1/0781/0282/3156/files/helo-birdie-menton-original-painting-of-france-beach-art-french-riviera-art-print-whitebg-8x10_1269d0b0-d937-4bea-a054-dcb6bd04b7df.jpg?v=1781853301&crop=region&crop_left=272&crop_top=242&crop_width=255&crop_height=309&art=1	[{"vendor":"society6","url":"https://society6.com/products/menton-original-painting-of-france-beach-art-french-riviera_art-print?variant=48736885145844","price":30.0,"currency":"USD","framed":false,"w":8,"h":10,"label":"No Frame / X-Small 8\" x 10\"","margin":1},{"vendor":"society6","url":"https://society6.com/products/menton-original-painting-of-france-beach-art-french-riviera_art-print?variant=48736885178612","price":45.0,"currency":"USD","framed":false,"w":11,"h":14,"label":"No Frame / Small 11\" x 14\"","margin":1},{"vendor":"society6","url":"https://society6.com/products/menton-original-painting-of-france-beach-art-french-riviera_art-print?variant=48736885211380","price":50.0,"currency":"USD","framed":false,"w":13,"h":19,"label":"No Frame / Small 13\" x 19\"","margin":1},{"vendor":"society6","url":"https://society6.com/products/menton-original-painting-of-france-beach-art-french-riviera_art-print?variant=48736885244148","price":55.0,"currency":"USD","framed":false,"w":16,"h":20,"label":"No Frame / Medium 16\" x 20\"","margin":2},{"vendor":"society6","url":"https://society6.com/products/menton-original-painting-of-france-beach-art-french-riviera_art-print?variant=48736885276916","price":60.0,"currency":"USD","framed":false,"w":18,"h":24,"label":"No Frame / Medium 18\" x 24\"","margin":2},{"vendor":"society6","url":"https://society6.com/products/menton-original-painting-of-france-beach-art-french-riviera_art-print?variant=48736885309684","price":95.0,"currency":"USD","framed":false,"w":24,"h":36,"label":"No Frame / Large 24\" x 36\"","margin":2},{"vendor":"society6","url":"https://society6.com/products/menton-original-painting-of-france-beach-art-french-riviera_art-print?variant=48736885342452","price":125.0,"currency":"USD","framed":false,"w":30,"h":40,"label":"No Frame / X-Large 30\" x 40\"","margin":2}]
s6-eze-france8977913	delmundo	https://society6.com/products/eze-france8977913_art-print	Eze, France	photo	coast	https://cdn.shopify.com/s/files/1/0781/0282/3156/files/del-mundo-imagery-eze-france-art-print-whitebg-8x10.jpg?v=1781852264&crop=region&crop_left=272&crop_top=242&crop_width=255&crop_height=311&art=1	[{"vendor":"society6","url":"https://society6.com/products/eze-france8977913_art-print?variant=48736578044148","price":30.0,"currency":"USD","framed":false,"w":8,"h":10,"label":"No Frame / X-Small 8\" x 10\"","margin":1},{"vendor":"society6","url":"https://society6.com/products/eze-france8977913_art-print?variant=48736578076916","price":45.0,"currency":"USD","framed":false,"w":11,"h":14,"label":"No Frame / Small 11\" x 14\"","margin":1},{"vendor":"society6","url":"https://society6.com/products/eze-france8977913_art-print?variant=48736578109684","price":50.0,"currency":"USD","framed":false,"w":13,"h":19,"label":"No Frame / Small 13\" x 19\"","margin":1},{"vendor":"society6","url":"https://society6.com/products/eze-france8977913_art-print?variant=48736578142452","price":55.0,"currency":"USD","framed":false,"w":16,"h":20,"label":"No Frame / Medium 16\" x 20\"","margin":2},{"vendor":"society6","url":"https://society6.com/products/eze-france8977913_art-print?variant=48736578175220","price":60.0,"currency":"USD","framed":false,"w":18,"h":24,"label":"No Frame / Medium 18\" x 24\"","margin":2},{"vendor":"society6","url":"https://society6.com/products/eze-france8977913_art-print?variant=48736578207988","price":95.0,"currency":"USD","framed":false,"w":24,"h":36,"label":"No Frame / Large 24\" x 36\"","margin":2},{"vendor":"society6","url":"https://society6.com/products/eze-france8977913_art-print?variant=48736578240756","price":125.0,"currency":"USD","framed":false,"w":30,"h":40,"label":"No Frame / X-Large 30\" x 40\"","margin":2}]
s6-black-and-white-shore8920579	hannahkemp	https://society6.com/products/black-and-white-shore8920579_art-print	Black and White Shore	photo	coast	https://cdn.shopify.com/s/files/1/0781/0282/3156/files/hannah-kemp-black-and-white-shore-art-print-whitebg-8x10.jpg?v=1781838151&crop=region&crop_left=272&crop_top=242&crop_width=255&crop_height=315&art=1	[{"vendor":"society6","url":"https://society6.com/products/black-and-white-shore8920579_art-print?variant=48732315222260","price":30.0,"currency":"USD","framed":false,"w":8,"h":10,"label":"No Frame / X-Small 8\" x 10\"","margin":1},{"vendor":"society6","url":"https://society6.com/products/black-and-white-shore8920579_art-print?variant=48732315255028","price":45.0,"currency":"USD","framed":false,"w":11,"h":14,"label":"No Frame / Small 11\" x 14\"","margin":1},{"vendor":"society6","url":"https://society6.com/products/black-and-white-shore8920579_art-print?variant=48732315287796","price":50.0,"currency":"USD","framed":false,"w":13,"h":19,"label":"No Frame / Small 13\" x 19\"","margin":1},{"vendor":"society6","url":"https://society6.com/products/black-and-white-shore8920579_art-print?variant=48732315320564","price":55.0,"currency":"USD","framed":false,"w":16,"h":20,"label":"No Frame / Medium 16\" x 20\"","margin":2},{"vendor":"society6","url":"https://society6.com/products/black-and-white-shore8920579_art-print?variant=48732315353332","price":60.0,"currency":"USD","framed":false,"w":18,"h":24,"label":"No Frame / Medium 18\" x 24\"","margin":2},{"vendor":"society6","url":"https://society6.com/products/black-and-white-shore8920579_art-print?variant=48732315386100","price":95.0,"currency":"USD","framed":false,"w":24,"h":36,"label":"No Frame / Large 24\" x 36\"","margin":2},{"vendor":"society6","url":"https://society6.com/products/black-and-white-shore8920579_art-print?variant=48732315418868","price":125.0,"currency":"USD","framed":false,"w":30,"h":40,"label":"No Frame / X-Large 30\" x 40\"","margin":2}]
s6-flamingo-cone501586	jonasloose	https://society6.com/products/flamingo-cone501586_art-print	FLAMINGO CONE	print	coast	https://cdn.shopify.com/s/files/1/0781/0282/3156/files/jonas-loose-flamingo-cone-i-art-print-whitebg-8x10.jpg?v=1778921425&crop=region&crop_left=274&crop_top=243&crop_width=252&crop_height=308&art=1	[{"vendor":"society6","url":"https://society6.com/products/flamingo-cone501586_art-print?variant=48244877623540","price":30.0,"currency":"USD","framed":false,"w":8,"h":10,"label":"No Frame / X-Small 8\" x 10\"","margin":1},{"vendor":"society6","url":"https://society6.com/products/flamingo-cone501586_art-print?variant=48244877656308","price":45.0,"currency":"USD","framed":false,"w":11,"h":14,"label":"No Frame / Small 11\" x 14\"","margin":1},{"vendor":"society6","url":"https://society6.com/products/flamingo-cone501586_art-print?variant=48244877689076","price":50.0,"currency":"USD","framed":false,"w":13,"h":19,"label":"No Frame / Small 13\" x 19\"","margin":1},{"vendor":"society6","url":"https://society6.com/products/flamingo-cone501586_art-print?variant=48244877721844","price":55.0,"currency":"USD","framed":false,"w":16,"h":20,"label":"No Frame / Medium 16\" x 20\"","margin":2},{"vendor":"society6","url":"https://society6.com/products/flamingo-cone501586_art-print?variant=48244877754612","price":60.0,"currency":"USD","framed":false,"w":18,"h":24,"label":"No Frame / Medium 18\" x 24\"","margin":2},{"vendor":"society6","url":"https://society6.com/products/flamingo-cone501586_art-print?variant=48244877787380","price":95.0,"currency":"USD","framed":false,"w":24,"h":36,"label":"No Frame / Large 24\" x 36\"","margin":2},{"vendor":"society6","url":"https://society6.com/products/flamingo-cone501586_art-print?variant=48244877820148","price":125.0,"currency":"USD","framed":false,"w":30,"h":40,"label":"No Frame / X-Large 30\" x 40\"","margin":2}]
s6-sea-of-longing-02	incerti	https://society6.com/products/sea-of-longing-02_art-print	Sea of longing 02	print	coast	https://cdn.shopify.com/s/files/1/0781/0282/3156/files/joao-incerti-sea-of-longing-02-art-print-whitebg-8x10.jpg?v=1781668372&crop=region&crop_left=274&crop_top=258&crop_width=252&crop_height=285&art=1	[{"vendor":"society6","url":"https://society6.com/products/sea-of-longing-02_art-print?variant=48680557641972","price":30.0,"currency":"USD","framed":false,"w":8,"h":10,"label":"No Frame / X-Small 8\" x 10\"","margin":1},{"vendor":"society6","url":"https://society6.com/products/sea-of-longing-02_art-print?variant=48680557674740","price":45.0,"currency":"USD","framed":false,"w":11,"h":14,"label":"No Frame / Small 11\" x 14\"","margin":1},{"vendor":"society6","url":"https://society6.com/products/sea-of-longing-02_art-print?variant=48680557707508","price":50.0,"currency":"USD","framed":false,"w":13,"h":19,"label":"No Frame / Small 13\" x 19\"","margin":1},{"vendor":"society6","url":"https://society6.com/products/sea-of-longing-02_art-print?variant=48680557740276","price":55.0,"currency":"USD","framed":false,"w":16,"h":20,"label":"No Frame / Medium 16\" x 20\"","margin":2},{"vendor":"society6","url":"https://society6.com/products/sea-of-longing-02_art-print?variant=48680557773044","price":60.0,"currency":"USD","framed":false,"w":18,"h":24,"label":"No Frame / Medium 18\" x 24\"","margin":2},{"vendor":"society6","url":"https://society6.com/products/sea-of-longing-02_art-print?variant=48680557805812","price":95.0,"currency":"USD","framed":false,"w":24,"h":36,"label":"No Frame / Large 24\" x 36\"","margin":2},{"vendor":"society6","url":"https://society6.com/products/sea-of-longing-02_art-print?variant=48680557838580","price":125.0,"currency":"USD","framed":false,"w":30,"h":40,"label":"No Frame / X-Large 30\" x 40\"","margin":2}]
s6-mango-summer-india-fruits-still-life-tropica	83oranges	https://society6.com/products/mango-summer-india-fruits-still-life-tropical-season-flower-pot-plants-botanical-nature-plant-pots-blossom-juicy-painting_art-print	Mango Summer	print	coast	https://cdn.shopify.com/s/files/1/0781/0282/3156/files/83-oranges-mango-summer-india-fruits-art-print-whitebg-8x10.jpg?v=1779061123&crop=region&crop_left=272&crop_top=242&crop_width=255&crop_height=314&art=1	[{"vendor":"society6","url":"https://society6.com/products/mango-summer-india-fruits-still-life-tropical-season-flower-pot-plants-botanical-nature-plant-pots-blossom-juicy-painting_art-print?variant=48284660662516","price":30.0,"currency":"USD","framed":false,"w":8,"h":10,"label":"No Frame / X-Small 8\" x 10\"","margin":1},{"vendor":"society6","url":"https://society6.com/products/mango-summer-india-fruits-still-life-tropical-season-flower-pot-plants-botanical-nature-plant-pots-blossom-juicy-painting_art-print?variant=48284660695284","price":45.0,"currency":"USD","framed":false,"w":11,"h":14,"label":"No Frame / Small 11\" x 14\"","margin":1},{"vendor":"society6","url":"https://society6.com/products/mango-summer-india-fruits-still-life-tropical-season-flower-pot-plants-botanical-nature-plant-pots-blossom-juicy-painting_art-print?variant=48284660728052","price":50.0,"currency":"USD","framed":false,"w":13,"h":19,"label":"No Frame / Small 13\" x 19\"","margin":1},{"vendor":"society6","url":"https://society6.com/products/mango-summer-india-fruits-still-life-tropical-season-flower-pot-plants-botanical-nature-plant-pots-blossom-juicy-painting_art-print?variant=48284660760820","price":55.0,"currency":"USD","framed":false,"w":16,"h":20,"label":"No Frame / Medium 16\" x 20\"","margin":2},{"vendor":"society6","url":"https://society6.com/products/mango-summer-india-fruits-still-life-tropical-season-flower-pot-plants-botanical-nature-plant-pots-blossom-juicy-painting_art-print?variant=48284660793588","price":60.0,"currency":"USD","framed":false,"w":18,"h":24,"label":"No Frame / Medium 18\" x 24\"","margin":2},{"vendor":"society6","url":"https://society6.com/products/mango-summer-india-fruits-still-life-tropical-season-flower-pot-plants-botanical-nature-plant-pots-blossom-juicy-painting_art-print?variant=48284660826356","price":95.0,"currency":"USD","framed":false,"w":24,"h":36,"label":"No Frame / Large 24\" x 36\"","margin":2},{"vendor":"society6","url":"https://society6.com/products/mango-summer-india-fruits-still-life-tropical-season-flower-pot-plants-botanical-nature-plant-pots-blossom-juicy-painting_art-print?variant=48284660859124","price":125.0,"currency":"USD","framed":false,"w":30,"h":40,"label":"No Frame / X-Large 30\" x 40\"","margin":2}]
s6-how-to-become-a-flamingo-illustration	83oranges	https://society6.com/products/how-to-become-a-flamingo-illustration_art-print	How to Become a Flamingo	print	coast	https://cdn.shopify.com/s/files/1/0781/0282/3156/files/83-oranges-how-to-become-a-flamingo-art-print-whitebg-8x10.jpg?v=1778872499&crop=region&crop_left=272&crop_top=242&crop_width=255&crop_height=314&art=1	[{"vendor":"society6","url":"https://society6.com/products/how-to-become-a-flamingo-illustration_art-print?variant=48233163063540","price":30.0,"currency":"USD","framed":false,"w":8,"h":10,"label":"No Frame / X-Small 8\" x 10\"","margin":1},{"vendor":"society6","url":"https://society6.com/products/how-to-become-a-flamingo-illustration_art-print?variant=48233163096308","price":45.0,"currency":"USD","framed":false,"w":11,"h":14,"label":"No Frame / Small 11\" x 14\"","margin":1},{"vendor":"society6","url":"https://society6.com/products/how-to-become-a-flamingo-illustration_art-print?variant=48233163129076","price":50.0,"currency":"USD","framed":false,"w":13,"h":19,"label":"No Frame / Small 13\" x 19\"","margin":1},{"vendor":"society6","url":"https://society6.com/products/how-to-become-a-flamingo-illustration_art-print?variant=48233163161844","price":55.0,"currency":"USD","framed":false,"w":16,"h":20,"label":"No Frame / Medium 16\" x 20\"","margin":2},{"vendor":"society6","url":"https://society6.com/products/how-to-become-a-flamingo-illustration_art-print?variant=48233163194612","price":60.0,"currency":"USD","framed":false,"w":18,"h":24,"label":"No Frame / Medium 18\" x 24\"","margin":2},{"vendor":"society6","url":"https://society6.com/products/how-to-become-a-flamingo-illustration_art-print?variant=48233163227380","price":95.0,"currency":"USD","framed":false,"w":24,"h":36,"label":"No Frame / Large 24\" x 36\"","margin":2},{"vendor":"society6","url":"https://society6.com/products/how-to-become-a-flamingo-illustration_art-print?variant=48233163260148","price":125.0,"currency":"USD","framed":false,"w":30,"h":40,"label":"No Frame / X-Large 30\" x 40\"","margin":2}]
s6-the-domesticated-jungle-floral-still-life	larameintjes	https://society6.com/products/the-domesticated-jungle-floral-still-life_art-print	The Domesticated Jungle	print	coast	https://cdn.shopify.com/s/files/1/0781/0282/3156/files/lara-lee-meintjes-the-domesticated-jungle-floral-still-life-art-art-print-whitebg-8x10.jpg?v=1769398591&crop=region&crop_left=272&crop_top=242&crop_width=255&crop_height=316&art=1	[{"vendor":"society6","url":"https://society6.com/products/the-domesticated-jungle-floral-still-life_art-print?variant=47519967150324","price":30.0,"currency":"USD","framed":false,"w":8,"h":10,"label":"No Frame / X-Small 8\" x 10\"","margin":1},{"vendor":"society6","url":"https://society6.com/products/the-domesticated-jungle-floral-still-life_art-print?variant=47519967183092","price":50.0,"currency":"USD","framed":false,"w":13,"h":19,"label":"No Frame / Small 13\" x 19\"","margin":1},{"vendor":"society6","url":"https://society6.com/products/the-domesticated-jungle-floral-still-life_art-print?variant=47519967215860","price":60.0,"currency":"USD","framed":false,"w":18,"h":24,"label":"No Frame / Medium 18\" x 24\"","margin":2},{"vendor":"society6","url":"https://society6.com/products/the-domesticated-jungle-floral-still-life_art-print?variant=47519967248628","price":60.0,"currency":"USD","framed":false,"w":22,"h":28,"label":"No Frame / Large 22\" x 28\"","margin":2},{"vendor":"society6","url":"https://society6.com/products/the-domesticated-jungle-floral-still-life_art-print?variant=47519967281396","price":80.0,"currency":"USD","framed":false,"w":28,"h":36,"label":"No Frame / X-Large 28\" x 36\"","margin":2}]
s6-tiger-forest-tropical-tigers-screen-print-ar	andrealaurendesign	https://society6.com/products/tiger-forest-tropical-tigers-screen-print-art-by-andrea-lauren_art-print	Tiger Forest	print	coast	https://cdn.shopify.com/s/files/1/0781/0282/3156/files/andrea-lauren-tiger-forest-tropical-tigers-screen-print-art-by-andrea-lauren-art-print-whitebg-8x10.jpg?v=1781859444&crop=region&crop_left=272&crop_top=242&crop_width=255&crop_height=310&art=1	[{"vendor":"society6","url":"https://society6.com/products/tiger-forest-tropical-tigers-screen-print-art-by-andrea-lauren_art-print?variant=48738744107252","price":30.0,"currency":"USD","framed":false,"w":8,"h":10,"label":"No Frame / X-Small 8\" x 10\"","margin":1},{"vendor":"society6","url":"https://society6.com/products/tiger-forest-tropical-tigers-screen-print-art-by-andrea-lauren_art-print?variant=48738744140020","price":45.0,"currency":"USD","framed":false,"w":11,"h":14,"label":"No Frame / Small 11\" x 14\"","margin":1},{"vendor":"society6","url":"https://society6.com/products/tiger-forest-tropical-tigers-screen-print-art-by-andrea-lauren_art-print?variant=48738744172788","price":50.0,"currency":"USD","framed":false,"w":13,"h":19,"label":"No Frame / Small 13\" x 19\"","margin":1},{"vendor":"society6","url":"https://society6.com/products/tiger-forest-tropical-tigers-screen-print-art-by-andrea-lauren_art-print?variant=48738744205556","price":55.0,"currency":"USD","framed":false,"w":16,"h":20,"label":"No Frame / Medium 16\" x 20\"","margin":2},{"vendor":"society6","url":"https://society6.com/products/tiger-forest-tropical-tigers-screen-print-art-by-andrea-lauren_art-print?variant=48738744238324","price":60.0,"currency":"USD","framed":false,"w":18,"h":24,"label":"No Frame / Medium 18\" x 24\"","margin":2},{"vendor":"society6","url":"https://society6.com/products/tiger-forest-tropical-tigers-screen-print-art-by-andrea-lauren_art-print?variant=48738744271092","price":95.0,"currency":"USD","framed":false,"w":24,"h":36,"label":"No Frame / Large 24\" x 36\"","margin":2},{"vendor":"society6","url":"https://society6.com/products/tiger-forest-tropical-tigers-screen-print-art-by-andrea-lauren_art-print?variant=48738744303860","price":125.0,"currency":"USD","framed":false,"w":30,"h":40,"label":"No Frame / X-Large 30\" x 40\"","margin":2}]
s6-hidden-exotic-hummingbird-paradise-black	lebensart	https://society6.com/products/hidden-exotic-hummingbird-paradise-black_art-print	Hidden Exotic Hummingbird Paradise Black	print	coast	https://cdn.shopify.com/s/files/1/0781/0282/3156/files/lebensart-hidden-exotic-hummingbird-paradise-black-art-print-whitebg-8x10.jpg?v=1781849580&crop=region&crop_left=242&crop_top=266&crop_width=316&crop_height=260&art=1	[{"vendor":"society6","url":"https://society6.com/products/hidden-exotic-hummingbird-paradise-black_art-print?variant=48735665717492","price":30.0,"currency":"USD","framed":false,"w":8,"h":10,"label":"No Frame / X-Small 8\" x 10\"","margin":1},{"vendor":"society6","url":"https://society6.com/products/hidden-exotic-hummingbird-paradise-black_art-print?variant=48735665750260","price":45.0,"currency":"USD","framed":false,"w":11,"h":14,"label":"No Frame / Small 11\" x 14\"","margin":1},{"vendor":"society6","url":"https://society6.com/products/hidden-exotic-hummingbird-paradise-black_art-print?variant=48735665783028","price":50.0,"currency":"USD","framed":false,"w":13,"h":19,"label":"No Frame / Small 13\" x 19\"","margin":1},{"vendor":"society6","url":"https://society6.com/products/hidden-exotic-hummingbird-paradise-black_art-print?variant=48735665815796","price":55.0,"currency":"USD","framed":false,"w":16,"h":20,"label":"No Frame / Medium 16\" x 20\"","margin":2},{"vendor":"society6","url":"https://society6.com/products/hidden-exotic-hummingbird-paradise-black_art-print?variant=48735665848564","price":60.0,"currency":"USD","framed":false,"w":18,"h":24,"label":"No Frame / Medium 18\" x 24\"","margin":2},{"vendor":"society6","url":"https://society6.com/products/hidden-exotic-hummingbird-paradise-black_art-print?variant=48735665881332","price":95.0,"currency":"USD","framed":false,"w":24,"h":36,"label":"No Frame / Large 24\" x 36\"","margin":2},{"vendor":"society6","url":"https://society6.com/products/hidden-exotic-hummingbird-paradise-black_art-print?variant=48735665914100","price":125.0,"currency":"USD","framed":false,"w":30,"h":40,"label":"No Frame / X-Large 30\" x 40\"","margin":2}]
s6-surfboards-in-san-diego-california-travel-ph	dagmarpels	https://society6.com/products/surfboards-in-san-diego-california-travel-photography-brigth-pastel-colors_art-print	Calfifornian Surfboards	photo	coast	https://cdn.shopify.com/s/files/1/0781/0282/3156/files/dagmar-pels-calfifornian-surfboards-art-print-whitebg-8x10.jpg?v=1781803637&crop=region&crop_left=272&crop_top=243&crop_width=255&crop_height=309&art=1	[{"vendor":"society6","url":"https://society6.com/products/surfboards-in-san-diego-california-travel-photography-brigth-pastel-colors_art-print?variant=48720930832628","price":30.0,"currency":"USD","framed":false,"w":8,"h":10,"label":"No Frame / X-Small 8\" x 10\"","margin":1},{"vendor":"society6","url":"https://society6.com/products/surfboards-in-san-diego-california-travel-photography-brigth-pastel-colors_art-print?variant=48720930865396","price":45.0,"currency":"USD","framed":false,"w":11,"h":14,"label":"No Frame / Small 11\" x 14\"","margin":1},{"vendor":"society6","url":"https://society6.com/products/surfboards-in-san-diego-california-travel-photography-brigth-pastel-colors_art-print?variant=48720930898164","price":50.0,"currency":"USD","framed":false,"w":13,"h":19,"label":"No Frame / Small 13\" x 19\"","margin":1},{"vendor":"society6","url":"https://society6.com/products/surfboards-in-san-diego-california-travel-photography-brigth-pastel-colors_art-print?variant=48720930930932","price":55.0,"currency":"USD","framed":false,"w":16,"h":20,"label":"No Frame / Medium 16\" x 20\"","margin":2},{"vendor":"society6","url":"https://society6.com/products/surfboards-in-san-diego-california-travel-photography-brigth-pastel-colors_art-print?variant=48720930963700","price":60.0,"currency":"USD","framed":false,"w":18,"h":24,"label":"No Frame / Medium 18\" x 24\"","margin":2},{"vendor":"society6","url":"https://society6.com/products/surfboards-in-san-diego-california-travel-photography-brigth-pastel-colors_art-print?variant=48720930996468","price":95.0,"currency":"USD","framed":false,"w":24,"h":36,"label":"No Frame / Large 24\" x 36\"","margin":2},{"vendor":"society6","url":"https://society6.com/products/surfboards-in-san-diego-california-travel-photography-brigth-pastel-colors_art-print?variant=48720931029236","price":125.0,"currency":"USD","framed":false,"w":30,"h":40,"label":"No Frame / X-Large 30\" x 40\"","margin":2}]
s6-summer-in-santa-monica-35mm-film-photography	spookycuts	https://society6.com/products/summer-in-santa-monica-35mm-film-photography_art-print	Summer in Santa Monica	photo	palm springs	https://cdn.shopify.com/s/files/1/0781/0282/3156/files/analog-postal-summer-in-santa-monica-35mm-film-photography-art-print-whitebg-8x10.jpg?v=1779146886&crop=region&crop_left=242&crop_top=270&crop_width=315&crop_height=256&art=1	[{"vendor":"society6","url":"https://society6.com/products/summer-in-santa-monica-35mm-film-photography_art-print?variant=48295546126580","price":30.0,"currency":"USD","framed":false,"w":8,"h":10,"label":"No Frame / X-Small 8\" x 10\"","margin":1},{"vendor":"society6","url":"https://society6.com/products/summer-in-santa-monica-35mm-film-photography_art-print?variant=48295546159348","price":45.0,"currency":"USD","framed":false,"w":11,"h":14,"label":"No Frame / Small 11\" x 14\"","margin":1},{"vendor":"society6","url":"https://society6.com/products/summer-in-santa-monica-35mm-film-photography_art-print?variant=48295546192116","price":50.0,"currency":"USD","framed":false,"w":13,"h":19,"label":"No Frame / Small 13\" x 19\"","margin":1},{"vendor":"society6","url":"https://society6.com/products/summer-in-santa-monica-35mm-film-photography_art-print?variant=48295546224884","price":55.0,"currency":"USD","framed":false,"w":16,"h":20,"label":"No Frame / Medium 16\" x 20\"","margin":2},{"vendor":"society6","url":"https://society6.com/products/summer-in-santa-monica-35mm-film-photography_art-print?variant=48295546257652","price":60.0,"currency":"USD","framed":false,"w":18,"h":24,"label":"No Frame / Medium 18\" x 24\"","margin":2},{"vendor":"society6","url":"https://society6.com/products/summer-in-santa-monica-35mm-film-photography_art-print?variant=48295546290420","price":95.0,"currency":"USD","framed":false,"w":24,"h":36,"label":"No Frame / Large 24\" x 36\"","margin":2},{"vendor":"society6","url":"https://society6.com/products/summer-in-santa-monica-35mm-film-photography_art-print?variant=48295546323188","price":125.0,"currency":"USD","framed":false,"w":30,"h":40,"label":"No Frame / X-Large 30\" x 40\"","margin":2}]
s6-elysian-park8569766	underthepalms	https://society6.com/products/elysian-park8569766_art-print	Elysian Park	photo	palm springs	https://cdn.shopify.com/s/files/1/0781/0282/3156/files/under-the-palms-elysian-park-art-print-whitebg-8x10.jpg?v=1781817636&crop=region&crop_left=272&crop_top=242&crop_width=255&crop_height=310&art=1	[{"vendor":"society6","url":"https://society6.com/products/elysian-park8569766_art-print?variant=48725264498932","price":30.0,"currency":"USD","framed":false,"w":8,"h":10,"label":"No Frame / X-Small 8\" x 10\"","margin":1},{"vendor":"society6","url":"https://society6.com/products/elysian-park8569766_art-print?variant=48725264531700","price":45.0,"currency":"USD","framed":false,"w":11,"h":14,"label":"No Frame / Small 11\" x 14\"","margin":1},{"vendor":"society6","url":"https://society6.com/products/elysian-park8569766_art-print?variant=48725264564468","price":50.0,"currency":"USD","framed":false,"w":13,"h":19,"label":"No Frame / Small 13\" x 19\"","margin":1},{"vendor":"society6","url":"https://society6.com/products/elysian-park8569766_art-print?variant=48725264597236","price":55.0,"currency":"USD","framed":false,"w":16,"h":20,"label":"No Frame / Medium 16\" x 20\"","margin":2},{"vendor":"society6","url":"https://society6.com/products/elysian-park8569766_art-print?variant=48725264630004","price":60.0,"currency":"USD","framed":false,"w":18,"h":24,"label":"No Frame / Medium 18\" x 24\"","margin":2},{"vendor":"society6","url":"https://society6.com/products/elysian-park8569766_art-print?variant=48725264662772","price":95.0,"currency":"USD","framed":false,"w":24,"h":36,"label":"No Frame / Large 24\" x 36\"","margin":2},{"vendor":"society6","url":"https://society6.com/products/elysian-park8569766_art-print?variant=48725264695540","price":125.0,"currency":"USD","framed":false,"w":30,"h":40,"label":"No Frame / X-Large 30\" x 40\"","margin":2}]
s6-puerto-rico-orange-house	greendoorstudiolondon	https://society6.com/products/puerto-rico-orange-house_art-print	Puerto Rico Orange House	print	palm springs	https://cdn.shopify.com/s/files/1/0781/0282/3156/files/vero-illustrates-puerto-rico-orange-house-art-print-whitebg-8x10.jpg?v=1781635878&crop=region&crop_left=272&crop_top=242&crop_width=255&crop_height=310&art=1	[{"vendor":"society6","url":"https://society6.com/products/puerto-rico-orange-house_art-print?variant=48671756353780","price":30.0,"currency":"USD","framed":false,"w":8,"h":10,"label":"No Frame / X-Small 8\" x 10\"","margin":1},{"vendor":"society6","url":"https://society6.com/products/puerto-rico-orange-house_art-print?variant=48671756386548","price":40.0,"currency":"USD","framed":false,"w":10,"h":10,"label":"No Frame / Small 10\" x 10\"","margin":1},{"vendor":"society6","url":"https://society6.com/products/puerto-rico-orange-house_art-print?variant=48671756419316","price":45.0,"currency":"USD","framed":false,"w":11,"h":14,"label":"No Frame / Small 11\" x 14\"","margin":1},{"vendor":"society6","url":"https://society6.com/products/puerto-rico-orange-house_art-print?variant=48671756452084","price":50.0,"currency":"USD","framed":false,"w":13,"h":19,"label":"No Frame / Small 13\" x 19\"","margin":1},{"vendor":"society6","url":"https://society6.com/products/puerto-rico-orange-house_art-print?variant=48671756484852","price":65.0,"currency":"USD","framed":false,"w":20,"h":20,"label":"No Frame / Medium 20\" x 20\"","margin":2},{"vendor":"society6","url":"https://society6.com/products/puerto-rico-orange-house_art-print?variant=48671756517620","price":55.0,"currency":"USD","framed":false,"w":16,"h":20,"label":"No Frame / Medium 16\" x 20\"","margin":2},{"vendor":"society6","url":"https://society6.com/products/puerto-rico-orange-house_art-print?variant=48671756550388","price":60.0,"currency":"USD","framed":false,"w":18,"h":24,"label":"No Frame / Medium 18\" x 24\"","margin":2},{"vendor":"society6","url":"https://society6.com/products/puerto-rico-orange-house_art-print?variant=48671756583156","price":95.0,"currency":"USD","framed":false,"w":24,"h":36,"label":"No Frame / Large 24\" x 36\"","margin":2},{"vendor":"society6","url":"https://society6.com/products/puerto-rico-orange-house_art-print?variant=48671756615924","price":125.0,"currency":"USD","framed":false,"w":30,"h":40,"label":"No Frame / X-Large 30\" x 40\"","margin":2}]
s6-palm-tree-basketball	katypie	https://society6.com/products/palm-tree-basketball_art-print	Coastal basketball	photo	palm springs	https://cdn.shopify.com/s/files/1/0781/0282/3156/files/sisi-and-seb-coastal-basketball-art-print-whitebg-8x10.jpg?v=1779049917&crop=region&crop_left=272&crop_top=244&crop_width=255&crop_height=314&art=1	[{"vendor":"society6","url":"https://society6.com/products/palm-tree-basketball_art-print?variant=48281537446132","price":30.0,"currency":"USD","framed":false,"w":8,"h":10,"label":"No Frame / X-Small 8\" x 10\"","margin":1},{"vendor":"society6","url":"https://society6.com/products/palm-tree-basketball_art-print?variant=48281537478900","price":45.0,"currency":"USD","framed":false,"w":11,"h":14,"label":"No Frame / Small 11\" x 14\"","margin":1},{"vendor":"society6","url":"https://society6.com/products/palm-tree-basketball_art-print?variant=48281537511668","price":50.0,"currency":"USD","framed":false,"w":13,"h":19,"label":"No Frame / Small 13\" x 19\"","margin":1},{"vendor":"society6","url":"https://society6.com/products/palm-tree-basketball_art-print?variant=48281537544436","price":55.0,"currency":"USD","framed":false,"w":16,"h":20,"label":"No Frame / Medium 16\" x 20\"","margin":2},{"vendor":"society6","url":"https://society6.com/products/palm-tree-basketball_art-print?variant=48281537577204","price":60.0,"currency":"USD","framed":false,"w":18,"h":24,"label":"No Frame / Medium 18\" x 24\"","margin":2},{"vendor":"society6","url":"https://society6.com/products/palm-tree-basketball_art-print?variant=48281537609972","price":95.0,"currency":"USD","framed":false,"w":24,"h":36,"label":"No Frame / Large 24\" x 36\"","margin":2},{"vendor":"society6","url":"https://society6.com/products/palm-tree-basketball_art-print?variant=48281537642740","price":125.0,"currency":"USD","framed":false,"w":30,"h":40,"label":"No Frame / X-Large 30\" x 40\"","margin":2}]
s6-edge-of-palm-springs	eyepoetry	https://society6.com/products/edge-of-palm-springs_art-print	Edge of Palm Springs	photo	palm springs	https://cdn.shopify.com/s/files/1/0781/0282/3156/files/eye-poetry-photography-edge-of-palm-springs-art-print-whitebg-8x10.jpg?v=1779004473&crop=region&crop_left=272&crop_top=244&crop_width=255&crop_height=309&art=1	[{"vendor":"society6","url":"https://society6.com/products/edge-of-palm-springs_art-print?variant=48268885623028","price":30.0,"currency":"USD","framed":false,"w":8,"h":10,"label":"No Frame / X-Small 8\" x 10\"","margin":1},{"vendor":"society6","url":"https://society6.com/products/edge-of-palm-springs_art-print?variant=48268885655796","price":45.0,"currency":"USD","framed":false,"w":11,"h":14,"label":"No Frame / Small 11\" x 14\"","margin":1},{"vendor":"society6","url":"https://society6.com/products/edge-of-palm-springs_art-print?variant=48268885688564","price":50.0,"currency":"USD","framed":false,"w":13,"h":19,"label":"No Frame / Small 13\" x 19\"","margin":1},{"vendor":"society6","url":"https://society6.com/products/edge-of-palm-springs_art-print?variant=48268885721332","price":55.0,"currency":"USD","framed":false,"w":16,"h":20,"label":"No Frame / Medium 16\" x 20\"","margin":2},{"vendor":"society6","url":"https://society6.com/products/edge-of-palm-springs_art-print?variant=48268885754100","price":60.0,"currency":"USD","framed":false,"w":18,"h":24,"label":"No Frame / Medium 18\" x 24\"","margin":2},{"vendor":"society6","url":"https://society6.com/products/edge-of-palm-springs_art-print?variant=48268885786868","price":95.0,"currency":"USD","framed":false,"w":24,"h":36,"label":"No Frame / Large 24\" x 36\"","margin":2},{"vendor":"society6","url":"https://society6.com/products/edge-of-palm-springs_art-print?variant=48268885819636","price":125.0,"currency":"USD","framed":false,"w":30,"h":40,"label":"No Frame / X-Large 30\" x 40\"","margin":2}]
s6-the-happy-spots-illustration-pets	83oranges	https://society6.com/products/the-happy-spots-illustration-pets_art-print	The Happy Spots	print	palm springs	https://cdn.shopify.com/s/files/1/0781/0282/3156/files/83-oranges-the-happy-spots-art-print-whitebg-8x10.jpg?v=1778960088&crop=region&crop_left=272&crop_top=242&crop_width=255&crop_height=308&art=1	[{"vendor":"society6","url":"https://society6.com/products/the-happy-spots-illustration-pets_art-print?variant=48256134447348","price":30.0,"currency":"USD","framed":false,"w":8,"h":10,"label":"No Frame / X-Small 8\" x 10\"","margin":1},{"vendor":"society6","url":"https://society6.com/products/the-happy-spots-illustration-pets_art-print?variant=48256134480116","price":45.0,"currency":"USD","framed":false,"w":11,"h":14,"label":"No Frame / Small 11\" x 14\"","margin":1},{"vendor":"society6","url":"https://society6.com/products/the-happy-spots-illustration-pets_art-print?variant=48256134512884","price":50.0,"currency":"USD","framed":false,"w":13,"h":19,"label":"No Frame / Small 13\" x 19\"","margin":1},{"vendor":"society6","url":"https://society6.com/products/the-happy-spots-illustration-pets_art-print?variant=48256134545652","price":55.0,"currency":"USD","framed":false,"w":16,"h":20,"label":"No Frame / Medium 16\" x 20\"","margin":2},{"vendor":"society6","url":"https://society6.com/products/the-happy-spots-illustration-pets_art-print?variant=48256134578420","price":60.0,"currency":"USD","framed":false,"w":18,"h":24,"label":"No Frame / Medium 18\" x 24\"","margin":2},{"vendor":"society6","url":"https://society6.com/products/the-happy-spots-illustration-pets_art-print?variant=48256134611188","price":95.0,"currency":"USD","framed":false,"w":24,"h":36,"label":"No Frame / Large 24\" x 36\"","margin":2},{"vendor":"society6","url":"https://society6.com/products/the-happy-spots-illustration-pets_art-print?variant=48256134643956","price":125.0,"currency":"USD","framed":false,"w":30,"h":40,"label":"No Frame / X-Large 30\" x 40\"","margin":2}]
s6-tranquillity-flamingo-pink	galeswitzer	https://society6.com/products/tranquillity-flamingo-pink_art-print	Tranquillity - flamingo pink	print	palm springs	https://cdn.shopify.com/s/files/1/0781/0282/3156/files/gale-switzer-tranquillity-flamingo-pink-art-print-whitebg-8x10.jpg?v=1778925103&crop=region&crop_left=246&crop_top=270&crop_width=312&crop_height=256&art=1	[{"vendor":"society6","url":"https://society6.com/products/tranquillity-flamingo-pink_art-print?variant=48245852930292","price":30.0,"currency":"USD","framed":false,"w":8,"h":10,"label":"No Frame / X-Small 8\" x 10\"","margin":1},{"vendor":"society6","url":"https://society6.com/products/tranquillity-flamingo-pink_art-print?variant=48245852963060","price":45.0,"currency":"USD","framed":false,"w":11,"h":14,"label":"No Frame / Small 11\" x 14\"","margin":1},{"vendor":"society6","url":"https://society6.com/products/tranquillity-flamingo-pink_art-print?variant=48245852995828","price":50.0,"currency":"USD","framed":false,"w":13,"h":19,"label":"No Frame / Small 13\" x 19\"","margin":1},{"vendor":"society6","url":"https://society6.com/products/tranquillity-flamingo-pink_art-print?variant=48245853028596","price":55.0,"currency":"USD","framed":false,"w":16,"h":20,"label":"No Frame / Medium 16\" x 20\"","margin":2},{"vendor":"society6","url":"https://society6.com/products/tranquillity-flamingo-pink_art-print?variant=48245853061364","price":60.0,"currency":"USD","framed":false,"w":18,"h":24,"label":"No Frame / Medium 18\" x 24\"","margin":2},{"vendor":"society6","url":"https://society6.com/products/tranquillity-flamingo-pink_art-print?variant=48245853094132","price":95.0,"currency":"USD","framed":false,"w":24,"h":36,"label":"No Frame / Large 24\" x 36\"","margin":2},{"vendor":"society6","url":"https://society6.com/products/tranquillity-flamingo-pink_art-print?variant=48245853126900","price":125.0,"currency":"USD","framed":false,"w":30,"h":40,"label":"No Frame / X-Large 30\" x 40\"","margin":2}]
s6-vintage-black-white-california-palm-trees-ph	bravuramedia	https://society6.com/products/vintage-black-white-california-palm-trees-photo_art-print	California Palms	photo	palm springs	https://cdn.shopify.com/s/files/1/0781/0282/3156/files/adam-shaw-vintage-black-white-california-palm-trees-photo-art-print-whitebg-8x10.jpg?v=1778924192&crop=region&crop_left=272&crop_top=242&crop_width=255&crop_height=315&art=1	[{"vendor":"society6","url":"https://society6.com/products/vintage-black-white-california-palm-trees-photo_art-print?variant=48245611102452","price":30.0,"currency":"USD","framed":false,"w":8,"h":10,"label":"No Frame / X-Small 8\" x 10\"","margin":1},{"vendor":"society6","url":"https://society6.com/products/vintage-black-white-california-palm-trees-photo_art-print?variant=48245611135220","price":45.0,"currency":"USD","framed":false,"w":11,"h":14,"label":"No Frame / Small 11\" x 14\"","margin":1},{"vendor":"society6","url":"https://society6.com/products/vintage-black-white-california-palm-trees-photo_art-print?variant=48245611167988","price":50.0,"currency":"USD","framed":false,"w":13,"h":19,"label":"No Frame / Small 13\" x 19\"","margin":1},{"vendor":"society6","url":"https://society6.com/products/vintage-black-white-california-palm-trees-photo_art-print?variant=48245611200756","price":55.0,"currency":"USD","framed":false,"w":16,"h":20,"label":"No Frame / Medium 16\" x 20\"","margin":2},{"vendor":"society6","url":"https://society6.com/products/vintage-black-white-california-palm-trees-photo_art-print?variant=48245611233524","price":60.0,"currency":"USD","framed":false,"w":18,"h":24,"label":"No Frame / Medium 18\" x 24\"","margin":2},{"vendor":"society6","url":"https://society6.com/products/vintage-black-white-california-palm-trees-photo_art-print?variant=48245611266292","price":95.0,"currency":"USD","framed":false,"w":24,"h":36,"label":"No Frame / Large 24\" x 36\"","margin":2},{"vendor":"society6","url":"https://society6.com/products/vintage-black-white-california-palm-trees-photo_art-print?variant=48245611299060","price":125.0,"currency":"USD","framed":false,"w":30,"h":40,"label":"No Frame / X-Large 30\" x 40\"","margin":2}]
s6-palm5084589	eyepoetry	https://society6.com/products/palm5084589_art-print	Palms in La La Land	print	palm springs	https://cdn.shopify.com/s/files/1/0781/0282/3156/files/eye-poetry-photography-palm-trees-in-la-la-land-california-art-print-whitebg-8x10.jpg?v=1778817951&crop=region&crop_left=274&crop_top=242&crop_width=252&crop_height=315&art=1	[{"vendor":"society6","url":"https://society6.com/products/palm5084589_art-print?variant=48228717297908","price":30.0,"currency":"USD","framed":false,"w":8,"h":10,"label":"No Frame / X-Small 8\" x 10\"","margin":1},{"vendor":"society6","url":"https://society6.com/products/palm5084589_art-print?variant=48228717330676","price":45.0,"currency":"USD","framed":false,"w":11,"h":14,"label":"No Frame / Small 11\" x 14\"","margin":1},{"vendor":"society6","url":"https://society6.com/products/palm5084589_art-print?variant=48228717363444","price":50.0,"currency":"USD","framed":false,"w":13,"h":19,"label":"No Frame / Small 13\" x 19\"","margin":1},{"vendor":"society6","url":"https://society6.com/products/palm5084589_art-print?variant=48228717396212","price":55.0,"currency":"USD","framed":false,"w":16,"h":20,"label":"No Frame / Medium 16\" x 20\"","margin":2},{"vendor":"society6","url":"https://society6.com/products/palm5084589_art-print?variant=48228717428980","price":60.0,"currency":"USD","framed":false,"w":18,"h":24,"label":"No Frame / Medium 18\" x 24\"","margin":2},{"vendor":"society6","url":"https://society6.com/products/palm5084589_art-print?variant=48228717461748","price":95.0,"currency":"USD","framed":false,"w":24,"h":36,"label":"No Frame / Large 24\" x 36\"","margin":2},{"vendor":"society6","url":"https://society6.com/products/palm5084589_art-print?variant=48228717494516","price":125.0,"currency":"USD","framed":false,"w":30,"h":40,"label":"No Frame / X-Large 30\" x 40\"","margin":2}]
s6-old-san-juan-puerto-rico5147980	carrielymandesigns	https://society6.com/products/old-san-juan-puerto-rico5147980_art-print	Old San Juan, Puerto Rico	print	palm springs	https://cdn.shopify.com/s/files/1/0781/0282/3156/files/lyman-creative-co-old-san-juan-puerto-rico-art-print-whitebg-8x10.jpg?v=1782433016&crop=region&crop_left=272&crop_top=242&crop_width=255&crop_height=310&art=1	[{"vendor":"society6","url":"https://society6.com/products/old-san-juan-puerto-rico5147980_art-print?variant=48779736121588","price":30.0,"currency":"USD","framed":false,"w":8,"h":10,"label":"No Frame / X-Small 8\" x 10\"","margin":1},{"vendor":"society6","url":"https://society6.com/products/old-san-juan-puerto-rico5147980_art-print?variant=48779736154356","price":45.0,"currency":"USD","framed":false,"w":11,"h":14,"label":"No Frame / Small 11\" x 14\"","margin":1},{"vendor":"society6","url":"https://society6.com/products/old-san-juan-puerto-rico5147980_art-print?variant=48779736187124","price":50.0,"currency":"USD","framed":false,"w":13,"h":19,"label":"No Frame / Small 13\" x 19\"","margin":1},{"vendor":"society6","url":"https://society6.com/products/old-san-juan-puerto-rico5147980_art-print?variant=48779736219892","price":55.0,"currency":"USD","framed":false,"w":16,"h":20,"label":"No Frame / Medium 16\" x 20\"","margin":2},{"vendor":"society6","url":"https://society6.com/products/old-san-juan-puerto-rico5147980_art-print?variant=48779736252660","price":60.0,"currency":"USD","framed":false,"w":18,"h":24,"label":"No Frame / Medium 18\" x 24\"","margin":2},{"vendor":"society6","url":"https://society6.com/products/old-san-juan-puerto-rico5147980_art-print?variant=48779736285428","price":95.0,"currency":"USD","framed":false,"w":24,"h":36,"label":"No Frame / Large 24\" x 36\"","margin":2},{"vendor":"society6","url":"https://society6.com/products/old-san-juan-puerto-rico5147980_art-print?variant=48779736318196","price":125.0,"currency":"USD","framed":false,"w":30,"h":40,"label":"No Frame / X-Large 30\" x 40\"","margin":2}]
s6-surfer-print-surfing-beach-print-beach-print	radub85	https://society6.com/products/surfer-print-surfing-beach-print-beach-print-aerial-beach-surfboard-wall-art-print-beach-photography-summer-vibes-minimalism-art-print_art-print	Surfboard on the Sand	photo	surf	https://cdn.shopify.com/s/files/1/0781/0282/3156/files/art-my-house-surfer-print-surfing-beach-print-beach-print-aerial-beach-surfboard-wall-art-print-beach-photography-art-print-whitebg-8x10.jpg?v=1781809268&crop=region&crop_left=274&crop_top=242&crop_width=253&crop_height=310&art=1	[{"vendor":"society6","url":"https://society6.com/products/surfer-print-surfing-beach-print-beach-print-aerial-beach-surfboard-wall-art-print-beach-photography-summer-vibes-minimalism-art-print_art-print?variant=48722851135732","price":30.0,"currency":"USD","framed":false,"w":8,"h":10,"label":"No Frame / X-Small 8\" x 10\"","margin":1},{"vendor":"society6","url":"https://society6.com/products/surfer-print-surfing-beach-print-beach-print-aerial-beach-surfboard-wall-art-print-beach-photography-summer-vibes-minimalism-art-print_art-print?variant=48722851168500","price":45.0,"currency":"USD","framed":false,"w":11,"h":14,"label":"No Frame / Small 11\" x 14\"","margin":1},{"vendor":"society6","url":"https://society6.com/products/surfer-print-surfing-beach-print-beach-print-aerial-beach-surfboard-wall-art-print-beach-photography-summer-vibes-minimalism-art-print_art-print?variant=48722851201268","price":50.0,"currency":"USD","framed":false,"w":13,"h":19,"label":"No Frame / Small 13\" x 19\"","margin":1},{"vendor":"society6","url":"https://society6.com/products/surfer-print-surfing-beach-print-beach-print-aerial-beach-surfboard-wall-art-print-beach-photography-summer-vibes-minimalism-art-print_art-print?variant=48722851234036","price":55.0,"currency":"USD","framed":false,"w":16,"h":20,"label":"No Frame / Medium 16\" x 20\"","margin":2},{"vendor":"society6","url":"https://society6.com/products/surfer-print-surfing-beach-print-beach-print-aerial-beach-surfboard-wall-art-print-beach-photography-summer-vibes-minimalism-art-print_art-print?variant=48722851266804","price":60.0,"currency":"USD","framed":false,"w":18,"h":24,"label":"No Frame / Medium 18\" x 24\"","margin":2},{"vendor":"society6","url":"https://society6.com/products/surfer-print-surfing-beach-print-beach-print-aerial-beach-surfboard-wall-art-print-beach-photography-summer-vibes-minimalism-art-print_art-print?variant=48722851299572","price":95.0,"currency":"USD","framed":false,"w":24,"h":36,"label":"No Frame / Large 24\" x 36\"","margin":2},{"vendor":"society6","url":"https://society6.com/products/surfer-print-surfing-beach-print-beach-print-aerial-beach-surfboard-wall-art-print-beach-photography-summer-vibes-minimalism-art-print_art-print?variant=48722851332340","price":125.0,"currency":"USD","framed":false,"w":30,"h":40,"label":"No Frame / X-Large 30\" x 40\"","margin":2}]
s6-surfers-exiting-the-water-in-manhattan-beach	davidtribby	https://society6.com/products/surfers-exiting-the-water-in-manhattan-beach-california_art-print	Manhattan Beach Surfers	photo	surf	https://cdn.shopify.com/s/files/1/0781/0282/3156/files/design-outfitters-surfers-exiting-the-water-in-manhattan-beach-california-art-print-whitebg-8x10.jpg?v=1781774826&crop=region&crop_left=272&crop_top=244&crop_width=255&crop_height=314&art=1	[{"vendor":"society6","url":"https://society6.com/products/surfers-exiting-the-water-in-manhattan-beach-california_art-print?variant=48714237378804","price":30.0,"currency":"USD","framed":false,"w":8,"h":10,"label":"No Frame / X-Small 8\" x 10\"","margin":1},{"vendor":"society6","url":"https://society6.com/products/surfers-exiting-the-water-in-manhattan-beach-california_art-print?variant=48714237411572","price":45.0,"currency":"USD","framed":false,"w":11,"h":14,"label":"No Frame / Small 11\" x 14\"","margin":1},{"vendor":"society6","url":"https://society6.com/products/surfers-exiting-the-water-in-manhattan-beach-california_art-print?variant=48714237444340","price":50.0,"currency":"USD","framed":false,"w":13,"h":19,"label":"No Frame / Small 13\" x 19\"","margin":1},{"vendor":"society6","url":"https://society6.com/products/surfers-exiting-the-water-in-manhattan-beach-california_art-print?variant=48714237477108","price":55.0,"currency":"USD","framed":false,"w":16,"h":20,"label":"No Frame / Medium 16\" x 20\"","margin":2},{"vendor":"society6","url":"https://society6.com/products/surfers-exiting-the-water-in-manhattan-beach-california_art-print?variant=48714237509876","price":60.0,"currency":"USD","framed":false,"w":18,"h":24,"label":"No Frame / Medium 18\" x 24\"","margin":2},{"vendor":"society6","url":"https://society6.com/products/surfers-exiting-the-water-in-manhattan-beach-california_art-print?variant=48714237542644","price":95.0,"currency":"USD","framed":false,"w":24,"h":36,"label":"No Frame / Large 24\" x 36\"","margin":2},{"vendor":"society6","url":"https://society6.com/products/surfers-exiting-the-water-in-manhattan-beach-california_art-print?variant=48714237575412","price":125.0,"currency":"USD","framed":false,"w":30,"h":40,"label":"No Frame / X-Large 30\" x 40\"","margin":2}]
s6-bondi-icebergs-club-i-art-print1603897	romanalilic	https://society6.com/products/bondi-icebergs-club-i-art-print1603897_art-print	Bondi Icebergs I	photo	surf	https://cdn.shopify.com/s/files/1/0781/0282/3156/files/romana-lilic---la76-photography-bondi-icebergs-club-i-art-print-art-print-whitebg-8x10.jpg?v=1781734723&crop=region&crop_left=272&crop_top=242&crop_width=255&crop_height=311&art=1	[{"vendor":"society6","url":"https://society6.com/products/bondi-icebergs-club-i-art-print1603897_art-print?variant=48700228075764","price":30.0,"currency":"USD","framed":false,"w":8,"h":10,"label":"No Frame / X-Small 8\" x 10\"","margin":1},{"vendor":"society6","url":"https://society6.com/products/bondi-icebergs-club-i-art-print1603897_art-print?variant=48700228108532","price":45.0,"currency":"USD","framed":false,"w":11,"h":14,"label":"No Frame / Small 11\" x 14\"","margin":1},{"vendor":"society6","url":"https://society6.com/products/bondi-icebergs-club-i-art-print1603897_art-print?variant=48700228141300","price":50.0,"currency":"USD","framed":false,"w":13,"h":19,"label":"No Frame / Small 13\" x 19\"","margin":1},{"vendor":"society6","url":"https://society6.com/products/bondi-icebergs-club-i-art-print1603897_art-print?variant=48700228174068","price":55.0,"currency":"USD","framed":false,"w":16,"h":20,"label":"No Frame / Medium 16\" x 20\"","margin":2},{"vendor":"society6","url":"https://society6.com/products/bondi-icebergs-club-i-art-print1603897_art-print?variant=48700228206836","price":60.0,"currency":"USD","framed":false,"w":18,"h":24,"label":"No Frame / Medium 18\" x 24\"","margin":2},{"vendor":"society6","url":"https://society6.com/products/bondi-icebergs-club-i-art-print1603897_art-print?variant=48700228239604","price":95.0,"currency":"USD","framed":false,"w":24,"h":36,"label":"No Frame / Large 24\" x 36\"","margin":2},{"vendor":"society6","url":"https://society6.com/products/bondi-icebergs-club-i-art-print1603897_art-print?variant=48700228272372","price":125.0,"currency":"USD","framed":false,"w":30,"h":40,"label":"No Frame / X-Large 30\" x 40\"","margin":2}]
s6-so-alive-bright-ocean-seascape922020	kristenlacziart	https://society6.com/products/so-alive-bright-ocean-seascape922020_art-print	So Alive	print	surf	https://cdn.shopify.com/s/files/1/0781/0282/3156/files/kristenlacziart-so-alive-bright-ocean-seascape-art-print-whitebg-8x10.jpg?v=1781734237&crop=region&crop_left=245&crop_top=270&crop_width=310&crop_height=255&art=1	[{"vendor":"society6","url":"https://society6.com/products/so-alive-bright-ocean-seascape922020_art-print?variant=48700074230004","price":30.0,"currency":"USD","framed":false,"w":8,"h":10,"label":"No Frame / X-Small 8\" x 10\"","margin":1},{"vendor":"society6","url":"https://society6.com/products/so-alive-bright-ocean-seascape922020_art-print?variant=48700074262772","price":45.0,"currency":"USD","framed":false,"w":11,"h":14,"label":"No Frame / Small 11\" x 14\"","margin":1},{"vendor":"society6","url":"https://society6.com/products/so-alive-bright-ocean-seascape922020_art-print?variant=48700074295540","price":50.0,"currency":"USD","framed":false,"w":13,"h":19,"label":"No Frame / Small 13\" x 19\"","margin":1},{"vendor":"society6","url":"https://society6.com/products/so-alive-bright-ocean-seascape922020_art-print?variant=48700074328308","price":55.0,"currency":"USD","framed":false,"w":16,"h":20,"label":"No Frame / Medium 16\" x 20\"","margin":2},{"vendor":"society6","url":"https://society6.com/products/so-alive-bright-ocean-seascape922020_art-print?variant=48700074361076","price":60.0,"currency":"USD","framed":false,"w":18,"h":24,"label":"No Frame / Medium 18\" x 24\"","margin":2},{"vendor":"society6","url":"https://society6.com/products/so-alive-bright-ocean-seascape922020_art-print?variant=48700074393844","price":95.0,"currency":"USD","framed":false,"w":24,"h":36,"label":"No Frame / Large 24\" x 36\"","margin":2},{"vendor":"society6","url":"https://society6.com/products/so-alive-bright-ocean-seascape922020_art-print?variant=48700074426612","price":125.0,"currency":"USD","framed":false,"w":30,"h":40,"label":"No Frame / X-Large 30\" x 40\"","margin":2}]
s6-sea-and-sun-ocean-landscape-photography-beac	eyepoetry	https://society6.com/products/sea-and-sun-ocean-landscape-photography-beach_art-print	Huntington Beach Sunset	photo	surf	https://cdn.shopify.com/s/files/1/0781/0282/3156/files/eye-poetry-photography-huntington-beach-pink-sunset-california-ocean-landscape-photography-art-print-whitebg-8x10.jpg?v=1781719861&crop=region&crop_left=274&crop_top=242&crop_width=253&crop_height=310&art=1	[{"vendor":"society6","url":"https://society6.com/products/sea-and-sun-ocean-landscape-photography-beach_art-print?variant=48695426547956","price":30.0,"currency":"USD","framed":false,"w":8,"h":10,"label":"No Frame / X-Small 8\" x 10\"","margin":1},{"vendor":"society6","url":"https://society6.com/products/sea-and-sun-ocean-landscape-photography-beach_art-print?variant=48695426580724","price":45.0,"currency":"USD","framed":false,"w":11,"h":14,"label":"No Frame / Small 11\" x 14\"","margin":1},{"vendor":"society6","url":"https://society6.com/products/sea-and-sun-ocean-landscape-photography-beach_art-print?variant=48695426613492","price":50.0,"currency":"USD","framed":false,"w":13,"h":19,"label":"No Frame / Small 13\" x 19\"","margin":1},{"vendor":"society6","url":"https://society6.com/products/sea-and-sun-ocean-landscape-photography-beach_art-print?variant=48695426646260","price":55.0,"currency":"USD","framed":false,"w":16,"h":20,"label":"No Frame / Medium 16\" x 20\"","margin":2},{"vendor":"society6","url":"https://society6.com/products/sea-and-sun-ocean-landscape-photography-beach_art-print?variant=48695426679028","price":60.0,"currency":"USD","framed":false,"w":18,"h":24,"label":"No Frame / Medium 18\" x 24\"","margin":2},{"vendor":"society6","url":"https://society6.com/products/sea-and-sun-ocean-landscape-photography-beach_art-print?variant=48695426711796","price":95.0,"currency":"USD","framed":false,"w":24,"h":36,"label":"No Frame / Large 24\" x 36\"","margin":2},{"vendor":"society6","url":"https://society6.com/products/sea-and-sun-ocean-landscape-photography-beach_art-print?variant=48695426744564","price":125.0,"currency":"USD","framed":false,"w":30,"h":40,"label":"No Frame / X-Large 30\" x 40\"","margin":2}]
s6-wavering5033939	eyepoetry	https://society6.com/products/wavering5033939_art-print	Ocean Wave Aerial	photo	surf	https://cdn.shopify.com/s/files/1/0781/0282/3156/files/eye-poetry-photography-ocean-wave-aerial-art-print-whitebg-8x10.jpg?v=1781475082&crop=region&crop_left=242&crop_top=270&crop_width=315&crop_height=256&art=1	[{"vendor":"society6","url":"https://society6.com/products/wavering5033939_art-print?variant=48623548137716","price":30.0,"currency":"USD","framed":false,"w":8,"h":10,"label":"No Frame / X-Small 8\" x 10\"","margin":1},{"vendor":"society6","url":"https://society6.com/products/wavering5033939_art-print?variant=48623548170484","price":40.0,"currency":"USD","framed":false,"w":10,"h":10,"label":"No Frame / Small 10\" x 10\"","margin":1},{"vendor":"society6","url":"https://society6.com/products/wavering5033939_art-print?variant=48623548203252","price":45.0,"currency":"USD","framed":false,"w":11,"h":14,"label":"No Frame / Small 11\" x 14\"","margin":1},{"vendor":"society6","url":"https://society6.com/products/wavering5033939_art-print?variant=48623548236020","price":50.0,"currency":"USD","framed":false,"w":13,"h":19,"label":"No Frame / Small 13\" x 19\"","margin":1},{"vendor":"society6","url":"https://society6.com/products/wavering5033939_art-print?variant=48623548268788","price":65.0,"currency":"USD","framed":false,"w":20,"h":20,"label":"No Frame / Medium 20\" x 20\"","margin":2},{"vendor":"society6","url":"https://society6.com/products/wavering5033939_art-print?variant=48623548301556","price":55.0,"currency":"USD","framed":false,"w":16,"h":20,"label":"No Frame / Medium 16\" x 20\"","margin":2},{"vendor":"society6","url":"https://society6.com/products/wavering5033939_art-print?variant=48623548334324","price":60.0,"currency":"USD","framed":false,"w":18,"h":24,"label":"No Frame / Medium 18\" x 24\"","margin":2},{"vendor":"society6","url":"https://society6.com/products/wavering5033939_art-print?variant=48623548367092","price":95.0,"currency":"USD","framed":false,"w":24,"h":36,"label":"No Frame / Large 24\" x 36\"","margin":2},{"vendor":"society6","url":"https://society6.com/products/wavering5033939_art-print?variant=48623548399860","price":125.0,"currency":"USD","framed":false,"w":30,"h":40,"label":"No Frame / X-Large 30\" x 40\"","margin":2}]
s6-watercolor-beach2615100	meganmorrisart	https://society6.com/products/watercolor-beach2615100_art-print	Ocean Waves, Watercolor, Abstract	print	surf	https://cdn.shopify.com/s/files/1/0781/0282/3156/files/megan-morris-ocean-waves-watercolor-abstract-art-print-whitebg-8x10.jpg?v=1781296308&crop=region&crop_left=272&crop_top=242&crop_width=255&crop_height=309&art=1	[{"vendor":"society6","url":"https://society6.com/products/watercolor-beach2615100_art-print?variant=48572353675508","price":30.0,"currency":"USD","framed":false,"w":8,"h":10,"label":"No Frame / X-Small 8\" x 10\"","margin":1},{"vendor":"society6","url":"https://society6.com/products/watercolor-beach2615100_art-print?variant=48572353708276","price":40.0,"currency":"USD","framed":false,"w":10,"h":10,"label":"No Frame / Small 10\" x 10\"","margin":1},{"vendor":"society6","url":"https://society6.com/products/watercolor-beach2615100_art-print?variant=48572353741044","price":45.0,"currency":"USD","framed":false,"w":11,"h":14,"label":"No Frame / Small 11\" x 14\"","margin":1},{"vendor":"society6","url":"https://society6.com/products/watercolor-beach2615100_art-print?variant=48572353773812","price":50.0,"currency":"USD","framed":false,"w":13,"h":19,"label":"No Frame / Small 13\" x 19\"","margin":1},{"vendor":"society6","url":"https://society6.com/products/watercolor-beach2615100_art-print?variant=48572353806580","price":65.0,"currency":"USD","framed":false,"w":20,"h":20,"label":"No Frame / Medium 20\" x 20\"","margin":2},{"vendor":"society6","url":"https://society6.com/products/watercolor-beach2615100_art-print?variant=48572353839348","price":55.0,"currency":"USD","framed":false,"w":16,"h":20,"label":"No Frame / Medium 16\" x 20\"","margin":2},{"vendor":"society6","url":"https://society6.com/products/watercolor-beach2615100_art-print?variant=48572353872116","price":60.0,"currency":"USD","framed":false,"w":18,"h":24,"label":"No Frame / Medium 18\" x 24\"","margin":2},{"vendor":"society6","url":"https://society6.com/products/watercolor-beach2615100_art-print?variant=48572353904884","price":95.0,"currency":"USD","framed":false,"w":24,"h":36,"label":"No Frame / Large 24\" x 36\"","margin":2},{"vendor":"society6","url":"https://society6.com/products/watercolor-beach2615100_art-print?variant=48572353937652","price":125.0,"currency":"USD","framed":false,"w":30,"h":40,"label":"No Frame / X-Large 30\" x 40\"","margin":2}]
s6-pacific2999279	eyepoetry	https://society6.com/products/pacific2999279_art-print	Pale Pacific	photo	surf	https://cdn.shopify.com/s/files/1/0781/0282/3156/files/eye-poetry-photography-pale-pacific-ocean-landscape-nature-photography-art-print-whitebg-8x10.jpg?v=1778977159&crop=region&crop_left=242&crop_top=271&crop_width=316&crop_height=254&art=1	[{"vendor":"society6","url":"https://society6.com/products/pacific2999279_art-print?variant=48261310677236","price":30.0,"currency":"USD","framed":false,"w":8,"h":10,"label":"No Frame / X-Small 8\" x 10\"","margin":1},{"vendor":"society6","url":"https://society6.com/products/pacific2999279_art-print?variant=48261310710004","price":45.0,"currency":"USD","framed":false,"w":11,"h":14,"label":"No Frame / Small 11\" x 14\"","margin":1},{"vendor":"society6","url":"https://society6.com/products/pacific2999279_art-print?variant=48261310742772","price":50.0,"currency":"USD","framed":false,"w":13,"h":19,"label":"No Frame / Small 13\" x 19\"","margin":1},{"vendor":"society6","url":"https://society6.com/products/pacific2999279_art-print?variant=48261310775540","price":55.0,"currency":"USD","framed":false,"w":16,"h":20,"label":"No Frame / Medium 16\" x 20\"","margin":2},{"vendor":"society6","url":"https://society6.com/products/pacific2999279_art-print?variant=48261310808308","price":60.0,"currency":"USD","framed":false,"w":18,"h":24,"label":"No Frame / Medium 18\" x 24\"","margin":2},{"vendor":"society6","url":"https://society6.com/products/pacific2999279_art-print?variant=48261310841076","price":95.0,"currency":"USD","framed":false,"w":24,"h":36,"label":"No Frame / Large 24\" x 36\"","margin":2},{"vendor":"society6","url":"https://society6.com/products/pacific2999279_art-print?variant=48261310873844","price":125.0,"currency":"USD","framed":false,"w":30,"h":40,"label":"No Frame / X-Large 30\" x 40\"","margin":2}]
s6-beach-hut951058	katypie	https://society6.com/products/beach-hut951058_art-print	Beach hut	print	surf	https://cdn.shopify.com/s/files/1/0781/0282/3156/files/sisi-and-seb-beach-hut-art-print-whitebg-8x10.jpg?v=1778805148&crop=region&crop_left=246&crop_top=270&crop_width=309&crop_height=254&art=1	[{"vendor":"society6","url":"https://society6.com/products/beach-hut951058_art-print?variant=48226292465908","price":30.0,"currency":"USD","framed":false,"w":8,"h":10,"label":"No Frame / X-Small 8\" x 10\"","margin":1},{"vendor":"society6","url":"https://society6.com/products/beach-hut951058_art-print?variant=48226292498676","price":45.0,"currency":"USD","framed":false,"w":11,"h":14,"label":"No Frame / Small 11\" x 14\"","margin":1},{"vendor":"society6","url":"https://society6.com/products/beach-hut951058_art-print?variant=48226292531444","price":50.0,"currency":"USD","framed":false,"w":13,"h":19,"label":"No Frame / Small 13\" x 19\"","margin":1},{"vendor":"society6","url":"https://society6.com/products/beach-hut951058_art-print?variant=48226292564212","price":55.0,"currency":"USD","framed":false,"w":16,"h":20,"label":"No Frame / Medium 16\" x 20\"","margin":2},{"vendor":"society6","url":"https://society6.com/products/beach-hut951058_art-print?variant=48226292596980","price":60.0,"currency":"USD","framed":false,"w":18,"h":24,"label":"No Frame / Medium 18\" x 24\"","margin":2},{"vendor":"society6","url":"https://society6.com/products/beach-hut951058_art-print?variant=48226292629748","price":95.0,"currency":"USD","framed":false,"w":24,"h":36,"label":"No Frame / Large 24\" x 36\"","margin":2},{"vendor":"society6","url":"https://society6.com/products/beach-hut951058_art-print?variant=48226292662516","price":125.0,"currency":"USD","framed":false,"w":30,"h":40,"label":"No Frame / X-Large 30\" x 40\"","margin":2}]
s6-surf-vintage-minivan	goodobjects	https://society6.com/products/surf-vintage-minivan_art-print	Surf Vintage Minivan	print	surf	https://cdn.shopify.com/s/files/1/0781/0282/3156/files/good-objects-surf-vintage-minivan-art-print-whitebg-8x10.jpg?v=1781874188&crop=region&crop_left=231&crop_top=270&crop_width=333&crop_height=253&art=1	[{"vendor":"society6","url":"https://society6.com/products/surf-vintage-minivan_art-print?variant=48744732885236","price":30.0,"currency":"USD","framed":false,"w":8,"h":10,"label":"No Frame / X-Small 8\" x 10\"","margin":1},{"vendor":"society6","url":"https://society6.com/products/surf-vintage-minivan_art-print?variant=48744732918004","price":45.0,"currency":"USD","framed":false,"w":11,"h":14,"label":"No Frame / Small 11\" x 14\"","margin":1},{"vendor":"society6","url":"https://society6.com/products/surf-vintage-minivan_art-print?variant=48744732950772","price":50.0,"currency":"USD","framed":false,"w":13,"h":19,"label":"No Frame / Small 13\" x 19\"","margin":1},{"vendor":"society6","url":"https://society6.com/products/surf-vintage-minivan_art-print?variant=48744732983540","price":55.0,"currency":"USD","framed":false,"w":16,"h":20,"label":"No Frame / Medium 16\" x 20\"","margin":2},{"vendor":"society6","url":"https://society6.com/products/surf-vintage-minivan_art-print?variant=48744733016308","price":60.0,"currency":"USD","framed":false,"w":18,"h":24,"label":"No Frame / Medium 18\" x 24\"","margin":2},{"vendor":"society6","url":"https://society6.com/products/surf-vintage-minivan_art-print?variant=48744733049076","price":95.0,"currency":"USD","framed":false,"w":24,"h":36,"label":"No Frame / Large 24\" x 36\"","margin":2},{"vendor":"society6","url":"https://society6.com/products/surf-vintage-minivan_art-print?variant=48744733081844","price":125.0,"currency":"USD","framed":false,"w":30,"h":40,"label":"No Frame / X-Large 30\" x 40\"","margin":2}]
s6-gerry-lopez-pipeline-1989	johnseatoncallahan	https://society6.com/products/gerry-lopez-pipeline-1989_art-print	Pipeline, 1989	photo	surf	https://cdn.shopify.com/s/files/1/0781/0282/3156/files/john-seaton-callahan-gerry-lopez-surfing-on-the-north-shore-art-print-whitebg-8x10.jpg?v=1781732018&crop=region&crop_left=242&crop_top=270&crop_width=316&crop_height=256&art=1	[{"vendor":"society6","url":"https://society6.com/products/gerry-lopez-pipeline-1989_art-print?variant=48699365392628","price":30.0,"currency":"USD","framed":false,"w":8,"h":10,"label":"No Frame / X-Small 8\" x 10\"","margin":1},{"vendor":"society6","url":"https://society6.com/products/gerry-lopez-pipeline-1989_art-print?variant=48699365425396","price":45.0,"currency":"USD","framed":false,"w":11,"h":14,"label":"No Frame / Small 11\" x 14\"","margin":1},{"vendor":"society6","url":"https://society6.com/products/gerry-lopez-pipeline-1989_art-print?variant=48699365458164","price":50.0,"currency":"USD","framed":false,"w":13,"h":19,"label":"No Frame / Small 13\" x 19\"","margin":1},{"vendor":"society6","url":"https://society6.com/products/gerry-lopez-pipeline-1989_art-print?variant=48699365490932","price":55.0,"currency":"USD","framed":false,"w":16,"h":20,"label":"No Frame / Medium 16\" x 20\"","margin":2},{"vendor":"society6","url":"https://society6.com/products/gerry-lopez-pipeline-1989_art-print?variant=48699365523700","price":60.0,"currency":"USD","framed":false,"w":18,"h":24,"label":"No Frame / Medium 18\" x 24\"","margin":2},{"vendor":"society6","url":"https://society6.com/products/gerry-lopez-pipeline-1989_art-print?variant=48699365556468","price":95.0,"currency":"USD","framed":false,"w":24,"h":36,"label":"No Frame / Large 24\" x 36\"","margin":2},{"vendor":"society6","url":"https://society6.com/products/gerry-lopez-pipeline-1989_art-print?variant=48699365589236","price":125.0,"currency":"USD","framed":false,"w":30,"h":40,"label":"No Frame / X-Large 30\" x 40\"","margin":2}]
s6-surfers-in-motion-aerial-ocean-wave-photogra	nadja1	https://society6.com/products/surfers-in-motion-aerial-ocean-wave-photography_art-print	Surfers in Motion	photo	surf	https://cdn.shopify.com/s/files/1/0781/0282/3156/files/nadja-surfers-in-motion-aerial-ocean-wave-photography-art-print-whitebg-8x10.jpg?v=1781688415&crop=region&crop_left=272&crop_top=242&crop_width=255&crop_height=311&art=1	[{"vendor":"society6","url":"https://society6.com/products/surfers-in-motion-aerial-ocean-wave-photography_art-print?variant=48686199898356","price":30.0,"currency":"USD","framed":false,"w":8,"h":10,"label":"No Frame / X-Small 8\" x 10\"","margin":1},{"vendor":"society6","url":"https://society6.com/products/surfers-in-motion-aerial-ocean-wave-photography_art-print?variant=48686199931124","price":45.0,"currency":"USD","framed":false,"w":11,"h":14,"label":"No Frame / Small 11\" x 14\"","margin":1},{"vendor":"society6","url":"https://society6.com/products/surfers-in-motion-aerial-ocean-wave-photography_art-print?variant=48686199963892","price":50.0,"currency":"USD","framed":false,"w":13,"h":19,"label":"No Frame / Small 13\" x 19\"","margin":1},{"vendor":"society6","url":"https://society6.com/products/surfers-in-motion-aerial-ocean-wave-photography_art-print?variant=48686199996660","price":55.0,"currency":"USD","framed":false,"w":16,"h":20,"label":"No Frame / Medium 16\" x 20\"","margin":2},{"vendor":"society6","url":"https://society6.com/products/surfers-in-motion-aerial-ocean-wave-photography_art-print?variant=48686200029428","price":60.0,"currency":"USD","framed":false,"w":18,"h":24,"label":"No Frame / Medium 18\" x 24\"","margin":2},{"vendor":"society6","url":"https://society6.com/products/surfers-in-motion-aerial-ocean-wave-photography_art-print?variant=48686200062196","price":95.0,"currency":"USD","framed":false,"w":24,"h":36,"label":"No Frame / Large 24\" x 36\"","margin":2},{"vendor":"society6","url":"https://society6.com/products/surfers-in-motion-aerial-ocean-wave-photography_art-print?variant=48686200094964","price":125.0,"currency":"USD","framed":false,"w":30,"h":40,"label":"No Frame / X-Large 30\" x 40\"","margin":2}]
s6-pastel-coastline-aerial-view-of-turquoise-se	andreas12	https://society6.com/products/pastel-coastline-aerial-view-of-turquoise-sea-and-blush-sand_art-print	Pastel Coastline	photo	surf	https://cdn.shopify.com/s/files/1/0781/0282/3156/files/andreas12-pastel-coastline-aerial-view-of-turquoise-sea-and-blush-sand-art-print-whitebg-8x10.jpg?v=1782336488&crop=region&crop_left=272&crop_top=242&crop_width=255&crop_height=310&art=1	[{"vendor":"society6","url":"https://society6.com/products/pastel-coastline-aerial-view-of-turquoise-sea-and-blush-sand_art-print?variant=48769823604980","price":30.0,"currency":"USD","framed":false,"w":8,"h":10,"label":"No Frame / X-Small 8\" x 10\"","margin":1},{"vendor":"society6","url":"https://society6.com/products/pastel-coastline-aerial-view-of-turquoise-sea-and-blush-sand_art-print?variant=48769823637748","price":45.0,"currency":"USD","framed":false,"w":11,"h":14,"label":"No Frame / Small 11\" x 14\"","margin":1},{"vendor":"society6","url":"https://society6.com/products/pastel-coastline-aerial-view-of-turquoise-sea-and-blush-sand_art-print?variant=48769823670516","price":50.0,"currency":"USD","framed":false,"w":13,"h":19,"label":"No Frame / Small 13\" x 19\"","margin":1},{"vendor":"society6","url":"https://society6.com/products/pastel-coastline-aerial-view-of-turquoise-sea-and-blush-sand_art-print?variant=48769823703284","price":55.0,"currency":"USD","framed":false,"w":16,"h":20,"label":"No Frame / Medium 16\" x 20\"","margin":2},{"vendor":"society6","url":"https://society6.com/products/pastel-coastline-aerial-view-of-turquoise-sea-and-blush-sand_art-print?variant=48769823736052","price":60.0,"currency":"USD","framed":false,"w":18,"h":24,"label":"No Frame / Medium 18\" x 24\"","margin":2},{"vendor":"society6","url":"https://society6.com/products/pastel-coastline-aerial-view-of-turquoise-sea-and-blush-sand_art-print?variant=48769823768820","price":95.0,"currency":"USD","framed":false,"w":24,"h":36,"label":"No Frame / Large 24\" x 36\"","margin":2},{"vendor":"society6","url":"https://society6.com/products/pastel-coastline-aerial-view-of-turquoise-sea-and-blush-sand_art-print?variant=48769823801588","price":125.0,"currency":"USD","framed":false,"w":30,"h":40,"label":"No Frame / X-Large 30\" x 40\"","margin":2}]
s6-modern-coastal-surfer-photography	andreas12	https://society6.com/products/modern-coastal-surfer-photography_art-print	Modern Coastal Surfer Photography	print	surf	https://cdn.shopify.com/s/files/1/0781/0282/3156/files/andreas12-modern-coastal-surfer-photography-art-print-whitebg-8x10.jpg?v=1782328971&crop=region&crop_left=274&crop_top=369&crop_width=252&crop_height=182&art=1	[{"vendor":"society6","url":"https://society6.com/products/modern-coastal-surfer-photography_art-print?variant=48768848953588","price":30.0,"currency":"USD","framed":false,"w":8,"h":10,"label":"No Frame / X-Small 8\" x 10\"","margin":1},{"vendor":"society6","url":"https://society6.com/products/modern-coastal-surfer-photography_art-print?variant=48768848986356","price":45.0,"currency":"USD","framed":false,"w":11,"h":14,"label":"No Frame / Small 11\" x 14\"","margin":1},{"vendor":"society6","url":"https://society6.com/products/modern-coastal-surfer-photography_art-print?variant=48768849019124","price":50.0,"currency":"USD","framed":false,"w":13,"h":19,"label":"No Frame / Small 13\" x 19\"","margin":1},{"vendor":"society6","url":"https://society6.com/products/modern-coastal-surfer-photography_art-print?variant=48768849051892","price":55.0,"currency":"USD","framed":false,"w":16,"h":20,"label":"No Frame / Medium 16\" x 20\"","margin":2},{"vendor":"society6","url":"https://society6.com/products/modern-coastal-surfer-photography_art-print?variant=48768849084660","price":60.0,"currency":"USD","framed":false,"w":18,"h":24,"label":"No Frame / Medium 18\" x 24\"","margin":2},{"vendor":"society6","url":"https://society6.com/products/modern-coastal-surfer-photography_art-print?variant=48768849117428","price":95.0,"currency":"USD","framed":false,"w":24,"h":36,"label":"No Frame / Large 24\" x 36\"","margin":2},{"vendor":"society6","url":"https://society6.com/products/modern-coastal-surfer-photography_art-print?variant=48768849150196","price":125.0,"currency":"USD","framed":false,"w":30,"h":40,"label":"No Frame / X-Large 30\" x 40\"","margin":2}]
s6-surfers-at-shore-aerial-beach-photography	andreas12	https://society6.com/products/surfers-at-shore-aerial-beach-photography_art-print	Surfers at Shore	photo	surf	https://cdn.shopify.com/s/files/1/0781/0282/3156/files/andreas12-surfers-at-shore-aerial-beach-photography-art-print-whitebg-8x10.jpg?v=1781851072&crop=region&crop_left=272&crop_top=242&crop_width=255&crop_height=310&art=1	[{"vendor":"society6","url":"https://society6.com/products/surfers-at-shore-aerial-beach-photography_art-print?variant=48736157827316","price":30.0,"currency":"USD","framed":false,"w":8,"h":10,"label":"No Frame / X-Small 8\" x 10\"","margin":1},{"vendor":"society6","url":"https://society6.com/products/surfers-at-shore-aerial-beach-photography_art-print?variant=48736157860084","price":45.0,"currency":"USD","framed":false,"w":11,"h":14,"label":"No Frame / Small 11\" x 14\"","margin":1},{"vendor":"society6","url":"https://society6.com/products/surfers-at-shore-aerial-beach-photography_art-print?variant=48736157892852","price":50.0,"currency":"USD","framed":false,"w":13,"h":19,"label":"No Frame / Small 13\" x 19\"","margin":1},{"vendor":"society6","url":"https://society6.com/products/surfers-at-shore-aerial-beach-photography_art-print?variant=48736157925620","price":55.0,"currency":"USD","framed":false,"w":16,"h":20,"label":"No Frame / Medium 16\" x 20\"","margin":2},{"vendor":"society6","url":"https://society6.com/products/surfers-at-shore-aerial-beach-photography_art-print?variant=48736157958388","price":60.0,"currency":"USD","framed":false,"w":18,"h":24,"label":"No Frame / Medium 18\" x 24\"","margin":2},{"vendor":"society6","url":"https://society6.com/products/surfers-at-shore-aerial-beach-photography_art-print?variant=48736157991156","price":95.0,"currency":"USD","framed":false,"w":24,"h":36,"label":"No Frame / Large 24\" x 36\"","margin":2},{"vendor":"society6","url":"https://society6.com/products/surfers-at-shore-aerial-beach-photography_art-print?variant=48736158023924","price":125.0,"currency":"USD","framed":false,"w":30,"h":40,"label":"No Frame / X-Large 30\" x 40\"","margin":2}]
s6-dream-beach-aerial-photography-of-pink-and-t	andreas12	https://society6.com/products/dream-beach-aerial-photography-of-pink-and-turquoise-coast_art-print	Dream Beach	photo	surf	https://cdn.shopify.com/s/files/1/0781/0282/3156/files/andreas12-dream-beach-aerial-photography-of-pink-and-turquoise-coast-art-print-whitebg-8x10.jpg?v=1781851060&crop=region&crop_left=272&crop_top=242&crop_width=255&crop_height=310&art=1	[{"vendor":"society6","url":"https://society6.com/products/dream-beach-aerial-photography-of-pink-and-turquoise-coast_art-print?variant=48736153370868","price":30.0,"currency":"USD","framed":false,"w":8,"h":10,"label":"No Frame / X-Small 8\" x 10\"","margin":1},{"vendor":"society6","url":"https://society6.com/products/dream-beach-aerial-photography-of-pink-and-turquoise-coast_art-print?variant=48736153403636","price":45.0,"currency":"USD","framed":false,"w":11,"h":14,"label":"No Frame / Small 11\" x 14\"","margin":1},{"vendor":"society6","url":"https://society6.com/products/dream-beach-aerial-photography-of-pink-and-turquoise-coast_art-print?variant=48736153436404","price":50.0,"currency":"USD","framed":false,"w":13,"h":19,"label":"No Frame / Small 13\" x 19\"","margin":1},{"vendor":"society6","url":"https://society6.com/products/dream-beach-aerial-photography-of-pink-and-turquoise-coast_art-print?variant=48736153469172","price":55.0,"currency":"USD","framed":false,"w":16,"h":20,"label":"No Frame / Medium 16\" x 20\"","margin":2},{"vendor":"society6","url":"https://society6.com/products/dream-beach-aerial-photography-of-pink-and-turquoise-coast_art-print?variant=48736153501940","price":60.0,"currency":"USD","framed":false,"w":18,"h":24,"label":"No Frame / Medium 18\" x 24\"","margin":2},{"vendor":"society6","url":"https://society6.com/products/dream-beach-aerial-photography-of-pink-and-turquoise-coast_art-print?variant=48736153534708","price":95.0,"currency":"USD","framed":false,"w":24,"h":36,"label":"No Frame / Large 24\" x 36\"","margin":2},{"vendor":"society6","url":"https://society6.com/products/dream-beach-aerial-photography-of-pink-and-turquoise-coast_art-print?variant=48736153567476","price":125.0,"currency":"USD","framed":false,"w":30,"h":40,"label":"No Frame / X-Large 30\" x 40\"","margin":2}]
s6-breaking-waves-aerial-ocean-print	andreas12	https://society6.com/products/breaking-waves-aerial-ocean-print_art-print	Breaking Waves	photo	surf	https://cdn.shopify.com/s/files/1/0781/0282/3156/files/andreas12-breaking-waves-aerial-ocean-print-art-print-whitebg-8x10.jpg?v=1781851047&crop=region&crop_left=272&crop_top=242&crop_width=255&crop_height=310&art=1	[{"vendor":"society6","url":"https://society6.com/products/breaking-waves-aerial-ocean-print_art-print?variant=48736148881652","price":30.0,"currency":"USD","framed":false,"w":8,"h":10,"label":"No Frame / X-Small 8\" x 10\"","margin":1},{"vendor":"society6","url":"https://society6.com/products/breaking-waves-aerial-ocean-print_art-print?variant=48736148914420","price":45.0,"currency":"USD","framed":false,"w":11,"h":14,"label":"No Frame / Small 11\" x 14\"","margin":1},{"vendor":"society6","url":"https://society6.com/products/breaking-waves-aerial-ocean-print_art-print?variant=48736148947188","price":50.0,"currency":"USD","framed":false,"w":13,"h":19,"label":"No Frame / Small 13\" x 19\"","margin":1},{"vendor":"society6","url":"https://society6.com/products/breaking-waves-aerial-ocean-print_art-print?variant=48736148979956","price":55.0,"currency":"USD","framed":false,"w":16,"h":20,"label":"No Frame / Medium 16\" x 20\"","margin":2},{"vendor":"society6","url":"https://society6.com/products/breaking-waves-aerial-ocean-print_art-print?variant=48736149012724","price":60.0,"currency":"USD","framed":false,"w":18,"h":24,"label":"No Frame / Medium 18\" x 24\"","margin":2},{"vendor":"society6","url":"https://society6.com/products/breaking-waves-aerial-ocean-print_art-print?variant=48736149045492","price":95.0,"currency":"USD","framed":false,"w":24,"h":36,"label":"No Frame / Large 24\" x 36\"","margin":2},{"vendor":"society6","url":"https://society6.com/products/breaking-waves-aerial-ocean-print_art-print?variant=48736149078260","price":125.0,"currency":"USD","framed":false,"w":30,"h":40,"label":"No Frame / X-Large 30\" x 40\"","margin":2}]
s6-surf-shadows-monochrome-ocean-photography	andreas12	https://society6.com/products/surf-shadows-monochrome-ocean-photography_art-print	Surf Shadows	photo	surf	https://cdn.shopify.com/s/files/1/0781/0282/3156/files/andreas12-surf-shadows-monochrome-ocean-photography-art-print-whitebg-8x10.jpg?v=1781850862&crop=region&crop_left=272&crop_top=243&crop_width=255&crop_height=309&art=1	[{"vendor":"society6","url":"https://society6.com/products/surf-shadows-monochrome-ocean-photography_art-print?variant=48736083935476","price":30.0,"currency":"USD","framed":false,"w":8,"h":10,"label":"No Frame / X-Small 8\" x 10\"","margin":1},{"vendor":"society6","url":"https://society6.com/products/surf-shadows-monochrome-ocean-photography_art-print?variant=48736083968244","price":45.0,"currency":"USD","framed":false,"w":11,"h":14,"label":"No Frame / Small 11\" x 14\"","margin":1},{"vendor":"society6","url":"https://society6.com/products/surf-shadows-monochrome-ocean-photography_art-print?variant=48736084001012","price":50.0,"currency":"USD","framed":false,"w":13,"h":19,"label":"No Frame / Small 13\" x 19\"","margin":1},{"vendor":"society6","url":"https://society6.com/products/surf-shadows-monochrome-ocean-photography_art-print?variant=48736084033780","price":55.0,"currency":"USD","framed":false,"w":16,"h":20,"label":"No Frame / Medium 16\" x 20\"","margin":2},{"vendor":"society6","url":"https://society6.com/products/surf-shadows-monochrome-ocean-photography_art-print?variant=48736084066548","price":60.0,"currency":"USD","framed":false,"w":18,"h":24,"label":"No Frame / Medium 18\" x 24\"","margin":2},{"vendor":"society6","url":"https://society6.com/products/surf-shadows-monochrome-ocean-photography_art-print?variant=48736084099316","price":95.0,"currency":"USD","framed":false,"w":24,"h":36,"label":"No Frame / Large 24\" x 36\"","margin":2},{"vendor":"society6","url":"https://society6.com/products/surf-shadows-monochrome-ocean-photography_art-print?variant=48736084132084","price":125.0,"currency":"USD","framed":false,"w":30,"h":40,"label":"No Frame / X-Large 30\" x 40\"","margin":2}]
s6-aerial-coastlines-modern-ocean-photography-p	andreas12	https://society6.com/products/aerial-coastlines-modern-ocean-photography-print_art-print	Aerial Coastlines	photo	surf	https://cdn.shopify.com/s/files/1/0781/0282/3156/files/andreas12-aerial-coastlines-modern-ocean-photography-print-art-print-whitebg-8x10.jpg?v=1781850425&crop=region&crop_left=272&crop_top=242&crop_width=255&crop_height=311&art=1	[{"vendor":"society6","url":"https://society6.com/products/aerial-coastlines-modern-ocean-photography-print_art-print?variant=48735928025332","price":30.0,"currency":"USD","framed":false,"w":8,"h":10,"label":"No Frame / X-Small 8\" x 10\"","margin":1},{"vendor":"society6","url":"https://society6.com/products/aerial-coastlines-modern-ocean-photography-print_art-print?variant=48735928058100","price":45.0,"currency":"USD","framed":false,"w":11,"h":14,"label":"No Frame / Small 11\" x 14\"","margin":1},{"vendor":"society6","url":"https://society6.com/products/aerial-coastlines-modern-ocean-photography-print_art-print?variant=48735928090868","price":50.0,"currency":"USD","framed":false,"w":13,"h":19,"label":"No Frame / Small 13\" x 19\"","margin":1},{"vendor":"society6","url":"https://society6.com/products/aerial-coastlines-modern-ocean-photography-print_art-print?variant=48735928123636","price":55.0,"currency":"USD","framed":false,"w":16,"h":20,"label":"No Frame / Medium 16\" x 20\"","margin":2},{"vendor":"society6","url":"https://society6.com/products/aerial-coastlines-modern-ocean-photography-print_art-print?variant=48735928156404","price":60.0,"currency":"USD","framed":false,"w":18,"h":24,"label":"No Frame / Medium 18\" x 24\"","margin":2},{"vendor":"society6","url":"https://society6.com/products/aerial-coastlines-modern-ocean-photography-print_art-print?variant=48735928189172","price":95.0,"currency":"USD","framed":false,"w":24,"h":36,"label":"No Frame / Large 24\" x 36\"","margin":2},{"vendor":"society6","url":"https://society6.com/products/aerial-coastlines-modern-ocean-photography-print_art-print?variant=48735928221940","price":125.0,"currency":"USD","framed":false,"w":30,"h":40,"label":"No Frame / X-Large 30\" x 40\"","margin":2}]
s6-island-noon8855292	tasiania	https://society6.com/products/island-noon8855292_art-print	Island noon	print	surf	https://cdn.shopify.com/s/files/1/0781/0282/3156/files/tasiania-island-noon-i-art-print-whitebg-8x10.jpg?v=1781829720&crop=region&crop_left=272&crop_top=242&crop_width=255&crop_height=310&art=1	[{"vendor":"society6","url":"https://society6.com/products/island-noon8855292_art-print?variant=48729474662644","price":30.0,"currency":"USD","framed":false,"w":8,"h":10,"label":"No Frame / X-Small 8\" x 10\"","margin":1},{"vendor":"society6","url":"https://society6.com/products/island-noon8855292_art-print?variant=48729474695412","price":45.0,"currency":"USD","framed":false,"w":11,"h":14,"label":"No Frame / Small 11\" x 14\"","margin":1},{"vendor":"society6","url":"https://society6.com/products/island-noon8855292_art-print?variant=48729474728180","price":50.0,"currency":"USD","framed":false,"w":13,"h":19,"label":"No Frame / Small 13\" x 19\"","margin":1},{"vendor":"society6","url":"https://society6.com/products/island-noon8855292_art-print?variant=48729474760948","price":55.0,"currency":"USD","framed":false,"w":16,"h":20,"label":"No Frame / Medium 16\" x 20\"","margin":2},{"vendor":"society6","url":"https://society6.com/products/island-noon8855292_art-print?variant=48729474793716","price":60.0,"currency":"USD","framed":false,"w":18,"h":24,"label":"No Frame / Medium 18\" x 24\"","margin":2},{"vendor":"society6","url":"https://society6.com/products/island-noon8855292_art-print?variant=48729474826484","price":95.0,"currency":"USD","framed":false,"w":24,"h":36,"label":"No Frame / Large 24\" x 36\"","margin":2},{"vendor":"society6","url":"https://society6.com/products/island-noon8855292_art-print?variant=48729474859252","price":125.0,"currency":"USD","framed":false,"w":30,"h":40,"label":"No Frame / X-Large 30\" x 40\"","margin":2}]
s6-mermaids8204543	tasiania	https://society6.com/products/mermaids8204543_art-print	Island Breeze	print	surf	https://cdn.shopify.com/s/files/1/0781/0282/3156/files/tasiania-island-breeze-art-print-whitebg-8x10.jpg?v=1781815170&crop=region&crop_left=272&crop_top=242&crop_width=255&crop_height=310&art=1	[{"vendor":"society6","url":"https://society6.com/products/mermaids8204543_art-print?variant=48724538360052","price":30.0,"currency":"USD","framed":false,"w":8,"h":10,"label":"No Frame / X-Small 8\" x 10\"","margin":1},{"vendor":"society6","url":"https://society6.com/products/mermaids8204543_art-print?variant=48724538392820","price":45.0,"currency":"USD","framed":false,"w":11,"h":14,"label":"No Frame / Small 11\" x 14\"","margin":1},{"vendor":"society6","url":"https://society6.com/products/mermaids8204543_art-print?variant=48724538425588","price":50.0,"currency":"USD","framed":false,"w":13,"h":19,"label":"No Frame / Small 13\" x 19\"","margin":1},{"vendor":"society6","url":"https://society6.com/products/mermaids8204543_art-print?variant=48724538458356","price":55.0,"currency":"USD","framed":false,"w":16,"h":20,"label":"No Frame / Medium 16\" x 20\"","margin":2},{"vendor":"society6","url":"https://society6.com/products/mermaids8204543_art-print?variant=48724538491124","price":60.0,"currency":"USD","framed":false,"w":18,"h":24,"label":"No Frame / Medium 18\" x 24\"","margin":2},{"vendor":"society6","url":"https://society6.com/products/mermaids8204543_art-print?variant=48724538523892","price":95.0,"currency":"USD","framed":false,"w":24,"h":36,"label":"No Frame / Large 24\" x 36\"","margin":2},{"vendor":"society6","url":"https://society6.com/products/mermaids8204543_art-print?variant=48724538556660","price":125.0,"currency":"USD","framed":false,"w":30,"h":40,"label":"No Frame / X-Large 30\" x 40\"","margin":2}]
s6-summer-of-726333012	underthepalms	https://society6.com/products/summer-of-726333012_art-print	Summer of 72	photo	surf	https://cdn.shopify.com/s/files/1/0781/0282/3156/files/under-the-palms-summer-of-72-art-print-whitebg-8x10.jpg?v=1781795524&crop=region&crop_left=242&crop_top=270&crop_width=313&crop_height=255&art=1	[{"vendor":"society6","url":"https://society6.com/products/summer-of-726333012_art-print?variant=48718790131956","price":30.0,"currency":"USD","framed":false,"w":8,"h":10,"label":"No Frame / X-Small 8\" x 10\"","margin":1},{"vendor":"society6","url":"https://society6.com/products/summer-of-726333012_art-print?variant=48718790164724","price":45.0,"currency":"USD","framed":false,"w":11,"h":14,"label":"No Frame / Small 11\" x 14\"","margin":1},{"vendor":"society6","url":"https://society6.com/products/summer-of-726333012_art-print?variant=48718790197492","price":50.0,"currency":"USD","framed":false,"w":13,"h":19,"label":"No Frame / Small 13\" x 19\"","margin":1},{"vendor":"society6","url":"https://society6.com/products/summer-of-726333012_art-print?variant=48718790230260","price":55.0,"currency":"USD","framed":false,"w":16,"h":20,"label":"No Frame / Medium 16\" x 20\"","margin":2},{"vendor":"society6","url":"https://society6.com/products/summer-of-726333012_art-print?variant=48718790263028","price":60.0,"currency":"USD","framed":false,"w":18,"h":24,"label":"No Frame / Medium 18\" x 24\"","margin":2},{"vendor":"society6","url":"https://society6.com/products/summer-of-726333012_art-print?variant=48718790295796","price":95.0,"currency":"USD","framed":false,"w":24,"h":36,"label":"No Frame / Large 24\" x 36\"","margin":2},{"vendor":"society6","url":"https://society6.com/products/summer-of-726333012_art-print?variant=48718790328564","price":125.0,"currency":"USD","framed":false,"w":30,"h":40,"label":"No Frame / X-Large 30\" x 40\"","margin":2}]
s6-old-woody	vintagesurfphotos	https://society6.com/products/old-woody_art-print	Old Woody	photo	surf	https://cdn.shopify.com/s/files/1/0781/0282/3156/files/vintage-surf-photos---smudge-print-shop-old-woody-art-print-whitebg-8x10.jpg?v=1781769210&crop=region&crop_left=242&crop_top=272&crop_width=315&crop_height=254&art=1	[{"vendor":"society6","url":"https://society6.com/products/old-woody_art-print?variant=48712699478260","price":30.0,"currency":"USD","framed":false,"w":8,"h":10,"label":"No Frame / X-Small 8\" x 10\"","margin":1},{"vendor":"society6","url":"https://society6.com/products/old-woody_art-print?variant=48712699511028","price":45.0,"currency":"USD","framed":false,"w":11,"h":14,"label":"No Frame / Small 11\" x 14\"","margin":1},{"vendor":"society6","url":"https://society6.com/products/old-woody_art-print?variant=48712699543796","price":50.0,"currency":"USD","framed":false,"w":13,"h":19,"label":"No Frame / Small 13\" x 19\"","margin":1},{"vendor":"society6","url":"https://society6.com/products/old-woody_art-print?variant=48712699576564","price":55.0,"currency":"USD","framed":false,"w":16,"h":20,"label":"No Frame / Medium 16\" x 20\"","margin":2},{"vendor":"society6","url":"https://society6.com/products/old-woody_art-print?variant=48712699609332","price":60.0,"currency":"USD","framed":false,"w":18,"h":24,"label":"No Frame / Medium 18\" x 24\"","margin":2},{"vendor":"society6","url":"https://society6.com/products/old-woody_art-print?variant=48712699642100","price":95.0,"currency":"USD","framed":false,"w":24,"h":36,"label":"No Frame / Large 24\" x 36\"","margin":2},{"vendor":"society6","url":"https://society6.com/products/old-woody_art-print?variant=48712699674868","price":125.0,"currency":"USD","framed":false,"w":30,"h":40,"label":"No Frame / X-Large 30\" x 40\"","margin":2}]
s6-pointbreaks-in-paradise-lookout-in-raglan-ne	surfybirdy	https://society6.com/products/pointbreaks-in-paradise-lookout-in-raglan-new-zealand-retro-surf-art-by-surfy-birdy_art-print	Raglan Lookout	print	surf	https://cdn.shopify.com/s/files/1/0781/0282/3156/files/surfy-birdy-pointbreaks-in-paradise-lookout-in-raglan-new-zealand-retro-surf-art-by-surfy-birdy-art-print-whitebg-8x10.jpg?v=1781765213&crop=region&crop_left=274&crop_top=242&crop_width=253&crop_height=316&art=1	[{"vendor":"society6","url":"https://society6.com/products/pointbreaks-in-paradise-lookout-in-raglan-new-zealand-retro-surf-art-by-surfy-birdy_art-print?variant=48711526252788","price":30.0,"currency":"USD","framed":false,"w":8,"h":10,"label":"No Frame / X-Small 8\" x 10\"","margin":1},{"vendor":"society6","url":"https://society6.com/products/pointbreaks-in-paradise-lookout-in-raglan-new-zealand-retro-surf-art-by-surfy-birdy_art-print?variant=48711526285556","price":45.0,"currency":"USD","framed":false,"w":11,"h":14,"label":"No Frame / Small 11\" x 14\"","margin":1},{"vendor":"society6","url":"https://society6.com/products/pointbreaks-in-paradise-lookout-in-raglan-new-zealand-retro-surf-art-by-surfy-birdy_art-print?variant=48711526318324","price":50.0,"currency":"USD","framed":false,"w":13,"h":19,"label":"No Frame / Small 13\" x 19\"","margin":1},{"vendor":"society6","url":"https://society6.com/products/pointbreaks-in-paradise-lookout-in-raglan-new-zealand-retro-surf-art-by-surfy-birdy_art-print?variant=48711526351092","price":55.0,"currency":"USD","framed":false,"w":16,"h":20,"label":"No Frame / Medium 16\" x 20\"","margin":2},{"vendor":"society6","url":"https://society6.com/products/pointbreaks-in-paradise-lookout-in-raglan-new-zealand-retro-surf-art-by-surfy-birdy_art-print?variant=48711526383860","price":60.0,"currency":"USD","framed":false,"w":18,"h":24,"label":"No Frame / Medium 18\" x 24\"","margin":2},{"vendor":"society6","url":"https://society6.com/products/pointbreaks-in-paradise-lookout-in-raglan-new-zealand-retro-surf-art-by-surfy-birdy_art-print?variant=48711526416628","price":95.0,"currency":"USD","framed":false,"w":24,"h":36,"label":"No Frame / Large 24\" x 36\"","margin":2},{"vendor":"society6","url":"https://society6.com/products/pointbreaks-in-paradise-lookout-in-raglan-new-zealand-retro-surf-art-by-surfy-birdy_art-print?variant=48711526449396","price":125.0,"currency":"USD","framed":false,"w":30,"h":40,"label":"No Frame / X-Large 30\" x 40\"","margin":2}]
s6-sky-blush-x-ocean-art	annbphoto	https://society6.com/products/sky-blush-x-ocean-art_art-print	Sky Blush x Ocean Art	print	sailing	https://cdn.shopify.com/s/files/1/0781/0282/3156/files/ann-hudec-sky-blush-x-ocean-art-art-print-whitebg-8x10.jpg?v=1778946053&crop=region&crop_left=274&crop_top=244&crop_width=253&crop_height=308&art=1	[{"vendor":"society6","url":"https://society6.com/products/sky-blush-x-ocean-art_art-print?variant=48251855044852","price":30.0,"currency":"USD","framed":false,"w":8,"h":10,"label":"No Frame / X-Small 8\" x 10\"","margin":1},{"vendor":"society6","url":"https://society6.com/products/sky-blush-x-ocean-art_art-print?variant=48251855077620","price":45.0,"currency":"USD","framed":false,"w":11,"h":14,"label":"No Frame / Small 11\" x 14\"","margin":1},{"vendor":"society6","url":"https://society6.com/products/sky-blush-x-ocean-art_art-print?variant=48251855110388","price":50.0,"currency":"USD","framed":false,"w":13,"h":19,"label":"No Frame / Small 13\" x 19\"","margin":1},{"vendor":"society6","url":"https://society6.com/products/sky-blush-x-ocean-art_art-print?variant=48251855143156","price":55.0,"currency":"USD","framed":false,"w":16,"h":20,"label":"No Frame / Medium 16\" x 20\"","margin":2},{"vendor":"society6","url":"https://society6.com/products/sky-blush-x-ocean-art_art-print?variant=48251855175924","price":60.0,"currency":"USD","framed":false,"w":18,"h":24,"label":"No Frame / Medium 18\" x 24\"","margin":2},{"vendor":"society6","url":"https://society6.com/products/sky-blush-x-ocean-art_art-print?variant=48251855208692","price":95.0,"currency":"USD","framed":false,"w":24,"h":36,"label":"No Frame / Large 24\" x 36\"","margin":2},{"vendor":"society6","url":"https://society6.com/products/sky-blush-x-ocean-art_art-print?variant=48251855241460","price":125.0,"currency":"USD","framed":false,"w":30,"h":40,"label":"No Frame / X-Large 30\" x 40\"","margin":2}]
s6-quepasa-memphis-throwback-retro-minimal-mode	wacka	https://society6.com/products/quepasa-memphis-throwback-retro-minimal-modern-neon-boating-yacht-club-sailing-summer-sport-yiy_art-print	Quepasa	print	sailing	https://cdn.shopify.com/s/files/1/0781/0282/3156/files/wacka-designs-quepasa-memphis-throwback-retro-minimal-modern-neon-boating-yacht-club-sailing-summer-sport-art-print-whitebg-8x10.jpg?v=1781858504&crop=region&crop_left=271&crop_top=230&crop_width=251&crop_height=334&art=1	[{"vendor":"society6","url":"https://society6.com/products/quepasa-memphis-throwback-retro-minimal-modern-neon-boating-yacht-club-sailing-summer-sport-yiy_art-print?variant=48738433368308","price":30.0,"currency":"USD","framed":false,"w":8,"h":10,"label":"No Frame / X-Small 8\" x 10\"","margin":1},{"vendor":"society6","url":"https://society6.com/products/quepasa-memphis-throwback-retro-minimal-modern-neon-boating-yacht-club-sailing-summer-sport-yiy_art-print?variant=48738433401076","price":45.0,"currency":"USD","framed":false,"w":11,"h":14,"label":"No Frame / Small 11\" x 14\"","margin":1},{"vendor":"society6","url":"https://society6.com/products/quepasa-memphis-throwback-retro-minimal-modern-neon-boating-yacht-club-sailing-summer-sport-yiy_art-print?variant=48738433433844","price":50.0,"currency":"USD","framed":false,"w":13,"h":19,"label":"No Frame / Small 13\" x 19\"","margin":1},{"vendor":"society6","url":"https://society6.com/products/quepasa-memphis-throwback-retro-minimal-modern-neon-boating-yacht-club-sailing-summer-sport-yiy_art-print?variant=48738433466612","price":55.0,"currency":"USD","framed":false,"w":16,"h":20,"label":"No Frame / Medium 16\" x 20\"","margin":2},{"vendor":"society6","url":"https://society6.com/products/quepasa-memphis-throwback-retro-minimal-modern-neon-boating-yacht-club-sailing-summer-sport-yiy_art-print?variant=48738433499380","price":60.0,"currency":"USD","framed":false,"w":18,"h":24,"label":"No Frame / Medium 18\" x 24\"","margin":2},{"vendor":"society6","url":"https://society6.com/products/quepasa-memphis-throwback-retro-minimal-modern-neon-boating-yacht-club-sailing-summer-sport-yiy_art-print?variant=48738433532148","price":95.0,"currency":"USD","framed":false,"w":24,"h":36,"label":"No Frame / Large 24\" x 36\"","margin":2},{"vendor":"society6","url":"https://society6.com/products/quepasa-memphis-throwback-retro-minimal-modern-neon-boating-yacht-club-sailing-summer-sport-yiy_art-print?variant=48738433564916","price":125.0,"currency":"USD","framed":false,"w":30,"h":40,"label":"No Frame / X-Large 30\" x 40\"","margin":2}]
s6-night-sky-ocean-painting	vapinx	https://society6.com/products/night-sky-ocean-painting_art-print	Garland of Stars IV	print	sailing	https://cdn.shopify.com/s/files/1/0781/0282/3156/files/vapinx---katarzyna-l-garland-of-stars-iv-night-sky-art-print-whitebg-8x10.jpg?v=1781747745&crop=region&crop_left=272&crop_top=242&crop_width=255&crop_height=309&art=1	[{"vendor":"society6","url":"https://society6.com/products/night-sky-ocean-painting_art-print?variant=48704506757364","price":30.0,"currency":"USD","framed":false,"w":8,"h":10,"label":"No Frame / X-Small 8\" x 10\"","margin":1},{"vendor":"society6","url":"https://society6.com/products/night-sky-ocean-painting_art-print?variant=48704506790132","price":45.0,"currency":"USD","framed":false,"w":11,"h":14,"label":"No Frame / Small 11\" x 14\"","margin":1},{"vendor":"society6","url":"https://society6.com/products/night-sky-ocean-painting_art-print?variant=48704506822900","price":50.0,"currency":"USD","framed":false,"w":13,"h":19,"label":"No Frame / Small 13\" x 19\"","margin":1},{"vendor":"society6","url":"https://society6.com/products/night-sky-ocean-painting_art-print?variant=48704506855668","price":55.0,"currency":"USD","framed":false,"w":16,"h":20,"label":"No Frame / Medium 16\" x 20\"","margin":2},{"vendor":"society6","url":"https://society6.com/products/night-sky-ocean-painting_art-print?variant=48704506888436","price":60.0,"currency":"USD","framed":false,"w":18,"h":24,"label":"No Frame / Medium 18\" x 24\"","margin":2},{"vendor":"society6","url":"https://society6.com/products/night-sky-ocean-painting_art-print?variant=48704506921204","price":95.0,"currency":"USD","framed":false,"w":24,"h":36,"label":"No Frame / Large 24\" x 36\"","margin":2},{"vendor":"society6","url":"https://society6.com/products/night-sky-ocean-painting_art-print?variant=48704506953972","price":125.0,"currency":"USD","framed":false,"w":30,"h":40,"label":"No Frame / X-Large 30\" x 40\"","margin":2}]
s6-roatan-island-honduras	lukegramphotos	https://society6.com/products/roatan-island-honduras_art-print	Roatan Island, Honduras	photo	sailing	https://cdn.shopify.com/s/files/1/0781/0282/3156/files/luke-gram-roatan-island-honduras-art-print-whitebg-8x10.jpg?v=1779115281&crop=region&crop_left=272&crop_top=242&crop_width=255&crop_height=310&art=1	[{"vendor":"society6","url":"https://society6.com/products/roatan-island-honduras_art-print?variant=48293497929972","price":30.0,"currency":"USD","framed":false,"w":8,"h":10,"label":"No Frame / X-Small 8\" x 10\"","margin":1},{"vendor":"society6","url":"https://society6.com/products/roatan-island-honduras_art-print?variant=48293497962740","price":45.0,"currency":"USD","framed":false,"w":11,"h":14,"label":"No Frame / Small 11\" x 14\"","margin":1},{"vendor":"society6","url":"https://society6.com/products/roatan-island-honduras_art-print?variant=48293497995508","price":50.0,"currency":"USD","framed":false,"w":13,"h":19,"label":"No Frame / Small 13\" x 19\"","margin":1},{"vendor":"society6","url":"https://society6.com/products/roatan-island-honduras_art-print?variant=48293498028276","price":55.0,"currency":"USD","framed":false,"w":16,"h":20,"label":"No Frame / Medium 16\" x 20\"","margin":2},{"vendor":"society6","url":"https://society6.com/products/roatan-island-honduras_art-print?variant=48293498061044","price":60.0,"currency":"USD","framed":false,"w":18,"h":24,"label":"No Frame / Medium 18\" x 24\"","margin":2},{"vendor":"society6","url":"https://society6.com/products/roatan-island-honduras_art-print?variant=48293498093812","price":95.0,"currency":"USD","framed":false,"w":24,"h":36,"label":"No Frame / Large 24\" x 36\"","margin":2},{"vendor":"society6","url":"https://society6.com/products/roatan-island-honduras_art-print?variant=48293498126580","price":125.0,"currency":"USD","framed":false,"w":30,"h":40,"label":"No Frame / X-Large 30\" x 40\"","margin":2}]
s6-golfer-vintage-golf	grumpybuffalo	https://society6.com/products/golfer-vintage-golf_art-print	Golfer Vintage Golf	print	golf	https://cdn.shopify.com/s/files/1/0781/0282/3156/files/grumpybuffalo-golfer-vintage-golf-art-print-whitebg-8x10.jpg?v=1781770417&crop=region&crop_left=272&crop_top=242&crop_width=255&crop_height=309&art=1	[{"vendor":"society6","url":"https://society6.com/products/golfer-vintage-golf_art-print?variant=48713028206836","price":30.0,"currency":"USD","framed":false,"w":8,"h":10,"label":"No Frame / X-Small 8\" x 10\"","margin":1},{"vendor":"society6","url":"https://society6.com/products/golfer-vintage-golf_art-print?variant=48713028239604","price":45.0,"currency":"USD","framed":false,"w":11,"h":14,"label":"No Frame / Small 11\" x 14\"","margin":1},{"vendor":"society6","url":"https://society6.com/products/golfer-vintage-golf_art-print?variant=48713028272372","price":50.0,"currency":"USD","framed":false,"w":13,"h":19,"label":"No Frame / Small 13\" x 19\"","margin":1},{"vendor":"society6","url":"https://society6.com/products/golfer-vintage-golf_art-print?variant=48713028305140","price":55.0,"currency":"USD","framed":false,"w":16,"h":20,"label":"No Frame / Medium 16\" x 20\"","margin":2},{"vendor":"society6","url":"https://society6.com/products/golfer-vintage-golf_art-print?variant=48713028337908","price":60.0,"currency":"USD","framed":false,"w":18,"h":24,"label":"No Frame / Medium 18\" x 24\"","margin":2},{"vendor":"society6","url":"https://society6.com/products/golfer-vintage-golf_art-print?variant=48713028370676","price":95.0,"currency":"USD","framed":false,"w":24,"h":36,"label":"No Frame / Large 24\" x 36\"","margin":2},{"vendor":"society6","url":"https://society6.com/products/golfer-vintage-golf_art-print?variant=48713028403444","price":125.0,"currency":"USD","framed":false,"w":30,"h":40,"label":"No Frame / X-Large 30\" x 40\"","margin":2}]
s6-the-golf-club	takumipark	https://society6.com/products/the-golf-club_art-print	The golf club	photo	golf	https://cdn.shopify.com/s/files/1/0781/0282/3156/files/takumipark-the-golf-club-art-print-whitebg-8x10.jpg?v=1781751142&crop=region&crop_left=272&crop_top=242&crop_width=255&crop_height=316&art=1	[{"vendor":"society6","url":"https://society6.com/products/the-golf-club_art-print?variant=48705440579828","price":30.0,"currency":"USD","framed":false,"w":8,"h":10,"label":"No Frame / X-Small 8\" x 10\"","margin":1},{"vendor":"society6","url":"https://society6.com/products/the-golf-club_art-print?variant=48705440612596","price":45.0,"currency":"USD","framed":false,"w":11,"h":14,"label":"No Frame / Small 11\" x 14\"","margin":1},{"vendor":"society6","url":"https://society6.com/products/the-golf-club_art-print?variant=48705440645364","price":50.0,"currency":"USD","framed":false,"w":13,"h":19,"label":"No Frame / Small 13\" x 19\"","margin":1},{"vendor":"society6","url":"https://society6.com/products/the-golf-club_art-print?variant=48705440678132","price":55.0,"currency":"USD","framed":false,"w":16,"h":20,"label":"No Frame / Medium 16\" x 20\"","margin":2},{"vendor":"society6","url":"https://society6.com/products/the-golf-club_art-print?variant=48705440710900","price":60.0,"currency":"USD","framed":false,"w":18,"h":24,"label":"No Frame / Medium 18\" x 24\"","margin":2},{"vendor":"society6","url":"https://society6.com/products/the-golf-club_art-print?variant=48705440743668","price":95.0,"currency":"USD","framed":false,"w":24,"h":36,"label":"No Frame / Large 24\" x 36\"","margin":2},{"vendor":"society6","url":"https://society6.com/products/the-golf-club_art-print?variant=48705440776436","price":125.0,"currency":"USD","framed":false,"w":30,"h":40,"label":"No Frame / X-Large 30\" x 40\"","margin":2}]
s6-golfers-midnight-blue	thinlinetextiles	https://society6.com/products/golfers-midnight-blue_art-print	Golfers // Midnight Blue	print	golf	https://cdn.shopify.com/s/files/1/0781/0282/3156/files/thin-line-studio-golfers-midnight-blue-art-print-whitebg-8x10.jpg?v=1781745586&crop=region&crop_left=272&crop_top=242&crop_width=255&crop_height=316&art=1	[{"vendor":"society6","url":"https://society6.com/products/golfers-midnight-blue_art-print?variant=48703779274996","price":30.0,"currency":"USD","framed":false,"w":8,"h":10,"label":"No Frame / X-Small 8\" x 10\"","margin":1},{"vendor":"society6","url":"https://society6.com/products/golfers-midnight-blue_art-print?variant=48703779307764","price":45.0,"currency":"USD","framed":false,"w":11,"h":14,"label":"No Frame / Small 11\" x 14\"","margin":1},{"vendor":"society6","url":"https://society6.com/products/golfers-midnight-blue_art-print?variant=48703779340532","price":50.0,"currency":"USD","framed":false,"w":13,"h":19,"label":"No Frame / Small 13\" x 19\"","margin":1},{"vendor":"society6","url":"https://society6.com/products/golfers-midnight-blue_art-print?variant=48703779373300","price":55.0,"currency":"USD","framed":false,"w":16,"h":20,"label":"No Frame / Medium 16\" x 20\"","margin":2},{"vendor":"society6","url":"https://society6.com/products/golfers-midnight-blue_art-print?variant=48703779406068","price":60.0,"currency":"USD","framed":false,"w":18,"h":24,"label":"No Frame / Medium 18\" x 24\"","margin":2},{"vendor":"society6","url":"https://society6.com/products/golfers-midnight-blue_art-print?variant=48703779438836","price":95.0,"currency":"USD","framed":false,"w":24,"h":36,"label":"No Frame / Large 24\" x 36\"","margin":2},{"vendor":"society6","url":"https://society6.com/products/golfers-midnight-blue_art-print?variant=48703779471604","price":125.0,"currency":"USD","framed":false,"w":30,"h":40,"label":"No Frame / X-Large 30\" x 40\"","margin":2}]
s6-cosmic-golf	taudalpoiart	https://society6.com/products/cosmic-golf_art-print	Cosmic Golf	print	golf	https://cdn.shopify.com/s/files/1/0781/0282/3156/files/taudalpoi-cosmic-golf-art-print-whitebg-8x10.jpg?v=1781732788&crop=region&crop_left=272&crop_top=242&crop_width=255&crop_height=310&art=1	[{"vendor":"society6","url":"https://society6.com/products/cosmic-golf_art-print?variant=48699608563956","price":30.0,"currency":"USD","framed":false,"w":8,"h":10,"label":"No Frame / X-Small 8\" x 10\"","margin":1},{"vendor":"society6","url":"https://society6.com/products/cosmic-golf_art-print?variant=48699608596724","price":45.0,"currency":"USD","framed":false,"w":11,"h":14,"label":"No Frame / Small 11\" x 14\"","margin":1},{"vendor":"society6","url":"https://society6.com/products/cosmic-golf_art-print?variant=48699608629492","price":50.0,"currency":"USD","framed":false,"w":13,"h":19,"label":"No Frame / Small 13\" x 19\"","margin":1},{"vendor":"society6","url":"https://society6.com/products/cosmic-golf_art-print?variant=48699608662260","price":55.0,"currency":"USD","framed":false,"w":16,"h":20,"label":"No Frame / Medium 16\" x 20\"","margin":2},{"vendor":"society6","url":"https://society6.com/products/cosmic-golf_art-print?variant=48699608695028","price":60.0,"currency":"USD","framed":false,"w":18,"h":24,"label":"No Frame / Medium 18\" x 24\"","margin":2},{"vendor":"society6","url":"https://society6.com/products/cosmic-golf_art-print?variant=48699608727796","price":95.0,"currency":"USD","framed":false,"w":24,"h":36,"label":"No Frame / Large 24\" x 36\"","margin":2},{"vendor":"society6","url":"https://society6.com/products/cosmic-golf_art-print?variant=48699608760564","price":125.0,"currency":"USD","framed":false,"w":30,"h":40,"label":"No Frame / X-Large 30\" x 40\"","margin":2}]
s6-golf-ball-tee-pattern-pink	thelightfield	https://society6.com/products/golf-ball-tee-pattern-pink_art-print	Golf Balls in Pink	print	golf	https://cdn.shopify.com/s/files/1/0781/0282/3156/files/lightfield-golf-ball-tee-pattern-pink-art-print-whitebg-8x10.jpg?v=1781634029&crop=region&crop_left=274&crop_top=242&crop_width=253&crop_height=314&art=1	[{"vendor":"society6","url":"https://society6.com/products/golf-ball-tee-pattern-pink_art-print?variant=48670457004276","price":30.0,"currency":"USD","framed":false,"w":8,"h":10,"label":"No Frame / X-Small 8\" x 10\"","margin":1},{"vendor":"society6","url":"https://society6.com/products/golf-ball-tee-pattern-pink_art-print?variant=48670457037044","price":40.0,"currency":"USD","framed":false,"w":10,"h":10,"label":"No Frame / Small 10\" x 10\"","margin":1},{"vendor":"society6","url":"https://society6.com/products/golf-ball-tee-pattern-pink_art-print?variant=48670457069812","price":45.0,"currency":"USD","framed":false,"w":11,"h":14,"label":"No Frame / Small 11\" x 14\"","margin":1},{"vendor":"society6","url":"https://society6.com/products/golf-ball-tee-pattern-pink_art-print?variant=48670457102580","price":50.0,"currency":"USD","framed":false,"w":13,"h":19,"label":"No Frame / Small 13\" x 19\"","margin":1},{"vendor":"society6","url":"https://society6.com/products/golf-ball-tee-pattern-pink_art-print?variant=48670457135348","price":65.0,"currency":"USD","framed":false,"w":20,"h":20,"label":"No Frame / Medium 20\" x 20\"","margin":2},{"vendor":"society6","url":"https://society6.com/products/golf-ball-tee-pattern-pink_art-print?variant=48670457168116","price":55.0,"currency":"USD","framed":false,"w":16,"h":20,"label":"No Frame / Medium 16\" x 20\"","margin":2},{"vendor":"society6","url":"https://society6.com/products/golf-ball-tee-pattern-pink_art-print?variant=48670457200884","price":60.0,"currency":"USD","framed":false,"w":18,"h":24,"label":"No Frame / Medium 18\" x 24\"","margin":2},{"vendor":"society6","url":"https://society6.com/products/golf-ball-tee-pattern-pink_art-print?variant=48670457233652","price":95.0,"currency":"USD","framed":false,"w":24,"h":36,"label":"No Frame / Large 24\" x 36\"","margin":2},{"vendor":"society6","url":"https://society6.com/products/golf-ball-tee-pattern-pink_art-print?variant=48670457266420","price":125.0,"currency":"USD","framed":false,"w":30,"h":40,"label":"No Frame / X-Large 30\" x 40\"","margin":2}]
s6-balls-tennis-hard-court-ii-b	danielcoulmann	https://society6.com/products/balls-tennis-hard-court-ii-b_art-print	Tennis Hard Court II	print	tennis	https://cdn.shopify.com/s/files/1/0781/0282/3156/files/daniel-coulmann-balls-tennis-hard-court-ii-b-art-print-whitebg-8x10.jpg?v=1781834726&crop=region&crop_left=274&crop_top=242&crop_width=252&crop_height=309&art=1	[{"vendor":"society6","url":"https://society6.com/products/balls-tennis-hard-court-ii-b_art-print?variant=48731163230452","price":30.0,"currency":"USD","framed":false,"w":8,"h":10,"label":"No Frame / X-Small 8\" x 10\"","margin":1},{"vendor":"society6","url":"https://society6.com/products/balls-tennis-hard-court-ii-b_art-print?variant=48731163263220","price":45.0,"currency":"USD","framed":false,"w":11,"h":14,"label":"No Frame / Small 11\" x 14\"","margin":1},{"vendor":"society6","url":"https://society6.com/products/balls-tennis-hard-court-ii-b_art-print?variant=48731163295988","price":50.0,"currency":"USD","framed":false,"w":13,"h":19,"label":"No Frame / Small 13\" x 19\"","margin":1},{"vendor":"society6","url":"https://society6.com/products/balls-tennis-hard-court-ii-b_art-print?variant=48731163328756","price":55.0,"currency":"USD","framed":false,"w":16,"h":20,"label":"No Frame / Medium 16\" x 20\"","margin":2},{"vendor":"society6","url":"https://society6.com/products/balls-tennis-hard-court-ii-b_art-print?variant=48731163361524","price":60.0,"currency":"USD","framed":false,"w":18,"h":24,"label":"No Frame / Medium 18\" x 24\"","margin":2},{"vendor":"society6","url":"https://society6.com/products/balls-tennis-hard-court-ii-b_art-print?variant=48731163394292","price":95.0,"currency":"USD","framed":false,"w":24,"h":36,"label":"No Frame / Large 24\" x 36\"","margin":2},{"vendor":"society6","url":"https://society6.com/products/balls-tennis-hard-court-ii-b_art-print?variant=48731163427060","price":125.0,"currency":"USD","framed":false,"w":30,"h":40,"label":"No Frame / X-Large 30\" x 40\"","margin":2}]
s6-tennis8755811	ivyi12	https://society6.com/products/tennis8755811_art-print	Tennis	print	tennis	https://cdn.shopify.com/s/files/1/0781/0282/3156/files/ivyi-tennis-iii-art-print-whitebg-8x10.jpg?v=1781875242&crop=region&crop_left=272&crop_top=242&crop_width=255&crop_height=316&art=1	[{"vendor":"society6","url":"https://society6.com/products/tennis8755811_art-print?variant=48745378676980","price":30.0,"currency":"USD","framed":false,"w":8,"h":10,"label":"No Frame / X-Small 8\" x 10\"","margin":1},{"vendor":"society6","url":"https://society6.com/products/tennis8755811_art-print?variant=48745378709748","price":45.0,"currency":"USD","framed":false,"w":11,"h":14,"label":"No Frame / Small 11\" x 14\"","margin":1},{"vendor":"society6","url":"https://society6.com/products/tennis8755811_art-print?variant=48745378742516","price":50.0,"currency":"USD","framed":false,"w":13,"h":19,"label":"No Frame / Small 13\" x 19\"","margin":1},{"vendor":"society6","url":"https://society6.com/products/tennis8755811_art-print?variant=48745378775284","price":55.0,"currency":"USD","framed":false,"w":16,"h":20,"label":"No Frame / Medium 16\" x 20\"","margin":2},{"vendor":"society6","url":"https://society6.com/products/tennis8755811_art-print?variant=48745378808052","price":60.0,"currency":"USD","framed":false,"w":18,"h":24,"label":"No Frame / Medium 18\" x 24\"","margin":2},{"vendor":"society6","url":"https://society6.com/products/tennis8755811_art-print?variant=48745378840820","price":95.0,"currency":"USD","framed":false,"w":24,"h":36,"label":"No Frame / Large 24\" x 36\"","margin":2},{"vendor":"society6","url":"https://society6.com/products/tennis8755811_art-print?variant=48745378873588","price":125.0,"currency":"USD","framed":false,"w":30,"h":40,"label":"No Frame / X-Large 30\" x 40\"","margin":2}]
s6-tennis-rackets-roses-in-lime-lavender	hmillerink	https://society6.com/products/tennis-rackets-roses-in-lime-lavender_art-print	Rackets and Roses	print	tennis	https://cdn.shopify.com/s/files/1/0781/0282/3156/files/h-miller-ink-illustration-tennis-rackets-roses-in-lime-lavender-art-print-whitebg-8x10.jpg?v=1781827404&crop=region&crop_left=272&crop_top=242&crop_width=255&crop_height=310&art=1	[{"vendor":"society6","url":"https://society6.com/products/tennis-rackets-roses-in-lime-lavender_art-print?variant=48728649793780","price":30.0,"currency":"USD","framed":false,"w":8,"h":10,"label":"No Frame / X-Small 8\" x 10\"","margin":1},{"vendor":"society6","url":"https://society6.com/products/tennis-rackets-roses-in-lime-lavender_art-print?variant=48728649826548","price":45.0,"currency":"USD","framed":false,"w":11,"h":14,"label":"No Frame / Small 11\" x 14\"","margin":1},{"vendor":"society6","url":"https://society6.com/products/tennis-rackets-roses-in-lime-lavender_art-print?variant=48728649859316","price":50.0,"currency":"USD","framed":false,"w":13,"h":19,"label":"No Frame / Small 13\" x 19\"","margin":1},{"vendor":"society6","url":"https://society6.com/products/tennis-rackets-roses-in-lime-lavender_art-print?variant=48728649892084","price":55.0,"currency":"USD","framed":false,"w":16,"h":20,"label":"No Frame / Medium 16\" x 20\"","margin":2},{"vendor":"society6","url":"https://society6.com/products/tennis-rackets-roses-in-lime-lavender_art-print?variant=48728649924852","price":60.0,"currency":"USD","framed":false,"w":18,"h":24,"label":"No Frame / Medium 18\" x 24\"","margin":2},{"vendor":"society6","url":"https://society6.com/products/tennis-rackets-roses-in-lime-lavender_art-print?variant=48728649957620","price":95.0,"currency":"USD","framed":false,"w":24,"h":36,"label":"No Frame / Large 24\" x 36\"","margin":2},{"vendor":"society6","url":"https://society6.com/products/tennis-rackets-roses-in-lime-lavender_art-print?variant=48728649990388","price":125.0,"currency":"USD","framed":false,"w":30,"h":40,"label":"No Frame / X-Large 30\" x 40\"","margin":2}]
s6-lets-play-tennis-in-navy-blue	hmillerink	https://society6.com/products/lets-play-tennis-in-navy-blue_art-print	Let's Play Tennis	print	tennis	https://cdn.shopify.com/s/files/1/0781/0282/3156/files/h-miller-ink-illustration-lets-play-tennis-in-navy-blue-art-print-whitebg-8x10.jpg?v=1781827249&crop=region&crop_left=272&crop_top=242&crop_width=255&crop_height=309&art=1	[{"vendor":"society6","url":"https://society6.com/products/lets-play-tennis-in-navy-blue_art-print?variant=48728598839540","price":30.0,"currency":"USD","framed":false,"w":8,"h":10,"label":"No Frame / X-Small 8\" x 10\"","margin":1},{"vendor":"society6","url":"https://society6.com/products/lets-play-tennis-in-navy-blue_art-print?variant=48728598872308","price":45.0,"currency":"USD","framed":false,"w":11,"h":14,"label":"No Frame / Small 11\" x 14\"","margin":1},{"vendor":"society6","url":"https://society6.com/products/lets-play-tennis-in-navy-blue_art-print?variant=48728598905076","price":50.0,"currency":"USD","framed":false,"w":13,"h":19,"label":"No Frame / Small 13\" x 19\"","margin":1},{"vendor":"society6","url":"https://society6.com/products/lets-play-tennis-in-navy-blue_art-print?variant=48728598937844","price":55.0,"currency":"USD","framed":false,"w":16,"h":20,"label":"No Frame / Medium 16\" x 20\"","margin":2},{"vendor":"society6","url":"https://society6.com/products/lets-play-tennis-in-navy-blue_art-print?variant=48728598970612","price":60.0,"currency":"USD","framed":false,"w":18,"h":24,"label":"No Frame / Medium 18\" x 24\"","margin":2},{"vendor":"society6","url":"https://society6.com/products/lets-play-tennis-in-navy-blue_art-print?variant=48728599003380","price":95.0,"currency":"USD","framed":false,"w":24,"h":36,"label":"No Frame / Large 24\" x 36\"","margin":2},{"vendor":"society6","url":"https://society6.com/products/lets-play-tennis-in-navy-blue_art-print?variant=48728599036148","price":125.0,"currency":"USD","framed":false,"w":30,"h":40,"label":"No Frame / X-Large 30\" x 40\"","margin":2}]
s6-retro-tennis-70s-rainbow	bobbie_val	https://society6.com/products/retro-tennis-70s-rainbow_art-print	Retro Tennis 70s Rainbow	print	tennis	https://cdn.shopify.com/s/files/1/0781/0282/3156/files/bobbie-val-retro-tennis-70s-rainbow-art-print-whitebg-8x10.jpg?v=1781821436&crop=region&crop_left=272&crop_top=242&crop_width=255&crop_height=313&art=1	[{"vendor":"society6","url":"https://society6.com/products/retro-tennis-70s-rainbow_art-print?variant=48726626795764","price":30.0,"currency":"USD","framed":false,"w":8,"h":10,"label":"No Frame / X-Small 8\" x 10\"","margin":1},{"vendor":"society6","url":"https://society6.com/products/retro-tennis-70s-rainbow_art-print?variant=48726626828532","price":45.0,"currency":"USD","framed":false,"w":11,"h":14,"label":"No Frame / Small 11\" x 14\"","margin":1},{"vendor":"society6","url":"https://society6.com/products/retro-tennis-70s-rainbow_art-print?variant=48726626861300","price":50.0,"currency":"USD","framed":false,"w":13,"h":19,"label":"No Frame / Small 13\" x 19\"","margin":1},{"vendor":"society6","url":"https://society6.com/products/retro-tennis-70s-rainbow_art-print?variant=48726626894068","price":55.0,"currency":"USD","framed":false,"w":16,"h":20,"label":"No Frame / Medium 16\" x 20\"","margin":2},{"vendor":"society6","url":"https://society6.com/products/retro-tennis-70s-rainbow_art-print?variant=48726626926836","price":60.0,"currency":"USD","framed":false,"w":18,"h":24,"label":"No Frame / Medium 18\" x 24\"","margin":2},{"vendor":"society6","url":"https://society6.com/products/retro-tennis-70s-rainbow_art-print?variant=48726626959604","price":95.0,"currency":"USD","framed":false,"w":24,"h":36,"label":"No Frame / Large 24\" x 36\"","margin":2},{"vendor":"society6","url":"https://society6.com/products/retro-tennis-70s-rainbow_art-print?variant=48726626992372","price":125.0,"currency":"USD","framed":false,"w":30,"h":40,"label":"No Frame / X-Large 30\" x 40\"","margin":2}]
s6-balls-table-tennis-i7933545	danielcoulmann	https://society6.com/products/balls-table-tennis-i7933545_art-print	BALLS / Table Tennis I	print	tennis	https://cdn.shopify.com/s/files/1/0781/0282/3156/files/daniel-coulmann-balls-table-tennis-i-art-print-whitebg-8x10.jpg?v=1781813238&crop=region&crop_left=272&crop_top=242&crop_width=255&crop_height=310&art=1	[{"vendor":"society6","url":"https://society6.com/products/balls-table-tennis-i7933545_art-print?variant=48723997819124","price":30.0,"currency":"USD","framed":false,"w":8,"h":10,"label":"No Frame / X-Small 8\" x 10\"","margin":1},{"vendor":"society6","url":"https://society6.com/products/balls-table-tennis-i7933545_art-print?variant=48723997851892","price":45.0,"currency":"USD","framed":false,"w":11,"h":14,"label":"No Frame / Small 11\" x 14\"","margin":1},{"vendor":"society6","url":"https://society6.com/products/balls-table-tennis-i7933545_art-print?variant=48723997884660","price":50.0,"currency":"USD","framed":false,"w":13,"h":19,"label":"No Frame / Small 13\" x 19\"","margin":1},{"vendor":"society6","url":"https://society6.com/products/balls-table-tennis-i7933545_art-print?variant=48723997917428","price":55.0,"currency":"USD","framed":false,"w":16,"h":20,"label":"No Frame / Medium 16\" x 20\"","margin":2},{"vendor":"society6","url":"https://society6.com/products/balls-table-tennis-i7933545_art-print?variant=48723997950196","price":60.0,"currency":"USD","framed":false,"w":18,"h":24,"label":"No Frame / Medium 18\" x 24\"","margin":2},{"vendor":"society6","url":"https://society6.com/products/balls-table-tennis-i7933545_art-print?variant=48723997982964","price":95.0,"currency":"USD","framed":false,"w":24,"h":36,"label":"No Frame / Large 24\" x 36\"","margin":2},{"vendor":"society6","url":"https://society6.com/products/balls-table-tennis-i7933545_art-print?variant=48723998015732","price":125.0,"currency":"USD","framed":false,"w":30,"h":40,"label":"No Frame / X-Large 30\" x 40\"","margin":2}]
s6-aced6158210	from_above	https://society6.com/products/aced6158210_art-print	Aced	photo	tennis	https://cdn.shopify.com/s/files/1/0781/0282/3156/files/from-above-aced-art-print-whitebg-8x10.jpg?v=1781793653&crop=region&crop_left=273&crop_top=242&crop_width=254&crop_height=309&art=1	[{"vendor":"society6","url":"https://society6.com/products/aced6158210_art-print?variant=48718271447284","price":30.0,"currency":"USD","framed":false,"w":8,"h":10,"label":"No Frame / X-Small 8\" x 10\"","margin":1},{"vendor":"society6","url":"https://society6.com/products/aced6158210_art-print?variant=48718271480052","price":45.0,"currency":"USD","framed":false,"w":11,"h":14,"label":"No Frame / Small 11\" x 14\"","margin":1},{"vendor":"society6","url":"https://society6.com/products/aced6158210_art-print?variant=48718271512820","price":50.0,"currency":"USD","framed":false,"w":13,"h":19,"label":"No Frame / Small 13\" x 19\"","margin":1},{"vendor":"society6","url":"https://society6.com/products/aced6158210_art-print?variant=48718271545588","price":55.0,"currency":"USD","framed":false,"w":16,"h":20,"label":"No Frame / Medium 16\" x 20\"","margin":2},{"vendor":"society6","url":"https://society6.com/products/aced6158210_art-print?variant=48718271578356","price":60.0,"currency":"USD","framed":false,"w":18,"h":24,"label":"No Frame / Medium 18\" x 24\"","margin":2},{"vendor":"society6","url":"https://society6.com/products/aced6158210_art-print?variant=48718271611124","price":95.0,"currency":"USD","framed":false,"w":24,"h":36,"label":"No Frame / Large 24\" x 36\"","margin":2},{"vendor":"society6","url":"https://society6.com/products/aced6158210_art-print?variant=48718271643892","price":125.0,"currency":"USD","framed":false,"w":30,"h":40,"label":"No Frame / X-Large 30\" x 40\"","margin":2}]
s6-colorful-skilift	dagmarpels	https://society6.com/products/colorful-skilift_art-print	Colorful Ski Lift	photo	ski	https://cdn.shopify.com/s/files/1/0781/0282/3156/files/dagmar-pels-colorful-ski-lift-art-print-whitebg-8x10.jpg?v=1778906858&crop=region&crop_left=274&crop_top=242&crop_width=253&crop_height=308&art=1	[{"vendor":"society6","url":"https://society6.com/products/colorful-skilift_art-print?variant=48240422519028","price":30.0,"currency":"USD","framed":false,"w":8,"h":10,"label":"No Frame / X-Small 8\" x 10\"","margin":1},{"vendor":"society6","url":"https://society6.com/products/colorful-skilift_art-print?variant=48240422551796","price":45.0,"currency":"USD","framed":false,"w":11,"h":14,"label":"No Frame / Small 11\" x 14\"","margin":1},{"vendor":"society6","url":"https://society6.com/products/colorful-skilift_art-print?variant=48240422584564","price":50.0,"currency":"USD","framed":false,"w":13,"h":19,"label":"No Frame / Small 13\" x 19\"","margin":1},{"vendor":"society6","url":"https://society6.com/products/colorful-skilift_art-print?variant=48240422617332","price":55.0,"currency":"USD","framed":false,"w":16,"h":20,"label":"No Frame / Medium 16\" x 20\"","margin":2},{"vendor":"society6","url":"https://society6.com/products/colorful-skilift_art-print?variant=48240422650100","price":60.0,"currency":"USD","framed":false,"w":18,"h":24,"label":"No Frame / Medium 18\" x 24\"","margin":2},{"vendor":"society6","url":"https://society6.com/products/colorful-skilift_art-print?variant=48240422682868","price":95.0,"currency":"USD","framed":false,"w":24,"h":36,"label":"No Frame / Large 24\" x 36\"","margin":2},{"vendor":"society6","url":"https://society6.com/products/colorful-skilift_art-print?variant=48240422715636","price":125.0,"currency":"USD","framed":false,"w":30,"h":40,"label":"No Frame / X-Large 30\" x 40\"","margin":2}]
s6-pine-trees-navy3431408	catcoq	https://society6.com/products/pine-trees-navy3431408_art-print	Pine Trees - Navy	print	ski	https://cdn.shopify.com/s/files/1/0781/0282/3156/files/cat-coquillette-pine-trees-navy-art-print-whitebg-8x10.jpg?v=1781313967&crop=region&crop_left=274&crop_top=244&crop_width=252&crop_height=306&art=1	[{"vendor":"society6","url":"https://society6.com/products/pine-trees-navy3431408_art-print?variant=48577331003636","price":30.0,"currency":"USD","framed":false,"w":8,"h":10,"label":"No Frame / X-Small 8\" x 10\"","margin":1},{"vendor":"society6","url":"https://society6.com/products/pine-trees-navy3431408_art-print?variant=48577331036404","price":40.0,"currency":"USD","framed":false,"w":10,"h":10,"label":"No Frame / Small 10\" x 10\"","margin":1},{"vendor":"society6","url":"https://society6.com/products/pine-trees-navy3431408_art-print?variant=48577331069172","price":45.0,"currency":"USD","framed":false,"w":11,"h":14,"label":"No Frame / Small 11\" x 14\"","margin":1},{"vendor":"society6","url":"https://society6.com/products/pine-trees-navy3431408_art-print?variant=48577331101940","price":50.0,"currency":"USD","framed":false,"w":13,"h":19,"label":"No Frame / Small 13\" x 19\"","margin":1},{"vendor":"society6","url":"https://society6.com/products/pine-trees-navy3431408_art-print?variant=48577331134708","price":65.0,"currency":"USD","framed":false,"w":20,"h":20,"label":"No Frame / Medium 20\" x 20\"","margin":2},{"vendor":"society6","url":"https://society6.com/products/pine-trees-navy3431408_art-print?variant=48577331167476","price":55.0,"currency":"USD","framed":false,"w":16,"h":20,"label":"No Frame / Medium 16\" x 20\"","margin":2},{"vendor":"society6","url":"https://society6.com/products/pine-trees-navy3431408_art-print?variant=48577331200244","price":60.0,"currency":"USD","framed":false,"w":18,"h":24,"label":"No Frame / Medium 18\" x 24\"","margin":2},{"vendor":"society6","url":"https://society6.com/products/pine-trees-navy3431408_art-print?variant=48577331233012","price":95.0,"currency":"USD","framed":false,"w":24,"h":36,"label":"No Frame / Large 24\" x 36\"","margin":2},{"vendor":"society6","url":"https://society6.com/products/pine-trees-navy3431408_art-print?variant=48577331265780","price":125.0,"currency":"USD","framed":false,"w":30,"h":40,"label":"No Frame / X-Large 30\" x 40\"","margin":2}]
s6-powder-skiing	mellyterpening	https://society6.com/products/powder-skiing_art-print	Powder Skiing	print	ski	https://cdn.shopify.com/s/files/1/0781/0282/3156/files/melly-terpening-powder-skiing-art-print-whitebg-8x10.jpg?v=1778939803&crop=region&crop_left=245&crop_top=268&crop_width=310&crop_height=257&art=1	[{"vendor":"society6","url":"https://society6.com/products/powder-skiing_art-print?variant=48250103562484","price":30.0,"currency":"USD","framed":false,"w":8,"h":10,"label":"No Frame / X-Small 8\" x 10\"","margin":1},{"vendor":"society6","url":"https://society6.com/products/powder-skiing_art-print?variant=48250103595252","price":45.0,"currency":"USD","framed":false,"w":11,"h":14,"label":"No Frame / Small 11\" x 14\"","margin":1},{"vendor":"society6","url":"https://society6.com/products/powder-skiing_art-print?variant=48250103628020","price":50.0,"currency":"USD","framed":false,"w":13,"h":19,"label":"No Frame / Small 13\" x 19\"","margin":1},{"vendor":"society6","url":"https://society6.com/products/powder-skiing_art-print?variant=48250103660788","price":55.0,"currency":"USD","framed":false,"w":16,"h":20,"label":"No Frame / Medium 16\" x 20\"","margin":2},{"vendor":"society6","url":"https://society6.com/products/powder-skiing_art-print?variant=48250103693556","price":60.0,"currency":"USD","framed":false,"w":18,"h":24,"label":"No Frame / Medium 18\" x 24\"","margin":2},{"vendor":"society6","url":"https://society6.com/products/powder-skiing_art-print?variant=48250103726324","price":95.0,"currency":"USD","framed":false,"w":24,"h":36,"label":"No Frame / Large 24\" x 36\"","margin":2},{"vendor":"society6","url":"https://society6.com/products/powder-skiing_art-print?variant=48250103759092","price":125.0,"currency":"USD","framed":false,"w":30,"h":40,"label":"No Frame / X-Large 30\" x 40\"","margin":2}]
s6-apres-ski-cocktail-collage-winter-edition891	dagmarpels	https://society6.com/products/apres-ski-cocktail-collage-winter-edition8912577_art-print	Apres Ski Cocktail	print	ski	https://cdn.shopify.com/s/files/1/0781/0282/3156/files/dagmar-pels-apres-ski-cocktail-collage-win-art-print-whitebg-8x10.jpg?v=1778906871&crop=region&crop_left=274&crop_top=242&crop_width=252&crop_height=309&art=1	[{"vendor":"society6","url":"https://society6.com/products/apres-ski-cocktail-collage-winter-edition8912577_art-print?variant=48240422977780","price":30.0,"currency":"USD","framed":false,"w":8,"h":10,"label":"No Frame / X-Small 8\" x 10\"","margin":1},{"vendor":"society6","url":"https://society6.com/products/apres-ski-cocktail-collage-winter-edition8912577_art-print?variant=48240423010548","price":45.0,"currency":"USD","framed":false,"w":11,"h":14,"label":"No Frame / Small 11\" x 14\"","margin":1},{"vendor":"society6","url":"https://society6.com/products/apres-ski-cocktail-collage-winter-edition8912577_art-print?variant=48240423043316","price":50.0,"currency":"USD","framed":false,"w":13,"h":19,"label":"No Frame / Small 13\" x 19\"","margin":1},{"vendor":"society6","url":"https://society6.com/products/apres-ski-cocktail-collage-winter-edition8912577_art-print?variant=48240423076084","price":55.0,"currency":"USD","framed":false,"w":16,"h":20,"label":"No Frame / Medium 16\" x 20\"","margin":2},{"vendor":"society6","url":"https://society6.com/products/apres-ski-cocktail-collage-winter-edition8912577_art-print?variant=48240423108852","price":60.0,"currency":"USD","framed":false,"w":18,"h":24,"label":"No Frame / Medium 18\" x 24\"","margin":2},{"vendor":"society6","url":"https://society6.com/products/apres-ski-cocktail-collage-winter-edition8912577_art-print?variant=48240423141620","price":95.0,"currency":"USD","framed":false,"w":24,"h":36,"label":"No Frame / Large 24\" x 36\"","margin":2},{"vendor":"society6","url":"https://society6.com/products/apres-ski-cocktail-collage-winter-edition8912577_art-print?variant=48240423174388","price":125.0,"currency":"USD","framed":false,"w":30,"h":40,"label":"No Frame / X-Large 30\" x 40\"","margin":2}]
s6-les-skieurs	mbjpblacklabel	https://society6.com/products/les-skieurs_art-print	Les Skieurs	photo	ski	https://cdn.shopify.com/s/files/1/0781/0282/3156/files/studio-more-les-skieurs-art-print-whitebg-8x10.jpg?v=1782336679&crop=region&crop_left=274&crop_top=242&crop_width=252&crop_height=315&art=1	[{"vendor":"society6","url":"https://society6.com/products/les-skieurs_art-print?variant=48769843757300","price":30.0,"currency":"USD","framed":false,"w":8,"h":10,"label":"No Frame / X-Small 8\" x 10\"","margin":1},{"vendor":"society6","url":"https://society6.com/products/les-skieurs_art-print?variant=48769843790068","price":45.0,"currency":"USD","framed":false,"w":11,"h":14,"label":"No Frame / Small 11\" x 14\"","margin":1},{"vendor":"society6","url":"https://society6.com/products/les-skieurs_art-print?variant=48769843822836","price":50.0,"currency":"USD","framed":false,"w":13,"h":19,"label":"No Frame / Small 13\" x 19\"","margin":1},{"vendor":"society6","url":"https://society6.com/products/les-skieurs_art-print?variant=48769843855604","price":55.0,"currency":"USD","framed":false,"w":16,"h":20,"label":"No Frame / Medium 16\" x 20\"","margin":2},{"vendor":"society6","url":"https://society6.com/products/les-skieurs_art-print?variant=48769843888372","price":60.0,"currency":"USD","framed":false,"w":18,"h":24,"label":"No Frame / Medium 18\" x 24\"","margin":2},{"vendor":"society6","url":"https://society6.com/products/les-skieurs_art-print?variant=48769843921140","price":95.0,"currency":"USD","framed":false,"w":24,"h":36,"label":"No Frame / Large 24\" x 36\"","margin":2},{"vendor":"society6","url":"https://society6.com/products/les-skieurs_art-print?variant=48769843953908","price":125.0,"currency":"USD","framed":false,"w":30,"h":40,"label":"No Frame / X-Large 30\" x 40\"","margin":2}]
s6-woman-in-gstaad-switzerland	cartitadesign	https://society6.com/products/woman-in-gstaad-switzerland_art-print	Woman in Gstaad Switzerland	print	ski	https://cdn.shopify.com/s/files/1/0781/0282/3156/files/caroline-bonne-muller-woman-in-gstaad-switzerland-art-print-whitebg-8x10.jpg?v=1781824636&crop=region&crop_left=272&crop_top=242&crop_width=255&crop_height=310&art=1	[{"vendor":"society6","url":"https://society6.com/products/woman-in-gstaad-switzerland_art-print?variant=48727645028596","price":30.0,"currency":"USD","framed":false,"w":8,"h":10,"label":"No Frame / X-Small 8\" x 10\"","margin":1},{"vendor":"society6","url":"https://society6.com/products/woman-in-gstaad-switzerland_art-print?variant=48727645061364","price":45.0,"currency":"USD","framed":false,"w":11,"h":14,"label":"No Frame / Small 11\" x 14\"","margin":1},{"vendor":"society6","url":"https://society6.com/products/woman-in-gstaad-switzerland_art-print?variant=48727645094132","price":50.0,"currency":"USD","framed":false,"w":13,"h":19,"label":"No Frame / Small 13\" x 19\"","margin":1},{"vendor":"society6","url":"https://society6.com/products/woman-in-gstaad-switzerland_art-print?variant=48727645126900","price":55.0,"currency":"USD","framed":false,"w":16,"h":20,"label":"No Frame / Medium 16\" x 20\"","margin":2},{"vendor":"society6","url":"https://society6.com/products/woman-in-gstaad-switzerland_art-print?variant=48727645159668","price":60.0,"currency":"USD","framed":false,"w":18,"h":24,"label":"No Frame / Medium 18\" x 24\"","margin":2},{"vendor":"society6","url":"https://society6.com/products/woman-in-gstaad-switzerland_art-print?variant=48727645192436","price":95.0,"currency":"USD","framed":false,"w":24,"h":36,"label":"No Frame / Large 24\" x 36\"","margin":2},{"vendor":"society6","url":"https://society6.com/products/woman-in-gstaad-switzerland_art-print?variant=48727645225204","price":125.0,"currency":"USD","framed":false,"w":30,"h":40,"label":"No Frame / X-Large 30\" x 40\"","margin":2}]
s6-retro-skis-illustration	lindseykaynichols	https://society6.com/products/retro-skis-illustration_art-print	Retro Skis Illustration	print	ski	https://cdn.shopify.com/s/files/1/0781/0282/3156/files/lindsey-kay-collective-retro-skis-illustration-art-print-whitebg-8x10.jpg?v=1781797642&crop=region&crop_left=271&crop_top=230&crop_width=251&crop_height=334&art=1	[{"vendor":"society6","url":"https://society6.com/products/retro-skis-illustration_art-print?variant=48719313600756","price":30.0,"currency":"USD","framed":false,"w":8,"h":10,"label":"No Frame / X-Small 8\" x 10\"","margin":1},{"vendor":"society6","url":"https://society6.com/products/retro-skis-illustration_art-print?variant=48719313633524","price":45.0,"currency":"USD","framed":false,"w":11,"h":14,"label":"No Frame / Small 11\" x 14\"","margin":1},{"vendor":"society6","url":"https://society6.com/products/retro-skis-illustration_art-print?variant=48719313666292","price":50.0,"currency":"USD","framed":false,"w":13,"h":19,"label":"No Frame / Small 13\" x 19\"","margin":1},{"vendor":"society6","url":"https://society6.com/products/retro-skis-illustration_art-print?variant=48719313699060","price":55.0,"currency":"USD","framed":false,"w":16,"h":20,"label":"No Frame / Medium 16\" x 20\"","margin":2},{"vendor":"society6","url":"https://society6.com/products/retro-skis-illustration_art-print?variant=48719313731828","price":60.0,"currency":"USD","framed":false,"w":18,"h":24,"label":"No Frame / Medium 18\" x 24\"","margin":2},{"vendor":"society6","url":"https://society6.com/products/retro-skis-illustration_art-print?variant=48719313764596","price":95.0,"currency":"USD","framed":false,"w":24,"h":36,"label":"No Frame / Large 24\" x 36\"","margin":2},{"vendor":"society6","url":"https://society6.com/products/retro-skis-illustration_art-print?variant=48719313797364","price":125.0,"currency":"USD","framed":false,"w":30,"h":40,"label":"No Frame / X-Large 30\" x 40\"","margin":2}]
s6-have-you-seen-bert	artcatastrophy	https://society6.com/products/have-you-seen-bert_art-print	Have You Seen Bert?	print	architecture	https://cdn.shopify.com/s/files/1/0781/0282/3156/files/artcatillustrated-have-you-seen-bert-art-print-whitebg-8x10.jpg?v=1778906560&crop=region&crop_left=272&crop_top=242&crop_width=255&crop_height=309&art=1	[{"vendor":"society6","url":"https://society6.com/products/have-you-seen-bert_art-print?variant=48240340631796","price":30.0,"currency":"USD","framed":false,"w":8,"h":10,"label":"No Frame / X-Small 8\" x 10\"","margin":1},{"vendor":"society6","url":"https://society6.com/products/have-you-seen-bert_art-print?variant=48240340664564","price":45.0,"currency":"USD","framed":false,"w":11,"h":14,"label":"No Frame / Small 11\" x 14\"","margin":1},{"vendor":"society6","url":"https://society6.com/products/have-you-seen-bert_art-print?variant=48240340697332","price":50.0,"currency":"USD","framed":false,"w":13,"h":19,"label":"No Frame / Small 13\" x 19\"","margin":1},{"vendor":"society6","url":"https://society6.com/products/have-you-seen-bert_art-print?variant=48240340730100","price":55.0,"currency":"USD","framed":false,"w":16,"h":20,"label":"No Frame / Medium 16\" x 20\"","margin":2},{"vendor":"society6","url":"https://society6.com/products/have-you-seen-bert_art-print?variant=48240340762868","price":60.0,"currency":"USD","framed":false,"w":18,"h":24,"label":"No Frame / Medium 18\" x 24\"","margin":2},{"vendor":"society6","url":"https://society6.com/products/have-you-seen-bert_art-print?variant=48240340795636","price":95.0,"currency":"USD","framed":false,"w":24,"h":36,"label":"No Frame / Large 24\" x 36\"","margin":2},{"vendor":"society6","url":"https://society6.com/products/have-you-seen-bert_art-print?variant=48240340828404","price":125.0,"currency":"USD","framed":false,"w":30,"h":40,"label":"No Frame / X-Large 30\" x 40\"","margin":2}]
s6-living-in-the-sunshine-always-painting	83oranges	https://society6.com/products/living-in-the-sunshine-always-painting_art-print	Living in the Sunshine	print	architecture	https://cdn.shopify.com/s/files/1/0781/0282/3156/files/83-oranges-living-in-the-sunshine-art-print-whitebg-8x10.jpg?v=1778985434&crop=region&crop_left=272&crop_top=242&crop_width=255&crop_height=312&art=1	[{"vendor":"society6","url":"https://society6.com/products/living-in-the-sunshine-always-painting_art-print?variant=48263549976820","price":30.0,"currency":"USD","framed":false,"w":8,"h":10,"label":"No Frame / X-Small 8\" x 10\"","margin":1},{"vendor":"society6","url":"https://society6.com/products/living-in-the-sunshine-always-painting_art-print?variant=48263550009588","price":45.0,"currency":"USD","framed":false,"w":11,"h":14,"label":"No Frame / Small 11\" x 14\"","margin":1},{"vendor":"society6","url":"https://society6.com/products/living-in-the-sunshine-always-painting_art-print?variant=48263550042356","price":50.0,"currency":"USD","framed":false,"w":13,"h":19,"label":"No Frame / Small 13\" x 19\"","margin":1},{"vendor":"society6","url":"https://society6.com/products/living-in-the-sunshine-always-painting_art-print?variant=48263550075124","price":55.0,"currency":"USD","framed":false,"w":16,"h":20,"label":"No Frame / Medium 16\" x 20\"","margin":2},{"vendor":"society6","url":"https://society6.com/products/living-in-the-sunshine-always-painting_art-print?variant=48263550107892","price":60.0,"currency":"USD","framed":false,"w":18,"h":24,"label":"No Frame / Medium 18\" x 24\"","margin":2},{"vendor":"society6","url":"https://society6.com/products/living-in-the-sunshine-always-painting_art-print?variant=48263550140660","price":95.0,"currency":"USD","framed":false,"w":24,"h":36,"label":"No Frame / Large 24\" x 36\"","margin":2},{"vendor":"society6","url":"https://society6.com/products/living-in-the-sunshine-always-painting_art-print?variant=48263550173428","price":125.0,"currency":"USD","framed":false,"w":30,"h":40,"label":"No Frame / X-Large 30\" x 40\"","margin":2}]
s6-west-village-residential-11	jbilous	https://society6.com/products/west-village-residential-11_art-print	West Village Residential 11	photo	architecture	https://cdn.shopify.com/s/files/1/0781/0282/3156/files/jon-bilous-west-village-residential-11-art-print-whitebg-8x10.jpg?v=1781732056&crop=region&crop_left=272&crop_top=242&crop_width=255&crop_height=310&art=1	[{"vendor":"society6","url":"https://society6.com/products/west-village-residential-11_art-print?variant=48699376140532","price":30.0,"currency":"USD","framed":false,"w":8,"h":10,"label":"No Frame / X-Small 8\" x 10\"","margin":1},{"vendor":"society6","url":"https://society6.com/products/west-village-residential-11_art-print?variant=48699376173300","price":45.0,"currency":"USD","framed":false,"w":11,"h":14,"label":"No Frame / Small 11\" x 14\"","margin":1},{"vendor":"society6","url":"https://society6.com/products/west-village-residential-11_art-print?variant=48699376206068","price":50.0,"currency":"USD","framed":false,"w":13,"h":19,"label":"No Frame / Small 13\" x 19\"","margin":1},{"vendor":"society6","url":"https://society6.com/products/west-village-residential-11_art-print?variant=48699376238836","price":55.0,"currency":"USD","framed":false,"w":16,"h":20,"label":"No Frame / Medium 16\" x 20\"","margin":2},{"vendor":"society6","url":"https://society6.com/products/west-village-residential-11_art-print?variant=48699376271604","price":60.0,"currency":"USD","framed":false,"w":18,"h":24,"label":"No Frame / Medium 18\" x 24\"","margin":2},{"vendor":"society6","url":"https://society6.com/products/west-village-residential-11_art-print?variant=48699376304372","price":95.0,"currency":"USD","framed":false,"w":24,"h":36,"label":"No Frame / Large 24\" x 36\"","margin":2},{"vendor":"society6","url":"https://society6.com/products/west-village-residential-11_art-print?variant=48699376337140","price":125.0,"currency":"USD","framed":false,"w":30,"h":40,"label":"No Frame / X-Large 30\" x 40\"","margin":2}]
s6-amsterdam6999206	amberstextiles	https://society6.com/products/amsterdam6999206_art-print	Amsterdam	print	architecture	https://cdn.shopify.com/s/files/1/0781/0282/3156/files/ambers-textiles-amsterdam-ii-art-print-whitebg-8x10.jpg?v=1781725622&crop=region&crop_left=272&crop_top=242&crop_width=255&crop_height=310&art=1	[{"vendor":"society6","url":"https://society6.com/products/amsterdam6999206_art-print?variant=48697117671668","price":30.0,"currency":"USD","framed":false,"w":8,"h":10,"label":"No Frame / X-Small 8\" x 10\"","margin":1},{"vendor":"society6","url":"https://society6.com/products/amsterdam6999206_art-print?variant=48697117704436","price":45.0,"currency":"USD","framed":false,"w":11,"h":14,"label":"No Frame / Small 11\" x 14\"","margin":1},{"vendor":"society6","url":"https://society6.com/products/amsterdam6999206_art-print?variant=48697117737204","price":50.0,"currency":"USD","framed":false,"w":13,"h":19,"label":"No Frame / Small 13\" x 19\"","margin":1},{"vendor":"society6","url":"https://society6.com/products/amsterdam6999206_art-print?variant=48697117769972","price":55.0,"currency":"USD","framed":false,"w":16,"h":20,"label":"No Frame / Medium 16\" x 20\"","margin":2},{"vendor":"society6","url":"https://society6.com/products/amsterdam6999206_art-print?variant=48697117802740","price":60.0,"currency":"USD","framed":false,"w":18,"h":24,"label":"No Frame / Medium 18\" x 24\"","margin":2},{"vendor":"society6","url":"https://society6.com/products/amsterdam6999206_art-print?variant=48697117835508","price":95.0,"currency":"USD","framed":false,"w":24,"h":36,"label":"No Frame / Large 24\" x 36\"","margin":2},{"vendor":"society6","url":"https://society6.com/products/amsterdam6999206_art-print?variant=48697117868276","price":125.0,"currency":"USD","framed":false,"w":30,"h":40,"label":"No Frame / X-Large 30\" x 40\"","margin":2}]
s6-tribeca-fire-escapes-new-york-architecture-p	eyepoetry	https://society6.com/products/tribeca-fire-escapes-new-york-architecture-photography_art-print	Tribeca Fire Escapes	photo	architecture	https://cdn.shopify.com/s/files/1/0781/0282/3156/files/eye-poetry-photography-tribeca-fire-escapes-new-york-city-photography-art-print-whitebg-8x10.jpg?v=1778982364&crop=region&crop_left=272&crop_top=263&crop_width=255&crop_height=289&art=1	[{"vendor":"society6","url":"https://society6.com/products/tribeca-fire-escapes-new-york-architecture-photography_art-print?variant=48262709346548","price":30.0,"currency":"USD","framed":false,"w":8,"h":10,"label":"No Frame / X-Small 8\" x 10\"","margin":1},{"vendor":"society6","url":"https://society6.com/products/tribeca-fire-escapes-new-york-architecture-photography_art-print?variant=48262709379316","price":45.0,"currency":"USD","framed":false,"w":11,"h":14,"label":"No Frame / Small 11\" x 14\"","margin":1},{"vendor":"society6","url":"https://society6.com/products/tribeca-fire-escapes-new-york-architecture-photography_art-print?variant=48262709412084","price":50.0,"currency":"USD","framed":false,"w":13,"h":19,"label":"No Frame / Small 13\" x 19\"","margin":1},{"vendor":"society6","url":"https://society6.com/products/tribeca-fire-escapes-new-york-architecture-photography_art-print?variant=48262709444852","price":55.0,"currency":"USD","framed":false,"w":16,"h":20,"label":"No Frame / Medium 16\" x 20\"","margin":2},{"vendor":"society6","url":"https://society6.com/products/tribeca-fire-escapes-new-york-architecture-photography_art-print?variant=48262709477620","price":60.0,"currency":"USD","framed":false,"w":18,"h":24,"label":"No Frame / Medium 18\" x 24\"","margin":2},{"vendor":"society6","url":"https://society6.com/products/tribeca-fire-escapes-new-york-architecture-photography_art-print?variant=48262709510388","price":95.0,"currency":"USD","framed":false,"w":24,"h":36,"label":"No Frame / Large 24\" x 36\"","margin":2},{"vendor":"society6","url":"https://society6.com/products/tribeca-fire-escapes-new-york-architecture-photography_art-print?variant=48262709543156","price":125.0,"currency":"USD","framed":false,"w":30,"h":40,"label":"No Frame / X-Large 30\" x 40\"","margin":2}]
s6-il-duomo-florence-italy-photography	eyepoetry	https://society6.com/products/il-duomo-florence-italy-photography_art-print	Il Duomo Sunrise, Florence Italy	photo	architecture	https://cdn.shopify.com/s/files/1/0781/0282/3156/files/eye-poetry-photography-il-duomo-sunrise-florence-italy-art-print-whitebg-8x10.jpg?v=1778970061&crop=region&crop_left=272&crop_top=242&crop_width=255&crop_height=310&art=1	[{"vendor":"society6","url":"https://society6.com/products/il-duomo-florence-italy-photography_art-print?variant=48259223978228","price":30.0,"currency":"USD","framed":false,"w":8,"h":10,"label":"No Frame / X-Small 8\" x 10\"","margin":1},{"vendor":"society6","url":"https://society6.com/products/il-duomo-florence-italy-photography_art-print?variant=48259224010996","price":45.0,"currency":"USD","framed":false,"w":11,"h":14,"label":"No Frame / Small 11\" x 14\"","margin":1},{"vendor":"society6","url":"https://society6.com/products/il-duomo-florence-italy-photography_art-print?variant=48259224043764","price":50.0,"currency":"USD","framed":false,"w":13,"h":19,"label":"No Frame / Small 13\" x 19\"","margin":1},{"vendor":"society6","url":"https://society6.com/products/il-duomo-florence-italy-photography_art-print?variant=48259224076532","price":55.0,"currency":"USD","framed":false,"w":16,"h":20,"label":"No Frame / Medium 16\" x 20\"","margin":2},{"vendor":"society6","url":"https://society6.com/products/il-duomo-florence-italy-photography_art-print?variant=48259224109300","price":60.0,"currency":"USD","framed":false,"w":18,"h":24,"label":"No Frame / Medium 18\" x 24\"","margin":2},{"vendor":"society6","url":"https://society6.com/products/il-duomo-florence-italy-photography_art-print?variant=48259224142068","price":95.0,"currency":"USD","framed":false,"w":24,"h":36,"label":"No Frame / Large 24\" x 36\"","margin":2},{"vendor":"society6","url":"https://society6.com/products/il-duomo-florence-italy-photography_art-print?variant=48259224174836","price":125.0,"currency":"USD","framed":false,"w":30,"h":40,"label":"No Frame / X-Large 30\" x 40\"","margin":2}]
s6-black-and-white-bologna-street-photography	emmanuelsignorino	https://society6.com/products/black-and-white-bologna-street-photography_art-print	Bologna Arcade	photo	architecture	https://cdn.shopify.com/s/files/1/0781/0282/3156/files/emmanuel-signorino-black-and-white-bologna-street-photography-art-print-whitebg-8x10.jpg?v=1778920785&crop=region&crop_left=272&crop_top=242&crop_width=255&crop_height=316&art=1	[{"vendor":"society6","url":"https://society6.com/products/black-and-white-bologna-street-photography_art-print?variant=48244706640116","price":30.0,"currency":"USD","framed":false,"w":8,"h":10,"label":"No Frame / X-Small 8\" x 10\"","margin":1},{"vendor":"society6","url":"https://society6.com/products/black-and-white-bologna-street-photography_art-print?variant=48244706672884","price":45.0,"currency":"USD","framed":false,"w":11,"h":14,"label":"No Frame / Small 11\" x 14\"","margin":1},{"vendor":"society6","url":"https://society6.com/products/black-and-white-bologna-street-photography_art-print?variant=48244706705652","price":50.0,"currency":"USD","framed":false,"w":13,"h":19,"label":"No Frame / Small 13\" x 19\"","margin":1},{"vendor":"society6","url":"https://society6.com/products/black-and-white-bologna-street-photography_art-print?variant=48244706738420","price":55.0,"currency":"USD","framed":false,"w":16,"h":20,"label":"No Frame / Medium 16\" x 20\"","margin":2},{"vendor":"society6","url":"https://society6.com/products/black-and-white-bologna-street-photography_art-print?variant=48244706771188","price":60.0,"currency":"USD","framed":false,"w":18,"h":24,"label":"No Frame / Medium 18\" x 24\"","margin":2},{"vendor":"society6","url":"https://society6.com/products/black-and-white-bologna-street-photography_art-print?variant=48244706803956","price":95.0,"currency":"USD","framed":false,"w":24,"h":36,"label":"No Frame / Large 24\" x 36\"","margin":2},{"vendor":"society6","url":"https://society6.com/products/black-and-white-bologna-street-photography_art-print?variant=48244706836724","price":125.0,"currency":"USD","framed":false,"w":30,"h":40,"label":"No Frame / X-Large 30\" x 40\"","margin":2}]
s6-new-york-city7423530	covencreations	https://society6.com/products/new-york-city7423530_art-print	new york city	print	city	https://cdn.shopify.com/s/files/1/0781/0282/3156/files/erica-coven-new-york-city-pink-art-print-whitebg-8x10.jpg?v=1780866592&crop=region&crop_left=274&crop_top=243&crop_width=252&crop_height=309&art=1	[{"vendor":"society6","url":"https://society6.com/products/new-york-city7423530_art-print?variant=48452032135412","price":30.0,"currency":"USD","framed":false,"w":8,"h":10,"label":"No Frame / X-Small 8\" x 10\"","margin":1},{"vendor":"society6","url":"https://society6.com/products/new-york-city7423530_art-print?variant=48452032168180","price":40.0,"currency":"USD","framed":false,"w":10,"h":10,"label":"No Frame / Small 10\" x 10\"","margin":1},{"vendor":"society6","url":"https://society6.com/products/new-york-city7423530_art-print?variant=48452032200948","price":45.0,"currency":"USD","framed":false,"w":11,"h":14,"label":"No Frame / Small 11\" x 14\"","margin":1},{"vendor":"society6","url":"https://society6.com/products/new-york-city7423530_art-print?variant=48452032233716","price":50.0,"currency":"USD","framed":false,"w":13,"h":19,"label":"No Frame / Small 13\" x 19\"","margin":1},{"vendor":"society6","url":"https://society6.com/products/new-york-city7423530_art-print?variant=48452032266484","price":65.0,"currency":"USD","framed":false,"w":20,"h":20,"label":"No Frame / Medium 20\" x 20\"","margin":2},{"vendor":"society6","url":"https://society6.com/products/new-york-city7423530_art-print?variant=48452032299252","price":55.0,"currency":"USD","framed":false,"w":16,"h":20,"label":"No Frame / Medium 16\" x 20\"","margin":2},{"vendor":"society6","url":"https://society6.com/products/new-york-city7423530_art-print?variant=48452032332020","price":60.0,"currency":"USD","framed":false,"w":18,"h":24,"label":"No Frame / Medium 18\" x 24\"","margin":2},{"vendor":"society6","url":"https://society6.com/products/new-york-city7423530_art-print?variant=48452032364788","price":95.0,"currency":"USD","framed":false,"w":24,"h":36,"label":"No Frame / Large 24\" x 36\"","margin":2},{"vendor":"society6","url":"https://society6.com/products/new-york-city7423530_art-print?variant=48452032397556","price":125.0,"currency":"USD","framed":false,"w":30,"h":40,"label":"No Frame / X-Large 30\" x 40\"","margin":2}]
s6-taipei5442013	jocelynkaoillustration	https://society6.com/products/taipei5442013_art-print	Taipei	print	city	https://cdn.shopify.com/s/files/1/0781/0282/3156/files/jocelyn-kao-taipei-art-print-whitebg-8x10.jpg?v=1781870990&crop=region&crop_left=272&crop_top=242&crop_width=255&crop_height=312&art=1	[{"vendor":"society6","url":"https://society6.com/products/taipei5442013_art-print?variant=48743495762164","price":30.0,"currency":"USD","framed":false,"w":8,"h":10,"label":"No Frame / X-Small 8\" x 10\"","margin":1},{"vendor":"society6","url":"https://society6.com/products/taipei5442013_art-print?variant=48743495794932","price":45.0,"currency":"USD","framed":false,"w":11,"h":14,"label":"No Frame / Small 11\" x 14\"","margin":1},{"vendor":"society6","url":"https://society6.com/products/taipei5442013_art-print?variant=48743495827700","price":50.0,"currency":"USD","framed":false,"w":13,"h":19,"label":"No Frame / Small 13\" x 19\"","margin":1},{"vendor":"society6","url":"https://society6.com/products/taipei5442013_art-print?variant=48743495860468","price":55.0,"currency":"USD","framed":false,"w":16,"h":20,"label":"No Frame / Medium 16\" x 20\"","margin":2},{"vendor":"society6","url":"https://society6.com/products/taipei5442013_art-print?variant=48743495893236","price":60.0,"currency":"USD","framed":false,"w":18,"h":24,"label":"No Frame / Medium 18\" x 24\"","margin":2},{"vendor":"society6","url":"https://society6.com/products/taipei5442013_art-print?variant=48743495926004","price":95.0,"currency":"USD","framed":false,"w":24,"h":36,"label":"No Frame / Large 24\" x 36\"","margin":2},{"vendor":"society6","url":"https://society6.com/products/taipei5442013_art-print?variant=48743495958772","price":125.0,"currency":"USD","framed":false,"w":30,"h":40,"label":"No Frame / X-Large 30\" x 40\"","margin":2}]
s6-baseball3134941	designsbysavannah	https://society6.com/products/baseball3134941_art-print	Baseball	print	city	https://cdn.shopify.com/s/files/1/0781/0282/3156/files/designsbysavannah-baseball-art-print-whitebg-8x10.jpg?v=1781867788&crop=region&crop_left=272&crop_top=242&crop_width=255&crop_height=309&art=1	[{"vendor":"society6","url":"https://society6.com/products/baseball3134941_art-print?variant=48742183796980","price":30.0,"currency":"USD","framed":false,"w":8,"h":10,"label":"No Frame / X-Small 8\" x 10\"","margin":1},{"vendor":"society6","url":"https://society6.com/products/baseball3134941_art-print?variant=48742183829748","price":45.0,"currency":"USD","framed":false,"w":11,"h":14,"label":"No Frame / Small 11\" x 14\"","margin":1},{"vendor":"society6","url":"https://society6.com/products/baseball3134941_art-print?variant=48742183862516","price":50.0,"currency":"USD","framed":false,"w":13,"h":19,"label":"No Frame / Small 13\" x 19\"","margin":1},{"vendor":"society6","url":"https://society6.com/products/baseball3134941_art-print?variant=48742183895284","price":55.0,"currency":"USD","framed":false,"w":16,"h":20,"label":"No Frame / Medium 16\" x 20\"","margin":2},{"vendor":"society6","url":"https://society6.com/products/baseball3134941_art-print?variant=48742183928052","price":60.0,"currency":"USD","framed":false,"w":18,"h":24,"label":"No Frame / Medium 18\" x 24\"","margin":2},{"vendor":"society6","url":"https://society6.com/products/baseball3134941_art-print?variant=48742183960820","price":95.0,"currency":"USD","framed":false,"w":24,"h":36,"label":"No Frame / Large 24\" x 36\"","margin":2},{"vendor":"society6","url":"https://society6.com/products/baseball3134941_art-print?variant=48742183993588","price":125.0,"currency":"USD","framed":false,"w":30,"h":40,"label":"No Frame / X-Large 30\" x 40\"","margin":2}]
s6-fall-in-new-york8581563	monamai	https://society6.com/products/fall-in-new-york8581563_art-print	Fall in New York	print	city	https://cdn.shopify.com/s/files/1/0781/0282/3156/files/ceyda-alasar-fall-in-new-york-art-print-whitebg-8x10.jpg?v=1781817727&crop=region&crop_left=272&crop_top=242&crop_width=255&crop_height=310&art=1	[{"vendor":"society6","url":"https://society6.com/products/fall-in-new-york8581563_art-print?variant=48725290320116","price":30.0,"currency":"USD","framed":false,"w":8,"h":10,"label":"No Frame / X-Small 8\" x 10\"","margin":1},{"vendor":"society6","url":"https://society6.com/products/fall-in-new-york8581563_art-print?variant=48725290352884","price":45.0,"currency":"USD","framed":false,"w":11,"h":14,"label":"No Frame / Small 11\" x 14\"","margin":1},{"vendor":"society6","url":"https://society6.com/products/fall-in-new-york8581563_art-print?variant=48725290385652","price":50.0,"currency":"USD","framed":false,"w":13,"h":19,"label":"No Frame / Small 13\" x 19\"","margin":1},{"vendor":"society6","url":"https://society6.com/products/fall-in-new-york8581563_art-print?variant=48725290418420","price":55.0,"currency":"USD","framed":false,"w":16,"h":20,"label":"No Frame / Medium 16\" x 20\"","margin":2},{"vendor":"society6","url":"https://society6.com/products/fall-in-new-york8581563_art-print?variant=48725290451188","price":60.0,"currency":"USD","framed":false,"w":18,"h":24,"label":"No Frame / Medium 18\" x 24\"","margin":2},{"vendor":"society6","url":"https://society6.com/products/fall-in-new-york8581563_art-print?variant=48725290483956","price":95.0,"currency":"USD","framed":false,"w":24,"h":36,"label":"No Frame / Large 24\" x 36\"","margin":2},{"vendor":"society6","url":"https://society6.com/products/fall-in-new-york8581563_art-print?variant=48725290516724","price":125.0,"currency":"USD","framed":false,"w":30,"h":40,"label":"No Frame / X-Large 30\" x 40\"","margin":2}]
s6-anime-wires	surudenise	https://society6.com/products/anime-wires_art-print	Anime Wires	print	city	https://cdn.shopify.com/s/files/1/0781/0282/3156/files/surudenise-anime-wires-art-print-whitebg-8x10.jpg?v=1781762515&crop=region&crop_left=242&crop_top=270&crop_width=316&crop_height=256&art=1	[{"vendor":"society6","url":"https://society6.com/products/anime-wires_art-print?variant=48709979046132","price":30.0,"currency":"USD","framed":false,"w":8,"h":10,"label":"No Frame / X-Small 8\" x 10\"","margin":1},{"vendor":"society6","url":"https://society6.com/products/anime-wires_art-print?variant=48709979078900","price":45.0,"currency":"USD","framed":false,"w":11,"h":14,"label":"No Frame / Small 11\" x 14\"","margin":1},{"vendor":"society6","url":"https://society6.com/products/anime-wires_art-print?variant=48709979111668","price":50.0,"currency":"USD","framed":false,"w":13,"h":19,"label":"No Frame / Small 13\" x 19\"","margin":1},{"vendor":"society6","url":"https://society6.com/products/anime-wires_art-print?variant=48709979144436","price":55.0,"currency":"USD","framed":false,"w":16,"h":20,"label":"No Frame / Medium 16\" x 20\"","margin":2},{"vendor":"society6","url":"https://society6.com/products/anime-wires_art-print?variant=48709979177204","price":60.0,"currency":"USD","framed":false,"w":18,"h":24,"label":"No Frame / Medium 18\" x 24\"","margin":2},{"vendor":"society6","url":"https://society6.com/products/anime-wires_art-print?variant=48709979209972","price":95.0,"currency":"USD","framed":false,"w":24,"h":36,"label":"No Frame / Large 24\" x 36\"","margin":2},{"vendor":"society6","url":"https://society6.com/products/anime-wires_art-print?variant=48709979242740","price":125.0,"currency":"USD","framed":false,"w":30,"h":40,"label":"No Frame / X-Large 30\" x 40\"","margin":2}]
s6-old-wooden-green-doors-in-italy-wanderlust-t	raisazwart	https://society6.com/products/old-wooden-green-doors-in-italy-wanderlust-travel-photography-art_art-print	Green Doors, Italy	photo	city	https://cdn.shopify.com/s/files/1/0781/0282/3156/files/raisazwart-old-wooden-green-doors-in-italy-wanderlust-travel-photography-art-art-print-whitebg-8x10.jpg?v=1781756999&crop=region&crop_left=242&crop_top=266&crop_width=316&crop_height=260&art=1	[{"vendor":"society6","url":"https://society6.com/products/old-wooden-green-doors-in-italy-wanderlust-travel-photography-art_art-print?variant=48707315073268","price":30.0,"currency":"USD","framed":false,"w":8,"h":10,"label":"No Frame / X-Small 8\" x 10\"","margin":1},{"vendor":"society6","url":"https://society6.com/products/old-wooden-green-doors-in-italy-wanderlust-travel-photography-art_art-print?variant=48707315106036","price":45.0,"currency":"USD","framed":false,"w":11,"h":14,"label":"No Frame / Small 11\" x 14\"","margin":1},{"vendor":"society6","url":"https://society6.com/products/old-wooden-green-doors-in-italy-wanderlust-travel-photography-art_art-print?variant=48707315138804","price":50.0,"currency":"USD","framed":false,"w":13,"h":19,"label":"No Frame / Small 13\" x 19\"","margin":1},{"vendor":"society6","url":"https://society6.com/products/old-wooden-green-doors-in-italy-wanderlust-travel-photography-art_art-print?variant=48707315171572","price":55.0,"currency":"USD","framed":false,"w":16,"h":20,"label":"No Frame / Medium 16\" x 20\"","margin":2},{"vendor":"society6","url":"https://society6.com/products/old-wooden-green-doors-in-italy-wanderlust-travel-photography-art_art-print?variant=48707315204340","price":60.0,"currency":"USD","framed":false,"w":18,"h":24,"label":"No Frame / Medium 18\" x 24\"","margin":2},{"vendor":"society6","url":"https://society6.com/products/old-wooden-green-doors-in-italy-wanderlust-travel-photography-art_art-print?variant=48707315237108","price":95.0,"currency":"USD","framed":false,"w":24,"h":36,"label":"No Frame / Large 24\" x 36\"","margin":2},{"vendor":"society6","url":"https://society6.com/products/old-wooden-green-doors-in-italy-wanderlust-travel-photography-art_art-print?variant=48707315269876","price":125.0,"currency":"USD","framed":false,"w":30,"h":40,"label":"No Frame / X-Large 30\" x 40\"","margin":2}]
s6-panama-street-philadelphia-03	jbilous	https://society6.com/products/panama-street-philadelphia-03_art-print	Panama Street, Philadelphia 03	photo	city	https://cdn.shopify.com/s/files/1/0781/0282/3156/files/jon-bilous-panama-street-philadelphia-03-art-print-whitebg-8x10.jpg?v=1781734038&crop=region&crop_left=272&crop_top=242&crop_width=255&crop_height=315&art=1	[{"vendor":"society6","url":"https://society6.com/products/panama-street-philadelphia-03_art-print?variant=48700002304244","price":30.0,"currency":"USD","framed":false,"w":8,"h":10,"label":"No Frame / X-Small 8\" x 10\"","margin":1},{"vendor":"society6","url":"https://society6.com/products/panama-street-philadelphia-03_art-print?variant=48700002337012","price":45.0,"currency":"USD","framed":false,"w":11,"h":14,"label":"No Frame / Small 11\" x 14\"","margin":1},{"vendor":"society6","url":"https://society6.com/products/panama-street-philadelphia-03_art-print?variant=48700002369780","price":50.0,"currency":"USD","framed":false,"w":13,"h":19,"label":"No Frame / Small 13\" x 19\"","margin":1},{"vendor":"society6","url":"https://society6.com/products/panama-street-philadelphia-03_art-print?variant=48700002402548","price":55.0,"currency":"USD","framed":false,"w":16,"h":20,"label":"No Frame / Medium 16\" x 20\"","margin":2},{"vendor":"society6","url":"https://society6.com/products/panama-street-philadelphia-03_art-print?variant=48700002435316","price":60.0,"currency":"USD","framed":false,"w":18,"h":24,"label":"No Frame / Medium 18\" x 24\"","margin":2},{"vendor":"society6","url":"https://society6.com/products/panama-street-philadelphia-03_art-print?variant=48700002468084","price":95.0,"currency":"USD","framed":false,"w":24,"h":36,"label":"No Frame / Large 24\" x 36\"","margin":2},{"vendor":"society6","url":"https://society6.com/products/panama-street-philadelphia-03_art-print?variant=48700002500852","price":125.0,"currency":"USD","framed":false,"w":30,"h":40,"label":"No Frame / X-Large 30\" x 40\"","margin":2}]
s6-dumbo-new-york-city-photography	eyepoetry	https://society6.com/products/dumbo-new-york-city-photography_art-print	DUMBO	photo	city	https://cdn.shopify.com/s/files/1/0781/0282/3156/files/eye-poetry-photography-dumbo-new-york-city-photography-art-print-whitebg-8x10.jpg?v=1781719492&crop=region&crop_left=272&crop_top=243&crop_width=255&crop_height=313&art=1	[{"vendor":"society6","url":"https://society6.com/products/dumbo-new-york-city-photography_art-print?variant=48695312711924","price":30.0,"currency":"USD","framed":false,"w":8,"h":10,"label":"No Frame / X-Small 8\" x 10\"","margin":1},{"vendor":"society6","url":"https://society6.com/products/dumbo-new-york-city-photography_art-print?variant=48695312744692","price":45.0,"currency":"USD","framed":false,"w":11,"h":14,"label":"No Frame / Small 11\" x 14\"","margin":1},{"vendor":"society6","url":"https://society6.com/products/dumbo-new-york-city-photography_art-print?variant=48695312777460","price":50.0,"currency":"USD","framed":false,"w":13,"h":19,"label":"No Frame / Small 13\" x 19\"","margin":1},{"vendor":"society6","url":"https://society6.com/products/dumbo-new-york-city-photography_art-print?variant=48695312810228","price":55.0,"currency":"USD","framed":false,"w":16,"h":20,"label":"No Frame / Medium 16\" x 20\"","margin":2},{"vendor":"society6","url":"https://society6.com/products/dumbo-new-york-city-photography_art-print?variant=48695312842996","price":60.0,"currency":"USD","framed":false,"w":18,"h":24,"label":"No Frame / Medium 18\" x 24\"","margin":2},{"vendor":"society6","url":"https://society6.com/products/dumbo-new-york-city-photography_art-print?variant=48695312875764","price":95.0,"currency":"USD","framed":false,"w":24,"h":36,"label":"No Frame / Large 24\" x 36\"","margin":2},{"vendor":"society6","url":"https://society6.com/products/dumbo-new-york-city-photography_art-print?variant=48695312908532","price":125.0,"currency":"USD","framed":false,"w":30,"h":40,"label":"No Frame / X-Large 30\" x 40\"","margin":2}]
s6-haight-ashbury-victorian-houses-san-francisc	eyepoetry	https://society6.com/products/haight-ashbury-victorian-houses-san-francisco-photography_art-print	Haight Ashbury	print	city	https://cdn.shopify.com/s/files/1/0781/0282/3156/files/eye-poetry-photography-haight-ashbury-victorian-houses-san-francisco-photography-art-print-whitebg-8x10.jpg?v=1781707631&crop=region&crop_left=274&crop_top=242&crop_width=253&crop_height=312&art=1	[{"vendor":"society6","url":"https://society6.com/products/haight-ashbury-victorian-houses-san-francisco-photography_art-print?variant=48691991937268","price":30.0,"currency":"USD","framed":false,"w":8,"h":10,"label":"No Frame / X-Small 8\" x 10\"","margin":1},{"vendor":"society6","url":"https://society6.com/products/haight-ashbury-victorian-houses-san-francisco-photography_art-print?variant=48691991970036","price":45.0,"currency":"USD","framed":false,"w":11,"h":14,"label":"No Frame / Small 11\" x 14\"","margin":1},{"vendor":"society6","url":"https://society6.com/products/haight-ashbury-victorian-houses-san-francisco-photography_art-print?variant=48691992002804","price":50.0,"currency":"USD","framed":false,"w":13,"h":19,"label":"No Frame / Small 13\" x 19\"","margin":1},{"vendor":"society6","url":"https://society6.com/products/haight-ashbury-victorian-houses-san-francisco-photography_art-print?variant=48691992035572","price":55.0,"currency":"USD","framed":false,"w":16,"h":20,"label":"No Frame / Medium 16\" x 20\"","margin":2},{"vendor":"society6","url":"https://society6.com/products/haight-ashbury-victorian-houses-san-francisco-photography_art-print?variant=48691992068340","price":60.0,"currency":"USD","framed":false,"w":18,"h":24,"label":"No Frame / Medium 18\" x 24\"","margin":2},{"vendor":"society6","url":"https://society6.com/products/haight-ashbury-victorian-houses-san-francisco-photography_art-print?variant=48691992101108","price":95.0,"currency":"USD","framed":false,"w":24,"h":36,"label":"No Frame / Large 24\" x 36\"","margin":2},{"vendor":"society6","url":"https://society6.com/products/haight-ashbury-victorian-houses-san-francisco-photography_art-print?variant=48691992133876","price":125.0,"currency":"USD","framed":false,"w":30,"h":40,"label":"No Frame / X-Large 30\" x 40\"","margin":2}]
s6-looking-back-nooddoods	caleleroy	https://society6.com/products/looking-back-nooddoods_art-print	Looking Back - NOODDOODs	print	city	https://cdn.shopify.com/s/files/1/0781/0282/3156/files/caleleroy-looking-back-nooddoods-art-print-whitebg-8x10.jpg?v=1769325580&crop=region&crop_left=271&crop_top=230&crop_width=251&crop_height=334&art=1	[{"vendor":"society6","url":"https://society6.com/products/looking-back-nooddoods_art-print?variant=47511074144500","price":30.0,"currency":"USD","framed":false,"w":8,"h":10,"label":"No Frame / X-Small 8\" x 10\"","margin":1},{"vendor":"society6","url":"https://society6.com/products/looking-back-nooddoods_art-print?variant=47511074177268","price":50.0,"currency":"USD","framed":false,"w":13,"h":19,"label":"No Frame / Small 13\" x 19\"","margin":1},{"vendor":"society6","url":"https://society6.com/products/looking-back-nooddoods_art-print?variant=47511074210036","price":60.0,"currency":"USD","framed":false,"w":18,"h":24,"label":"No Frame / Medium 18\" x 24\"","margin":2},{"vendor":"society6","url":"https://society6.com/products/looking-back-nooddoods_art-print?variant=47511074242804","price":60.0,"currency":"USD","framed":false,"w":22,"h":28,"label":"No Frame / Large 22\" x 28\"","margin":2},{"vendor":"society6","url":"https://society6.com/products/looking-back-nooddoods_art-print?variant=47511074275572","price":80.0,"currency":"USD","framed":false,"w":28,"h":36,"label":"No Frame / X-Large 28\" x 36\"","margin":2}]
s6-whats-inside8197149	ohjessicaoh	https://society6.com/products/whats-inside8197149_art-print	What's inside	print	city	https://cdn.shopify.com/s/files/1/0781/0282/3156/files/jessica-o-whats-inside-art-print-whitebg-8x10.jpg?v=1778894311&crop=region&crop_left=245&crop_top=270&crop_width=310&crop_height=255&art=1	[{"vendor":"society6","url":"https://society6.com/products/whats-inside8197149_art-print?variant=48237609812212","price":30.0,"currency":"USD","framed":false,"w":8,"h":10,"label":"No Frame / X-Small 8\" x 10\"","margin":1},{"vendor":"society6","url":"https://society6.com/products/whats-inside8197149_art-print?variant=48237609844980","price":45.0,"currency":"USD","framed":false,"w":11,"h":14,"label":"No Frame / Small 11\" x 14\"","margin":1},{"vendor":"society6","url":"https://society6.com/products/whats-inside8197149_art-print?variant=48237609877748","price":50.0,"currency":"USD","framed":false,"w":13,"h":19,"label":"No Frame / Small 13\" x 19\"","margin":1},{"vendor":"society6","url":"https://society6.com/products/whats-inside8197149_art-print?variant=48237609910516","price":55.0,"currency":"USD","framed":false,"w":16,"h":20,"label":"No Frame / Medium 16\" x 20\"","margin":2},{"vendor":"society6","url":"https://society6.com/products/whats-inside8197149_art-print?variant=48237609943284","price":60.0,"currency":"USD","framed":false,"w":18,"h":24,"label":"No Frame / Medium 18\" x 24\"","margin":2},{"vendor":"society6","url":"https://society6.com/products/whats-inside8197149_art-print?variant=48237609976052","price":95.0,"currency":"USD","framed":false,"w":24,"h":36,"label":"No Frame / Large 24\" x 36\"","margin":2},{"vendor":"society6","url":"https://society6.com/products/whats-inside8197149_art-print?variant=48237610008820","price":125.0,"currency":"USD","framed":false,"w":30,"h":40,"label":"No Frame / X-Large 30\" x 40\"","margin":2}]
s6-flower-shop8936491	katharinapuritscher	https://society6.com/products/flower-shop8936491_art-print	Flower Shop	print	city	https://cdn.shopify.com/s/files/1/0781/0282/3156/files/katharina-puritscher-flower-shop-i-art-print-whitebg-8x10.jpg?v=1779177973&crop=region&crop_left=273&crop_top=244&crop_width=253&crop_height=310&art=1	[{"vendor":"society6","url":"https://society6.com/products/flower-shop8936491_art-print?variant=48297871573236","price":30.0,"currency":"USD","framed":false,"w":8,"h":10,"label":"No Frame / X-Small 8\" x 10\"","margin":1},{"vendor":"society6","url":"https://society6.com/products/flower-shop8936491_art-print?variant=48297871606004","price":45.0,"currency":"USD","framed":false,"w":11,"h":14,"label":"No Frame / Small 11\" x 14\"","margin":1},{"vendor":"society6","url":"https://society6.com/products/flower-shop8936491_art-print?variant=48297871638772","price":50.0,"currency":"USD","framed":false,"w":13,"h":19,"label":"No Frame / Small 13\" x 19\"","margin":1},{"vendor":"society6","url":"https://society6.com/products/flower-shop8936491_art-print?variant=48297871671540","price":55.0,"currency":"USD","framed":false,"w":16,"h":20,"label":"No Frame / Medium 16\" x 20\"","margin":2},{"vendor":"society6","url":"https://society6.com/products/flower-shop8936491_art-print?variant=48297871704308","price":60.0,"currency":"USD","framed":false,"w":18,"h":24,"label":"No Frame / Medium 18\" x 24\"","margin":2},{"vendor":"society6","url":"https://society6.com/products/flower-shop8936491_art-print?variant=48297871737076","price":95.0,"currency":"USD","framed":false,"w":24,"h":36,"label":"No Frame / Large 24\" x 36\"","margin":2},{"vendor":"society6","url":"https://society6.com/products/flower-shop8936491_art-print?variant=48297871769844","price":125.0,"currency":"USD","framed":false,"w":30,"h":40,"label":"No Frame / X-Large 30\" x 40\"","margin":2}]
s6-paris-landscape8718031	fennfashion	https://society6.com/products/paris-landscape8718031_art-print	Paris Landscape	print	city	https://cdn.shopify.com/s/files/1/0781/0282/3156/files/sabina-fenn-illustration-paris-landscape-art-print-whitebg-8x10.jpg?v=1779038772&crop=region&crop_left=231&crop_top=270&crop_width=333&crop_height=253&art=1	[{"vendor":"society6","url":"https://society6.com/products/paris-landscape8718031_art-print?variant=48278504734964","price":30.0,"currency":"USD","framed":false,"w":8,"h":10,"label":"No Frame / X-Small 8\" x 10\"","margin":1},{"vendor":"society6","url":"https://society6.com/products/paris-landscape8718031_art-print?variant=48278504767732","price":45.0,"currency":"USD","framed":false,"w":11,"h":14,"label":"No Frame / Small 11\" x 14\"","margin":1},{"vendor":"society6","url":"https://society6.com/products/paris-landscape8718031_art-print?variant=48278504800500","price":50.0,"currency":"USD","framed":false,"w":13,"h":19,"label":"No Frame / Small 13\" x 19\"","margin":1},{"vendor":"society6","url":"https://society6.com/products/paris-landscape8718031_art-print?variant=48278504833268","price":55.0,"currency":"USD","framed":false,"w":16,"h":20,"label":"No Frame / Medium 16\" x 20\"","margin":2},{"vendor":"society6","url":"https://society6.com/products/paris-landscape8718031_art-print?variant=48278504866036","price":60.0,"currency":"USD","framed":false,"w":18,"h":24,"label":"No Frame / Medium 18\" x 24\"","margin":2},{"vendor":"society6","url":"https://society6.com/products/paris-landscape8718031_art-print?variant=48278504898804","price":95.0,"currency":"USD","framed":false,"w":24,"h":36,"label":"No Frame / Large 24\" x 36\"","margin":2},{"vendor":"society6","url":"https://society6.com/products/paris-landscape8718031_art-print?variant=48278504931572","price":125.0,"currency":"USD","framed":false,"w":30,"h":40,"label":"No Frame / X-Large 30\" x 40\"","margin":2}]
s6-la-maison-rose-pink-montmartre-cafe-paris-tr	eyepoetry	https://society6.com/products/la-maison-rose-pink-montmartre-cafe-paris-travel-photography5991334_art-print	La Maison Rose	photo	city	https://cdn.shopify.com/s/files/1/0781/0282/3156/files/eye-poetry-photography-la-maison-rose-cafe-in-paris-art-print-whitebg-8x10.jpg?v=1778991921&crop=region&crop_left=244&crop_top=270&crop_width=314&crop_height=256&art=1	[{"vendor":"society6","url":"https://society6.com/products/la-maison-rose-pink-montmartre-cafe-paris-travel-photography5991334_art-print?variant=48265382166772","price":30.0,"currency":"USD","framed":false,"w":8,"h":10,"label":"No Frame / X-Small 8\" x 10\"","margin":1},{"vendor":"society6","url":"https://society6.com/products/la-maison-rose-pink-montmartre-cafe-paris-travel-photography5991334_art-print?variant=48265382199540","price":45.0,"currency":"USD","framed":false,"w":11,"h":14,"label":"No Frame / Small 11\" x 14\"","margin":1},{"vendor":"society6","url":"https://society6.com/products/la-maison-rose-pink-montmartre-cafe-paris-travel-photography5991334_art-print?variant=48265382232308","price":50.0,"currency":"USD","framed":false,"w":13,"h":19,"label":"No Frame / Small 13\" x 19\"","margin":1},{"vendor":"society6","url":"https://society6.com/products/la-maison-rose-pink-montmartre-cafe-paris-travel-photography5991334_art-print?variant=48265382265076","price":55.0,"currency":"USD","framed":false,"w":16,"h":20,"label":"No Frame / Medium 16\" x 20\"","margin":2},{"vendor":"society6","url":"https://society6.com/products/la-maison-rose-pink-montmartre-cafe-paris-travel-photography5991334_art-print?variant=48265382297844","price":60.0,"currency":"USD","framed":false,"w":18,"h":24,"label":"No Frame / Medium 18\" x 24\"","margin":2},{"vendor":"society6","url":"https://society6.com/products/la-maison-rose-pink-montmartre-cafe-paris-travel-photography5991334_art-print?variant=48265382330612","price":95.0,"currency":"USD","framed":false,"w":24,"h":36,"label":"No Frame / Large 24\" x 36\"","margin":2},{"vendor":"society6","url":"https://society6.com/products/la-maison-rose-pink-montmartre-cafe-paris-travel-photography5991334_art-print?variant=48265382363380","price":125.0,"currency":"USD","framed":false,"w":30,"h":40,"label":"No Frame / X-Large 30\" x 40\"","margin":2}]
s6-classic-blue-door-in-paris	eyepoetry	https://society6.com/products/classic-blue-door-in-paris_art-print	Blue Door in Paris	print	city	https://cdn.shopify.com/s/files/1/0781/0282/3156/files/eye-poetry-photography-classic-blue-door-in-paris-architecture-photography-art-print-whitebg-8x10.jpg?v=1778961616&crop=region&crop_left=272&crop_top=242&crop_width=255&crop_height=310&art=1	[{"vendor":"society6","url":"https://society6.com/products/classic-blue-door-in-paris_art-print?variant=48256668598516","price":30.0,"currency":"USD","framed":false,"w":8,"h":10,"label":"No Frame / X-Small 8\" x 10\"","margin":1},{"vendor":"society6","url":"https://society6.com/products/classic-blue-door-in-paris_art-print?variant=48256668631284","price":45.0,"currency":"USD","framed":false,"w":11,"h":14,"label":"No Frame / Small 11\" x 14\"","margin":1},{"vendor":"society6","url":"https://society6.com/products/classic-blue-door-in-paris_art-print?variant=48256668664052","price":50.0,"currency":"USD","framed":false,"w":13,"h":19,"label":"No Frame / Small 13\" x 19\"","margin":1},{"vendor":"society6","url":"https://society6.com/products/classic-blue-door-in-paris_art-print?variant=48256668696820","price":55.0,"currency":"USD","framed":false,"w":16,"h":20,"label":"No Frame / Medium 16\" x 20\"","margin":2},{"vendor":"society6","url":"https://society6.com/products/classic-blue-door-in-paris_art-print?variant=48256668729588","price":60.0,"currency":"USD","framed":false,"w":18,"h":24,"label":"No Frame / Medium 18\" x 24\"","margin":2},{"vendor":"society6","url":"https://society6.com/products/classic-blue-door-in-paris_art-print?variant=48256668762356","price":95.0,"currency":"USD","framed":false,"w":24,"h":36,"label":"No Frame / Large 24\" x 36\"","margin":2},{"vendor":"society6","url":"https://society6.com/products/classic-blue-door-in-paris_art-print?variant=48256668795124","price":125.0,"currency":"USD","framed":false,"w":30,"h":40,"label":"No Frame / X-Large 30\" x 40\"","margin":2}]
s6-paris-mon-amour8978198	jocelynkaoillustration	https://society6.com/products/paris-mon-amour8978198_art-print	Paris mon amour	print	city	https://cdn.shopify.com/s/files/1/0781/0282/3156/files/jocelyn-kao-paris-mon-amour-art-print-whitebg-8x10.jpg?v=1781883161&crop=region&crop_left=272&crop_top=242&crop_width=255&crop_height=314&art=1	[{"vendor":"society6","url":"https://society6.com/products/paris-mon-amour8978198_art-print?variant=48750579482868","price":30.0,"currency":"USD","framed":false,"w":8,"h":10,"label":"No Frame / X-Small 8\" x 10\"","margin":1},{"vendor":"society6","url":"https://society6.com/products/paris-mon-amour8978198_art-print?variant=48750579515636","price":45.0,"currency":"USD","framed":false,"w":11,"h":14,"label":"No Frame / Small 11\" x 14\"","margin":1},{"vendor":"society6","url":"https://society6.com/products/paris-mon-amour8978198_art-print?variant=48750579548404","price":50.0,"currency":"USD","framed":false,"w":13,"h":19,"label":"No Frame / Small 13\" x 19\"","margin":1},{"vendor":"society6","url":"https://society6.com/products/paris-mon-amour8978198_art-print?variant=48750579581172","price":55.0,"currency":"USD","framed":false,"w":16,"h":20,"label":"No Frame / Medium 16\" x 20\"","margin":2},{"vendor":"society6","url":"https://society6.com/products/paris-mon-amour8978198_art-print?variant=48750579613940","price":60.0,"currency":"USD","framed":false,"w":18,"h":24,"label":"No Frame / Medium 18\" x 24\"","margin":2},{"vendor":"society6","url":"https://society6.com/products/paris-mon-amour8978198_art-print?variant=48750579646708","price":95.0,"currency":"USD","framed":false,"w":24,"h":36,"label":"No Frame / Large 24\" x 36\"","margin":2},{"vendor":"society6","url":"https://society6.com/products/paris-mon-amour8978198_art-print?variant=48750579679476","price":125.0,"currency":"USD","framed":false,"w":30,"h":40,"label":"No Frame / X-Large 30\" x 40\"","margin":2}]
s6-antique-book-store	katharinapuritscher	https://society6.com/products/antique-book-store_art-print	Antique Book Store	print	city	https://cdn.shopify.com/s/files/1/0781/0282/3156/files/katharina-puritscher-antique-book-store-art-print-whitebg-8x10.jpg?v=1781879400&crop=region&crop_left=272&crop_top=242&crop_width=255&crop_height=314&art=1	[{"vendor":"society6","url":"https://society6.com/products/antique-book-store_art-print?variant=48748109791476","price":30.0,"currency":"USD","framed":false,"w":8,"h":10,"label":"No Frame / X-Small 8\" x 10\"","margin":1},{"vendor":"society6","url":"https://society6.com/products/antique-book-store_art-print?variant=48748109824244","price":45.0,"currency":"USD","framed":false,"w":11,"h":14,"label":"No Frame / Small 11\" x 14\"","margin":1},{"vendor":"society6","url":"https://society6.com/products/antique-book-store_art-print?variant=48748109857012","price":50.0,"currency":"USD","framed":false,"w":13,"h":19,"label":"No Frame / Small 13\" x 19\"","margin":1},{"vendor":"society6","url":"https://society6.com/products/antique-book-store_art-print?variant=48748109889780","price":55.0,"currency":"USD","framed":false,"w":16,"h":20,"label":"No Frame / Medium 16\" x 20\"","margin":2},{"vendor":"society6","url":"https://society6.com/products/antique-book-store_art-print?variant=48748109922548","price":60.0,"currency":"USD","framed":false,"w":18,"h":24,"label":"No Frame / Medium 18\" x 24\"","margin":2},{"vendor":"society6","url":"https://society6.com/products/antique-book-store_art-print?variant=48748109955316","price":95.0,"currency":"USD","framed":false,"w":24,"h":36,"label":"No Frame / Large 24\" x 36\"","margin":2},{"vendor":"society6","url":"https://society6.com/products/antique-book-store_art-print?variant=48748109988084","price":125.0,"currency":"USD","framed":false,"w":30,"h":40,"label":"No Frame / X-Large 30\" x 40\"","margin":2}]
s6-spring-in-paris-21925367	joystclaire	https://society6.com/products/spring-in-paris-21925367_art-print	Spring in Paris 2	print	city	https://cdn.shopify.com/s/files/1/0781/0282/3156/files/olivia-st-claire-spring-in-paris-2-art-print-whitebg-8x10.jpg?v=1781862587&crop=region&crop_left=272&crop_top=242&crop_width=255&crop_height=314&art=1	[{"vendor":"society6","url":"https://society6.com/products/spring-in-paris-21925367_art-print?variant=48740117315828","price":30.0,"currency":"USD","framed":false,"w":8,"h":10,"label":"No Frame / X-Small 8\" x 10\"","margin":1},{"vendor":"society6","url":"https://society6.com/products/spring-in-paris-21925367_art-print?variant=48740117348596","price":45.0,"currency":"USD","framed":false,"w":11,"h":14,"label":"No Frame / Small 11\" x 14\"","margin":1},{"vendor":"society6","url":"https://society6.com/products/spring-in-paris-21925367_art-print?variant=48740117381364","price":50.0,"currency":"USD","framed":false,"w":13,"h":19,"label":"No Frame / Small 13\" x 19\"","margin":1},{"vendor":"society6","url":"https://society6.com/products/spring-in-paris-21925367_art-print?variant=48740117414132","price":55.0,"currency":"USD","framed":false,"w":16,"h":20,"label":"No Frame / Medium 16\" x 20\"","margin":2},{"vendor":"society6","url":"https://society6.com/products/spring-in-paris-21925367_art-print?variant=48740117446900","price":60.0,"currency":"USD","framed":false,"w":18,"h":24,"label":"No Frame / Medium 18\" x 24\"","margin":2},{"vendor":"society6","url":"https://society6.com/products/spring-in-paris-21925367_art-print?variant=48740117479668","price":95.0,"currency":"USD","framed":false,"w":24,"h":36,"label":"No Frame / Large 24\" x 36\"","margin":2},{"vendor":"society6","url":"https://society6.com/products/spring-in-paris-21925367_art-print?variant=48740117512436","price":125.0,"currency":"USD","framed":false,"w":30,"h":40,"label":"No Frame / X-Large 30\" x 40\"","margin":2}]
s6-eiffel-tower-paris-balcony-view	susannekremershop	https://society6.com/products/eiffel-tower-paris-balcony-view_art-print	Eiffel Tower Paris Balcony View	photo	city	https://cdn.shopify.com/s/files/1/0781/0282/3156/files/susanne-kremer-eiffel-tower-paris-balcony-view-art-print-whitebg-8x10.jpg?v=1781861692&crop=region&crop_left=272&crop_top=242&crop_width=255&crop_height=314&art=1	[{"vendor":"society6","url":"https://society6.com/products/eiffel-tower-paris-balcony-view_art-print?variant=48739690250484","price":30.0,"currency":"USD","framed":false,"w":8,"h":10,"label":"No Frame / X-Small 8\" x 10\"","margin":1},{"vendor":"society6","url":"https://society6.com/products/eiffel-tower-paris-balcony-view_art-print?variant=48739690283252","price":45.0,"currency":"USD","framed":false,"w":11,"h":14,"label":"No Frame / Small 11\" x 14\"","margin":1},{"vendor":"society6","url":"https://society6.com/products/eiffel-tower-paris-balcony-view_art-print?variant=48739690316020","price":50.0,"currency":"USD","framed":false,"w":13,"h":19,"label":"No Frame / Small 13\" x 19\"","margin":1},{"vendor":"society6","url":"https://society6.com/products/eiffel-tower-paris-balcony-view_art-print?variant=48739690348788","price":55.0,"currency":"USD","framed":false,"w":16,"h":20,"label":"No Frame / Medium 16\" x 20\"","margin":2},{"vendor":"society6","url":"https://society6.com/products/eiffel-tower-paris-balcony-view_art-print?variant=48739690381556","price":60.0,"currency":"USD","framed":false,"w":18,"h":24,"label":"No Frame / Medium 18\" x 24\"","margin":2},{"vendor":"society6","url":"https://society6.com/products/eiffel-tower-paris-balcony-view_art-print?variant=48739690414324","price":95.0,"currency":"USD","framed":false,"w":24,"h":36,"label":"No Frame / Large 24\" x 36\"","margin":2},{"vendor":"society6","url":"https://society6.com/products/eiffel-tower-paris-balcony-view_art-print?variant=48739690447092","price":125.0,"currency":"USD","framed":false,"w":30,"h":40,"label":"No Frame / X-Large 30\" x 40\"","margin":2}]
s6-sunny-italian-fields	shinachoi	https://society6.com/products/sunny-italian-fields_art-print	Sunny Italian Fields	print	coast	https://cdn.shopify.com/s/files/1/0781/0282/3156/files/shina-choi-art-sunny-italian-fields-art-print-whitebg-8x10.jpg?v=1781142265&crop=region&crop_left=244&crop_top=271&crop_width=313&crop_height=255&art=1	[{"vendor":"society6","url":"https://society6.com/products/sunny-italian-fields_art-print?variant=48539069808884","price":30.0,"currency":"USD","framed":false,"w":8,"h":10,"label":"No Frame / X-Small 8\" x 10\"","margin":1},{"vendor":"society6","url":"https://society6.com/products/sunny-italian-fields_art-print?variant=48539069841652","price":45.0,"currency":"USD","framed":false,"w":11,"h":14,"label":"No Frame / Small 11\" x 14\"","margin":1},{"vendor":"society6","url":"https://society6.com/products/sunny-italian-fields_art-print?variant=48539069874420","price":50.0,"currency":"USD","framed":false,"w":13,"h":19,"label":"No Frame / Small 13\" x 19\"","margin":1},{"vendor":"society6","url":"https://society6.com/products/sunny-italian-fields_art-print?variant=48539069907188","price":55.0,"currency":"USD","framed":false,"w":16,"h":20,"label":"No Frame / Medium 16\" x 20\"","margin":2},{"vendor":"society6","url":"https://society6.com/products/sunny-italian-fields_art-print?variant=48539069939956","price":60.0,"currency":"USD","framed":false,"w":18,"h":24,"label":"No Frame / Medium 18\" x 24\"","margin":2},{"vendor":"society6","url":"https://society6.com/products/sunny-italian-fields_art-print?variant=48539069972724","price":95.0,"currency":"USD","framed":false,"w":24,"h":36,"label":"No Frame / Large 24\" x 36\"","margin":2},{"vendor":"society6","url":"https://society6.com/products/sunny-italian-fields_art-print?variant=48539070005492","price":125.0,"currency":"USD","framed":false,"w":30,"h":40,"label":"No Frame / X-Large 30\" x 40\"","margin":2}]
s6-lake-como-italy8933110	amberstextiles	https://society6.com/products/lake-como-italy8933110_art-print	Lake Como, Italy	print	coast	https://cdn.shopify.com/s/files/1/0781/0282/3156/files/ambers-textiles-lake-como-italy-art-print-whitebg-8x10.jpg?v=1779082530&crop=region&crop_left=272&crop_top=242&crop_width=255&crop_height=312&art=1	[{"vendor":"society6","url":"https://society6.com/products/lake-como-italy8933110_art-print?variant=48290821243124","price":30.0,"currency":"USD","framed":false,"w":8,"h":10,"label":"No Frame / X-Small 8\" x 10\"","margin":1},{"vendor":"society6","url":"https://society6.com/products/lake-como-italy8933110_art-print?variant=48290821275892","price":45.0,"currency":"USD","framed":false,"w":11,"h":14,"label":"No Frame / Small 11\" x 14\"","margin":1},{"vendor":"society6","url":"https://society6.com/products/lake-como-italy8933110_art-print?variant=48290821308660","price":50.0,"currency":"USD","framed":false,"w":13,"h":19,"label":"No Frame / Small 13\" x 19\"","margin":1},{"vendor":"society6","url":"https://society6.com/products/lake-como-italy8933110_art-print?variant=48290821341428","price":55.0,"currency":"USD","framed":false,"w":16,"h":20,"label":"No Frame / Medium 16\" x 20\"","margin":2},{"vendor":"society6","url":"https://society6.com/products/lake-como-italy8933110_art-print?variant=48290821374196","price":60.0,"currency":"USD","framed":false,"w":18,"h":24,"label":"No Frame / Medium 18\" x 24\"","margin":2},{"vendor":"society6","url":"https://society6.com/products/lake-como-italy8933110_art-print?variant=48290821406964","price":95.0,"currency":"USD","framed":false,"w":24,"h":36,"label":"No Frame / Large 24\" x 36\"","margin":2},{"vendor":"society6","url":"https://society6.com/products/lake-como-italy8933110_art-print?variant=48290821439732","price":125.0,"currency":"USD","framed":false,"w":30,"h":40,"label":"No Frame / X-Large 30\" x 40\"","margin":2}]
s6-tuscany-italy-retro-convertible	newburydesigns	https://society6.com/products/tuscany-italy-retro-convertible_art-print	Tuscany, Italy, Retro Convertible	photo	coast	https://cdn.shopify.com/s/files/1/0781/0282/3156/files/newburyboutique-tuscany-italy-retro-convertibl-art-print-whitebg-8x10.jpg?v=1778902416&crop=region&crop_left=272&crop_top=242&crop_width=255&crop_height=310&art=1	[{"vendor":"society6","url":"https://society6.com/products/tuscany-italy-retro-convertible_art-print?variant=48239323283700","price":30.0,"currency":"USD","framed":false,"w":8,"h":10,"label":"No Frame / X-Small 8\" x 10\"","margin":1},{"vendor":"society6","url":"https://society6.com/products/tuscany-italy-retro-convertible_art-print?variant=48239323316468","price":45.0,"currency":"USD","framed":false,"w":11,"h":14,"label":"No Frame / Small 11\" x 14\"","margin":1},{"vendor":"society6","url":"https://society6.com/products/tuscany-italy-retro-convertible_art-print?variant=48239323349236","price":50.0,"currency":"USD","framed":false,"w":13,"h":19,"label":"No Frame / Small 13\" x 19\"","margin":1},{"vendor":"society6","url":"https://society6.com/products/tuscany-italy-retro-convertible_art-print?variant=48239323382004","price":55.0,"currency":"USD","framed":false,"w":16,"h":20,"label":"No Frame / Medium 16\" x 20\"","margin":2},{"vendor":"society6","url":"https://society6.com/products/tuscany-italy-retro-convertible_art-print?variant=48239323414772","price":60.0,"currency":"USD","framed":false,"w":18,"h":24,"label":"No Frame / Medium 18\" x 24\"","margin":2},{"vendor":"society6","url":"https://society6.com/products/tuscany-italy-retro-convertible_art-print?variant=48239323447540","price":95.0,"currency":"USD","framed":false,"w":24,"h":36,"label":"No Frame / Large 24\" x 36\"","margin":2},{"vendor":"society6","url":"https://society6.com/products/tuscany-italy-retro-convertible_art-print?variant=48239323480308","price":125.0,"currency":"USD","framed":false,"w":30,"h":40,"label":"No Frame / X-Large 30\" x 40\"","margin":2}]
s6-laundry-day2613370	eyepoetry	https://society6.com/products/laundry-day2613370_art-print	Laundry Day in Burano Italy	photo	coast	https://cdn.shopify.com/s/files/1/0781/0282/3156/files/eye-poetry-photography-laundry-day-in-burano-italy-art-print-whitebg-8x10.jpg?v=1778878068&crop=region&crop_left=245&crop_top=270&crop_width=313&crop_height=255&art=1	[{"vendor":"society6","url":"https://society6.com/products/laundry-day2613370_art-print?variant=48234562978036","price":30.0,"currency":"USD","framed":false,"w":8,"h":10,"label":"No Frame / X-Small 8\" x 10\"","margin":1},{"vendor":"society6","url":"https://society6.com/products/laundry-day2613370_art-print?variant=48234563010804","price":45.0,"currency":"USD","framed":false,"w":11,"h":14,"label":"No Frame / Small 11\" x 14\"","margin":1},{"vendor":"society6","url":"https://society6.com/products/laundry-day2613370_art-print?variant=48234563043572","price":50.0,"currency":"USD","framed":false,"w":13,"h":19,"label":"No Frame / Small 13\" x 19\"","margin":1},{"vendor":"society6","url":"https://society6.com/products/laundry-day2613370_art-print?variant=48234563076340","price":55.0,"currency":"USD","framed":false,"w":16,"h":20,"label":"No Frame / Medium 16\" x 20\"","margin":2},{"vendor":"society6","url":"https://society6.com/products/laundry-day2613370_art-print?variant=48234563109108","price":60.0,"currency":"USD","framed":false,"w":18,"h":24,"label":"No Frame / Medium 18\" x 24\"","margin":2},{"vendor":"society6","url":"https://society6.com/products/laundry-day2613370_art-print?variant=48234563141876","price":95.0,"currency":"USD","framed":false,"w":24,"h":36,"label":"No Frame / Large 24\" x 36\"","margin":2},{"vendor":"society6","url":"https://society6.com/products/laundry-day2613370_art-print?variant=48234563174644","price":125.0,"currency":"USD","framed":false,"w":30,"h":40,"label":"No Frame / X-Large 30\" x 40\"","margin":2}]
s6-venice-italy8979258	helobirdie	https://society6.com/products/venice-italy8979258_art-print	Venice, Italy	print	coast	https://cdn.shopify.com/s/files/1/0781/0282/3156/files/helo-birdie-venice-italy-i-art-print-whitebg-8x10.jpg?v=1781855691&crop=region&crop_left=272&crop_top=243&crop_width=255&crop_height=309&art=1	[{"vendor":"society6","url":"https://society6.com/products/venice-italy8979258_art-print?variant=48737581924596","price":30.0,"currency":"USD","framed":false,"w":8,"h":10,"label":"No Frame / X-Small 8\" x 10\"","margin":1},{"vendor":"society6","url":"https://society6.com/products/venice-italy8979258_art-print?variant=48737581957364","price":45.0,"currency":"USD","framed":false,"w":11,"h":14,"label":"No Frame / Small 11\" x 14\"","margin":1},{"vendor":"society6","url":"https://society6.com/products/venice-italy8979258_art-print?variant=48737581990132","price":50.0,"currency":"USD","framed":false,"w":13,"h":19,"label":"No Frame / Small 13\" x 19\"","margin":1},{"vendor":"society6","url":"https://society6.com/products/venice-italy8979258_art-print?variant=48737582022900","price":55.0,"currency":"USD","framed":false,"w":16,"h":20,"label":"No Frame / Medium 16\" x 20\"","margin":2},{"vendor":"society6","url":"https://society6.com/products/venice-italy8979258_art-print?variant=48737582055668","price":60.0,"currency":"USD","framed":false,"w":18,"h":24,"label":"No Frame / Medium 18\" x 24\"","margin":2},{"vendor":"society6","url":"https://society6.com/products/venice-italy8979258_art-print?variant=48737582088436","price":95.0,"currency":"USD","framed":false,"w":24,"h":36,"label":"No Frame / Large 24\" x 36\"","margin":2},{"vendor":"society6","url":"https://society6.com/products/venice-italy8979258_art-print?variant=48737582121204","price":125.0,"currency":"USD","framed":false,"w":30,"h":40,"label":"No Frame / X-Large 30\" x 40\"","margin":2}]
s6-colosseum-rome-black-and-white	groppophoto	https://society6.com/products/colosseum-rome-black-and-white_art-print	Colosseum Rome Black and White	photo	coast	https://cdn.shopify.com/s/files/1/0781/0282/3156/files/groppo-photo-colosseum-rome-black-and-white-art-print-whitebg-8x10.jpg?v=1781798751&crop=region&crop_left=272&crop_top=242&crop_width=255&crop_height=315&art=1	[{"vendor":"society6","url":"https://society6.com/products/colosseum-rome-black-and-white_art-print?variant=48719584952564","price":30.0,"currency":"USD","framed":false,"w":8,"h":10,"label":"No Frame / X-Small 8\" x 10\"","margin":1},{"vendor":"society6","url":"https://society6.com/products/colosseum-rome-black-and-white_art-print?variant=48719584985332","price":45.0,"currency":"USD","framed":false,"w":11,"h":14,"label":"No Frame / Small 11\" x 14\"","margin":1},{"vendor":"society6","url":"https://society6.com/products/colosseum-rome-black-and-white_art-print?variant=48719585018100","price":50.0,"currency":"USD","framed":false,"w":13,"h":19,"label":"No Frame / Small 13\" x 19\"","margin":1},{"vendor":"society6","url":"https://society6.com/products/colosseum-rome-black-and-white_art-print?variant=48719585050868","price":55.0,"currency":"USD","framed":false,"w":16,"h":20,"label":"No Frame / Medium 16\" x 20\"","margin":2},{"vendor":"society6","url":"https://society6.com/products/colosseum-rome-black-and-white_art-print?variant=48719585083636","price":60.0,"currency":"USD","framed":false,"w":18,"h":24,"label":"No Frame / Medium 18\" x 24\"","margin":2},{"vendor":"society6","url":"https://society6.com/products/colosseum-rome-black-and-white_art-print?variant=48719585116404","price":95.0,"currency":"USD","framed":false,"w":24,"h":36,"label":"No Frame / Large 24\" x 36\"","margin":2},{"vendor":"society6","url":"https://society6.com/products/colosseum-rome-black-and-white_art-print?variant=48719585149172","price":125.0,"currency":"USD","framed":false,"w":30,"h":40,"label":"No Frame / X-Large 30\" x 40\"","margin":2}]
s6-rome5860073	eyepoetry	https://society6.com/products/rome5860073_art-print	Rome at Sunset	photo	coast	https://cdn.shopify.com/s/files/1/0781/0282/3156/files/eye-poetry-photography-ponte-vittorio-emanuele-bridge-at-sunset-rome-travel-photography-art-print-italy-art-print-whitebg-8x10.jpg?v=1781721862&crop=region&crop_left=242&crop_top=270&crop_width=316&crop_height=256&art=1	[{"vendor":"society6","url":"https://society6.com/products/rome5860073_art-print?variant=48695998316788","price":30.0,"currency":"USD","framed":false,"w":8,"h":10,"label":"No Frame / X-Small 8\" x 10\"","margin":1},{"vendor":"society6","url":"https://society6.com/products/rome5860073_art-print?variant=48695998349556","price":45.0,"currency":"USD","framed":false,"w":11,"h":14,"label":"No Frame / Small 11\" x 14\"","margin":1},{"vendor":"society6","url":"https://society6.com/products/rome5860073_art-print?variant=48695998382324","price":50.0,"currency":"USD","framed":false,"w":13,"h":19,"label":"No Frame / Small 13\" x 19\"","margin":1},{"vendor":"society6","url":"https://society6.com/products/rome5860073_art-print?variant=48695998415092","price":55.0,"currency":"USD","framed":false,"w":16,"h":20,"label":"No Frame / Medium 16\" x 20\"","margin":2},{"vendor":"society6","url":"https://society6.com/products/rome5860073_art-print?variant=48695998447860","price":60.0,"currency":"USD","framed":false,"w":18,"h":24,"label":"No Frame / Medium 18\" x 24\"","margin":2},{"vendor":"society6","url":"https://society6.com/products/rome5860073_art-print?variant=48695998480628","price":95.0,"currency":"USD","framed":false,"w":24,"h":36,"label":"No Frame / Large 24\" x 36\"","margin":2},{"vendor":"society6","url":"https://society6.com/products/rome5860073_art-print?variant=48695998513396","price":125.0,"currency":"USD","framed":false,"w":30,"h":40,"label":"No Frame / X-Large 30\" x 40\"","margin":2}]
s6-villa-bella-azuria	meganmorrisart	https://society6.com/products/villa-bella-azuria_art-print	Villa Courtyard Mediterranean Art	print	coast	https://cdn.shopify.com/s/files/1/0781/0282/3156/files/megan-morris-villa-courtyard-mediterranean-art-art-print-whitebg-8x10.jpg?v=1780925911&crop=region&crop_left=272&crop_top=242&crop_width=255&crop_height=309&art=1	[{"vendor":"society6","url":"https://society6.com/products/villa-bella-azuria_art-print?variant=48475521450228","price":30.0,"currency":"USD","framed":false,"w":8,"h":10,"label":"No Frame / X-Small 8\" x 10\"","margin":1},{"vendor":"society6","url":"https://society6.com/products/villa-bella-azuria_art-print?variant=48475521482996","price":40.0,"currency":"USD","framed":false,"w":10,"h":10,"label":"No Frame / Small 10\" x 10\"","margin":1},{"vendor":"society6","url":"https://society6.com/products/villa-bella-azuria_art-print?variant=48475521515764","price":45.0,"currency":"USD","framed":false,"w":11,"h":14,"label":"No Frame / Small 11\" x 14\"","margin":1},{"vendor":"society6","url":"https://society6.com/products/villa-bella-azuria_art-print?variant=48475521548532","price":50.0,"currency":"USD","framed":false,"w":13,"h":19,"label":"No Frame / Small 13\" x 19\"","margin":1},{"vendor":"society6","url":"https://society6.com/products/villa-bella-azuria_art-print?variant=48475521581300","price":65.0,"currency":"USD","framed":false,"w":20,"h":20,"label":"No Frame / Medium 20\" x 20\"","margin":2},{"vendor":"society6","url":"https://society6.com/products/villa-bella-azuria_art-print?variant=48475521614068","price":55.0,"currency":"USD","framed":false,"w":16,"h":20,"label":"No Frame / Medium 16\" x 20\"","margin":2},{"vendor":"society6","url":"https://society6.com/products/villa-bella-azuria_art-print?variant=48475521646836","price":60.0,"currency":"USD","framed":false,"w":18,"h":24,"label":"No Frame / Medium 18\" x 24\"","margin":2},{"vendor":"society6","url":"https://society6.com/products/villa-bella-azuria_art-print?variant=48475521679604","price":95.0,"currency":"USD","framed":false,"w":24,"h":36,"label":"No Frame / Large 24\" x 36\"","margin":2},{"vendor":"society6","url":"https://society6.com/products/villa-bella-azuria_art-print?variant=48475521712372","price":125.0,"currency":"USD","framed":false,"w":30,"h":40,"label":"No Frame / X-Large 30\" x 40\"","margin":2}]
s6-rome-italy7178645	amberstextiles	https://society6.com/products/rome-italy7178645_art-print	Rome, Italy	print	coast	https://cdn.shopify.com/s/files/1/0781/0282/3156/files/ambers-textiles-rome-italy-art-print-whitebg-8x10.jpg?v=1779016521&crop=region&crop_left=272&crop_top=242&crop_width=255&crop_height=310&art=1	[{"vendor":"society6","url":"https://society6.com/products/rome-italy7178645_art-print?variant=48272229630196","price":30.0,"currency":"USD","framed":false,"w":8,"h":10,"label":"No Frame / X-Small 8\" x 10\"","margin":1},{"vendor":"society6","url":"https://society6.com/products/rome-italy7178645_art-print?variant=48272229662964","price":45.0,"currency":"USD","framed":false,"w":11,"h":14,"label":"No Frame / Small 11\" x 14\"","margin":1},{"vendor":"society6","url":"https://society6.com/products/rome-italy7178645_art-print?variant=48272229695732","price":50.0,"currency":"USD","framed":false,"w":13,"h":19,"label":"No Frame / Small 13\" x 19\"","margin":1},{"vendor":"society6","url":"https://society6.com/products/rome-italy7178645_art-print?variant=48272229728500","price":55.0,"currency":"USD","framed":false,"w":16,"h":20,"label":"No Frame / Medium 16\" x 20\"","margin":2},{"vendor":"society6","url":"https://society6.com/products/rome-italy7178645_art-print?variant=48272229761268","price":60.0,"currency":"USD","framed":false,"w":18,"h":24,"label":"No Frame / Medium 18\" x 24\"","margin":2},{"vendor":"society6","url":"https://society6.com/products/rome-italy7178645_art-print?variant=48272229794036","price":95.0,"currency":"USD","framed":false,"w":24,"h":36,"label":"No Frame / Large 24\" x 36\"","margin":2},{"vendor":"society6","url":"https://society6.com/products/rome-italy7178645_art-print?variant=48272229826804","price":125.0,"currency":"USD","framed":false,"w":30,"h":40,"label":"No Frame / X-Large 30\" x 40\"","margin":2}]
s6-amalfi-coast-drive-xii	bethanyyoung	https://society6.com/products/amalfi-coast-drive-xii_art-print	Amalfi Coast Drive XII	photo	coast	https://cdn.shopify.com/s/files/1/0781/0282/3156/files/bethany-young-photography-amalfi-coast-drive-xii-art-print-whitebg-8x10.jpg?v=1778870300&crop=region&crop_left=272&crop_top=242&crop_width=255&crop_height=310&art=1	[{"vendor":"society6","url":"https://society6.com/products/amalfi-coast-drive-xii_art-print?variant=48232735146228","price":30.0,"currency":"USD","framed":false,"w":8,"h":10,"label":"No Frame / X-Small 8\" x 10\"","margin":1},{"vendor":"society6","url":"https://society6.com/products/amalfi-coast-drive-xii_art-print?variant=48232735178996","price":45.0,"currency":"USD","framed":false,"w":11,"h":14,"label":"No Frame / Small 11\" x 14\"","margin":1},{"vendor":"society6","url":"https://society6.com/products/amalfi-coast-drive-xii_art-print?variant=48232735211764","price":50.0,"currency":"USD","framed":false,"w":13,"h":19,"label":"No Frame / Small 13\" x 19\"","margin":1},{"vendor":"society6","url":"https://society6.com/products/amalfi-coast-drive-xii_art-print?variant=48232735244532","price":55.0,"currency":"USD","framed":false,"w":16,"h":20,"label":"No Frame / Medium 16\" x 20\"","margin":2},{"vendor":"society6","url":"https://society6.com/products/amalfi-coast-drive-xii_art-print?variant=48232735277300","price":60.0,"currency":"USD","framed":false,"w":18,"h":24,"label":"No Frame / Medium 18\" x 24\"","margin":2},{"vendor":"society6","url":"https://society6.com/products/amalfi-coast-drive-xii_art-print?variant=48232735310068","price":95.0,"currency":"USD","framed":false,"w":24,"h":36,"label":"No Frame / Large 24\" x 36\"","margin":2},{"vendor":"society6","url":"https://society6.com/products/amalfi-coast-drive-xii_art-print?variant=48232735342836","price":125.0,"currency":"USD","framed":false,"w":30,"h":40,"label":"No Frame / X-Large 30\" x 40\"","margin":2}]
s6-florence-italy-i-tuscany-skyline-and-santa-m	chezjulie	https://society6.com/products/florence-italy-i-tuscany-skyline-and-santa-maria-del-fiore-duomo-dome-from-villa-bardini-gardens_art-print	Florence Skyline	photo	coast	https://cdn.shopify.com/s/files/1/0781/0282/3156/files/julie-travel-photography-florence-italy-i-tuscany-skyline-and-santa-maria-del-fiore-duomo-dome-from-villa-bardini-gardens-art-print-whitebg-8x10.jpg?v=1791061667&crop=region&crop_left=242&crop_top=266&crop_width=316&crop_height=260&art=1	[{"vendor":"society6","url":"https://society6.com/products/florence-italy-i-tuscany-skyline-and-santa-maria-del-fiore-duomo-dome-from-villa-bardini-gardens_art-print?variant=67692688244980","price":30.0,"currency":"USD","framed":false,"w":10,"h":8,"label":"No Frame / X-Small 10\" x 8\"","margin":1},{"vendor":"society6","url":"https://society6.com/products/florence-italy-i-tuscany-skyline-and-santa-maria-del-fiore-duomo-dome-from-villa-bardini-gardens_art-print?variant=67692688277748","price":40.0,"currency":"USD","framed":false,"w":10,"h":10,"label":"No Frame / Small 10\" x 10\"","margin":1},{"vendor":"society6","url":"https://society6.com/products/florence-italy-i-tuscany-skyline-and-santa-maria-del-fiore-duomo-dome-from-villa-bardini-gardens_art-print?variant=67692688310516","price":45.0,"currency":"USD","framed":false,"w":14,"h":11,"label":"No Frame / Small 14\" x 11\"","margin":1},{"vendor":"society6","url":"https://society6.com/products/florence-italy-i-tuscany-skyline-and-santa-maria-del-fiore-duomo-dome-from-villa-bardini-gardens_art-print?variant=67692688343284","price":65.0,"currency":"USD","framed":false,"w":20,"h":20,"label":"No Frame / Medium 20\" x 20\"","margin":2},{"vendor":"society6","url":"https://society6.com/products/florence-italy-i-tuscany-skyline-and-santa-maria-del-fiore-duomo-dome-from-villa-bardini-gardens_art-print?variant=67692688376052","price":55.0,"currency":"USD","framed":false,"w":20,"h":16,"label":"No Frame / Medium 20\" x 16\"","margin":2},{"vendor":"society6","url":"https://society6.com/products/florence-italy-i-tuscany-skyline-and-santa-maria-del-fiore-duomo-dome-from-villa-bardini-gardens_art-print?variant=67692688408820","price":60.0,"currency":"USD","framed":false,"w":24,"h":18,"label":"No Frame / Medium 24\" x 18\"","margin":2},{"vendor":"society6","url":"https://society6.com/products/florence-italy-i-tuscany-skyline-and-santa-maria-del-fiore-duomo-dome-from-villa-bardini-gardens_art-print?variant=67692688441588","price":125.0,"currency":"USD","framed":false,"w":40,"h":30,"label":"No Frame / X-Large 40\" x 30\"","margin":2}]
s6-mt-rainier-national-park8977378	jazzberryblue	https://society6.com/products/mt-rainier-national-park8977378_art-print	Mt Rainier National Park	print	graphic	https://cdn.shopify.com/s/files/1/0781/0282/3156/files/jazzberry-blue-mt-rainier-national-park-art-print-whitebg-8x10.jpg?v=1781690896&crop=region&crop_left=274&crop_top=242&crop_width=253&crop_height=309&art=1	[{"vendor":"society6","url":"https://society6.com/products/mt-rainier-national-park8977378_art-print?variant=48686896349428","price":30.0,"currency":"USD","framed":false,"w":8,"h":10,"label":"No Frame / X-Small 8\" x 10\"","margin":1},{"vendor":"society6","url":"https://society6.com/products/mt-rainier-national-park8977378_art-print?variant=48686896382196","price":45.0,"currency":"USD","framed":false,"w":11,"h":14,"label":"No Frame / Small 11\" x 14\"","margin":1},{"vendor":"society6","url":"https://society6.com/products/mt-rainier-national-park8977378_art-print?variant=48686896414964","price":50.0,"currency":"USD","framed":false,"w":13,"h":19,"label":"No Frame / Small 13\" x 19\"","margin":1},{"vendor":"society6","url":"https://society6.com/products/mt-rainier-national-park8977378_art-print?variant=48686896447732","price":55.0,"currency":"USD","framed":false,"w":16,"h":20,"label":"No Frame / Medium 16\" x 20\"","margin":2},{"vendor":"society6","url":"https://society6.com/products/mt-rainier-national-park8977378_art-print?variant=48686896480500","price":60.0,"currency":"USD","framed":false,"w":18,"h":24,"label":"No Frame / Medium 18\" x 24\"","margin":2},{"vendor":"society6","url":"https://society6.com/products/mt-rainier-national-park8977378_art-print?variant=48686896513268","price":95.0,"currency":"USD","framed":false,"w":24,"h":36,"label":"No Frame / Large 24\" x 36\"","margin":2},{"vendor":"society6","url":"https://society6.com/products/mt-rainier-national-park8977378_art-print?variant=48686896546036","price":125.0,"currency":"USD","framed":false,"w":30,"h":40,"label":"No Frame / X-Large 30\" x 40\"","margin":2}]
s6-mountainscape-11490852	speakerine	https://society6.com/products/mountainscape-11490852_art-print	Mountainscape 1	print	graphic	https://cdn.shopify.com/s/files/1/0781/0282/3156/files/florent-bodart-mountainscape-1-i-art-print-whitebg-8x10.jpg?v=1778938618&crop=region&crop_left=272&crop_top=242&crop_width=255&crop_height=310&art=1	[{"vendor":"society6","url":"https://society6.com/products/mountainscape-11490852_art-print?variant=48249761333492","price":30.0,"currency":"USD","framed":false,"w":8,"h":10,"label":"No Frame / X-Small 8\" x 10\"","margin":1},{"vendor":"society6","url":"https://society6.com/products/mountainscape-11490852_art-print?variant=48249761366260","price":45.0,"currency":"USD","framed":false,"w":11,"h":14,"label":"No Frame / Small 11\" x 14\"","margin":1},{"vendor":"society6","url":"https://society6.com/products/mountainscape-11490852_art-print?variant=48249761399028","price":50.0,"currency":"USD","framed":false,"w":13,"h":19,"label":"No Frame / Small 13\" x 19\"","margin":1},{"vendor":"society6","url":"https://society6.com/products/mountainscape-11490852_art-print?variant=48249761431796","price":55.0,"currency":"USD","framed":false,"w":16,"h":20,"label":"No Frame / Medium 16\" x 20\"","margin":2},{"vendor":"society6","url":"https://society6.com/products/mountainscape-11490852_art-print?variant=48249761464564","price":60.0,"currency":"USD","framed":false,"w":18,"h":24,"label":"No Frame / Medium 18\" x 24\"","margin":2},{"vendor":"society6","url":"https://society6.com/products/mountainscape-11490852_art-print?variant=48249761497332","price":95.0,"currency":"USD","framed":false,"w":24,"h":36,"label":"No Frame / Large 24\" x 36\"","margin":2},{"vendor":"society6","url":"https://society6.com/products/mountainscape-11490852_art-print?variant=48249761530100","price":125.0,"currency":"USD","framed":false,"w":30,"h":40,"label":"No Frame / X-Large 30\" x 40\"","margin":2}]
s6-colorful-yellowstone-national-park-summer-tr	gramse212	https://society6.com/products/colorful-yellowstone-national-park-summer-travel-poster-art_art-print	Yellowstone	print	graphic	https://cdn.shopify.com/s/files/1/0781/0282/3156/files/the-whiskey-ginger-colorful-yellowstone-national-art-print-whitebg-8x10.jpg?v=1778899140&crop=region&crop_left=272&crop_top=242&crop_width=255&crop_height=309&art=1	[{"vendor":"society6","url":"https://society6.com/products/colorful-yellowstone-national-park-summer-travel-poster-art_art-print?variant=48238611955956","price":30.0,"currency":"USD","framed":false,"w":8,"h":10,"label":"No Frame / X-Small 8\" x 10\"","margin":1},{"vendor":"society6","url":"https://society6.com/products/colorful-yellowstone-national-park-summer-travel-poster-art_art-print?variant=48238611988724","price":45.0,"currency":"USD","framed":false,"w":11,"h":14,"label":"No Frame / Small 11\" x 14\"","margin":1},{"vendor":"society6","url":"https://society6.com/products/colorful-yellowstone-national-park-summer-travel-poster-art_art-print?variant=48238612021492","price":50.0,"currency":"USD","framed":false,"w":13,"h":19,"label":"No Frame / Small 13\" x 19\"","margin":1},{"vendor":"society6","url":"https://society6.com/products/colorful-yellowstone-national-park-summer-travel-poster-art_art-print?variant=48238612054260","price":55.0,"currency":"USD","framed":false,"w":16,"h":20,"label":"No Frame / Medium 16\" x 20\"","margin":2},{"vendor":"society6","url":"https://society6.com/products/colorful-yellowstone-national-park-summer-travel-poster-art_art-print?variant=48238612087028","price":60.0,"currency":"USD","framed":false,"w":18,"h":24,"label":"No Frame / Medium 18\" x 24\"","margin":2},{"vendor":"society6","url":"https://society6.com/products/colorful-yellowstone-national-park-summer-travel-poster-art_art-print?variant=48238612119796","price":95.0,"currency":"USD","framed":false,"w":24,"h":36,"label":"No Frame / Large 24\" x 36\"","margin":2},{"vendor":"society6","url":"https://society6.com/products/colorful-yellowstone-national-park-summer-travel-poster-art_art-print?variant=48238612152564","price":125.0,"currency":"USD","framed":false,"w":30,"h":40,"label":"No Frame / X-Large 30\" x 40\"","margin":2}]
s6-visit-hong-kong6465921	callumgardiner	https://society6.com/products/visit-hong-kong6465921_art-print	Visit Hong Kong	print	graphic	https://cdn.shopify.com/s/files/1/0781/0282/3156/files/mercury-club-visit-hong-kong-art-print-whitebg-8x10.jpg?v=1781872145&crop=region&crop_left=274&crop_top=244&crop_width=252&crop_height=307&art=1	[{"vendor":"society6","url":"https://society6.com/products/visit-hong-kong6465921_art-print?variant=48744007205108","price":30.0,"currency":"USD","framed":false,"w":8,"h":10,"label":"No Frame / X-Small 8\" x 10\"","margin":1},{"vendor":"society6","url":"https://society6.com/products/visit-hong-kong6465921_art-print?variant=48744007237876","price":45.0,"currency":"USD","framed":false,"w":11,"h":14,"label":"No Frame / Small 11\" x 14\"","margin":1},{"vendor":"society6","url":"https://society6.com/products/visit-hong-kong6465921_art-print?variant=48744007270644","price":50.0,"currency":"USD","framed":false,"w":13,"h":19,"label":"No Frame / Small 13\" x 19\"","margin":1},{"vendor":"society6","url":"https://society6.com/products/visit-hong-kong6465921_art-print?variant=48744007303412","price":55.0,"currency":"USD","framed":false,"w":16,"h":20,"label":"No Frame / Medium 16\" x 20\"","margin":2},{"vendor":"society6","url":"https://society6.com/products/visit-hong-kong6465921_art-print?variant=48744007336180","price":60.0,"currency":"USD","framed":false,"w":18,"h":24,"label":"No Frame / Medium 18\" x 24\"","margin":2},{"vendor":"society6","url":"https://society6.com/products/visit-hong-kong6465921_art-print?variant=48744007368948","price":95.0,"currency":"USD","framed":false,"w":24,"h":36,"label":"No Frame / Large 24\" x 36\"","margin":2},{"vendor":"society6","url":"https://society6.com/products/visit-hong-kong6465921_art-print?variant=48744007401716","price":125.0,"currency":"USD","framed":false,"w":30,"h":40,"label":"No Frame / X-Large 30\" x 40\"","margin":2}]
s6-visit-hokkaido	callumgardiner	https://society6.com/products/visit-hokkaido_art-print	Visit Hokkaido	print	graphic	https://cdn.shopify.com/s/files/1/0781/0282/3156/files/mercury-club-visit-hokkaido-art-print-whitebg-8x10.jpg?v=1781871220&crop=region&crop_left=274&crop_top=244&crop_width=252&crop_height=307&art=1	[{"vendor":"society6","url":"https://society6.com/products/visit-hokkaido_art-print?variant=48743598162164","price":30.0,"currency":"USD","framed":false,"w":8,"h":10,"label":"No Frame / X-Small 8\" x 10\"","margin":1},{"vendor":"society6","url":"https://society6.com/products/visit-hokkaido_art-print?variant=48743598194932","price":45.0,"currency":"USD","framed":false,"w":11,"h":14,"label":"No Frame / Small 11\" x 14\"","margin":1},{"vendor":"society6","url":"https://society6.com/products/visit-hokkaido_art-print?variant=48743598227700","price":50.0,"currency":"USD","framed":false,"w":13,"h":19,"label":"No Frame / Small 13\" x 19\"","margin":1},{"vendor":"society6","url":"https://society6.com/products/visit-hokkaido_art-print?variant=48743598260468","price":55.0,"currency":"USD","framed":false,"w":16,"h":20,"label":"No Frame / Medium 16\" x 20\"","margin":2},{"vendor":"society6","url":"https://society6.com/products/visit-hokkaido_art-print?variant=48743598293236","price":60.0,"currency":"USD","framed":false,"w":18,"h":24,"label":"No Frame / Medium 18\" x 24\"","margin":2},{"vendor":"society6","url":"https://society6.com/products/visit-hokkaido_art-print?variant=48743598326004","price":95.0,"currency":"USD","framed":false,"w":24,"h":36,"label":"No Frame / Large 24\" x 36\"","margin":2},{"vendor":"society6","url":"https://society6.com/products/visit-hokkaido_art-print?variant=48743598358772","price":125.0,"currency":"USD","framed":false,"w":30,"h":40,"label":"No Frame / X-Large 30\" x 40\"","margin":2}]
s6-gummy-bears-colorful-candy	alexiaesc	https://society6.com/products/gummy-bears-colorful-candy_art-print	Gummy Bears Colorful Candy	print	food	https://cdn.shopify.com/s/files/1/0781/0282/3156/files/esca-watercolors-gummy-bears-colorful-candy-art-print-whitebg-8x10.jpg?v=1781503170&crop=region&crop_left=274&crop_top=244&crop_width=251&crop_height=306&art=1	[{"vendor":"society6","url":"https://society6.com/products/gummy-bears-colorful-candy_art-print?variant=48632003952884","price":30.0,"currency":"USD","framed":false,"w":8,"h":10,"label":"No Frame / X-Small 8\" x 10\"","margin":1},{"vendor":"society6","url":"https://society6.com/products/gummy-bears-colorful-candy_art-print?variant=48632003985652","price":40.0,"currency":"USD","framed":false,"w":10,"h":10,"label":"No Frame / Small 10\" x 10\"","margin":1},{"vendor":"society6","url":"https://society6.com/products/gummy-bears-colorful-candy_art-print?variant=48632004018420","price":45.0,"currency":"USD","framed":false,"w":11,"h":14,"label":"No Frame / Small 11\" x 14\"","margin":1},{"vendor":"society6","url":"https://society6.com/products/gummy-bears-colorful-candy_art-print?variant=48632004051188","price":50.0,"currency":"USD","framed":false,"w":13,"h":19,"label":"No Frame / Small 13\" x 19\"","margin":1},{"vendor":"society6","url":"https://society6.com/products/gummy-bears-colorful-candy_art-print?variant=48632004083956","price":65.0,"currency":"USD","framed":false,"w":20,"h":20,"label":"No Frame / Medium 20\" x 20\"","margin":2},{"vendor":"society6","url":"https://society6.com/products/gummy-bears-colorful-candy_art-print?variant=48632004116724","price":55.0,"currency":"USD","framed":false,"w":16,"h":20,"label":"No Frame / Medium 16\" x 20\"","margin":2},{"vendor":"society6","url":"https://society6.com/products/gummy-bears-colorful-candy_art-print?variant=48632004149492","price":60.0,"currency":"USD","framed":false,"w":18,"h":24,"label":"No Frame / Medium 18\" x 24\"","margin":2},{"vendor":"society6","url":"https://society6.com/products/gummy-bears-colorful-candy_art-print?variant=48632004182260","price":95.0,"currency":"USD","framed":false,"w":24,"h":36,"label":"No Frame / Large 24\" x 36\"","margin":2},{"vendor":"society6","url":"https://society6.com/products/gummy-bears-colorful-candy_art-print?variant=48632004215028","price":125.0,"currency":"USD","framed":false,"w":30,"h":40,"label":"No Frame / X-Large 30\" x 40\"","margin":2}]
s6-lemon-blooms-blue	catcoq	https://society6.com/products/lemon-blooms-blue_art-print	Lemon Blooms, Blue	print	food	https://cdn.shopify.com/s/files/1/0781/0282/3156/files/cat-coquillette-lemon-blooms-blue-art-print-whitebg-8x10.jpg?v=1781716620&crop=region&crop_left=272&crop_top=242&crop_width=255&crop_height=309&art=1	[{"vendor":"society6","url":"https://society6.com/products/lemon-blooms-blue_art-print?variant=48694479880436","price":30.0,"currency":"USD","framed":false,"w":8,"h":10,"label":"No Frame / X-Small 8\" x 10\"","margin":1},{"vendor":"society6","url":"https://society6.com/products/lemon-blooms-blue_art-print?variant=48694479913204","price":45.0,"currency":"USD","framed":false,"w":11,"h":14,"label":"No Frame / Small 11\" x 14\"","margin":1},{"vendor":"society6","url":"https://society6.com/products/lemon-blooms-blue_art-print?variant=48694479945972","price":50.0,"currency":"USD","framed":false,"w":13,"h":19,"label":"No Frame / Small 13\" x 19\"","margin":1},{"vendor":"society6","url":"https://society6.com/products/lemon-blooms-blue_art-print?variant=48694479978740","price":55.0,"currency":"USD","framed":false,"w":16,"h":20,"label":"No Frame / Medium 16\" x 20\"","margin":2},{"vendor":"society6","url":"https://society6.com/products/lemon-blooms-blue_art-print?variant=48694480011508","price":60.0,"currency":"USD","framed":false,"w":18,"h":24,"label":"No Frame / Medium 18\" x 24\"","margin":2},{"vendor":"society6","url":"https://society6.com/products/lemon-blooms-blue_art-print?variant=48694480044276","price":95.0,"currency":"USD","framed":false,"w":24,"h":36,"label":"No Frame / Large 24\" x 36\"","margin":2},{"vendor":"society6","url":"https://society6.com/products/lemon-blooms-blue_art-print?variant=48694480077044","price":125.0,"currency":"USD","framed":false,"w":30,"h":40,"label":"No Frame / X-Large 30\" x 40\"","margin":2}]
s6-sardines-and-tomato-mediterranean-doodle8977	edmproject	https://society6.com/products/sardines-and-tomato-mediterranean-doodle8977597_art-print	Sardines and Tomato Mediterranean Doodle	print	food	https://cdn.shopify.com/s/files/1/0781/0282/3156/files/edmproject-sardines-and-tomato-mediterranean-doodle-art-print-whitebg-8x10.jpg?v=1781624567&crop=region&crop_left=274&crop_top=242&crop_width=253&crop_height=315&art=1	[{"vendor":"society6","url":"https://society6.com/products/sardines-and-tomato-mediterranean-doodle8977597_art-print?variant=48665936658676","price":30.0,"currency":"USD","framed":false,"w":8,"h":10,"label":"No Frame / X-Small 8\" x 10\"","margin":1},{"vendor":"society6","url":"https://society6.com/products/sardines-and-tomato-mediterranean-doodle8977597_art-print?variant=48665936691444","price":40.0,"currency":"USD","framed":false,"w":10,"h":10,"label":"No Frame / Small 10\" x 10\"","margin":1},{"vendor":"society6","url":"https://society6.com/products/sardines-and-tomato-mediterranean-doodle8977597_art-print?variant=48665936724212","price":45.0,"currency":"USD","framed":false,"w":11,"h":14,"label":"No Frame / Small 11\" x 14\"","margin":1},{"vendor":"society6","url":"https://society6.com/products/sardines-and-tomato-mediterranean-doodle8977597_art-print?variant=48665936756980","price":50.0,"currency":"USD","framed":false,"w":13,"h":19,"label":"No Frame / Small 13\" x 19\"","margin":1},{"vendor":"society6","url":"https://society6.com/products/sardines-and-tomato-mediterranean-doodle8977597_art-print?variant=48665936789748","price":65.0,"currency":"USD","framed":false,"w":20,"h":20,"label":"No Frame / Medium 20\" x 20\"","margin":2},{"vendor":"society6","url":"https://society6.com/products/sardines-and-tomato-mediterranean-doodle8977597_art-print?variant=48665936822516","price":55.0,"currency":"USD","framed":false,"w":16,"h":20,"label":"No Frame / Medium 16\" x 20\"","margin":2},{"vendor":"society6","url":"https://society6.com/products/sardines-and-tomato-mediterranean-doodle8977597_art-print?variant=48665936855284","price":60.0,"currency":"USD","framed":false,"w":18,"h":24,"label":"No Frame / Medium 18\" x 24\"","margin":2},{"vendor":"society6","url":"https://society6.com/products/sardines-and-tomato-mediterranean-doodle8977597_art-print?variant=48665936888052","price":95.0,"currency":"USD","framed":false,"w":24,"h":36,"label":"No Frame / Large 24\" x 36\"","margin":2},{"vendor":"society6","url":"https://society6.com/products/sardines-and-tomato-mediterranean-doodle8977597_art-print?variant=48665936920820","price":125.0,"currency":"USD","framed":false,"w":30,"h":40,"label":"No Frame / X-Large 30\" x 40\"","margin":2}]
s6-pink-sushi-rhythm	flowline	https://society6.com/products/pink-sushi-rhythm_art-print	Pink Sushi Rhythm	print	food	https://cdn.shopify.com/s/files/1/0781/0282/3156/files/flow-line-pink-sushi-rhythm-art-print-whitebg-8x10.jpg?v=1782398576&crop=region&crop_left=274&crop_top=243&crop_width=253&crop_height=309&art=1	[{"vendor":"society6","url":"https://society6.com/products/pink-sushi-rhythm_art-print?variant=48777923231988","price":30.0,"currency":"USD","framed":false,"w":8,"h":10,"label":"No Frame / X-Small 8\" x 10\"","margin":1},{"vendor":"society6","url":"https://society6.com/products/pink-sushi-rhythm_art-print?variant=48777923264756","price":45.0,"currency":"USD","framed":false,"w":11,"h":14,"label":"No Frame / Small 11\" x 14\"","margin":1},{"vendor":"society6","url":"https://society6.com/products/pink-sushi-rhythm_art-print?variant=48777923297524","price":50.0,"currency":"USD","framed":false,"w":13,"h":19,"label":"No Frame / Small 13\" x 19\"","margin":1},{"vendor":"society6","url":"https://society6.com/products/pink-sushi-rhythm_art-print?variant=48777923330292","price":55.0,"currency":"USD","framed":false,"w":16,"h":20,"label":"No Frame / Medium 16\" x 20\"","margin":2},{"vendor":"society6","url":"https://society6.com/products/pink-sushi-rhythm_art-print?variant=48777923363060","price":60.0,"currency":"USD","framed":false,"w":18,"h":24,"label":"No Frame / Medium 18\" x 24\"","margin":2},{"vendor":"society6","url":"https://society6.com/products/pink-sushi-rhythm_art-print?variant=48777923395828","price":95.0,"currency":"USD","framed":false,"w":24,"h":36,"label":"No Frame / Large 24\" x 36\"","margin":2},{"vendor":"society6","url":"https://society6.com/products/pink-sushi-rhythm_art-print?variant=48777923428596","price":125.0,"currency":"USD","framed":false,"w":30,"h":40,"label":"No Frame / X-Large 30\" x 40\"","margin":2}]
s6-summer-picnic8978307	jocelynkaoillustration	https://society6.com/products/summer-picnic8978307_art-print	Summer Picnic	print	food	https://cdn.shopify.com/s/files/1/0781/0282/3156/files/jocelyn-kao-summer-picnic-ii-art-print-whitebg-8x10.jpg?v=1781883297&crop=region&crop_left=272&crop_top=242&crop_width=255&crop_height=316&art=1	[{"vendor":"society6","url":"https://society6.com/products/summer-picnic8978307_art-print?variant=48750617526516","price":30.0,"currency":"USD","framed":false,"w":8,"h":10,"label":"No Frame / X-Small 8\" x 10\"","margin":1},{"vendor":"society6","url":"https://society6.com/products/summer-picnic8978307_art-print?variant=48750617559284","price":45.0,"currency":"USD","framed":false,"w":11,"h":14,"label":"No Frame / Small 11\" x 14\"","margin":1},{"vendor":"society6","url":"https://society6.com/products/summer-picnic8978307_art-print?variant=48750617592052","price":50.0,"currency":"USD","framed":false,"w":13,"h":19,"label":"No Frame / Small 13\" x 19\"","margin":1},{"vendor":"society6","url":"https://society6.com/products/summer-picnic8978307_art-print?variant=48750617624820","price":55.0,"currency":"USD","framed":false,"w":16,"h":20,"label":"No Frame / Medium 16\" x 20\"","margin":2},{"vendor":"society6","url":"https://society6.com/products/summer-picnic8978307_art-print?variant=48750617657588","price":60.0,"currency":"USD","framed":false,"w":18,"h":24,"label":"No Frame / Medium 18\" x 24\"","margin":2},{"vendor":"society6","url":"https://society6.com/products/summer-picnic8978307_art-print?variant=48750617690356","price":95.0,"currency":"USD","framed":false,"w":24,"h":36,"label":"No Frame / Large 24\" x 36\"","margin":2},{"vendor":"society6","url":"https://society6.com/products/summer-picnic8978307_art-print?variant=48750617723124","price":125.0,"currency":"USD","framed":false,"w":30,"h":40,"label":"No Frame / X-Large 30\" x 40\"","margin":2}]
s6-ramen-corner-in-tokyo	himanshi	https://society6.com/products/ramen-corner-in-tokyo_art-print	Ramen Corner in Tokyo	photo	food	https://cdn.shopify.com/s/files/1/0781/0282/3156/files/himanshishah-ramen-corner-in-tokyo-art-print-whitebg-8x10.jpg?v=1781766750&crop=region&crop_left=272&crop_top=242&crop_width=255&crop_height=310&art=1	[{"vendor":"society6","url":"https://society6.com/products/ramen-corner-in-tokyo_art-print?variant=48711991623924","price":30.0,"currency":"USD","framed":false,"w":8,"h":10,"label":"No Frame / X-Small 8\" x 10\"","margin":1},{"vendor":"society6","url":"https://society6.com/products/ramen-corner-in-tokyo_art-print?variant=48711991656692","price":45.0,"currency":"USD","framed":false,"w":11,"h":14,"label":"No Frame / Small 11\" x 14\"","margin":1},{"vendor":"society6","url":"https://society6.com/products/ramen-corner-in-tokyo_art-print?variant=48711991689460","price":50.0,"currency":"USD","framed":false,"w":13,"h":19,"label":"No Frame / Small 13\" x 19\"","margin":1},{"vendor":"society6","url":"https://society6.com/products/ramen-corner-in-tokyo_art-print?variant=48711991722228","price":55.0,"currency":"USD","framed":false,"w":16,"h":20,"label":"No Frame / Medium 16\" x 20\"","margin":2},{"vendor":"society6","url":"https://society6.com/products/ramen-corner-in-tokyo_art-print?variant=48711991754996","price":60.0,"currency":"USD","framed":false,"w":18,"h":24,"label":"No Frame / Medium 18\" x 24\"","margin":2},{"vendor":"society6","url":"https://society6.com/products/ramen-corner-in-tokyo_art-print?variant=48711991787764","price":95.0,"currency":"USD","framed":false,"w":24,"h":36,"label":"No Frame / Large 24\" x 36\"","margin":2},{"vendor":"society6","url":"https://society6.com/products/ramen-corner-in-tokyo_art-print?variant=48711991820532","price":125.0,"currency":"USD","framed":false,"w":30,"h":40,"label":"No Frame / X-Large 30\" x 40\"","margin":2}]
s6-raspberry-and-blackberry-gummies-black-and-r	christasphotography	https://society6.com/products/raspberry-and-blackberry-gummies-black-and-red-candy-food-photography_art-print	Berry Gummies	print	food	https://cdn.shopify.com/s/files/1/0781/0282/3156/files/christasphotography-nature-and-travel-ph-raspberry-and-blackberry-gummies-black-and-red-candy-food-photography-art-print-whitebg-8x10.jpg?v=1782395600&crop=region&crop_left=242&crop_top=266&crop_width=316&crop_height=260&art=1	[{"vendor":"society6","url":"https://society6.com/products/raspberry-and-blackberry-gummies-black-and-red-candy-food-photography_art-print?variant=48777528377588","price":30.0,"currency":"USD","framed":false,"w":8,"h":10,"label":"No Frame / X-Small 8\" x 10\"","margin":1},{"vendor":"society6","url":"https://society6.com/products/raspberry-and-blackberry-gummies-black-and-red-candy-food-photography_art-print?variant=48777528410356","price":45.0,"currency":"USD","framed":false,"w":11,"h":14,"label":"No Frame / Small 11\" x 14\"","margin":1},{"vendor":"society6","url":"https://society6.com/products/raspberry-and-blackberry-gummies-black-and-red-candy-food-photography_art-print?variant=48777528443124","price":50.0,"currency":"USD","framed":false,"w":13,"h":19,"label":"No Frame / Small 13\" x 19\"","margin":1},{"vendor":"society6","url":"https://society6.com/products/raspberry-and-blackberry-gummies-black-and-red-candy-food-photography_art-print?variant=48777528475892","price":55.0,"currency":"USD","framed":false,"w":16,"h":20,"label":"No Frame / Medium 16\" x 20\"","margin":2},{"vendor":"society6","url":"https://society6.com/products/raspberry-and-blackberry-gummies-black-and-red-candy-food-photography_art-print?variant=48777528508660","price":60.0,"currency":"USD","framed":false,"w":18,"h":24,"label":"No Frame / Medium 18\" x 24\"","margin":2},{"vendor":"society6","url":"https://society6.com/products/raspberry-and-blackberry-gummies-black-and-red-candy-food-photography_art-print?variant=48777528541428","price":95.0,"currency":"USD","framed":false,"w":24,"h":36,"label":"No Frame / Large 24\" x 36\"","margin":2},{"vendor":"society6","url":"https://society6.com/products/raspberry-and-blackberry-gummies-black-and-red-candy-food-photography_art-print?variant=48777528574196","price":125.0,"currency":"USD","framed":false,"w":30,"h":40,"label":"No Frame / X-Large 30\" x 40\"","margin":2}]
s6-pomegranate-and-rose-petals-blue-botanical-f	joystclaire	https://society6.com/products/pomegranate-and-rose-petals-blue-botanical-flower-food-still-life-art_art-print	Pomegranate and Rose Petals	print	food	https://cdn.shopify.com/s/files/1/0781/0282/3156/files/olivia-st-claire-pomegranate-and-rose-petals-blue-botanical-flower-food-still-life-art-art-print-whitebg-8x10.jpg?v=1781873938&crop=region&crop_left=272&crop_top=242&crop_width=255&crop_height=310&art=1	[{"vendor":"society6","url":"https://society6.com/products/pomegranate-and-rose-petals-blue-botanical-flower-food-still-life-art_art-print?variant=48744652439796","price":30.0,"currency":"USD","framed":false,"w":8,"h":10,"label":"No Frame / X-Small 8\" x 10\"","margin":1},{"vendor":"society6","url":"https://society6.com/products/pomegranate-and-rose-petals-blue-botanical-flower-food-still-life-art_art-print?variant=48744652472564","price":45.0,"currency":"USD","framed":false,"w":11,"h":14,"label":"No Frame / Small 11\" x 14\"","margin":1},{"vendor":"society6","url":"https://society6.com/products/pomegranate-and-rose-petals-blue-botanical-flower-food-still-life-art_art-print?variant=48744652505332","price":50.0,"currency":"USD","framed":false,"w":13,"h":19,"label":"No Frame / Small 13\" x 19\"","margin":1},{"vendor":"society6","url":"https://society6.com/products/pomegranate-and-rose-petals-blue-botanical-flower-food-still-life-art_art-print?variant=48744652538100","price":55.0,"currency":"USD","framed":false,"w":16,"h":20,"label":"No Frame / Medium 16\" x 20\"","margin":2},{"vendor":"society6","url":"https://society6.com/products/pomegranate-and-rose-petals-blue-botanical-flower-food-still-life-art_art-print?variant=48744652570868","price":60.0,"currency":"USD","framed":false,"w":18,"h":24,"label":"No Frame / Medium 18\" x 24\"","margin":2},{"vendor":"society6","url":"https://society6.com/products/pomegranate-and-rose-petals-blue-botanical-flower-food-still-life-art_art-print?variant=48744652603636","price":95.0,"currency":"USD","framed":false,"w":24,"h":36,"label":"No Frame / Large 24\" x 36\"","margin":2},{"vendor":"society6","url":"https://society6.com/products/pomegranate-and-rose-petals-blue-botanical-flower-food-still-life-art_art-print?variant=48744652636404","price":125.0,"currency":"USD","framed":false,"w":30,"h":40,"label":"No Frame / X-Large 30\" x 40\"","margin":2}]
s6-moody-root-vegetables-and-rose	joystclaire	https://society6.com/products/moody-root-vegetables-and-rose_art-print	Moody Root Vegetables and Rose	print	food	https://cdn.shopify.com/s/files/1/0781/0282/3156/files/olivia-st-claire-moody-root-vegetables-and-rose-art-print-whitebg-8x10.jpg?v=1781862739&crop=region&crop_left=272&crop_top=242&crop_width=255&crop_height=310&art=1	[{"vendor":"society6","url":"https://society6.com/products/moody-root-vegetables-and-rose_art-print?variant=48740219814132","price":30.0,"currency":"USD","framed":false,"w":8,"h":10,"label":"No Frame / X-Small 8\" x 10\"","margin":1},{"vendor":"society6","url":"https://society6.com/products/moody-root-vegetables-and-rose_art-print?variant=48740219846900","price":45.0,"currency":"USD","framed":false,"w":11,"h":14,"label":"No Frame / Small 11\" x 14\"","margin":1},{"vendor":"society6","url":"https://society6.com/products/moody-root-vegetables-and-rose_art-print?variant=48740219879668","price":50.0,"currency":"USD","framed":false,"w":13,"h":19,"label":"No Frame / Small 13\" x 19\"","margin":1},{"vendor":"society6","url":"https://society6.com/products/moody-root-vegetables-and-rose_art-print?variant=48740219912436","price":55.0,"currency":"USD","framed":false,"w":16,"h":20,"label":"No Frame / Medium 16\" x 20\"","margin":2},{"vendor":"society6","url":"https://society6.com/products/moody-root-vegetables-and-rose_art-print?variant=48740219945204","price":60.0,"currency":"USD","framed":false,"w":18,"h":24,"label":"No Frame / Medium 18\" x 24\"","margin":2},{"vendor":"society6","url":"https://society6.com/products/moody-root-vegetables-and-rose_art-print?variant=48740219977972","price":95.0,"currency":"USD","framed":false,"w":24,"h":36,"label":"No Frame / Large 24\" x 36\"","margin":2},{"vendor":"society6","url":"https://society6.com/products/moody-root-vegetables-and-rose_art-print?variant=48740220010740","price":125.0,"currency":"USD","framed":false,"w":30,"h":40,"label":"No Frame / X-Large 30\" x 40\"","margin":2}]
s6-grapefruit-and-tulips	joystclaire	https://society6.com/products/grapefruit-and-tulips_art-print	Grapefruit and Tulips	print	food	https://cdn.shopify.com/s/files/1/0781/0282/3156/files/olivia-st-claire-grapefruit-and-tulips-art-print-whitebg-8x10.jpg?v=1781860283&crop=region&crop_left=272&crop_top=242&crop_width=255&crop_height=309&art=1	[{"vendor":"society6","url":"https://society6.com/products/grapefruit-and-tulips_art-print?variant=48739006251252","price":30.0,"currency":"USD","framed":false,"w":8,"h":10,"label":"No Frame / X-Small 8\" x 10\"","margin":1},{"vendor":"society6","url":"https://society6.com/products/grapefruit-and-tulips_art-print?variant=48739006284020","price":45.0,"currency":"USD","framed":false,"w":11,"h":14,"label":"No Frame / Small 11\" x 14\"","margin":1},{"vendor":"society6","url":"https://society6.com/products/grapefruit-and-tulips_art-print?variant=48739006316788","price":50.0,"currency":"USD","framed":false,"w":13,"h":19,"label":"No Frame / Small 13\" x 19\"","margin":1},{"vendor":"society6","url":"https://society6.com/products/grapefruit-and-tulips_art-print?variant=48739006349556","price":55.0,"currency":"USD","framed":false,"w":16,"h":20,"label":"No Frame / Medium 16\" x 20\"","margin":2},{"vendor":"society6","url":"https://society6.com/products/grapefruit-and-tulips_art-print?variant=48739006382324","price":60.0,"currency":"USD","framed":false,"w":18,"h":24,"label":"No Frame / Medium 18\" x 24\"","margin":2},{"vendor":"society6","url":"https://society6.com/products/grapefruit-and-tulips_art-print?variant=48739006415092","price":95.0,"currency":"USD","framed":false,"w":24,"h":36,"label":"No Frame / Large 24\" x 36\"","margin":2},{"vendor":"society6","url":"https://society6.com/products/grapefruit-and-tulips_art-print?variant=48739006447860","price":125.0,"currency":"USD","framed":false,"w":30,"h":40,"label":"No Frame / X-Large 30\" x 40\"","margin":2}]
s6-orange-wedge	joystclaire	https://society6.com/products/orange-wedge_art-print	Orange Wedge	print	food	https://cdn.shopify.com/s/files/1/0781/0282/3156/files/olivia-st-claire-orange-wedge-art-print-whitebg-8x10.jpg?v=1781857001&crop=region&crop_left=272&crop_top=242&crop_width=255&crop_height=310&art=1	[{"vendor":"society6","url":"https://society6.com/products/orange-wedge_art-print?variant=48737977630964","price":30.0,"currency":"USD","framed":false,"w":8,"h":10,"label":"No Frame / X-Small 8\" x 10\"","margin":1},{"vendor":"society6","url":"https://society6.com/products/orange-wedge_art-print?variant=48737977663732","price":45.0,"currency":"USD","framed":false,"w":11,"h":14,"label":"No Frame / Small 11\" x 14\"","margin":1},{"vendor":"society6","url":"https://society6.com/products/orange-wedge_art-print?variant=48737977696500","price":50.0,"currency":"USD","framed":false,"w":13,"h":19,"label":"No Frame / Small 13\" x 19\"","margin":1},{"vendor":"society6","url":"https://society6.com/products/orange-wedge_art-print?variant=48737977729268","price":55.0,"currency":"USD","framed":false,"w":16,"h":20,"label":"No Frame / Medium 16\" x 20\"","margin":2},{"vendor":"society6","url":"https://society6.com/products/orange-wedge_art-print?variant=48737977762036","price":60.0,"currency":"USD","framed":false,"w":18,"h":24,"label":"No Frame / Medium 18\" x 24\"","margin":2},{"vendor":"society6","url":"https://society6.com/products/orange-wedge_art-print?variant=48737977794804","price":95.0,"currency":"USD","framed":false,"w":24,"h":36,"label":"No Frame / Large 24\" x 36\"","margin":2},{"vendor":"society6","url":"https://society6.com/products/orange-wedge_art-print?variant=48737977827572","price":125.0,"currency":"USD","framed":false,"w":30,"h":40,"label":"No Frame / X-Large 30\" x 40\"","margin":2}]
s6-peas-please	joystclaire	https://society6.com/products/peas-please_art-print	Peas Please	print	food	https://cdn.shopify.com/s/files/1/0781/0282/3156/files/olivia-st-claire-peas-please-i-art-print-whitebg-8x10.jpg?v=1781856972&crop=region&crop_left=272&crop_top=242&crop_width=255&crop_height=309&art=1	[{"vendor":"society6","url":"https://society6.com/products/peas-please_art-print?variant=48737966915828","price":30.0,"currency":"USD","framed":false,"w":8,"h":10,"label":"No Frame / X-Small 8\" x 10\"","margin":1},{"vendor":"society6","url":"https://society6.com/products/peas-please_art-print?variant=48737966948596","price":45.0,"currency":"USD","framed":false,"w":11,"h":14,"label":"No Frame / Small 11\" x 14\"","margin":1},{"vendor":"society6","url":"https://society6.com/products/peas-please_art-print?variant=48737966981364","price":50.0,"currency":"USD","framed":false,"w":13,"h":19,"label":"No Frame / Small 13\" x 19\"","margin":1},{"vendor":"society6","url":"https://society6.com/products/peas-please_art-print?variant=48737967014132","price":55.0,"currency":"USD","framed":false,"w":16,"h":20,"label":"No Frame / Medium 16\" x 20\"","margin":2},{"vendor":"society6","url":"https://society6.com/products/peas-please_art-print?variant=48737967046900","price":60.0,"currency":"USD","framed":false,"w":18,"h":24,"label":"No Frame / Medium 18\" x 24\"","margin":2},{"vendor":"society6","url":"https://society6.com/products/peas-please_art-print?variant=48737967079668","price":95.0,"currency":"USD","framed":false,"w":24,"h":36,"label":"No Frame / Large 24\" x 36\"","margin":2},{"vendor":"society6","url":"https://society6.com/products/peas-please_art-print?variant=48737967112436","price":125.0,"currency":"USD","framed":false,"w":30,"h":40,"label":"No Frame / X-Large 30\" x 40\"","margin":2}]
s6-still-life-with-rotten-figs	jaroslawblaminsky	https://society6.com/products/still-life-with-rotten-figs_art-print	Still life with rotten figs	print	food	https://cdn.shopify.com/s/files/1/0781/0282/3156/files/jablam-still-life-with-rotten-figs-art-print-whitebg-8x10.jpg?v=1781753406&crop=region&crop_left=272&crop_top=242&crop_width=255&crop_height=310&art=1	[{"vendor":"society6","url":"https://society6.com/products/still-life-with-rotten-figs_art-print?variant=48706112553204","price":30.0,"currency":"USD","framed":false,"w":8,"h":10,"label":"No Frame / X-Small 8\" x 10\"","margin":1},{"vendor":"society6","url":"https://society6.com/products/still-life-with-rotten-figs_art-print?variant=48706112585972","price":45.0,"currency":"USD","framed":false,"w":11,"h":14,"label":"No Frame / Small 11\" x 14\"","margin":1},{"vendor":"society6","url":"https://society6.com/products/still-life-with-rotten-figs_art-print?variant=48706112618740","price":50.0,"currency":"USD","framed":false,"w":13,"h":19,"label":"No Frame / Small 13\" x 19\"","margin":1},{"vendor":"society6","url":"https://society6.com/products/still-life-with-rotten-figs_art-print?variant=48706112651508","price":55.0,"currency":"USD","framed":false,"w":16,"h":20,"label":"No Frame / Medium 16\" x 20\"","margin":2},{"vendor":"society6","url":"https://society6.com/products/still-life-with-rotten-figs_art-print?variant=48706112684276","price":60.0,"currency":"USD","framed":false,"w":18,"h":24,"label":"No Frame / Medium 18\" x 24\"","margin":2},{"vendor":"society6","url":"https://society6.com/products/still-life-with-rotten-figs_art-print?variant=48706112717044","price":95.0,"currency":"USD","framed":false,"w":24,"h":36,"label":"No Frame / Large 24\" x 36\"","margin":2},{"vendor":"society6","url":"https://society6.com/products/still-life-with-rotten-figs_art-print?variant=48706112749812","price":125.0,"currency":"USD","framed":false,"w":30,"h":40,"label":"No Frame / X-Large 30\" x 40\"","margin":2}]
s6-champagne-collection	catcoq	https://society6.com/products/champagne-collection_art-print	Champagne Collection	print	drinks	https://cdn.shopify.com/s/files/1/0781/0282/3156/files/cat-coquillette-champagne-collection-art-print-whitebg-8x10.jpg?v=1778867754&crop=region&crop_left=274&crop_top=244&crop_width=252&crop_height=306&art=1	[{"vendor":"society6","url":"https://society6.com/products/champagne-collection_art-print?variant=48232102134004","price":30.0,"currency":"USD","framed":false,"w":8,"h":10,"label":"No Frame / X-Small 8\" x 10\"","margin":1},{"vendor":"society6","url":"https://society6.com/products/champagne-collection_art-print?variant=48232102166772","price":45.0,"currency":"USD","framed":false,"w":11,"h":14,"label":"No Frame / Small 11\" x 14\"","margin":1},{"vendor":"society6","url":"https://society6.com/products/champagne-collection_art-print?variant=48232102199540","price":50.0,"currency":"USD","framed":false,"w":13,"h":19,"label":"No Frame / Small 13\" x 19\"","margin":1},{"vendor":"society6","url":"https://society6.com/products/champagne-collection_art-print?variant=48232102232308","price":55.0,"currency":"USD","framed":false,"w":16,"h":20,"label":"No Frame / Medium 16\" x 20\"","margin":2},{"vendor":"society6","url":"https://society6.com/products/champagne-collection_art-print?variant=48232102265076","price":60.0,"currency":"USD","framed":false,"w":18,"h":24,"label":"No Frame / Medium 18\" x 24\"","margin":2},{"vendor":"society6","url":"https://society6.com/products/champagne-collection_art-print?variant=48232102297844","price":95.0,"currency":"USD","framed":false,"w":24,"h":36,"label":"No Frame / Large 24\" x 36\"","margin":2},{"vendor":"society6","url":"https://society6.com/products/champagne-collection_art-print?variant=48232102330612","price":125.0,"currency":"USD","framed":false,"w":30,"h":40,"label":"No Frame / X-Large 30\" x 40\"","margin":2}]
s6-cheers-dears-blue-vintage-cocktails-illustra	ohfineartprints	https://society6.com/products/cheers-dears-blue-vintage-cocktails-illustration_art-print	Cheers Dears	print	drinks	https://cdn.shopify.com/s/files/1/0781/0282/3156/files/oh-fine-art-cheers-dears-blue-vintage-cocktails-illustration-art-print-whitebg-8x10.jpg?v=1779042550&crop=region&crop_left=242&crop_top=266&crop_width=316&crop_height=260&art=1	[{"vendor":"society6","url":"https://society6.com/products/cheers-dears-blue-vintage-cocktails-illustration_art-print?variant=48279560880372","price":30.0,"currency":"USD","framed":false,"w":8,"h":10,"label":"No Frame / X-Small 8\" x 10\"","margin":1},{"vendor":"society6","url":"https://society6.com/products/cheers-dears-blue-vintage-cocktails-illustration_art-print?variant=48279560913140","price":45.0,"currency":"USD","framed":false,"w":11,"h":14,"label":"No Frame / Small 11\" x 14\"","margin":1},{"vendor":"society6","url":"https://society6.com/products/cheers-dears-blue-vintage-cocktails-illustration_art-print?variant=48279560945908","price":50.0,"currency":"USD","framed":false,"w":13,"h":19,"label":"No Frame / Small 13\" x 19\"","margin":1},{"vendor":"society6","url":"https://society6.com/products/cheers-dears-blue-vintage-cocktails-illustration_art-print?variant=48279560978676","price":55.0,"currency":"USD","framed":false,"w":16,"h":20,"label":"No Frame / Medium 16\" x 20\"","margin":2},{"vendor":"society6","url":"https://society6.com/products/cheers-dears-blue-vintage-cocktails-illustration_art-print?variant=48279561011444","price":60.0,"currency":"USD","framed":false,"w":18,"h":24,"label":"No Frame / Medium 18\" x 24\"","margin":2},{"vendor":"society6","url":"https://society6.com/products/cheers-dears-blue-vintage-cocktails-illustration_art-print?variant=48279561044212","price":95.0,"currency":"USD","framed":false,"w":24,"h":36,"label":"No Frame / Large 24\" x 36\"","margin":2},{"vendor":"society6","url":"https://society6.com/products/cheers-dears-blue-vintage-cocktails-illustration_art-print?variant=48279561076980","price":125.0,"currency":"USD","framed":false,"w":30,"h":40,"label":"No Frame / X-Large 30\" x 40\"","margin":2}]
s6-dirty-martini-cocktail-drink	thespacehouse	https://society6.com/products/dirty-martini-cocktail-drink_art-print	Dirty Martini Cocktail Drink	print	drinks	https://cdn.shopify.com/s/files/1/0781/0282/3156/files/thespacehouse-dirty-martini-cocktail-drink-art-print-whitebg-8x10.jpg?v=1778900149&crop=region&crop_left=274&crop_top=244&crop_width=252&crop_height=306&art=1	[{"vendor":"society6","url":"https://society6.com/products/dirty-martini-cocktail-drink_art-print?variant=48238843035892","price":30.0,"currency":"USD","framed":false,"w":8,"h":10,"label":"No Frame / X-Small 8\" x 10\"","margin":1},{"vendor":"society6","url":"https://society6.com/products/dirty-martini-cocktail-drink_art-print?variant=48238843068660","price":45.0,"currency":"USD","framed":false,"w":11,"h":14,"label":"No Frame / Small 11\" x 14\"","margin":1},{"vendor":"society6","url":"https://society6.com/products/dirty-martini-cocktail-drink_art-print?variant=48238843101428","price":50.0,"currency":"USD","framed":false,"w":13,"h":19,"label":"No Frame / Small 13\" x 19\"","margin":1},{"vendor":"society6","url":"https://society6.com/products/dirty-martini-cocktail-drink_art-print?variant=48238843134196","price":55.0,"currency":"USD","framed":false,"w":16,"h":20,"label":"No Frame / Medium 16\" x 20\"","margin":2},{"vendor":"society6","url":"https://society6.com/products/dirty-martini-cocktail-drink_art-print?variant=48238843166964","price":60.0,"currency":"USD","framed":false,"w":18,"h":24,"label":"No Frame / Medium 18\" x 24\"","margin":2},{"vendor":"society6","url":"https://society6.com/products/dirty-martini-cocktail-drink_art-print?variant=48238843199732","price":95.0,"currency":"USD","framed":false,"w":24,"h":36,"label":"No Frame / Large 24\" x 36\"","margin":2},{"vendor":"society6","url":"https://society6.com/products/dirty-martini-cocktail-drink_art-print?variant=48238843232500","price":125.0,"currency":"USD","framed":false,"w":30,"h":40,"label":"No Frame / X-Large 30\" x 40\"","margin":2}]
s6-first-bubbly-then-disco	haleyum	https://society6.com/products/first-bubbly-then-disco_art-print	First Bubbly then Disco	print	drinks	https://cdn.shopify.com/s/files/1/0781/0282/3156/files/haleyum-first-bubbly-then-disco-art-print-whitebg-8x10.jpg?v=1781841691&crop=region&crop_left=274&crop_top=243&crop_width=253&crop_height=309&art=1	[{"vendor":"society6","url":"https://society6.com/products/first-bubbly-then-disco_art-print?variant=48733449027828","price":30.0,"currency":"USD","framed":false,"w":8,"h":10,"label":"No Frame / X-Small 8\" x 10\"","margin":1},{"vendor":"society6","url":"https://society6.com/products/first-bubbly-then-disco_art-print?variant=48733449060596","price":45.0,"currency":"USD","framed":false,"w":11,"h":14,"label":"No Frame / Small 11\" x 14\"","margin":1},{"vendor":"society6","url":"https://society6.com/products/first-bubbly-then-disco_art-print?variant=48733449093364","price":50.0,"currency":"USD","framed":false,"w":13,"h":19,"label":"No Frame / Small 13\" x 19\"","margin":1},{"vendor":"society6","url":"https://society6.com/products/first-bubbly-then-disco_art-print?variant=48733449126132","price":55.0,"currency":"USD","framed":false,"w":16,"h":20,"label":"No Frame / Medium 16\" x 20\"","margin":2},{"vendor":"society6","url":"https://society6.com/products/first-bubbly-then-disco_art-print?variant=48733449158900","price":60.0,"currency":"USD","framed":false,"w":18,"h":24,"label":"No Frame / Medium 18\" x 24\"","margin":2},{"vendor":"society6","url":"https://society6.com/products/first-bubbly-then-disco_art-print?variant=48733449191668","price":95.0,"currency":"USD","framed":false,"w":24,"h":36,"label":"No Frame / Large 24\" x 36\"","margin":2},{"vendor":"society6","url":"https://society6.com/products/first-bubbly-then-disco_art-print?variant=48733449224436","price":125.0,"currency":"USD","framed":false,"w":30,"h":40,"label":"No Frame / X-Large 30\" x 40\"","margin":2}]
s6-sliced-watermelon1302793	leannesimpsonart	https://society6.com/products/sliced-watermelon1302793_art-print	Sliced Watermelon	print	drinks	https://cdn.shopify.com/s/files/1/0781/0282/3156/files/leanne-simpson-sliced-watermelon-art-print-whitebg-8x10.jpg?v=1781749277&crop=region&crop_left=274&crop_top=242&crop_width=252&crop_height=308&art=1	[{"vendor":"society6","url":"https://society6.com/products/sliced-watermelon1302793_art-print?variant=48704923926772","price":30.0,"currency":"USD","framed":false,"w":8,"h":10,"label":"No Frame / X-Small 8\" x 10\"","margin":1},{"vendor":"society6","url":"https://society6.com/products/sliced-watermelon1302793_art-print?variant=48704923959540","price":45.0,"currency":"USD","framed":false,"w":11,"h":14,"label":"No Frame / Small 11\" x 14\"","margin":1},{"vendor":"society6","url":"https://society6.com/products/sliced-watermelon1302793_art-print?variant=48704923992308","price":50.0,"currency":"USD","framed":false,"w":13,"h":19,"label":"No Frame / Small 13\" x 19\"","margin":1},{"vendor":"society6","url":"https://society6.com/products/sliced-watermelon1302793_art-print?variant=48704924025076","price":55.0,"currency":"USD","framed":false,"w":16,"h":20,"label":"No Frame / Medium 16\" x 20\"","margin":2},{"vendor":"society6","url":"https://society6.com/products/sliced-watermelon1302793_art-print?variant=48704924057844","price":60.0,"currency":"USD","framed":false,"w":18,"h":24,"label":"No Frame / Medium 18\" x 24\"","margin":2},{"vendor":"society6","url":"https://society6.com/products/sliced-watermelon1302793_art-print?variant=48704924090612","price":95.0,"currency":"USD","framed":false,"w":24,"h":36,"label":"No Frame / Large 24\" x 36\"","margin":2},{"vendor":"society6","url":"https://society6.com/products/sliced-watermelon1302793_art-print?variant=48704924123380","price":125.0,"currency":"USD","framed":false,"w":30,"h":40,"label":"No Frame / X-Large 30\" x 40\"","margin":2}]
s6-luxury-dinner	ekaterinazago	https://society6.com/products/luxury-dinner_art-print	Luxury dinner	photo	drinks	https://cdn.shopify.com/s/files/1/0781/0282/3156/files/ekaterina-zagorska-luxury-dinner-art-print-whitebg-8x10.jpg?v=1781735592&crop=region&crop_left=272&crop_top=242&crop_width=255&crop_height=310&art=1	[{"vendor":"society6","url":"https://society6.com/products/luxury-dinner_art-print?variant=48700488745204","price":30.0,"currency":"USD","framed":false,"w":8,"h":10,"label":"No Frame / X-Small 8\" x 10\"","margin":1},{"vendor":"society6","url":"https://society6.com/products/luxury-dinner_art-print?variant=48700488777972","price":45.0,"currency":"USD","framed":false,"w":11,"h":14,"label":"No Frame / Small 11\" x 14\"","margin":1},{"vendor":"society6","url":"https://society6.com/products/luxury-dinner_art-print?variant=48700488810740","price":50.0,"currency":"USD","framed":false,"w":13,"h":19,"label":"No Frame / Small 13\" x 19\"","margin":1},{"vendor":"society6","url":"https://society6.com/products/luxury-dinner_art-print?variant=48700488843508","price":55.0,"currency":"USD","framed":false,"w":16,"h":20,"label":"No Frame / Medium 16\" x 20\"","margin":2},{"vendor":"society6","url":"https://society6.com/products/luxury-dinner_art-print?variant=48700488876276","price":60.0,"currency":"USD","framed":false,"w":18,"h":24,"label":"No Frame / Medium 18\" x 24\"","margin":2},{"vendor":"society6","url":"https://society6.com/products/luxury-dinner_art-print?variant=48700488909044","price":95.0,"currency":"USD","framed":false,"w":24,"h":36,"label":"No Frame / Large 24\" x 36\"","margin":2},{"vendor":"society6","url":"https://society6.com/products/luxury-dinner_art-print?variant=48700488941812","price":125.0,"currency":"USD","framed":false,"w":30,"h":40,"label":"No Frame / X-Large 30\" x 40\"","margin":2}]
s6-morning-wine	flowline	https://society6.com/products/morning-wine_art-print	Morning Wine	print	drinks	https://cdn.shopify.com/s/files/1/0781/0282/3156/files/flow-line-morning-wine-art-print-whitebg-8x10.jpg?v=1778972192&crop=region&crop_left=274&crop_top=243&crop_width=253&crop_height=309&art=1	[{"vendor":"society6","url":"https://society6.com/products/morning-wine_art-print?variant=48259976069364","price":30.0,"currency":"USD","framed":false,"w":8,"h":10,"label":"No Frame / X-Small 8\" x 10\"","margin":1},{"vendor":"society6","url":"https://society6.com/products/morning-wine_art-print?variant=48259976102132","price":45.0,"currency":"USD","framed":false,"w":11,"h":14,"label":"No Frame / Small 11\" x 14\"","margin":1},{"vendor":"society6","url":"https://society6.com/products/morning-wine_art-print?variant=48259976134900","price":50.0,"currency":"USD","framed":false,"w":13,"h":19,"label":"No Frame / Small 13\" x 19\"","margin":1},{"vendor":"society6","url":"https://society6.com/products/morning-wine_art-print?variant=48259976167668","price":55.0,"currency":"USD","framed":false,"w":16,"h":20,"label":"No Frame / Medium 16\" x 20\"","margin":2},{"vendor":"society6","url":"https://society6.com/products/morning-wine_art-print?variant=48259976200436","price":60.0,"currency":"USD","framed":false,"w":18,"h":24,"label":"No Frame / Medium 18\" x 24\"","margin":2},{"vendor":"society6","url":"https://society6.com/products/morning-wine_art-print?variant=48259976233204","price":95.0,"currency":"USD","framed":false,"w":24,"h":36,"label":"No Frame / Large 24\" x 36\"","margin":2},{"vendor":"society6","url":"https://society6.com/products/morning-wine_art-print?variant=48259976265972","price":125.0,"currency":"USD","framed":false,"w":30,"h":40,"label":"No Frame / X-Large 30\" x 40\"","margin":2}]
s6-afternoon-tea2756593	feliciachiao	https://society6.com/products/afternoon-tea2756593_art-print	Afternoon Tea	print	coffee	https://cdn.shopify.com/s/files/1/0781/0282/3156/files/felicia-chiao-afternoon-tea-art-print-whitebg-8x10.jpg?v=1778971241&crop=region&crop_left=272&crop_top=242&crop_width=255&crop_height=309&art=1	[{"vendor":"society6","url":"https://society6.com/products/afternoon-tea2756593_art-print?variant=48259689316596","price":30.0,"currency":"USD","framed":false,"w":8,"h":10,"label":"No Frame / X-Small 8\" x 10\"","margin":1},{"vendor":"society6","url":"https://society6.com/products/afternoon-tea2756593_art-print?variant=48259689349364","price":45.0,"currency":"USD","framed":false,"w":11,"h":14,"label":"No Frame / Small 11\" x 14\"","margin":1},{"vendor":"society6","url":"https://society6.com/products/afternoon-tea2756593_art-print?variant=48259689382132","price":50.0,"currency":"USD","framed":false,"w":13,"h":19,"label":"No Frame / Small 13\" x 19\"","margin":1},{"vendor":"society6","url":"https://society6.com/products/afternoon-tea2756593_art-print?variant=48259689414900","price":55.0,"currency":"USD","framed":false,"w":16,"h":20,"label":"No Frame / Medium 16\" x 20\"","margin":2},{"vendor":"society6","url":"https://society6.com/products/afternoon-tea2756593_art-print?variant=48259689447668","price":60.0,"currency":"USD","framed":false,"w":18,"h":24,"label":"No Frame / Medium 18\" x 24\"","margin":2},{"vendor":"society6","url":"https://society6.com/products/afternoon-tea2756593_art-print?variant=48259689480436","price":95.0,"currency":"USD","framed":false,"w":24,"h":36,"label":"No Frame / Large 24\" x 36\"","margin":2},{"vendor":"society6","url":"https://society6.com/products/afternoon-tea2756593_art-print?variant=48259689513204","price":125.0,"currency":"USD","framed":false,"w":30,"h":40,"label":"No Frame / X-Large 30\" x 40\"","margin":2}]
s6-coffee-plants-x-the-sill	madelinehostetler	https://society6.com/products/coffee-plants-x-the-sill_art-print	Coffee and Plants	print	coffee	https://cdn.shopify.com/s/files/1/0781/0282/3156/files/madeline-kate-martinez-coffee-plants-x-the-sill-art-print-whitebg-8x10.jpg?v=1769399166&crop=region&crop_left=274&crop_top=244&crop_width=251&crop_height=306&art=1	[{"vendor":"society6","url":"https://society6.com/products/coffee-plants-x-the-sill_art-print?variant=47520132989172","price":30.0,"currency":"USD","framed":false,"w":8,"h":10,"label":"No Frame / X-Small 8\" x 10\"","margin":1},{"vendor":"society6","url":"https://society6.com/products/coffee-plants-x-the-sill_art-print?variant=47520133021940","price":50.0,"currency":"USD","framed":false,"w":13,"h":19,"label":"No Frame / Small 13\" x 19\"","margin":1},{"vendor":"society6","url":"https://society6.com/products/coffee-plants-x-the-sill_art-print?variant=47520133054708","price":60.0,"currency":"USD","framed":false,"w":18,"h":24,"label":"No Frame / Medium 18\" x 24\"","margin":2},{"vendor":"society6","url":"https://society6.com/products/coffee-plants-x-the-sill_art-print?variant=47520133087476","price":60.0,"currency":"USD","framed":false,"w":22,"h":28,"label":"No Frame / Large 22\" x 28\"","margin":2},{"vendor":"society6","url":"https://society6.com/products/coffee-plants-x-the-sill_art-print?variant=47520133120244","price":80.0,"currency":"USD","framed":false,"w":28,"h":36,"label":"No Frame / X-Large 28\" x 36\"","margin":2}]
s6-bacon-and-eggs-with-coffee-watercolor-breakf	mininst	https://society6.com/products/bacon-and-eggs-with-coffee-watercolor-breakfast-scene_art-print	Bacon and Eggs	print	coffee	https://cdn.shopify.com/s/files/1/0781/0282/3156/files/galleryj9-bacon-and-eggs-with-coffee-watercolor-breakfast-scene-art-print-whitebg-8x10.jpg?v=1781846545&crop=region&crop_left=272&crop_top=242&crop_width=255&crop_height=313&art=1	[{"vendor":"society6","url":"https://society6.com/products/bacon-and-eggs-with-coffee-watercolor-breakfast-scene_art-print?variant=48734813913332","price":30.0,"currency":"USD","framed":false,"w":8,"h":10,"label":"No Frame / X-Small 8\" x 10\"","margin":1},{"vendor":"society6","url":"https://society6.com/products/bacon-and-eggs-with-coffee-watercolor-breakfast-scene_art-print?variant=48734813946100","price":45.0,"currency":"USD","framed":false,"w":11,"h":14,"label":"No Frame / Small 11\" x 14\"","margin":1},{"vendor":"society6","url":"https://society6.com/products/bacon-and-eggs-with-coffee-watercolor-breakfast-scene_art-print?variant=48734813978868","price":50.0,"currency":"USD","framed":false,"w":13,"h":19,"label":"No Frame / Small 13\" x 19\"","margin":1},{"vendor":"society6","url":"https://society6.com/products/bacon-and-eggs-with-coffee-watercolor-breakfast-scene_art-print?variant=48734814011636","price":55.0,"currency":"USD","framed":false,"w":16,"h":20,"label":"No Frame / Medium 16\" x 20\"","margin":2},{"vendor":"society6","url":"https://society6.com/products/bacon-and-eggs-with-coffee-watercolor-breakfast-scene_art-print?variant=48734814044404","price":60.0,"currency":"USD","framed":false,"w":18,"h":24,"label":"No Frame / Medium 18\" x 24\"","margin":2},{"vendor":"society6","url":"https://society6.com/products/bacon-and-eggs-with-coffee-watercolor-breakfast-scene_art-print?variant=48734814077172","price":95.0,"currency":"USD","framed":false,"w":24,"h":36,"label":"No Frame / Large 24\" x 36\"","margin":2},{"vendor":"society6","url":"https://society6.com/products/bacon-and-eggs-with-coffee-watercolor-breakfast-scene_art-print?variant=48734814109940","price":125.0,"currency":"USD","framed":false,"w":30,"h":40,"label":"No Frame / X-Large 30\" x 40\"","margin":2}]
s6-beach-side-cafe	fennfashion	https://society6.com/products/beach-side-cafe_art-print	Beach Side Cafe	print	coffee	https://cdn.shopify.com/s/files/1/0781/0282/3156/files/sabina-fenn-illustration-beach-side-cafe-art-print-whitebg-8x10.jpg?v=1779083162&crop=region&crop_left=272&crop_top=243&crop_width=255&crop_height=309&art=1	[{"vendor":"society6","url":"https://society6.com/products/beach-side-cafe_art-print?variant=48291025584372","price":30.0,"currency":"USD","framed":false,"w":8,"h":10,"label":"No Frame / X-Small 8\" x 10\"","margin":1},{"vendor":"society6","url":"https://society6.com/products/beach-side-cafe_art-print?variant=48291025617140","price":45.0,"currency":"USD","framed":false,"w":11,"h":14,"label":"No Frame / Small 11\" x 14\"","margin":1},{"vendor":"society6","url":"https://society6.com/products/beach-side-cafe_art-print?variant=48291025649908","price":50.0,"currency":"USD","framed":false,"w":13,"h":19,"label":"No Frame / Small 13\" x 19\"","margin":1},{"vendor":"society6","url":"https://society6.com/products/beach-side-cafe_art-print?variant=48291025682676","price":55.0,"currency":"USD","framed":false,"w":16,"h":20,"label":"No Frame / Medium 16\" x 20\"","margin":2},{"vendor":"society6","url":"https://society6.com/products/beach-side-cafe_art-print?variant=48291025715444","price":60.0,"currency":"USD","framed":false,"w":18,"h":24,"label":"No Frame / Medium 18\" x 24\"","margin":2},{"vendor":"society6","url":"https://society6.com/products/beach-side-cafe_art-print?variant=48291025748212","price":95.0,"currency":"USD","framed":false,"w":24,"h":36,"label":"No Frame / Large 24\" x 36\"","margin":2},{"vendor":"society6","url":"https://society6.com/products/beach-side-cafe_art-print?variant=48291025780980","price":125.0,"currency":"USD","framed":false,"w":30,"h":40,"label":"No Frame / X-Large 30\" x 40\"","margin":2}]
s6-morning-coffee4427362	loubruzzoni	https://society6.com/products/morning-coffee4427362_art-print	Morning coffee	print	coffee	https://cdn.shopify.com/s/files/1/0781/0282/3156/files/loubruzzoni-morning-coffee-ii-art-print-whitebg-8x10.jpg?v=1778892979&crop=region&crop_left=272&crop_top=242&crop_width=255&crop_height=314&art=1	[{"vendor":"society6","url":"https://society6.com/products/morning-coffee4427362_art-print?variant=48237288816884","price":30.0,"currency":"USD","framed":false,"w":8,"h":10,"label":"No Frame / X-Small 8\" x 10\"","margin":1},{"vendor":"society6","url":"https://society6.com/products/morning-coffee4427362_art-print?variant=48237288849652","price":45.0,"currency":"USD","framed":false,"w":11,"h":14,"label":"No Frame / Small 11\" x 14\"","margin":1},{"vendor":"society6","url":"https://society6.com/products/morning-coffee4427362_art-print?variant=48237288882420","price":50.0,"currency":"USD","framed":false,"w":13,"h":19,"label":"No Frame / Small 13\" x 19\"","margin":1},{"vendor":"society6","url":"https://society6.com/products/morning-coffee4427362_art-print?variant=48237288915188","price":55.0,"currency":"USD","framed":false,"w":16,"h":20,"label":"No Frame / Medium 16\" x 20\"","margin":2},{"vendor":"society6","url":"https://society6.com/products/morning-coffee4427362_art-print?variant=48237288947956","price":60.0,"currency":"USD","framed":false,"w":18,"h":24,"label":"No Frame / Medium 18\" x 24\"","margin":2},{"vendor":"society6","url":"https://society6.com/products/morning-coffee4427362_art-print?variant=48237288980724","price":95.0,"currency":"USD","framed":false,"w":24,"h":36,"label":"No Frame / Large 24\" x 36\"","margin":2},{"vendor":"society6","url":"https://society6.com/products/morning-coffee4427362_art-print?variant=48237289013492","price":125.0,"currency":"USD","framed":false,"w":30,"h":40,"label":"No Frame / X-Large 30\" x 40\"","margin":2}]
s6-coffee-and-cake8981110	nadja1	https://society6.com/products/coffee-and-cake8981110_art-print	Coffee and Cake	print	coffee	https://cdn.shopify.com/s/files/1/0781/0282/3156/files/nadja-coffee-and-cake-art-print-whitebg-8x10.jpg?v=1782398479&crop=region&crop_left=274&crop_top=242&crop_width=253&crop_height=310&art=1	[{"vendor":"society6","url":"https://society6.com/products/coffee-and-cake8981110_art-print?variant=48777908846836","price":30.0,"currency":"USD","framed":false,"w":8,"h":10,"label":"No Frame / X-Small 8\" x 10\"","margin":1},{"vendor":"society6","url":"https://society6.com/products/coffee-and-cake8981110_art-print?variant=48777908879604","price":45.0,"currency":"USD","framed":false,"w":11,"h":14,"label":"No Frame / Small 11\" x 14\"","margin":1},{"vendor":"society6","url":"https://society6.com/products/coffee-and-cake8981110_art-print?variant=48777908912372","price":50.0,"currency":"USD","framed":false,"w":13,"h":19,"label":"No Frame / Small 13\" x 19\"","margin":1},{"vendor":"society6","url":"https://society6.com/products/coffee-and-cake8981110_art-print?variant=48777908945140","price":55.0,"currency":"USD","framed":false,"w":16,"h":20,"label":"No Frame / Medium 16\" x 20\"","margin":2},{"vendor":"society6","url":"https://society6.com/products/coffee-and-cake8981110_art-print?variant=48777908977908","price":60.0,"currency":"USD","framed":false,"w":18,"h":24,"label":"No Frame / Medium 18\" x 24\"","margin":2},{"vendor":"society6","url":"https://society6.com/products/coffee-and-cake8981110_art-print?variant=48777909010676","price":95.0,"currency":"USD","framed":false,"w":24,"h":36,"label":"No Frame / Large 24\" x 36\"","margin":2},{"vendor":"society6","url":"https://society6.com/products/coffee-and-cake8981110_art-print?variant=48777909043444","price":125.0,"currency":"USD","framed":false,"w":30,"h":40,"label":"No Frame / X-Large 30\" x 40\"","margin":2}]
s6-sunset-moka	cityart7	https://society6.com/products/sunset-moka_art-print	Sunset Moka	print	coffee	https://cdn.shopify.com/s/files/1/0781/0282/3156/files/city-art-sunset-moka-art-print-whitebg-8x10.jpg?v=1782353206&crop=region&crop_left=274&crop_top=242&crop_width=253&crop_height=310&art=1	[{"vendor":"society6","url":"https://society6.com/products/sunset-moka_art-print?variant=48771655598324","price":30.0,"currency":"USD","framed":false,"w":8,"h":10,"label":"No Frame / X-Small 8\" x 10\"","margin":1},{"vendor":"society6","url":"https://society6.com/products/sunset-moka_art-print?variant=48771655631092","price":45.0,"currency":"USD","framed":false,"w":11,"h":14,"label":"No Frame / Small 11\" x 14\"","margin":1},{"vendor":"society6","url":"https://society6.com/products/sunset-moka_art-print?variant=48771655663860","price":50.0,"currency":"USD","framed":false,"w":13,"h":19,"label":"No Frame / Small 13\" x 19\"","margin":1},{"vendor":"society6","url":"https://society6.com/products/sunset-moka_art-print?variant=48771655696628","price":55.0,"currency":"USD","framed":false,"w":16,"h":20,"label":"No Frame / Medium 16\" x 20\"","margin":2},{"vendor":"society6","url":"https://society6.com/products/sunset-moka_art-print?variant=48771655729396","price":60.0,"currency":"USD","framed":false,"w":18,"h":24,"label":"No Frame / Medium 18\" x 24\"","margin":2},{"vendor":"society6","url":"https://society6.com/products/sunset-moka_art-print?variant=48771655762164","price":95.0,"currency":"USD","framed":false,"w":24,"h":36,"label":"No Frame / Large 24\" x 36\"","margin":2},{"vendor":"society6","url":"https://society6.com/products/sunset-moka_art-print?variant=48771655794932","price":125.0,"currency":"USD","framed":false,"w":30,"h":40,"label":"No Frame / X-Large 30\" x 40\"","margin":2}]
s6-dog-portrait-48704751	thindesign	https://society6.com/products/dog-portrait-48704751_art-print	Dog Portrait 4	print	dogs	https://cdn.shopify.com/s/files/1/0781/0282/3156/files/thingdesign-dog-portrait-4-art-print-whitebg-8x10.jpg?v=1779038498&crop=region&crop_left=272&crop_top=242&crop_width=255&crop_height=310&art=1	[{"vendor":"society6","url":"https://society6.com/products/dog-portrait-48704751_art-print?variant=48278431564020","price":30.0,"currency":"USD","framed":false,"w":8,"h":10,"label":"No Frame / X-Small 8\" x 10\"","margin":1},{"vendor":"society6","url":"https://society6.com/products/dog-portrait-48704751_art-print?variant=48278431596788","price":45.0,"currency":"USD","framed":false,"w":11,"h":14,"label":"No Frame / Small 11\" x 14\"","margin":1},{"vendor":"society6","url":"https://society6.com/products/dog-portrait-48704751_art-print?variant=48278431629556","price":50.0,"currency":"USD","framed":false,"w":13,"h":19,"label":"No Frame / Small 13\" x 19\"","margin":1},{"vendor":"society6","url":"https://society6.com/products/dog-portrait-48704751_art-print?variant=48278431662324","price":55.0,"currency":"USD","framed":false,"w":16,"h":20,"label":"No Frame / Medium 16\" x 20\"","margin":2},{"vendor":"society6","url":"https://society6.com/products/dog-portrait-48704751_art-print?variant=48278431695092","price":60.0,"currency":"USD","framed":false,"w":18,"h":24,"label":"No Frame / Medium 18\" x 24\"","margin":2},{"vendor":"society6","url":"https://society6.com/products/dog-portrait-48704751_art-print?variant=48278431727860","price":95.0,"currency":"USD","framed":false,"w":24,"h":36,"label":"No Frame / Large 24\" x 36\"","margin":2},{"vendor":"society6","url":"https://society6.com/products/dog-portrait-48704751_art-print?variant=48278431760628","price":125.0,"currency":"USD","framed":false,"w":30,"h":40,"label":"No Frame / X-Large 30\" x 40\"","margin":2}]
s6-corgi977497	lauragraves	https://society6.com/products/corgi977497_art-print	Corgi	print	dogs	https://cdn.shopify.com/s/files/1/0781/0282/3156/files/laura-graves-corgi-on-white-art-print-whitebg-8x10.jpg?v=1778805527&crop=region&crop_left=271&crop_top=230&crop_width=251&crop_height=334&art=1	[{"vendor":"society6","url":"https://society6.com/products/corgi977497_art-print?variant=48226389688564","price":30.0,"currency":"USD","framed":false,"w":8,"h":10,"label":"No Frame / X-Small 8\" x 10\"","margin":1},{"vendor":"society6","url":"https://society6.com/products/corgi977497_art-print?variant=48226389721332","price":45.0,"currency":"USD","framed":false,"w":11,"h":14,"label":"No Frame / Small 11\" x 14\"","margin":1},{"vendor":"society6","url":"https://society6.com/products/corgi977497_art-print?variant=48226389754100","price":50.0,"currency":"USD","framed":false,"w":13,"h":19,"label":"No Frame / Small 13\" x 19\"","margin":1},{"vendor":"society6","url":"https://society6.com/products/corgi977497_art-print?variant=48226389786868","price":55.0,"currency":"USD","framed":false,"w":16,"h":20,"label":"No Frame / Medium 16\" x 20\"","margin":2},{"vendor":"society6","url":"https://society6.com/products/corgi977497_art-print?variant=48226389819636","price":60.0,"currency":"USD","framed":false,"w":18,"h":24,"label":"No Frame / Medium 18\" x 24\"","margin":2},{"vendor":"society6","url":"https://society6.com/products/corgi977497_art-print?variant=48226389852404","price":95.0,"currency":"USD","framed":false,"w":24,"h":36,"label":"No Frame / Large 24\" x 36\"","margin":2},{"vendor":"society6","url":"https://society6.com/products/corgi977497_art-print?variant=48226389885172","price":125.0,"currency":"USD","framed":false,"w":30,"h":40,"label":"No Frame / X-Large 30\" x 40\"","margin":2}]
s6-winter-northern-lights-dog-sled-color	nocolordesigns	https://society6.com/products/winter-northern-lights-dog-sled-color_art-print	Northern Lights Dog Sled	photo	dogs	https://cdn.shopify.com/s/files/1/0781/0282/3156/files/nocolordesigns-winter-northern-lights-dog-sled-color-art-print-whitebg-8x10.jpg?v=1781753362&crop=region&crop_left=272&crop_top=242&crop_width=255&crop_height=310&art=1	[{"vendor":"society6","url":"https://society6.com/products/winter-northern-lights-dog-sled-color_art-print?variant=48706090074356","price":30.0,"currency":"USD","framed":false,"w":8,"h":10,"label":"No Frame / X-Small 8\" x 10\"","margin":1},{"vendor":"society6","url":"https://society6.com/products/winter-northern-lights-dog-sled-color_art-print?variant=48706090107124","price":45.0,"currency":"USD","framed":false,"w":11,"h":14,"label":"No Frame / Small 11\" x 14\"","margin":1},{"vendor":"society6","url":"https://society6.com/products/winter-northern-lights-dog-sled-color_art-print?variant=48706090139892","price":50.0,"currency":"USD","framed":false,"w":13,"h":19,"label":"No Frame / Small 13\" x 19\"","margin":1},{"vendor":"society6","url":"https://society6.com/products/winter-northern-lights-dog-sled-color_art-print?variant=48706090172660","price":55.0,"currency":"USD","framed":false,"w":16,"h":20,"label":"No Frame / Medium 16\" x 20\"","margin":2},{"vendor":"society6","url":"https://society6.com/products/winter-northern-lights-dog-sled-color_art-print?variant=48706090205428","price":60.0,"currency":"USD","framed":false,"w":18,"h":24,"label":"No Frame / Medium 18\" x 24\"","margin":2},{"vendor":"society6","url":"https://society6.com/products/winter-northern-lights-dog-sled-color_art-print?variant=48706090238196","price":95.0,"currency":"USD","framed":false,"w":24,"h":36,"label":"No Frame / Large 24\" x 36\"","margin":2},{"vendor":"society6","url":"https://society6.com/products/winter-northern-lights-dog-sled-color_art-print?variant=48706090270964","price":125.0,"currency":"USD","framed":false,"w":30,"h":40,"label":"No Frame / X-Large 30\" x 40\"","margin":2}]
s6-shiner-the-golden-retriever	evelynmccorristinpeters	https://society6.com/products/shiner-the-golden-retriever_art-print	Shiner the Golden Retriever Portrait	print	dogs	https://cdn.shopify.com/s/files/1/0781/0282/3156/files/barking-dog-creations-studio-shiner-the-golden-retriever-portrait-art-print-whitebg-8x10.jpg?v=1781629784&crop=region&crop_left=272&crop_top=242&crop_width=255&crop_height=310&art=1	[{"vendor":"society6","url":"https://society6.com/products/shiner-the-golden-retriever_art-print?variant=48667270807796","price":30.0,"currency":"USD","framed":false,"w":8,"h":10,"label":"No Frame / X-Small 8\" x 10\"","margin":1},{"vendor":"society6","url":"https://society6.com/products/shiner-the-golden-retriever_art-print?variant=48667270840564","price":40.0,"currency":"USD","framed":false,"w":10,"h":10,"label":"No Frame / Small 10\" x 10\"","margin":1},{"vendor":"society6","url":"https://society6.com/products/shiner-the-golden-retriever_art-print?variant=48667270873332","price":45.0,"currency":"USD","framed":false,"w":11,"h":14,"label":"No Frame / Small 11\" x 14\"","margin":1},{"vendor":"society6","url":"https://society6.com/products/shiner-the-golden-retriever_art-print?variant=48667270906100","price":50.0,"currency":"USD","framed":false,"w":13,"h":19,"label":"No Frame / Small 13\" x 19\"","margin":1},{"vendor":"society6","url":"https://society6.com/products/shiner-the-golden-retriever_art-print?variant=48667270938868","price":65.0,"currency":"USD","framed":false,"w":20,"h":20,"label":"No Frame / Medium 20\" x 20\"","margin":2},{"vendor":"society6","url":"https://society6.com/products/shiner-the-golden-retriever_art-print?variant=48667270971636","price":55.0,"currency":"USD","framed":false,"w":16,"h":20,"label":"No Frame / Medium 16\" x 20\"","margin":2},{"vendor":"society6","url":"https://society6.com/products/shiner-the-golden-retriever_art-print?variant=48667271004404","price":60.0,"currency":"USD","framed":false,"w":18,"h":24,"label":"No Frame / Medium 18\" x 24\"","margin":2},{"vendor":"society6","url":"https://society6.com/products/shiner-the-golden-retriever_art-print?variant=48667271037172","price":95.0,"currency":"USD","framed":false,"w":24,"h":36,"label":"No Frame / Large 24\" x 36\"","margin":2},{"vendor":"society6","url":"https://society6.com/products/shiner-the-golden-retriever_art-print?variant=48667271069940","price":125.0,"currency":"USD","framed":false,"w":30,"h":40,"label":"No Frame / X-Large 30\" x 40\"","margin":2}]
s6-art-in-motion-running-horses-black-and-white	madinja	https://society6.com/products/art-in-motion-running-horses-black-and-white_art-print	Running Horses	photo	horses	https://cdn.shopify.com/s/files/1/0781/0282/3156/files/madinja-travel-and-nature-photography-art-in-motion-running-horses-black-and-white-art-print-whitebg-8x10.jpg?v=1781881392&crop=region&crop_left=231&crop_top=270&crop_width=333&crop_height=253&art=1	[{"vendor":"society6","url":"https://society6.com/products/art-in-motion-running-horses-black-and-white_art-print?variant=48748729401588","price":30.0,"currency":"USD","framed":false,"w":8,"h":10,"label":"No Frame / X-Small 8\" x 10\"","margin":1},{"vendor":"society6","url":"https://society6.com/products/art-in-motion-running-horses-black-and-white_art-print?variant=48748729434356","price":45.0,"currency":"USD","framed":false,"w":11,"h":14,"label":"No Frame / Small 11\" x 14\"","margin":1},{"vendor":"society6","url":"https://society6.com/products/art-in-motion-running-horses-black-and-white_art-print?variant=48748729467124","price":50.0,"currency":"USD","framed":false,"w":13,"h":19,"label":"No Frame / Small 13\" x 19\"","margin":1},{"vendor":"society6","url":"https://society6.com/products/art-in-motion-running-horses-black-and-white_art-print?variant=48748729499892","price":55.0,"currency":"USD","framed":false,"w":16,"h":20,"label":"No Frame / Medium 16\" x 20\"","margin":2},{"vendor":"society6","url":"https://society6.com/products/art-in-motion-running-horses-black-and-white_art-print?variant=48748729532660","price":60.0,"currency":"USD","framed":false,"w":18,"h":24,"label":"No Frame / Medium 18\" x 24\"","margin":2},{"vendor":"society6","url":"https://society6.com/products/art-in-motion-running-horses-black-and-white_art-print?variant=48748729565428","price":95.0,"currency":"USD","framed":false,"w":24,"h":36,"label":"No Frame / Large 24\" x 36\"","margin":2},{"vendor":"society6","url":"https://society6.com/products/art-in-motion-running-horses-black-and-white_art-print?variant=48748729598196","price":125.0,"currency":"USD","framed":false,"w":30,"h":40,"label":"No Frame / X-Large 30\" x 40\"","margin":2}]
s6-wild-horses-4-black-and-white	joystclaire	https://society6.com/products/wild-horses-4-black-and-white_art-print	Wild Horses IV	photo	horses	https://cdn.shopify.com/s/files/1/0781/0282/3156/files/olivia-st-claire-wild-horses-4-black-and-white-art-print-whitebg-8x10.jpg?v=1781857495&crop=region&crop_left=244&crop_top=271&crop_width=312&crop_height=254&art=1	[{"vendor":"society6","url":"https://society6.com/products/wild-horses-4-black-and-white_art-print?variant=48738111684852","price":30.0,"currency":"USD","framed":false,"w":8,"h":10,"label":"No Frame / X-Small 8\" x 10\"","margin":1},{"vendor":"society6","url":"https://society6.com/products/wild-horses-4-black-and-white_art-print?variant=48738111717620","price":45.0,"currency":"USD","framed":false,"w":11,"h":14,"label":"No Frame / Small 11\" x 14\"","margin":1},{"vendor":"society6","url":"https://society6.com/products/wild-horses-4-black-and-white_art-print?variant=48738111750388","price":50.0,"currency":"USD","framed":false,"w":13,"h":19,"label":"No Frame / Small 13\" x 19\"","margin":1},{"vendor":"society6","url":"https://society6.com/products/wild-horses-4-black-and-white_art-print?variant=48738111783156","price":55.0,"currency":"USD","framed":false,"w":16,"h":20,"label":"No Frame / Medium 16\" x 20\"","margin":2},{"vendor":"society6","url":"https://society6.com/products/wild-horses-4-black-and-white_art-print?variant=48738111815924","price":60.0,"currency":"USD","framed":false,"w":18,"h":24,"label":"No Frame / Medium 18\" x 24\"","margin":2},{"vendor":"society6","url":"https://society6.com/products/wild-horses-4-black-and-white_art-print?variant=48738111848692","price":95.0,"currency":"USD","framed":false,"w":24,"h":36,"label":"No Frame / Large 24\" x 36\"","margin":2},{"vendor":"society6","url":"https://society6.com/products/wild-horses-4-black-and-white_art-print?variant=48738111881460","price":125.0,"currency":"USD","framed":false,"w":30,"h":40,"label":"No Frame / X-Large 30\" x 40\"","margin":2}]
s6-somnium8338360	heatherheininge	https://society6.com/products/somnium8338360_art-print	Somnium	print	horses	https://cdn.shopify.com/s/files/1/0781/0282/3156/files/hheininge-somnium-art-print-whitebg-8x10.jpg?v=1781816289&crop=region&crop_left=272&crop_top=242&crop_width=255&crop_height=310&art=1	[{"vendor":"society6","url":"https://society6.com/products/somnium8338360_art-print?variant=48724886880500","price":30.0,"currency":"USD","framed":false,"w":8,"h":10,"label":"No Frame / X-Small 8\" x 10\"","margin":1},{"vendor":"society6","url":"https://society6.com/products/somnium8338360_art-print?variant=48724886913268","price":45.0,"currency":"USD","framed":false,"w":11,"h":14,"label":"No Frame / Small 11\" x 14\"","margin":1},{"vendor":"society6","url":"https://society6.com/products/somnium8338360_art-print?variant=48724886946036","price":50.0,"currency":"USD","framed":false,"w":13,"h":19,"label":"No Frame / Small 13\" x 19\"","margin":1},{"vendor":"society6","url":"https://society6.com/products/somnium8338360_art-print?variant=48724886978804","price":55.0,"currency":"USD","framed":false,"w":16,"h":20,"label":"No Frame / Medium 16\" x 20\"","margin":2},{"vendor":"society6","url":"https://society6.com/products/somnium8338360_art-print?variant=48724887011572","price":60.0,"currency":"USD","framed":false,"w":18,"h":24,"label":"No Frame / Medium 18\" x 24\"","margin":2},{"vendor":"society6","url":"https://society6.com/products/somnium8338360_art-print?variant=48724887044340","price":95.0,"currency":"USD","framed":false,"w":24,"h":36,"label":"No Frame / Large 24\" x 36\"","margin":2},{"vendor":"society6","url":"https://society6.com/products/somnium8338360_art-print?variant=48724887077108","price":125.0,"currency":"USD","framed":false,"w":30,"h":40,"label":"No Frame / X-Large 30\" x 40\"","margin":2}]
s6-wild-horses6476349	groppophoto	https://society6.com/products/wild-horses6476349_art-print	Wild Horses	photo	horses	https://cdn.shopify.com/s/files/1/0781/0282/3156/files/groppo-photo-wild-horses-art-print-whitebg-8x10.jpg?v=1781734312&crop=region&crop_left=274&crop_top=393&crop_width=253&crop_height=159&art=1	[{"vendor":"society6","url":"https://society6.com/products/wild-horses6476349_art-print?variant=48700092055796","price":30.0,"currency":"USD","framed":false,"w":8,"h":10,"label":"No Frame / X-Small 8\" x 10\"","margin":1},{"vendor":"society6","url":"https://society6.com/products/wild-horses6476349_art-print?variant=48700092088564","price":45.0,"currency":"USD","framed":false,"w":11,"h":14,"label":"No Frame / Small 11\" x 14\"","margin":1},{"vendor":"society6","url":"https://society6.com/products/wild-horses6476349_art-print?variant=48700092121332","price":50.0,"currency":"USD","framed":false,"w":13,"h":19,"label":"No Frame / Small 13\" x 19\"","margin":1},{"vendor":"society6","url":"https://society6.com/products/wild-horses6476349_art-print?variant=48700092154100","price":55.0,"currency":"USD","framed":false,"w":16,"h":20,"label":"No Frame / Medium 16\" x 20\"","margin":2},{"vendor":"society6","url":"https://society6.com/products/wild-horses6476349_art-print?variant=48700092186868","price":60.0,"currency":"USD","framed":false,"w":18,"h":24,"label":"No Frame / Medium 18\" x 24\"","margin":2},{"vendor":"society6","url":"https://society6.com/products/wild-horses6476349_art-print?variant=48700092219636","price":95.0,"currency":"USD","framed":false,"w":24,"h":36,"label":"No Frame / Large 24\" x 36\"","margin":2},{"vendor":"society6","url":"https://society6.com/products/wild-horses6476349_art-print?variant=48700092252404","price":125.0,"currency":"USD","framed":false,"w":30,"h":40,"label":"No Frame / X-Large 30\" x 40\"","margin":2}]
s6-wild-horse-girl-black-and-white-animal-photo	dagmarpels	https://society6.com/products/wild-horse-girl-black-and-white-animal-photography-photograph_art-print	WILD HORSE GIRL	photo	horses	https://cdn.shopify.com/s/files/1/0781/0282/3156/files/dagmar-pels-wild-horse-girl-black-art-print-whitebg-8x10.jpg?v=1781254678&crop=region&crop_left=272&crop_top=244&crop_width=255&crop_height=311&art=1	[{"vendor":"society6","url":"https://society6.com/products/wild-horse-girl-black-and-white-animal-photography-photograph_art-print?variant=48560047915252","price":30.0,"currency":"USD","framed":false,"w":8,"h":10,"label":"No Frame / X-Small 8\" x 10\"","margin":1},{"vendor":"society6","url":"https://society6.com/products/wild-horse-girl-black-and-white-animal-photography-photograph_art-print?variant=48560047948020","price":40.0,"currency":"USD","framed":false,"w":10,"h":10,"label":"No Frame / Small 10\" x 10\"","margin":1},{"vendor":"society6","url":"https://society6.com/products/wild-horse-girl-black-and-white-animal-photography-photograph_art-print?variant=48560047980788","price":45.0,"currency":"USD","framed":false,"w":11,"h":14,"label":"No Frame / Small 11\" x 14\"","margin":1},{"vendor":"society6","url":"https://society6.com/products/wild-horse-girl-black-and-white-animal-photography-photograph_art-print?variant=48560048013556","price":50.0,"currency":"USD","framed":false,"w":13,"h":19,"label":"No Frame / Small 13\" x 19\"","margin":1},{"vendor":"society6","url":"https://society6.com/products/wild-horse-girl-black-and-white-animal-photography-photograph_art-print?variant=48560048046324","price":65.0,"currency":"USD","framed":false,"w":20,"h":20,"label":"No Frame / Medium 20\" x 20\"","margin":2},{"vendor":"society6","url":"https://society6.com/products/wild-horse-girl-black-and-white-animal-photography-photograph_art-print?variant=48560048079092","price":55.0,"currency":"USD","framed":false,"w":16,"h":20,"label":"No Frame / Medium 16\" x 20\"","margin":2},{"vendor":"society6","url":"https://society6.com/products/wild-horse-girl-black-and-white-animal-photography-photograph_art-print?variant=48560048111860","price":60.0,"currency":"USD","framed":false,"w":18,"h":24,"label":"No Frame / Medium 18\" x 24\"","margin":2},{"vendor":"society6","url":"https://society6.com/products/wild-horse-girl-black-and-white-animal-photography-photograph_art-print?variant=48560048144628","price":95.0,"currency":"USD","framed":false,"w":24,"h":36,"label":"No Frame / Large 24\" x 36\"","margin":2},{"vendor":"society6","url":"https://society6.com/products/wild-horse-girl-black-and-white-animal-photography-photograph_art-print?variant=48560048177396","price":125.0,"currency":"USD","framed":false,"w":30,"h":40,"label":"No Frame / X-Large 30\" x 40\"","margin":2}]
s6-two-horses8779009	danhobdayart	https://society6.com/products/two-horses8779009_art-print	Two Horses	print	horses	https://cdn.shopify.com/s/files/1/0781/0282/3156/files/dan-hobday-art-two-horses-art-print-whitebg-8x10.jpg?v=1779051932&crop=region&crop_left=243&crop_top=270&crop_width=315&crop_height=256&art=1	[{"vendor":"society6","url":"https://society6.com/products/two-horses8779009_art-print?variant=48282134970612","price":30.0,"currency":"USD","framed":false,"w":8,"h":10,"label":"No Frame / X-Small 8\" x 10\"","margin":1},{"vendor":"society6","url":"https://society6.com/products/two-horses8779009_art-print?variant=48282135003380","price":45.0,"currency":"USD","framed":false,"w":11,"h":14,"label":"No Frame / Small 11\" x 14\"","margin":1},{"vendor":"society6","url":"https://society6.com/products/two-horses8779009_art-print?variant=48282135036148","price":50.0,"currency":"USD","framed":false,"w":13,"h":19,"label":"No Frame / Small 13\" x 19\"","margin":1},{"vendor":"society6","url":"https://society6.com/products/two-horses8779009_art-print?variant=48282135068916","price":55.0,"currency":"USD","framed":false,"w":16,"h":20,"label":"No Frame / Medium 16\" x 20\"","margin":2},{"vendor":"society6","url":"https://society6.com/products/two-horses8779009_art-print?variant=48282135101684","price":60.0,"currency":"USD","framed":false,"w":18,"h":24,"label":"No Frame / Medium 18\" x 24\"","margin":2},{"vendor":"society6","url":"https://society6.com/products/two-horses8779009_art-print?variant=48282135134452","price":95.0,"currency":"USD","framed":false,"w":24,"h":36,"label":"No Frame / Large 24\" x 36\"","margin":2},{"vendor":"society6","url":"https://society6.com/products/two-horses8779009_art-print?variant=48282135167220","price":125.0,"currency":"USD","framed":false,"w":30,"h":40,"label":"No Frame / X-Large 30\" x 40\"","margin":2}]
s6-wild-black-stallion-friesian-horse	eyepoetry	https://society6.com/products/wild-black-stallion-friesian-horse_art-print	Wild Stallion	print	horses	https://cdn.shopify.com/s/files/1/0781/0282/3156/files/eye-poetry-photography-wild-stallion-black-and-white-photography-friesian-horse-art-print-whitebg-8x10.jpg?v=1778961347&crop=region&crop_left=272&crop_top=244&crop_width=255&crop_height=308&art=1	[{"vendor":"society6","url":"https://society6.com/products/wild-black-stallion-friesian-horse_art-print?variant=48256595886324","price":30.0,"currency":"USD","framed":false,"w":8,"h":10,"label":"No Frame / X-Small 8\" x 10\"","margin":1},{"vendor":"society6","url":"https://society6.com/products/wild-black-stallion-friesian-horse_art-print?variant=48256595919092","price":45.0,"currency":"USD","framed":false,"w":11,"h":14,"label":"No Frame / Small 11\" x 14\"","margin":1},{"vendor":"society6","url":"https://society6.com/products/wild-black-stallion-friesian-horse_art-print?variant=48256595951860","price":50.0,"currency":"USD","framed":false,"w":13,"h":19,"label":"No Frame / Small 13\" x 19\"","margin":1},{"vendor":"society6","url":"https://society6.com/products/wild-black-stallion-friesian-horse_art-print?variant=48256595984628","price":55.0,"currency":"USD","framed":false,"w":16,"h":20,"label":"No Frame / Medium 16\" x 20\"","margin":2},{"vendor":"society6","url":"https://society6.com/products/wild-black-stallion-friesian-horse_art-print?variant=48256596017396","price":60.0,"currency":"USD","framed":false,"w":18,"h":24,"label":"No Frame / Medium 18\" x 24\"","margin":2},{"vendor":"society6","url":"https://society6.com/products/wild-black-stallion-friesian-horse_art-print?variant=48256596050164","price":95.0,"currency":"USD","framed":false,"w":24,"h":36,"label":"No Frame / Large 24\" x 36\"","margin":2},{"vendor":"society6","url":"https://society6.com/products/wild-black-stallion-friesian-horse_art-print?variant=48256596082932","price":125.0,"currency":"USD","framed":false,"w":30,"h":40,"label":"No Frame / X-Large 30\" x 40\"","margin":2}]
s6-a-cowgirl-her-horse-black-white-photo	gramse212	https://society6.com/products/a-cowgirl-her-horse-black-white-photo_art-print	A Cowgirl and Her Horse	photo	horses	https://cdn.shopify.com/s/files/1/0781/0282/3156/files/the-whiskey-ginger-a-cowgirl-her-horse-art-print-whitebg-8x10.jpg?v=1778869444&crop=region&crop_left=272&crop_top=244&crop_width=255&crop_height=313&art=1	[{"vendor":"society6","url":"https://society6.com/products/a-cowgirl-her-horse-black-white-photo_art-print?variant=48232505180404","price":30.0,"currency":"USD","framed":false,"w":8,"h":10,"label":"No Frame / X-Small 8\" x 10\"","margin":1},{"vendor":"society6","url":"https://society6.com/products/a-cowgirl-her-horse-black-white-photo_art-print?variant=48232505213172","price":45.0,"currency":"USD","framed":false,"w":11,"h":14,"label":"No Frame / Small 11\" x 14\"","margin":1},{"vendor":"society6","url":"https://society6.com/products/a-cowgirl-her-horse-black-white-photo_art-print?variant=48232505245940","price":50.0,"currency":"USD","framed":false,"w":13,"h":19,"label":"No Frame / Small 13\" x 19\"","margin":1},{"vendor":"society6","url":"https://society6.com/products/a-cowgirl-her-horse-black-white-photo_art-print?variant=48232505278708","price":55.0,"currency":"USD","framed":false,"w":16,"h":20,"label":"No Frame / Medium 16\" x 20\"","margin":2},{"vendor":"society6","url":"https://society6.com/products/a-cowgirl-her-horse-black-white-photo_art-print?variant=48232505311476","price":60.0,"currency":"USD","framed":false,"w":18,"h":24,"label":"No Frame / Medium 18\" x 24\"","margin":2},{"vendor":"society6","url":"https://society6.com/products/a-cowgirl-her-horse-black-white-photo_art-print?variant=48232505344244","price":95.0,"currency":"USD","framed":false,"w":24,"h":36,"label":"No Frame / Large 24\" x 36\"","margin":2},{"vendor":"society6","url":"https://society6.com/products/a-cowgirl-her-horse-black-white-photo_art-print?variant=48232505377012","price":125.0,"currency":"USD","framed":false,"w":30,"h":40,"label":"No Frame / X-Large 30\" x 40\"","margin":2}]
s6-wild-free3204982	saraheisenlohr	https://society6.com/products/wild-free3204982_art-print	Wild & Free	print	horses	https://cdn.shopify.com/s/files/1/0781/0282/3156/files/sarah-eisenlohr-wild-free-art-print-whitebg-8x10.jpg?v=1778817511&crop=region&crop_left=272&crop_top=242&crop_width=255&crop_height=315&art=1	[{"vendor":"society6","url":"https://society6.com/products/wild-free3204982_art-print?variant=48228593631476","price":30.0,"currency":"USD","framed":false,"w":8,"h":10,"label":"No Frame / X-Small 8\" x 10\"","margin":1},{"vendor":"society6","url":"https://society6.com/products/wild-free3204982_art-print?variant=48228593664244","price":45.0,"currency":"USD","framed":false,"w":11,"h":14,"label":"No Frame / Small 11\" x 14\"","margin":1},{"vendor":"society6","url":"https://society6.com/products/wild-free3204982_art-print?variant=48228593697012","price":50.0,"currency":"USD","framed":false,"w":13,"h":19,"label":"No Frame / Small 13\" x 19\"","margin":1},{"vendor":"society6","url":"https://society6.com/products/wild-free3204982_art-print?variant=48228593729780","price":55.0,"currency":"USD","framed":false,"w":16,"h":20,"label":"No Frame / Medium 16\" x 20\"","margin":2},{"vendor":"society6","url":"https://society6.com/products/wild-free3204982_art-print?variant=48228593762548","price":60.0,"currency":"USD","framed":false,"w":18,"h":24,"label":"No Frame / Medium 18\" x 24\"","margin":2},{"vendor":"society6","url":"https://society6.com/products/wild-free3204982_art-print?variant=48228593795316","price":95.0,"currency":"USD","framed":false,"w":24,"h":36,"label":"No Frame / Large 24\" x 36\"","margin":2},{"vendor":"society6","url":"https://society6.com/products/wild-free3204982_art-print?variant=48228593828084","price":125.0,"currency":"USD","framed":false,"w":30,"h":40,"label":"No Frame / X-Large 30\" x 40\"","margin":2}]
s6-foal-and-mare-hug-equine-fine-art-photograph	madinja	https://society6.com/products/foal-and-mare-hug-equine-fine-art-photograph_art-print	Foal and Mare	print	horses	https://cdn.shopify.com/s/files/1/0781/0282/3156/files/madinja-travel-and-nature-photography-foal-and-mare-hug-equine-fine-art-photograph-art-print-whitebg-8x10.jpg?v=1782339833&crop=region&crop_left=272&crop_top=242&crop_width=255&crop_height=310&art=1	[{"vendor":"society6","url":"https://society6.com/products/foal-and-mare-hug-equine-fine-art-photograph_art-print?variant=48770215706868","price":30.0,"currency":"USD","framed":false,"w":8,"h":10,"label":"No Frame / X-Small 8\" x 10\"","margin":1},{"vendor":"society6","url":"https://society6.com/products/foal-and-mare-hug-equine-fine-art-photograph_art-print?variant=48770215739636","price":45.0,"currency":"USD","framed":false,"w":11,"h":14,"label":"No Frame / Small 11\" x 14\"","margin":1},{"vendor":"society6","url":"https://society6.com/products/foal-and-mare-hug-equine-fine-art-photograph_art-print?variant=48770215772404","price":50.0,"currency":"USD","framed":false,"w":13,"h":19,"label":"No Frame / Small 13\" x 19\"","margin":1},{"vendor":"society6","url":"https://society6.com/products/foal-and-mare-hug-equine-fine-art-photograph_art-print?variant=48770215805172","price":55.0,"currency":"USD","framed":false,"w":16,"h":20,"label":"No Frame / Medium 16\" x 20\"","margin":2},{"vendor":"society6","url":"https://society6.com/products/foal-and-mare-hug-equine-fine-art-photograph_art-print?variant=48770215837940","price":60.0,"currency":"USD","framed":false,"w":18,"h":24,"label":"No Frame / Medium 18\" x 24\"","margin":2},{"vendor":"society6","url":"https://society6.com/products/foal-and-mare-hug-equine-fine-art-photograph_art-print?variant=48770215870708","price":95.0,"currency":"USD","framed":false,"w":24,"h":36,"label":"No Frame / Large 24\" x 36\"","margin":2},{"vendor":"society6","url":"https://society6.com/products/foal-and-mare-hug-equine-fine-art-photograph_art-print?variant=48770215903476","price":125.0,"currency":"USD","framed":false,"w":30,"h":40,"label":"No Frame / X-Large 30\" x 40\"","margin":2}]
s6-snowy-mountain-in-autumn	delmundo	https://society6.com/products/snowy-mountain-in-autumn_art-print	Snowy Mountain in Autumn	photo	western	https://cdn.shopify.com/s/files/1/0781/0282/3156/files/del-mundo-imagery-snowy-mountain-in-autumn-art-print-whitebg-8x10.jpg?v=1781855634&crop=region&crop_left=272&crop_top=242&crop_width=255&crop_height=313&art=1	[{"vendor":"society6","url":"https://society6.com/products/snowy-mountain-in-autumn_art-print?variant=48737564000500","price":30.0,"currency":"USD","framed":false,"w":8,"h":10,"label":"No Frame / X-Small 8\" x 10\"","margin":1},{"vendor":"society6","url":"https://society6.com/products/snowy-mountain-in-autumn_art-print?variant=48737564033268","price":45.0,"currency":"USD","framed":false,"w":11,"h":14,"label":"No Frame / Small 11\" x 14\"","margin":1},{"vendor":"society6","url":"https://society6.com/products/snowy-mountain-in-autumn_art-print?variant=48737564066036","price":50.0,"currency":"USD","framed":false,"w":13,"h":19,"label":"No Frame / Small 13\" x 19\"","margin":1},{"vendor":"society6","url":"https://society6.com/products/snowy-mountain-in-autumn_art-print?variant=48737564098804","price":55.0,"currency":"USD","framed":false,"w":16,"h":20,"label":"No Frame / Medium 16\" x 20\"","margin":2},{"vendor":"society6","url":"https://society6.com/products/snowy-mountain-in-autumn_art-print?variant=48737564131572","price":60.0,"currency":"USD","framed":false,"w":18,"h":24,"label":"No Frame / Medium 18\" x 24\"","margin":2},{"vendor":"society6","url":"https://society6.com/products/snowy-mountain-in-autumn_art-print?variant=48737564164340","price":95.0,"currency":"USD","framed":false,"w":24,"h":36,"label":"No Frame / Large 24\" x 36\"","margin":2},{"vendor":"society6","url":"https://society6.com/products/snowy-mountain-in-autumn_art-print?variant=48737564197108","price":125.0,"currency":"USD","framed":false,"w":30,"h":40,"label":"No Frame / X-Large 30\" x 40\"","margin":2}]
s6-joshua-tree-vi-california-desert8872951	iiixvi	https://society6.com/products/joshua-tree-vi-california-desert8872951_art-print	Joshua Tree VI	photo	western	https://cdn.shopify.com/s/files/1/0781/0282/3156/files/nicole-alexandria-prints-joshua-tree-vi-california-desert-art-print-whitebg-8x10.jpg?v=1781831404&crop=region&crop_left=272&crop_top=243&crop_width=255&crop_height=311&art=1	[{"vendor":"society6","url":"https://society6.com/products/joshua-tree-vi-california-desert8872951_art-print?variant=48730042990836","price":30.0,"currency":"USD","framed":false,"w":8,"h":10,"label":"No Frame / X-Small 8\" x 10\"","margin":1},{"vendor":"society6","url":"https://society6.com/products/joshua-tree-vi-california-desert8872951_art-print?variant=48730043023604","price":45.0,"currency":"USD","framed":false,"w":11,"h":14,"label":"No Frame / Small 11\" x 14\"","margin":1},{"vendor":"society6","url":"https://society6.com/products/joshua-tree-vi-california-desert8872951_art-print?variant=48730043056372","price":50.0,"currency":"USD","framed":false,"w":13,"h":19,"label":"No Frame / Small 13\" x 19\"","margin":1},{"vendor":"society6","url":"https://society6.com/products/joshua-tree-vi-california-desert8872951_art-print?variant=48730043089140","price":55.0,"currency":"USD","framed":false,"w":16,"h":20,"label":"No Frame / Medium 16\" x 20\"","margin":2},{"vendor":"society6","url":"https://society6.com/products/joshua-tree-vi-california-desert8872951_art-print?variant=48730043121908","price":60.0,"currency":"USD","framed":false,"w":18,"h":24,"label":"No Frame / Medium 18\" x 24\"","margin":2},{"vendor":"society6","url":"https://society6.com/products/joshua-tree-vi-california-desert8872951_art-print?variant=48730043154676","price":95.0,"currency":"USD","framed":false,"w":24,"h":36,"label":"No Frame / Large 24\" x 36\"","margin":2},{"vendor":"society6","url":"https://society6.com/products/joshua-tree-vi-california-desert8872951_art-print?variant=48730043187444","price":125.0,"currency":"USD","framed":false,"w":30,"h":40,"label":"No Frame / X-Large 30\" x 40\"","margin":2}]
s6-retro-cactus-mural-austin-texas	poesyco	https://society6.com/products/retro-cactus-mural-austin-texas_art-print	Retro Cactus Mural, Austin Texas	photo	western	https://cdn.shopify.com/s/files/1/0781/0282/3156/files/warwood-made-retro-cactus-mural-austin-texas-art-print-whitebg-8x10.jpg?v=1781815819&crop=region&crop_left=272&crop_top=242&crop_width=255&crop_height=316&art=1	[{"vendor":"society6","url":"https://society6.com/products/retro-cactus-mural-austin-texas_art-print?variant=48724720484596","price":30.0,"currency":"USD","framed":false,"w":8,"h":10,"label":"No Frame / X-Small 8\" x 10\"","margin":1},{"vendor":"society6","url":"https://society6.com/products/retro-cactus-mural-austin-texas_art-print?variant=48724720517364","price":45.0,"currency":"USD","framed":false,"w":11,"h":14,"label":"No Frame / Small 11\" x 14\"","margin":1},{"vendor":"society6","url":"https://society6.com/products/retro-cactus-mural-austin-texas_art-print?variant=48724720550132","price":50.0,"currency":"USD","framed":false,"w":13,"h":19,"label":"No Frame / Small 13\" x 19\"","margin":1},{"vendor":"society6","url":"https://society6.com/products/retro-cactus-mural-austin-texas_art-print?variant=48724720582900","price":55.0,"currency":"USD","framed":false,"w":16,"h":20,"label":"No Frame / Medium 16\" x 20\"","margin":2},{"vendor":"society6","url":"https://society6.com/products/retro-cactus-mural-austin-texas_art-print?variant=48724720615668","price":60.0,"currency":"USD","framed":false,"w":18,"h":24,"label":"No Frame / Medium 18\" x 24\"","margin":2},{"vendor":"society6","url":"https://society6.com/products/retro-cactus-mural-austin-texas_art-print?variant=48724720648436","price":95.0,"currency":"USD","framed":false,"w":24,"h":36,"label":"No Frame / Large 24\" x 36\"","margin":2},{"vendor":"society6","url":"https://society6.com/products/retro-cactus-mural-austin-texas_art-print?variant=48724720681204","price":125.0,"currency":"USD","framed":false,"w":30,"h":40,"label":"No Frame / X-Large 30\" x 40\"","margin":2}]
s6-old-montana-schoolhouse-x-montana-landscape-	annbphoto	https://society6.com/products/old-montana-schoolhouse-x-montana-landscape-photography_art-print	Old Montana Schoolhouse	photo	western	https://cdn.shopify.com/s/files/1/0781/0282/3156/files/ann-hudec-old-montana-schoolhouse-x-montana-landscape-photography-art-print-whitebg-8x10.jpg?v=1781675880&crop=region&crop_left=272&crop_top=242&crop_width=255&crop_height=312&art=1	[{"vendor":"society6","url":"https://society6.com/products/old-montana-schoolhouse-x-montana-landscape-photography_art-print?variant=48682691395828","price":30.0,"currency":"USD","framed":false,"w":8,"h":10,"label":"No Frame / X-Small 8\" x 10\"","margin":1},{"vendor":"society6","url":"https://society6.com/products/old-montana-schoolhouse-x-montana-landscape-photography_art-print?variant=48682691428596","price":45.0,"currency":"USD","framed":false,"w":11,"h":14,"label":"No Frame / Small 11\" x 14\"","margin":1},{"vendor":"society6","url":"https://society6.com/products/old-montana-schoolhouse-x-montana-landscape-photography_art-print?variant=48682691461364","price":50.0,"currency":"USD","framed":false,"w":13,"h":19,"label":"No Frame / Small 13\" x 19\"","margin":1},{"vendor":"society6","url":"https://society6.com/products/old-montana-schoolhouse-x-montana-landscape-photography_art-print?variant=48682691494132","price":55.0,"currency":"USD","framed":false,"w":16,"h":20,"label":"No Frame / Medium 16\" x 20\"","margin":2},{"vendor":"society6","url":"https://society6.com/products/old-montana-schoolhouse-x-montana-landscape-photography_art-print?variant=48682691526900","price":60.0,"currency":"USD","framed":false,"w":18,"h":24,"label":"No Frame / Medium 18\" x 24\"","margin":2},{"vendor":"society6","url":"https://society6.com/products/old-montana-schoolhouse-x-montana-landscape-photography_art-print?variant=48682691559668","price":95.0,"currency":"USD","framed":false,"w":24,"h":36,"label":"No Frame / Large 24\" x 36\"","margin":2},{"vendor":"society6","url":"https://society6.com/products/old-montana-schoolhouse-x-montana-landscape-photography_art-print?variant=48682691592436","price":125.0,"currency":"USD","framed":false,"w":30,"h":40,"label":"No Frame / X-Large 30\" x 40\"","margin":2}]
s6-red-stetson	anyonecanyeehaw	https://society6.com/products/red-stetson_art-print	Red Stetson	print	western	https://cdn.shopify.com/s/files/1/0781/0282/3156/files/anyone-can-yeehaw-red-stetson-art-print-whitebg-8x10.jpg?v=1781581828&crop=region&crop_left=246&crop_top=270&crop_width=308&crop_height=254&art=1	[{"vendor":"society6","url":"https://society6.com/products/red-stetson_art-print?variant=48654192574708","price":30.0,"currency":"USD","framed":false,"w":8,"h":10,"label":"No Frame / X-Small 8\" x 10\"","margin":1},{"vendor":"society6","url":"https://society6.com/products/red-stetson_art-print?variant=48654192607476","price":40.0,"currency":"USD","framed":false,"w":10,"h":10,"label":"No Frame / Small 10\" x 10\"","margin":1},{"vendor":"society6","url":"https://society6.com/products/red-stetson_art-print?variant=48654192640244","price":45.0,"currency":"USD","framed":false,"w":11,"h":14,"label":"No Frame / Small 11\" x 14\"","margin":1},{"vendor":"society6","url":"https://society6.com/products/red-stetson_art-print?variant=48654192673012","price":50.0,"currency":"USD","framed":false,"w":13,"h":19,"label":"No Frame / Small 13\" x 19\"","margin":1},{"vendor":"society6","url":"https://society6.com/products/red-stetson_art-print?variant=48654192705780","price":65.0,"currency":"USD","framed":false,"w":20,"h":20,"label":"No Frame / Medium 20\" x 20\"","margin":2},{"vendor":"society6","url":"https://society6.com/products/red-stetson_art-print?variant=48654192738548","price":55.0,"currency":"USD","framed":false,"w":16,"h":20,"label":"No Frame / Medium 16\" x 20\"","margin":2},{"vendor":"society6","url":"https://society6.com/products/red-stetson_art-print?variant=48654192771316","price":60.0,"currency":"USD","framed":false,"w":18,"h":24,"label":"No Frame / Medium 18\" x 24\"","margin":2},{"vendor":"society6","url":"https://society6.com/products/red-stetson_art-print?variant=48654192804084","price":95.0,"currency":"USD","framed":false,"w":24,"h":36,"label":"No Frame / Large 24\" x 36\"","margin":2},{"vendor":"society6","url":"https://society6.com/products/red-stetson_art-print?variant=48654192836852","price":125.0,"currency":"USD","framed":false,"w":30,"h":40,"label":"No Frame / X-Large 30\" x 40\"","margin":2}]
s6-psychedelic-cowboy4447989	showdeer	https://society6.com/products/psychedelic-cowboy4447989_art-print	PSYCHEDELIC COWBOY	print	western	https://cdn.shopify.com/s/files/1/0781/0282/3156/files/showdeer-psychedelic-cowboy-art-print-whitebg-8x10.jpg?v=1781563627&crop=region&crop_left=274&crop_top=242&crop_width=253&crop_height=315&art=1	[{"vendor":"society6","url":"https://society6.com/products/psychedelic-cowboy4447989_art-print?variant=48649563341044","price":30.0,"currency":"USD","framed":false,"w":8,"h":10,"label":"No Frame / X-Small 8\" x 10\"","margin":1},{"vendor":"society6","url":"https://society6.com/products/psychedelic-cowboy4447989_art-print?variant=48649563373812","price":40.0,"currency":"USD","framed":false,"w":10,"h":10,"label":"No Frame / Small 10\" x 10\"","margin":1},{"vendor":"society6","url":"https://society6.com/products/psychedelic-cowboy4447989_art-print?variant=48649563406580","price":45.0,"currency":"USD","framed":false,"w":11,"h":14,"label":"No Frame / Small 11\" x 14\"","margin":1},{"vendor":"society6","url":"https://society6.com/products/psychedelic-cowboy4447989_art-print?variant=48649563439348","price":50.0,"currency":"USD","framed":false,"w":13,"h":19,"label":"No Frame / Small 13\" x 19\"","margin":1},{"vendor":"society6","url":"https://society6.com/products/psychedelic-cowboy4447989_art-print?variant=48649563472116","price":65.0,"currency":"USD","framed":false,"w":20,"h":20,"label":"No Frame / Medium 20\" x 20\"","margin":2},{"vendor":"society6","url":"https://society6.com/products/psychedelic-cowboy4447989_art-print?variant=48649563504884","price":55.0,"currency":"USD","framed":false,"w":16,"h":20,"label":"No Frame / Medium 16\" x 20\"","margin":2},{"vendor":"society6","url":"https://society6.com/products/psychedelic-cowboy4447989_art-print?variant=48649563537652","price":60.0,"currency":"USD","framed":false,"w":18,"h":24,"label":"No Frame / Medium 18\" x 24\"","margin":2},{"vendor":"society6","url":"https://society6.com/products/psychedelic-cowboy4447989_art-print?variant=48649563570420","price":95.0,"currency":"USD","framed":false,"w":24,"h":36,"label":"No Frame / Large 24\" x 36\"","margin":2},{"vendor":"society6","url":"https://society6.com/products/psychedelic-cowboy4447989_art-print?variant=48649563603188","price":125.0,"currency":"USD","framed":false,"w":30,"h":40,"label":"No Frame / X-Large 30\" x 40\"","margin":2}]
s6-running-horses-66p	kevinruss	https://society6.com/products/running-horses-66p_art-print	Running Horses	photo	western	https://cdn.shopify.com/s/files/1/0781/0282/3156/files/kevin-russ-running-horses-art-print-whitebg-8x10.jpg?v=1781271100&crop=region&crop_left=272&crop_top=242&crop_width=255&crop_height=311&art=1	[{"vendor":"society6","url":"https://society6.com/products/running-horses-66p_art-print?variant=48564359266548","price":30.0,"currency":"USD","framed":false,"w":8,"h":10,"label":"No Frame / X-Small 8\" x 10\"","margin":1},{"vendor":"society6","url":"https://society6.com/products/running-horses-66p_art-print?variant=48564359299316","price":40.0,"currency":"USD","framed":false,"w":10,"h":10,"label":"No Frame / Small 10\" x 10\"","margin":1},{"vendor":"society6","url":"https://society6.com/products/running-horses-66p_art-print?variant=48564359332084","price":45.0,"currency":"USD","framed":false,"w":11,"h":14,"label":"No Frame / Small 11\" x 14\"","margin":1},{"vendor":"society6","url":"https://society6.com/products/running-horses-66p_art-print?variant=48564359364852","price":50.0,"currency":"USD","framed":false,"w":13,"h":19,"label":"No Frame / Small 13\" x 19\"","margin":1},{"vendor":"society6","url":"https://society6.com/products/running-horses-66p_art-print?variant=48564359397620","price":65.0,"currency":"USD","framed":false,"w":20,"h":20,"label":"No Frame / Medium 20\" x 20\"","margin":2},{"vendor":"society6","url":"https://society6.com/products/running-horses-66p_art-print?variant=48564359430388","price":55.0,"currency":"USD","framed":false,"w":16,"h":20,"label":"No Frame / Medium 16\" x 20\"","margin":2},{"vendor":"society6","url":"https://society6.com/products/running-horses-66p_art-print?variant=48564359463156","price":60.0,"currency":"USD","framed":false,"w":18,"h":24,"label":"No Frame / Medium 18\" x 24\"","margin":2},{"vendor":"society6","url":"https://society6.com/products/running-horses-66p_art-print?variant=48564359495924","price":95.0,"currency":"USD","framed":false,"w":24,"h":36,"label":"No Frame / Large 24\" x 36\"","margin":2},{"vendor":"society6","url":"https://society6.com/products/running-horses-66p_art-print?variant=48564359528692","price":125.0,"currency":"USD","framed":false,"w":30,"h":40,"label":"No Frame / X-Large 30\" x 40\"","margin":2}]
s6-sunrise-over-the-badlands-x-badlands-nationa	annbphoto	https://society6.com/products/sunrise-over-the-badlands-x-badlands-national-park-photography_art-print	Badlands Sunrise	photo	western	https://cdn.shopify.com/s/files/1/0781/0282/3156/files/ann-hudec-sunrise-over-the-badlands-x-badlands-national-park-photography-art-print-whitebg-8x10.jpg?v=1779024534&crop=region&crop_left=272&crop_top=242&crop_width=255&crop_height=311&art=1	[{"vendor":"society6","url":"https://society6.com/products/sunrise-over-the-badlands-x-badlands-national-park-photography_art-print?variant=48274563793140","price":30.0,"currency":"USD","framed":false,"w":8,"h":10,"label":"No Frame / X-Small 8\" x 10\"","margin":1},{"vendor":"society6","url":"https://society6.com/products/sunrise-over-the-badlands-x-badlands-national-park-photography_art-print?variant=48274563825908","price":45.0,"currency":"USD","framed":false,"w":11,"h":14,"label":"No Frame / Small 11\" x 14\"","margin":1},{"vendor":"society6","url":"https://society6.com/products/sunrise-over-the-badlands-x-badlands-national-park-photography_art-print?variant=48274563858676","price":50.0,"currency":"USD","framed":false,"w":13,"h":19,"label":"No Frame / Small 13\" x 19\"","margin":1},{"vendor":"society6","url":"https://society6.com/products/sunrise-over-the-badlands-x-badlands-national-park-photography_art-print?variant=48274563891444","price":55.0,"currency":"USD","framed":false,"w":16,"h":20,"label":"No Frame / Medium 16\" x 20\"","margin":2},{"vendor":"society6","url":"https://society6.com/products/sunrise-over-the-badlands-x-badlands-national-park-photography_art-print?variant=48274563924212","price":60.0,"currency":"USD","framed":false,"w":18,"h":24,"label":"No Frame / Medium 18\" x 24\"","margin":2},{"vendor":"society6","url":"https://society6.com/products/sunrise-over-the-badlands-x-badlands-national-park-photography_art-print?variant=48274563956980","price":95.0,"currency":"USD","framed":false,"w":24,"h":36,"label":"No Frame / Large 24\" x 36\"","margin":2},{"vendor":"society6","url":"https://society6.com/products/sunrise-over-the-badlands-x-badlands-national-park-photography_art-print?variant=48274563989748","price":125.0,"currency":"USD","framed":false,"w":30,"h":40,"label":"No Frame / X-Large 30\" x 40\"","margin":2}]
s6-geometric-triangles-rainbow	midcenturymodern	https://society6.com/products/geometric-triangles-rainbow_art-print	Geometric Triangles I Bright Pastel	print	western	https://cdn.shopify.com/s/files/1/0781/0282/3156/files/colour-poems-geometric-triangles-i-bright-pastel-art-print-whitebg-8x10.jpg?v=1778956568&crop=region&crop_left=272&crop_top=242&crop_width=255&crop_height=313&art=1	[{"vendor":"society6","url":"https://society6.com/products/geometric-triangles-rainbow_art-print?variant=48254900044020","price":30.0,"currency":"USD","framed":false,"w":8,"h":10,"label":"No Frame / X-Small 8\" x 10\"","margin":1},{"vendor":"society6","url":"https://society6.com/products/geometric-triangles-rainbow_art-print?variant=48254900076788","price":45.0,"currency":"USD","framed":false,"w":11,"h":14,"label":"No Frame / Small 11\" x 14\"","margin":1},{"vendor":"society6","url":"https://society6.com/products/geometric-triangles-rainbow_art-print?variant=48254900109556","price":50.0,"currency":"USD","framed":false,"w":13,"h":19,"label":"No Frame / Small 13\" x 19\"","margin":1},{"vendor":"society6","url":"https://society6.com/products/geometric-triangles-rainbow_art-print?variant=48254900142324","price":55.0,"currency":"USD","framed":false,"w":16,"h":20,"label":"No Frame / Medium 16\" x 20\"","margin":2},{"vendor":"society6","url":"https://society6.com/products/geometric-triangles-rainbow_art-print?variant=48254900175092","price":60.0,"currency":"USD","framed":false,"w":18,"h":24,"label":"No Frame / Medium 18\" x 24\"","margin":2},{"vendor":"society6","url":"https://society6.com/products/geometric-triangles-rainbow_art-print?variant=48254900207860","price":95.0,"currency":"USD","framed":false,"w":24,"h":36,"label":"No Frame / Large 24\" x 36\"","margin":2},{"vendor":"society6","url":"https://society6.com/products/geometric-triangles-rainbow_art-print?variant=48254900240628","price":125.0,"currency":"USD","framed":false,"w":30,"h":40,"label":"No Frame / X-Large 30\" x 40\"","margin":2}]
s6-arizonas-cactus	galdesign	https://society6.com/products/arizonas-cactus_art-print	Arizona's Cactus	photo	western	https://cdn.shopify.com/s/files/1/0781/0282/3156/files/gal-design-arizonas-cactus-art-print-whitebg-8x10.jpg?v=1778956432&crop=region&crop_left=272&crop_top=242&crop_width=255&crop_height=312&art=1	[{"vendor":"society6","url":"https://society6.com/products/arizonas-cactus_art-print?variant=48254863474932","price":30.0,"currency":"USD","framed":false,"w":8,"h":10,"label":"No Frame / X-Small 8\" x 10\"","margin":1},{"vendor":"society6","url":"https://society6.com/products/arizonas-cactus_art-print?variant=48254863507700","price":45.0,"currency":"USD","framed":false,"w":11,"h":14,"label":"No Frame / Small 11\" x 14\"","margin":1},{"vendor":"society6","url":"https://society6.com/products/arizonas-cactus_art-print?variant=48254863540468","price":50.0,"currency":"USD","framed":false,"w":13,"h":19,"label":"No Frame / Small 13\" x 19\"","margin":1},{"vendor":"society6","url":"https://society6.com/products/arizonas-cactus_art-print?variant=48254863573236","price":55.0,"currency":"USD","framed":false,"w":16,"h":20,"label":"No Frame / Medium 16\" x 20\"","margin":2},{"vendor":"society6","url":"https://society6.com/products/arizonas-cactus_art-print?variant=48254863606004","price":60.0,"currency":"USD","framed":false,"w":18,"h":24,"label":"No Frame / Medium 18\" x 24\"","margin":2},{"vendor":"society6","url":"https://society6.com/products/arizonas-cactus_art-print?variant=48254863638772","price":95.0,"currency":"USD","framed":false,"w":24,"h":36,"label":"No Frame / Large 24\" x 36\"","margin":2},{"vendor":"society6","url":"https://society6.com/products/arizonas-cactus_art-print?variant=48254863671540","price":125.0,"currency":"USD","framed":false,"w":30,"h":40,"label":"No Frame / X-Large 30\" x 40\"","margin":2}]
s6-pink-cowboy-boot-and-wild-flower-bouquet	girls_only	https://society6.com/products/pink-cowboy-boot-and-wild-flower-bouquet_art-print	Pink Cowboy Boot	print	western	https://cdn.shopify.com/s/files/1/0781/0282/3156/files/showmemars-pink-cowboy-boot-and-wild-flowers-art-print-whitebg-8x10.jpg?v=1780866891&crop=region&crop_left=274&crop_top=244&crop_width=252&crop_height=306&art=1	[{"vendor":"society6","url":"https://society6.com/products/pink-cowboy-boot-and-wild-flower-bouquet_art-print?variant=48452109697268","price":30.0,"currency":"USD","framed":false,"w":8,"h":10,"label":"No Frame / X-Small 8\" x 10\"","margin":1},{"vendor":"society6","url":"https://society6.com/products/pink-cowboy-boot-and-wild-flower-bouquet_art-print?variant=48452109730036","price":40.0,"currency":"USD","framed":false,"w":10,"h":10,"label":"No Frame / Small 10\" x 10\"","margin":1},{"vendor":"society6","url":"https://society6.com/products/pink-cowboy-boot-and-wild-flower-bouquet_art-print?variant=48452109762804","price":45.0,"currency":"USD","framed":false,"w":11,"h":14,"label":"No Frame / Small 11\" x 14\"","margin":1},{"vendor":"society6","url":"https://society6.com/products/pink-cowboy-boot-and-wild-flower-bouquet_art-print?variant=48452109795572","price":50.0,"currency":"USD","framed":false,"w":13,"h":19,"label":"No Frame / Small 13\" x 19\"","margin":1},{"vendor":"society6","url":"https://society6.com/products/pink-cowboy-boot-and-wild-flower-bouquet_art-print?variant=48452109828340","price":65.0,"currency":"USD","framed":false,"w":20,"h":20,"label":"No Frame / Medium 20\" x 20\"","margin":2},{"vendor":"society6","url":"https://society6.com/products/pink-cowboy-boot-and-wild-flower-bouquet_art-print?variant=48452109861108","price":55.0,"currency":"USD","framed":false,"w":16,"h":20,"label":"No Frame / Medium 16\" x 20\"","margin":2},{"vendor":"society6","url":"https://society6.com/products/pink-cowboy-boot-and-wild-flower-bouquet_art-print?variant=48452109893876","price":60.0,"currency":"USD","framed":false,"w":18,"h":24,"label":"No Frame / Medium 18\" x 24\"","margin":2},{"vendor":"society6","url":"https://society6.com/products/pink-cowboy-boot-and-wild-flower-bouquet_art-print?variant=48452109926644","price":95.0,"currency":"USD","framed":false,"w":24,"h":36,"label":"No Frame / Large 24\" x 36\"","margin":2},{"vendor":"society6","url":"https://society6.com/products/pink-cowboy-boot-and-wild-flower-bouquet_art-print?variant=48452109959412","price":125.0,"currency":"USD","framed":false,"w":30,"h":40,"label":"No Frame / X-Large 30\" x 40\"","margin":2}]
s6-santa-fe-cowboy-on-horse	pacificsouthwest	https://society6.com/products/santa-fe-cowboy-on-horse_art-print	Santa Fe Cowboy on Horse	photo	western	https://cdn.shopify.com/s/files/1/0781/0282/3156/files/moody-landscapes-santa-fe-cowboy-on-horse-art-print-whitebg-8x10.jpg?v=1781860901&crop=region&crop_left=272&crop_top=242&crop_width=255&crop_height=310&art=1	[{"vendor":"society6","url":"https://society6.com/products/santa-fe-cowboy-on-horse_art-print?variant=48739224256756","price":30.0,"currency":"USD","framed":false,"w":8,"h":10,"label":"No Frame / X-Small 8\" x 10\"","margin":1},{"vendor":"society6","url":"https://society6.com/products/santa-fe-cowboy-on-horse_art-print?variant=48739224289524","price":45.0,"currency":"USD","framed":false,"w":11,"h":14,"label":"No Frame / Small 11\" x 14\"","margin":1},{"vendor":"society6","url":"https://society6.com/products/santa-fe-cowboy-on-horse_art-print?variant=48739224322292","price":50.0,"currency":"USD","framed":false,"w":13,"h":19,"label":"No Frame / Small 13\" x 19\"","margin":1},{"vendor":"society6","url":"https://society6.com/products/santa-fe-cowboy-on-horse_art-print?variant=48739224355060","price":55.0,"currency":"USD","framed":false,"w":16,"h":20,"label":"No Frame / Medium 16\" x 20\"","margin":2},{"vendor":"society6","url":"https://society6.com/products/santa-fe-cowboy-on-horse_art-print?variant=48739224387828","price":60.0,"currency":"USD","framed":false,"w":18,"h":24,"label":"No Frame / Medium 18\" x 24\"","margin":2},{"vendor":"society6","url":"https://society6.com/products/santa-fe-cowboy-on-horse_art-print?variant=48739224420596","price":95.0,"currency":"USD","framed":false,"w":24,"h":36,"label":"No Frame / Large 24\" x 36\"","margin":2},{"vendor":"society6","url":"https://society6.com/products/santa-fe-cowboy-on-horse_art-print?variant=48739224453364","price":125.0,"currency":"USD","framed":false,"w":30,"h":40,"label":"No Frame / X-Large 30\" x 40\"","margin":2}]
s6-cow-girls-playing-cards	cartitadesign	https://society6.com/products/cow-girls-playing-cards_art-print	Cow girls playing cards	print	western	https://cdn.shopify.com/s/files/1/0781/0282/3156/files/caroline-bonne-muller-cow-girls-playing-cards-art-print-whitebg-8x10.jpg?v=1781846393&crop=region&crop_left=272&crop_top=242&crop_width=255&crop_height=310&art=1	[{"vendor":"society6","url":"https://society6.com/products/cow-girls-playing-cards_art-print?variant=48734772658420","price":30.0,"currency":"USD","framed":false,"w":8,"h":10,"label":"No Frame / X-Small 8\" x 10\"","margin":1},{"vendor":"society6","url":"https://society6.com/products/cow-girls-playing-cards_art-print?variant=48734772691188","price":45.0,"currency":"USD","framed":false,"w":11,"h":14,"label":"No Frame / Small 11\" x 14\"","margin":1},{"vendor":"society6","url":"https://society6.com/products/cow-girls-playing-cards_art-print?variant=48734772723956","price":50.0,"currency":"USD","framed":false,"w":13,"h":19,"label":"No Frame / Small 13\" x 19\"","margin":1},{"vendor":"society6","url":"https://society6.com/products/cow-girls-playing-cards_art-print?variant=48734772756724","price":55.0,"currency":"USD","framed":false,"w":16,"h":20,"label":"No Frame / Medium 16\" x 20\"","margin":2},{"vendor":"society6","url":"https://society6.com/products/cow-girls-playing-cards_art-print?variant=48734772789492","price":60.0,"currency":"USD","framed":false,"w":18,"h":24,"label":"No Frame / Medium 18\" x 24\"","margin":2},{"vendor":"society6","url":"https://society6.com/products/cow-girls-playing-cards_art-print?variant=48734772822260","price":95.0,"currency":"USD","framed":false,"w":24,"h":36,"label":"No Frame / Large 24\" x 36\"","margin":2},{"vendor":"society6","url":"https://society6.com/products/cow-girls-playing-cards_art-print?variant=48734772855028","price":125.0,"currency":"USD","framed":false,"w":30,"h":40,"label":"No Frame / X-Large 30\" x 40\"","margin":2}]
s6-eye-am-watching-you2242581	artcatastrophy	https://society6.com/products/eye-am-watching-you2242581_art-print	Eye am Watching You	print	moon	https://cdn.shopify.com/s/files/1/0781/0282/3156/files/artcatillustrated-eye-am-watching-you-art-print-whitebg-8x10.jpg?v=1781763532&crop=region&crop_left=272&crop_top=242&crop_width=255&crop_height=310&art=1	[{"vendor":"society6","url":"https://society6.com/products/eye-am-watching-you2242581_art-print?variant=48710626345204","price":30.0,"currency":"USD","framed":false,"w":8,"h":10,"label":"No Frame / X-Small 8\" x 10\"","margin":1},{"vendor":"society6","url":"https://society6.com/products/eye-am-watching-you2242581_art-print?variant=48710626377972","price":45.0,"currency":"USD","framed":false,"w":11,"h":14,"label":"No Frame / Small 11\" x 14\"","margin":1},{"vendor":"society6","url":"https://society6.com/products/eye-am-watching-you2242581_art-print?variant=48710626410740","price":50.0,"currency":"USD","framed":false,"w":13,"h":19,"label":"No Frame / Small 13\" x 19\"","margin":1},{"vendor":"society6","url":"https://society6.com/products/eye-am-watching-you2242581_art-print?variant=48710626443508","price":55.0,"currency":"USD","framed":false,"w":16,"h":20,"label":"No Frame / Medium 16\" x 20\"","margin":2},{"vendor":"society6","url":"https://society6.com/products/eye-am-watching-you2242581_art-print?variant=48710626476276","price":60.0,"currency":"USD","framed":false,"w":18,"h":24,"label":"No Frame / Medium 18\" x 24\"","margin":2},{"vendor":"society6","url":"https://society6.com/products/eye-am-watching-you2242581_art-print?variant=48710626509044","price":95.0,"currency":"USD","framed":false,"w":24,"h":36,"label":"No Frame / Large 24\" x 36\"","margin":2},{"vendor":"society6","url":"https://society6.com/products/eye-am-watching-you2242581_art-print?variant=48710626541812","price":125.0,"currency":"USD","framed":false,"w":30,"h":40,"label":"No Frame / X-Large 30\" x 40\"","margin":2}]
s6-floating-world1983426	elorap	https://society6.com/products/floating-world1983426_art-print	Floating World	print	moon	https://cdn.shopify.com/s/files/1/0781/0282/3156/files/elora-pautrat-floating-world-art-print-whitebg-8x10.jpg?v=1781758230&crop=region&crop_left=272&crop_top=242&crop_width=255&crop_height=310&art=1	[{"vendor":"society6","url":"https://society6.com/products/floating-world1983426_art-print?variant=48707921084660","price":30.0,"currency":"USD","framed":false,"w":8,"h":10,"label":"No Frame / X-Small 8\" x 10\"","margin":1},{"vendor":"society6","url":"https://society6.com/products/floating-world1983426_art-print?variant=48707921117428","price":45.0,"currency":"USD","framed":false,"w":11,"h":14,"label":"No Frame / Small 11\" x 14\"","margin":1},{"vendor":"society6","url":"https://society6.com/products/floating-world1983426_art-print?variant=48707921150196","price":50.0,"currency":"USD","framed":false,"w":13,"h":19,"label":"No Frame / Small 13\" x 19\"","margin":1},{"vendor":"society6","url":"https://society6.com/products/floating-world1983426_art-print?variant=48707921182964","price":55.0,"currency":"USD","framed":false,"w":16,"h":20,"label":"No Frame / Medium 16\" x 20\"","margin":2},{"vendor":"society6","url":"https://society6.com/products/floating-world1983426_art-print?variant=48707921215732","price":60.0,"currency":"USD","framed":false,"w":18,"h":24,"label":"No Frame / Medium 18\" x 24\"","margin":2},{"vendor":"society6","url":"https://society6.com/products/floating-world1983426_art-print?variant=48707921248500","price":95.0,"currency":"USD","framed":false,"w":24,"h":36,"label":"No Frame / Large 24\" x 36\"","margin":2},{"vendor":"society6","url":"https://society6.com/products/floating-world1983426_art-print?variant=48707921281268","price":125.0,"currency":"USD","framed":false,"w":30,"h":40,"label":"No Frame / X-Large 30\" x 40\"","margin":2}]
s6-red-tulip-moon-rise-bunny	enshape	https://society6.com/products/red-tulip-moon-rise-bunny_art-print	Red Tulip Moon Rise Bunny	print	moon	https://cdn.shopify.com/s/files/1/0781/0282/3156/files/enshape-red-tulip-moon-rise-bunny-art-print-whitebg-8x10_09ccdb36-74e3-480b-bcc1-539bbfcd9f3f.jpg?v=1781676004&crop=region&crop_left=270&crop_top=242&crop_width=257&crop_height=316&art=1	[{"vendor":"society6","url":"https://society6.com/products/red-tulip-moon-rise-bunny_art-print?variant=48682716397812","price":30.0,"currency":"USD","framed":false,"w":8,"h":10,"label":"No Frame / X-Small 8\" x 10\"","margin":1},{"vendor":"society6","url":"https://society6.com/products/red-tulip-moon-rise-bunny_art-print?variant=48682716430580","price":45.0,"currency":"USD","framed":false,"w":11,"h":14,"label":"No Frame / Small 11\" x 14\"","margin":1},{"vendor":"society6","url":"https://society6.com/products/red-tulip-moon-rise-bunny_art-print?variant=48682716463348","price":50.0,"currency":"USD","framed":false,"w":13,"h":19,"label":"No Frame / Small 13\" x 19\"","margin":1},{"vendor":"society6","url":"https://society6.com/products/red-tulip-moon-rise-bunny_art-print?variant=48682716496116","price":55.0,"currency":"USD","framed":false,"w":16,"h":20,"label":"No Frame / Medium 16\" x 20\"","margin":2},{"vendor":"society6","url":"https://society6.com/products/red-tulip-moon-rise-bunny_art-print?variant=48682716528884","price":60.0,"currency":"USD","framed":false,"w":18,"h":24,"label":"No Frame / Medium 18\" x 24\"","margin":2},{"vendor":"society6","url":"https://society6.com/products/red-tulip-moon-rise-bunny_art-print?variant=48682716561652","price":95.0,"currency":"USD","framed":false,"w":24,"h":36,"label":"No Frame / Large 24\" x 36\"","margin":2},{"vendor":"society6","url":"https://society6.com/products/red-tulip-moon-rise-bunny_art-print?variant=48682716594420","price":125.0,"currency":"USD","framed":false,"w":30,"h":40,"label":"No Frame / X-Large 30\" x 40\"","margin":2}]
s6-coexistentiality-4-a-journey-through-space-a	nduenas	https://society6.com/products/coexistentiality-4-a-journey-through-space-and-time-ikw_art-print	Coexistentiality IV	print	moon	https://cdn.shopify.com/s/files/1/0781/0282/3156/files/norman-duenas-coexistentiality-4-a-journey-through-space-and-time-art-print-whitebg-8x10.jpg?v=1781523954&crop=region&crop_left=272&crop_top=242&crop_width=255&crop_height=310&art=1	[{"vendor":"society6","url":"https://society6.com/products/coexistentiality-4-a-journey-through-space-and-time-ikw_art-print?variant=48638548082932","price":30.0,"currency":"USD","framed":false,"w":8,"h":10,"label":"No Frame / X-Small 8\" x 10\"","margin":1},{"vendor":"society6","url":"https://society6.com/products/coexistentiality-4-a-journey-through-space-and-time-ikw_art-print?variant=48638548115700","price":40.0,"currency":"USD","framed":false,"w":10,"h":10,"label":"No Frame / Small 10\" x 10\"","margin":1},{"vendor":"society6","url":"https://society6.com/products/coexistentiality-4-a-journey-through-space-and-time-ikw_art-print?variant=48638548148468","price":45.0,"currency":"USD","framed":false,"w":11,"h":14,"label":"No Frame / Small 11\" x 14\"","margin":1},{"vendor":"society6","url":"https://society6.com/products/coexistentiality-4-a-journey-through-space-and-time-ikw_art-print?variant=48638548181236","price":50.0,"currency":"USD","framed":false,"w":13,"h":19,"label":"No Frame / Small 13\" x 19\"","margin":1},{"vendor":"society6","url":"https://society6.com/products/coexistentiality-4-a-journey-through-space-and-time-ikw_art-print?variant=48638548214004","price":65.0,"currency":"USD","framed":false,"w":20,"h":20,"label":"No Frame / Medium 20\" x 20\"","margin":2},{"vendor":"society6","url":"https://society6.com/products/coexistentiality-4-a-journey-through-space-and-time-ikw_art-print?variant=48638548246772","price":55.0,"currency":"USD","framed":false,"w":16,"h":20,"label":"No Frame / Medium 16\" x 20\"","margin":2},{"vendor":"society6","url":"https://society6.com/products/coexistentiality-4-a-journey-through-space-and-time-ikw_art-print?variant=48638548279540","price":60.0,"currency":"USD","framed":false,"w":18,"h":24,"label":"No Frame / Medium 18\" x 24\"","margin":2},{"vendor":"society6","url":"https://society6.com/products/coexistentiality-4-a-journey-through-space-and-time-ikw_art-print?variant=48638548312308","price":95.0,"currency":"USD","framed":false,"w":24,"h":36,"label":"No Frame / Large 24\" x 36\"","margin":2},{"vendor":"society6","url":"https://society6.com/products/coexistentiality-4-a-journey-through-space-and-time-ikw_art-print?variant=48638548345076","price":125.0,"currency":"USD","framed":false,"w":30,"h":40,"label":"No Frame / X-Large 30\" x 40\"","margin":2}]
s6-the-invasion8819006	artcatastrophy	https://society6.com/products/the-invasion8819006_art-print	The Invasion	print	moon	https://cdn.shopify.com/s/files/1/0781/0282/3156/files/artcatillustrated-the-invasion-art-print-whitebg-8x10.jpg?v=1781508858&crop=region&crop_left=272&crop_top=242&crop_width=255&crop_height=310&art=1	[{"vendor":"society6","url":"https://society6.com/products/the-invasion8819006_art-print?variant=48634021478644","price":30.0,"currency":"USD","framed":false,"w":8,"h":10,"label":"No Frame / X-Small 8\" x 10\"","margin":1},{"vendor":"society6","url":"https://society6.com/products/the-invasion8819006_art-print?variant=48634021511412","price":40.0,"currency":"USD","framed":false,"w":10,"h":10,"label":"No Frame / Small 10\" x 10\"","margin":1},{"vendor":"society6","url":"https://society6.com/products/the-invasion8819006_art-print?variant=48634021544180","price":45.0,"currency":"USD","framed":false,"w":11,"h":14,"label":"No Frame / Small 11\" x 14\"","margin":1},{"vendor":"society6","url":"https://society6.com/products/the-invasion8819006_art-print?variant=48634021576948","price":50.0,"currency":"USD","framed":false,"w":13,"h":19,"label":"No Frame / Small 13\" x 19\"","margin":1},{"vendor":"society6","url":"https://society6.com/products/the-invasion8819006_art-print?variant=48634021609716","price":65.0,"currency":"USD","framed":false,"w":20,"h":20,"label":"No Frame / Medium 20\" x 20\"","margin":2},{"vendor":"society6","url":"https://society6.com/products/the-invasion8819006_art-print?variant=48634021642484","price":55.0,"currency":"USD","framed":false,"w":16,"h":20,"label":"No Frame / Medium 16\" x 20\"","margin":2},{"vendor":"society6","url":"https://society6.com/products/the-invasion8819006_art-print?variant=48634021675252","price":60.0,"currency":"USD","framed":false,"w":18,"h":24,"label":"No Frame / Medium 18\" x 24\"","margin":2},{"vendor":"society6","url":"https://society6.com/products/the-invasion8819006_art-print?variant=48634021708020","price":95.0,"currency":"USD","framed":false,"w":24,"h":36,"label":"No Frame / Large 24\" x 36\"","margin":2},{"vendor":"society6","url":"https://society6.com/products/the-invasion8819006_art-print?variant=48634021740788","price":125.0,"currency":"USD","framed":false,"w":30,"h":40,"label":"No Frame / X-Large 30\" x 40\"","margin":2}]
s6-rustic-mountains5455106	spacefrogdesigns	https://society6.com/products/rustic-mountains5455106_art-print	Rustic Mountains	print	moon	https://cdn.shopify.com/s/files/1/0781/0282/3156/files/spacefrogdesigns-rustic-mountains-i-art-print-whitebg-8x10.jpg?v=1781482871&crop=region&crop_left=272&crop_top=242&crop_width=255&crop_height=309&art=1	[{"vendor":"society6","url":"https://society6.com/products/rustic-mountains5455106_art-print?variant=48626286526708","price":30.0,"currency":"USD","framed":false,"w":8,"h":10,"label":"No Frame / X-Small 8\" x 10\"","margin":1},{"vendor":"society6","url":"https://society6.com/products/rustic-mountains5455106_art-print?variant=48626286559476","price":40.0,"currency":"USD","framed":false,"w":10,"h":10,"label":"No Frame / Small 10\" x 10\"","margin":1},{"vendor":"society6","url":"https://society6.com/products/rustic-mountains5455106_art-print?variant=48626286592244","price":45.0,"currency":"USD","framed":false,"w":11,"h":14,"label":"No Frame / Small 11\" x 14\"","margin":1},{"vendor":"society6","url":"https://society6.com/products/rustic-mountains5455106_art-print?variant=48626286625012","price":50.0,"currency":"USD","framed":false,"w":13,"h":19,"label":"No Frame / Small 13\" x 19\"","margin":1},{"vendor":"society6","url":"https://society6.com/products/rustic-mountains5455106_art-print?variant=48626286657780","price":65.0,"currency":"USD","framed":false,"w":20,"h":20,"label":"No Frame / Medium 20\" x 20\"","margin":2},{"vendor":"society6","url":"https://society6.com/products/rustic-mountains5455106_art-print?variant=48626286690548","price":55.0,"currency":"USD","framed":false,"w":16,"h":20,"label":"No Frame / Medium 16\" x 20\"","margin":2},{"vendor":"society6","url":"https://society6.com/products/rustic-mountains5455106_art-print?variant=48626286723316","price":60.0,"currency":"USD","framed":false,"w":18,"h":24,"label":"No Frame / Medium 18\" x 24\"","margin":2},{"vendor":"society6","url":"https://society6.com/products/rustic-mountains5455106_art-print?variant=48626286756084","price":95.0,"currency":"USD","framed":false,"w":24,"h":36,"label":"No Frame / Large 24\" x 36\"","margin":2},{"vendor":"society6","url":"https://society6.com/products/rustic-mountains5455106_art-print?variant=48626286788852","price":125.0,"currency":"USD","framed":false,"w":30,"h":40,"label":"No Frame / X-Large 30\" x 40\"","margin":2}]
s6-leopard-dream8897599	spacefrogdesigns	https://society6.com/products/leopard-dream8897599_art-print	Leopard Dream	print	moon	https://cdn.shopify.com/s/files/1/0781/0282/3156/files/spacefrogdesigns-leopard-dream-art-print-whitebg-8x10.jpg?v=1780928639&crop=region&crop_left=272&crop_top=242&crop_width=255&crop_height=314&art=1	[{"vendor":"society6","url":"https://society6.com/products/leopard-dream8897599_art-print?variant=48476645753076","price":30.0,"currency":"USD","framed":false,"w":8,"h":10,"label":"No Frame / X-Small 8\" x 10\"","margin":1},{"vendor":"society6","url":"https://society6.com/products/leopard-dream8897599_art-print?variant=48476645785844","price":40.0,"currency":"USD","framed":false,"w":10,"h":10,"label":"No Frame / Small 10\" x 10\"","margin":1},{"vendor":"society6","url":"https://society6.com/products/leopard-dream8897599_art-print?variant=48476645818612","price":45.0,"currency":"USD","framed":false,"w":11,"h":14,"label":"No Frame / Small 11\" x 14\"","margin":1},{"vendor":"society6","url":"https://society6.com/products/leopard-dream8897599_art-print?variant=48476645851380","price":50.0,"currency":"USD","framed":false,"w":13,"h":19,"label":"No Frame / Small 13\" x 19\"","margin":1},{"vendor":"society6","url":"https://society6.com/products/leopard-dream8897599_art-print?variant=48476645884148","price":65.0,"currency":"USD","framed":false,"w":20,"h":20,"label":"No Frame / Medium 20\" x 20\"","margin":2},{"vendor":"society6","url":"https://society6.com/products/leopard-dream8897599_art-print?variant=48476645916916","price":55.0,"currency":"USD","framed":false,"w":16,"h":20,"label":"No Frame / Medium 16\" x 20\"","margin":2},{"vendor":"society6","url":"https://society6.com/products/leopard-dream8897599_art-print?variant=48476645949684","price":60.0,"currency":"USD","framed":false,"w":18,"h":24,"label":"No Frame / Medium 18\" x 24\"","margin":2},{"vendor":"society6","url":"https://society6.com/products/leopard-dream8897599_art-print?variant=48476645982452","price":95.0,"currency":"USD","framed":false,"w":24,"h":36,"label":"No Frame / Large 24\" x 36\"","margin":2},{"vendor":"society6","url":"https://society6.com/products/leopard-dream8897599_art-print?variant=48476646015220","price":125.0,"currency":"USD","framed":false,"w":30,"h":40,"label":"No Frame / X-Large 30\" x 40\"","margin":2}]
s6-space-voyage6961211	heyluisa	https://society6.com/products/space-voyage6961211_art-print	Space Voyage	print	moon	https://cdn.shopify.com/s/files/1/0781/0282/3156/files/luisa-azevedo-space-voyage-art-print-whitebg-8x10.jpg?v=1780921172&crop=region&crop_left=273&crop_top=244&crop_width=254&crop_height=314&art=1	[{"vendor":"society6","url":"https://society6.com/products/space-voyage6961211_art-print?variant=48473174442228","price":30.0,"currency":"USD","framed":false,"w":8,"h":10,"label":"No Frame / X-Small 8\" x 10\"","margin":1},{"vendor":"society6","url":"https://society6.com/products/space-voyage6961211_art-print?variant=48473174474996","price":40.0,"currency":"USD","framed":false,"w":10,"h":10,"label":"No Frame / Small 10\" x 10\"","margin":1},{"vendor":"society6","url":"https://society6.com/products/space-voyage6961211_art-print?variant=48473174507764","price":45.0,"currency":"USD","framed":false,"w":11,"h":14,"label":"No Frame / Small 11\" x 14\"","margin":1},{"vendor":"society6","url":"https://society6.com/products/space-voyage6961211_art-print?variant=48473174540532","price":50.0,"currency":"USD","framed":false,"w":13,"h":19,"label":"No Frame / Small 13\" x 19\"","margin":1},{"vendor":"society6","url":"https://society6.com/products/space-voyage6961211_art-print?variant=48473174573300","price":65.0,"currency":"USD","framed":false,"w":20,"h":20,"label":"No Frame / Medium 20\" x 20\"","margin":2},{"vendor":"society6","url":"https://society6.com/products/space-voyage6961211_art-print?variant=48473174606068","price":55.0,"currency":"USD","framed":false,"w":16,"h":20,"label":"No Frame / Medium 16\" x 20\"","margin":2},{"vendor":"society6","url":"https://society6.com/products/space-voyage6961211_art-print?variant=48473174638836","price":60.0,"currency":"USD","framed":false,"w":18,"h":24,"label":"No Frame / Medium 18\" x 24\"","margin":2},{"vendor":"society6","url":"https://society6.com/products/space-voyage6961211_art-print?variant=48473174671604","price":95.0,"currency":"USD","framed":false,"w":24,"h":36,"label":"No Frame / Large 24\" x 36\"","margin":2},{"vendor":"society6","url":"https://society6.com/products/space-voyage6961211_art-print?variant=48473174704372","price":125.0,"currency":"USD","framed":false,"w":30,"h":40,"label":"No Frame / X-Large 30\" x 40\"","margin":2}]
s6-moon-glow-iv	brendaerickson	https://society6.com/products/moon-glow-iv_art-print	Moon Glow	print	moon	https://cdn.shopify.com/s/files/1/0781/0282/3156/files/brenda-erickson-moon-glow-art-print-whitebg-8x10.jpg?v=1780877431&crop=region&crop_left=242&crop_top=266&crop_width=316&crop_height=260&art=1	[{"vendor":"society6","url":"https://society6.com/products/moon-glow-iv_art-print?variant=48455721386228","price":30.0,"currency":"USD","framed":false,"w":8,"h":10,"label":"No Frame / X-Small 8\" x 10\"","margin":1},{"vendor":"society6","url":"https://society6.com/products/moon-glow-iv_art-print?variant=48455721418996","price":40.0,"currency":"USD","framed":false,"w":10,"h":10,"label":"No Frame / Small 10\" x 10\"","margin":1},{"vendor":"society6","url":"https://society6.com/products/moon-glow-iv_art-print?variant=48455721451764","price":45.0,"currency":"USD","framed":false,"w":11,"h":14,"label":"No Frame / Small 11\" x 14\"","margin":1},{"vendor":"society6","url":"https://society6.com/products/moon-glow-iv_art-print?variant=48455721484532","price":50.0,"currency":"USD","framed":false,"w":13,"h":19,"label":"No Frame / Small 13\" x 19\"","margin":1},{"vendor":"society6","url":"https://society6.com/products/moon-glow-iv_art-print?variant=48455721517300","price":65.0,"currency":"USD","framed":false,"w":20,"h":20,"label":"No Frame / Medium 20\" x 20\"","margin":2},{"vendor":"society6","url":"https://society6.com/products/moon-glow-iv_art-print?variant=48455721550068","price":55.0,"currency":"USD","framed":false,"w":16,"h":20,"label":"No Frame / Medium 16\" x 20\"","margin":2},{"vendor":"society6","url":"https://society6.com/products/moon-glow-iv_art-print?variant=48455721582836","price":60.0,"currency":"USD","framed":false,"w":18,"h":24,"label":"No Frame / Medium 18\" x 24\"","margin":2},{"vendor":"society6","url":"https://society6.com/products/moon-glow-iv_art-print?variant=48455721615604","price":95.0,"currency":"USD","framed":false,"w":24,"h":36,"label":"No Frame / Large 24\" x 36\"","margin":2},{"vendor":"society6","url":"https://society6.com/products/moon-glow-iv_art-print?variant=48455721648372","price":125.0,"currency":"USD","framed":false,"w":30,"h":40,"label":"No Frame / X-Large 30\" x 40\"","margin":2}]
s6-galaxy-watercolor-space-night-sky-nebula-pai	olechka	https://society6.com/products/galaxy-watercolor-space-night-sky-nebula-painting-aurora_art-print	Aurora Watercolor	print	moon	https://cdn.shopify.com/s/files/1/0781/0282/3156/files/olechka-galaxy-watercolor-aurora-borealis-painting-art-print-whitebg-8x10.jpg?v=1781734651&crop=region&crop_left=272&crop_top=242&crop_width=255&crop_height=313&art=1	[{"vendor":"society6","url":"https://society6.com/products/galaxy-watercolor-space-night-sky-nebula-painting-aurora_art-print?variant=48700204253428","price":30.0,"currency":"USD","framed":false,"w":8,"h":10,"label":"No Frame / X-Small 8\" x 10\"","margin":1},{"vendor":"society6","url":"https://society6.com/products/galaxy-watercolor-space-night-sky-nebula-painting-aurora_art-print?variant=48700204286196","price":45.0,"currency":"USD","framed":false,"w":11,"h":14,"label":"No Frame / Small 11\" x 14\"","margin":1},{"vendor":"society6","url":"https://society6.com/products/galaxy-watercolor-space-night-sky-nebula-painting-aurora_art-print?variant=48700204318964","price":50.0,"currency":"USD","framed":false,"w":13,"h":19,"label":"No Frame / Small 13\" x 19\"","margin":1},{"vendor":"society6","url":"https://society6.com/products/galaxy-watercolor-space-night-sky-nebula-painting-aurora_art-print?variant=48700204351732","price":55.0,"currency":"USD","framed":false,"w":16,"h":20,"label":"No Frame / Medium 16\" x 20\"","margin":2},{"vendor":"society6","url":"https://society6.com/products/galaxy-watercolor-space-night-sky-nebula-painting-aurora_art-print?variant=48700204384500","price":60.0,"currency":"USD","framed":false,"w":18,"h":24,"label":"No Frame / Medium 18\" x 24\"","margin":2},{"vendor":"society6","url":"https://society6.com/products/galaxy-watercolor-space-night-sky-nebula-painting-aurora_art-print?variant=48700204417268","price":95.0,"currency":"USD","framed":false,"w":24,"h":36,"label":"No Frame / Large 24\" x 36\"","margin":2},{"vendor":"society6","url":"https://society6.com/products/galaxy-watercolor-space-night-sky-nebula-painting-aurora_art-print?variant=48700204450036","price":125.0,"currency":"USD","framed":false,"w":30,"h":40,"label":"No Frame / X-Large 30\" x 40\"","margin":2}]
s6-star-collector4095745	aliriza	https://society6.com/products/star-collector4095745_art-print	Star Collector	print	moon	https://cdn.shopify.com/s/files/1/0781/0282/3156/files/aliriza-star-collector-i-art-print-whitebg-8x10.jpg?v=1781458785&crop=region&crop_left=272&crop_top=242&crop_width=255&crop_height=313&art=1	[{"vendor":"society6","url":"https://society6.com/products/star-collector4095745_art-print?variant=48617504375028","price":30.0,"currency":"USD","framed":false,"w":8,"h":10,"label":"No Frame / X-Small 8\" x 10\"","margin":1},{"vendor":"society6","url":"https://society6.com/products/star-collector4095745_art-print?variant=48617504407796","price":40.0,"currency":"USD","framed":false,"w":10,"h":10,"label":"No Frame / Small 10\" x 10\"","margin":1},{"vendor":"society6","url":"https://society6.com/products/star-collector4095745_art-print?variant=48617504440564","price":45.0,"currency":"USD","framed":false,"w":11,"h":14,"label":"No Frame / Small 11\" x 14\"","margin":1},{"vendor":"society6","url":"https://society6.com/products/star-collector4095745_art-print?variant=48617504473332","price":50.0,"currency":"USD","framed":false,"w":13,"h":19,"label":"No Frame / Small 13\" x 19\"","margin":1},{"vendor":"society6","url":"https://society6.com/products/star-collector4095745_art-print?variant=48617504506100","price":65.0,"currency":"USD","framed":false,"w":20,"h":20,"label":"No Frame / Medium 20\" x 20\"","margin":2},{"vendor":"society6","url":"https://society6.com/products/star-collector4095745_art-print?variant=48617504538868","price":55.0,"currency":"USD","framed":false,"w":16,"h":20,"label":"No Frame / Medium 16\" x 20\"","margin":2},{"vendor":"society6","url":"https://society6.com/products/star-collector4095745_art-print?variant=48617504571636","price":60.0,"currency":"USD","framed":false,"w":18,"h":24,"label":"No Frame / Medium 18\" x 24\"","margin":2},{"vendor":"society6","url":"https://society6.com/products/star-collector4095745_art-print?variant=48617504604404","price":95.0,"currency":"USD","framed":false,"w":24,"h":36,"label":"No Frame / Large 24\" x 36\"","margin":2},{"vendor":"society6","url":"https://society6.com/products/star-collector4095745_art-print?variant=48617504637172","price":125.0,"currency":"USD","framed":false,"w":30,"h":40,"label":"No Frame / X-Large 30\" x 40\"","margin":2}]
s6-this-love2602574	frankmoth	https://society6.com/products/this-love2602574_art-print	This Love	print	moon	https://cdn.shopify.com/s/files/1/0781/0282/3156/files/frank-moth-this-love-art-print-whitebg-8x10.jpg?v=1778965773&crop=region&crop_left=272&crop_top=242&crop_width=255&crop_height=314&art=1	[{"vendor":"society6","url":"https://society6.com/products/this-love2602574_art-print?variant=48257846018292","price":30.0,"currency":"USD","framed":false,"w":8,"h":10,"label":"No Frame / X-Small 8\" x 10\"","margin":1},{"vendor":"society6","url":"https://society6.com/products/this-love2602574_art-print?variant=48257846051060","price":45.0,"currency":"USD","framed":false,"w":11,"h":14,"label":"No Frame / Small 11\" x 14\"","margin":1},{"vendor":"society6","url":"https://society6.com/products/this-love2602574_art-print?variant=48257846083828","price":50.0,"currency":"USD","framed":false,"w":13,"h":19,"label":"No Frame / Small 13\" x 19\"","margin":1},{"vendor":"society6","url":"https://society6.com/products/this-love2602574_art-print?variant=48257846116596","price":55.0,"currency":"USD","framed":false,"w":16,"h":20,"label":"No Frame / Medium 16\" x 20\"","margin":2},{"vendor":"society6","url":"https://society6.com/products/this-love2602574_art-print?variant=48257846149364","price":60.0,"currency":"USD","framed":false,"w":18,"h":24,"label":"No Frame / Medium 18\" x 24\"","margin":2},{"vendor":"society6","url":"https://society6.com/products/this-love2602574_art-print?variant=48257846182132","price":95.0,"currency":"USD","framed":false,"w":24,"h":36,"label":"No Frame / Large 24\" x 36\"","margin":2},{"vendor":"society6","url":"https://society6.com/products/this-love2602574_art-print?variant=48257846214900","price":125.0,"currency":"USD","framed":false,"w":30,"h":40,"label":"No Frame / X-Large 30\" x 40\"","margin":2}]
s6-auroras-over-bow-lake-banff	lukegramphotos	https://society6.com/products/auroras-over-bow-lake-banff_art-print	Auroras over Bow Lake, Banff	photo	moon	https://cdn.shopify.com/s/files/1/0781/0282/3156/files/luke-gram-auroras-over-bow-lake-banff-art-print-whitebg-8x10.jpg?v=1781839521&crop=region&crop_left=272&crop_top=242&crop_width=255&crop_height=310&art=1	[{"vendor":"society6","url":"https://society6.com/products/auroras-over-bow-lake-banff_art-print?variant=48732758081780","price":30.0,"currency":"USD","framed":false,"w":8,"h":10,"label":"No Frame / X-Small 8\" x 10\"","margin":1},{"vendor":"society6","url":"https://society6.com/products/auroras-over-bow-lake-banff_art-print?variant=48732758114548","price":45.0,"currency":"USD","framed":false,"w":11,"h":14,"label":"No Frame / Small 11\" x 14\"","margin":1},{"vendor":"society6","url":"https://society6.com/products/auroras-over-bow-lake-banff_art-print?variant=48732758147316","price":50.0,"currency":"USD","framed":false,"w":13,"h":19,"label":"No Frame / Small 13\" x 19\"","margin":1},{"vendor":"society6","url":"https://society6.com/products/auroras-over-bow-lake-banff_art-print?variant=48732758180084","price":55.0,"currency":"USD","framed":false,"w":16,"h":20,"label":"No Frame / Medium 16\" x 20\"","margin":2},{"vendor":"society6","url":"https://society6.com/products/auroras-over-bow-lake-banff_art-print?variant=48732758212852","price":60.0,"currency":"USD","framed":false,"w":18,"h":24,"label":"No Frame / Medium 18\" x 24\"","margin":2},{"vendor":"society6","url":"https://society6.com/products/auroras-over-bow-lake-banff_art-print?variant=48732758245620","price":95.0,"currency":"USD","framed":false,"w":24,"h":36,"label":"No Frame / Large 24\" x 36\"","margin":2},{"vendor":"society6","url":"https://society6.com/products/auroras-over-bow-lake-banff_art-print?variant=48732758278388","price":125.0,"currency":"USD","framed":false,"w":30,"h":40,"label":"No Frame / X-Large 30\" x 40\"","margin":2}]
s6-mystic-moon8873990	artsysesta	https://society6.com/products/mystic-moon8873990_art-print	Mystic Moon	print	moon	https://cdn.shopify.com/s/files/1/0781/0282/3156/files/artsy-sesta-mystic-moon-art-print-whitebg-8x10.jpg?v=1781831582&crop=region&crop_left=272&crop_top=244&crop_width=254&crop_height=308&art=1	[{"vendor":"society6","url":"https://society6.com/products/mystic-moon8873990_art-print?variant=48730100826356","price":30.0,"currency":"USD","framed":false,"w":8,"h":10,"label":"No Frame / X-Small 8\" x 10\"","margin":1},{"vendor":"society6","url":"https://society6.com/products/mystic-moon8873990_art-print?variant=48730100859124","price":45.0,"currency":"USD","framed":false,"w":11,"h":14,"label":"No Frame / Small 11\" x 14\"","margin":1},{"vendor":"society6","url":"https://society6.com/products/mystic-moon8873990_art-print?variant=48730100891892","price":50.0,"currency":"USD","framed":false,"w":13,"h":19,"label":"No Frame / Small 13\" x 19\"","margin":1},{"vendor":"society6","url":"https://society6.com/products/mystic-moon8873990_art-print?variant=48730100924660","price":55.0,"currency":"USD","framed":false,"w":16,"h":20,"label":"No Frame / Medium 16\" x 20\"","margin":2},{"vendor":"society6","url":"https://society6.com/products/mystic-moon8873990_art-print?variant=48730100957428","price":60.0,"currency":"USD","framed":false,"w":18,"h":24,"label":"No Frame / Medium 18\" x 24\"","margin":2},{"vendor":"society6","url":"https://society6.com/products/mystic-moon8873990_art-print?variant=48730100990196","price":95.0,"currency":"USD","framed":false,"w":24,"h":36,"label":"No Frame / Large 24\" x 36\"","margin":2},{"vendor":"society6","url":"https://society6.com/products/mystic-moon8873990_art-print?variant=48730101022964","price":125.0,"currency":"USD","framed":false,"w":30,"h":40,"label":"No Frame / X-Large 30\" x 40\"","margin":2}]
s6-orange-cloud6991633	scottlistfield	https://society6.com/products/orange-cloud6991633_art-print	Orange Cloud	print	sky	https://cdn.shopify.com/s/files/1/0781/0282/3156/files/scott-listfield-orange-cloud-art-print-whitebg-8x10.jpg?v=1781872783&crop=region&crop_left=272&crop_top=242&crop_width=255&crop_height=310&art=1	[{"vendor":"society6","url":"https://society6.com/products/orange-cloud6991633_art-print?variant=48744249458932","price":30.0,"currency":"USD","framed":false,"w":8,"h":10,"label":"No Frame / X-Small 8\" x 10\"","margin":1},{"vendor":"society6","url":"https://society6.com/products/orange-cloud6991633_art-print?variant=48744249491700","price":45.0,"currency":"USD","framed":false,"w":11,"h":14,"label":"No Frame / Small 11\" x 14\"","margin":1},{"vendor":"society6","url":"https://society6.com/products/orange-cloud6991633_art-print?variant=48744249524468","price":50.0,"currency":"USD","framed":false,"w":13,"h":19,"label":"No Frame / Small 13\" x 19\"","margin":1},{"vendor":"society6","url":"https://society6.com/products/orange-cloud6991633_art-print?variant=48744249557236","price":55.0,"currency":"USD","framed":false,"w":16,"h":20,"label":"No Frame / Medium 16\" x 20\"","margin":2},{"vendor":"society6","url":"https://society6.com/products/orange-cloud6991633_art-print?variant=48744249590004","price":60.0,"currency":"USD","framed":false,"w":18,"h":24,"label":"No Frame / Medium 18\" x 24\"","margin":2},{"vendor":"society6","url":"https://society6.com/products/orange-cloud6991633_art-print?variant=48744249622772","price":95.0,"currency":"USD","framed":false,"w":24,"h":36,"label":"No Frame / Large 24\" x 36\"","margin":2},{"vendor":"society6","url":"https://society6.com/products/orange-cloud6991633_art-print?variant=48744249655540","price":125.0,"currency":"USD","framed":false,"w":30,"h":40,"label":"No Frame / X-Large 30\" x 40\"","margin":2}]
s6-silence8766523	dada22	https://society6.com/products/silence8766523_art-print	Silence	print	sky	https://cdn.shopify.com/s/files/1/0781/0282/3156/files/dada22-silence-ii-art-print-whitebg-8x10.jpg?v=1779049372&crop=region&crop_left=272&crop_top=242&crop_width=255&crop_height=310&art=1	[{"vendor":"society6","url":"https://society6.com/products/silence8766523_art-print?variant=48281374261492","price":30.0,"currency":"USD","framed":false,"w":8,"h":10,"label":"No Frame / X-Small 8\" x 10\"","margin":1},{"vendor":"society6","url":"https://society6.com/products/silence8766523_art-print?variant=48281374294260","price":45.0,"currency":"USD","framed":false,"w":11,"h":14,"label":"No Frame / Small 11\" x 14\"","margin":1},{"vendor":"society6","url":"https://society6.com/products/silence8766523_art-print?variant=48281374327028","price":50.0,"currency":"USD","framed":false,"w":13,"h":19,"label":"No Frame / Small 13\" x 19\"","margin":1},{"vendor":"society6","url":"https://society6.com/products/silence8766523_art-print?variant=48281374359796","price":55.0,"currency":"USD","framed":false,"w":16,"h":20,"label":"No Frame / Medium 16\" x 20\"","margin":2},{"vendor":"society6","url":"https://society6.com/products/silence8766523_art-print?variant=48281374392564","price":60.0,"currency":"USD","framed":false,"w":18,"h":24,"label":"No Frame / Medium 18\" x 24\"","margin":2},{"vendor":"society6","url":"https://society6.com/products/silence8766523_art-print?variant=48281374425332","price":95.0,"currency":"USD","framed":false,"w":24,"h":36,"label":"No Frame / Large 24\" x 36\"","margin":2},{"vendor":"society6","url":"https://society6.com/products/silence8766523_art-print?variant=48281374458100","price":125.0,"currency":"USD","framed":false,"w":30,"h":40,"label":"No Frame / X-Large 30\" x 40\"","margin":2}]
s6-teal-turquoise-blue-monochromatic-fluffy-clo	enshape	https://society6.com/products/teal-turquoise-blue-monochromatic-fluffy-cloud-over-caribbean-sea_art-print	Teal Cloud	print	sky	https://cdn.shopify.com/s/files/1/0781/0282/3156/files/enshape-teal-turquoise-blue-monochromatic-fluffy-cloud-over-caribbean-sea-art-print-whitebg-8x10.jpg?v=1778930597&crop=region&crop_left=272&crop_top=243&crop_width=255&crop_height=309&art=1	[{"vendor":"society6","url":"https://society6.com/products/teal-turquoise-blue-monochromatic-fluffy-cloud-over-caribbean-sea_art-print?variant=48247478452468","price":30.0,"currency":"USD","framed":false,"w":8,"h":10,"label":"No Frame / X-Small 8\" x 10\"","margin":1},{"vendor":"society6","url":"https://society6.com/products/teal-turquoise-blue-monochromatic-fluffy-cloud-over-caribbean-sea_art-print?variant=48247478485236","price":45.0,"currency":"USD","framed":false,"w":11,"h":14,"label":"No Frame / Small 11\" x 14\"","margin":1},{"vendor":"society6","url":"https://society6.com/products/teal-turquoise-blue-monochromatic-fluffy-cloud-over-caribbean-sea_art-print?variant=48247478518004","price":50.0,"currency":"USD","framed":false,"w":13,"h":19,"label":"No Frame / Small 13\" x 19\"","margin":1},{"vendor":"society6","url":"https://society6.com/products/teal-turquoise-blue-monochromatic-fluffy-cloud-over-caribbean-sea_art-print?variant=48247478550772","price":55.0,"currency":"USD","framed":false,"w":16,"h":20,"label":"No Frame / Medium 16\" x 20\"","margin":2},{"vendor":"society6","url":"https://society6.com/products/teal-turquoise-blue-monochromatic-fluffy-cloud-over-caribbean-sea_art-print?variant=48247478583540","price":60.0,"currency":"USD","framed":false,"w":18,"h":24,"label":"No Frame / Medium 18\" x 24\"","margin":2},{"vendor":"society6","url":"https://society6.com/products/teal-turquoise-blue-monochromatic-fluffy-cloud-over-caribbean-sea_art-print?variant=48247478616308","price":95.0,"currency":"USD","framed":false,"w":24,"h":36,"label":"No Frame / Large 24\" x 36\"","margin":2},{"vendor":"society6","url":"https://society6.com/products/teal-turquoise-blue-monochromatic-fluffy-cloud-over-caribbean-sea_art-print?variant=48247478649076","price":125.0,"currency":"USD","framed":false,"w":30,"h":40,"label":"No Frame / X-Large 30\" x 40\"","margin":2}]
s6-colorful-rainbow-clouds	vivinicolin	https://society6.com/products/colorful-rainbow-clouds_art-print	Colorful Rainbow Clouds	print	sky	https://cdn.shopify.com/s/files/1/0781/0282/3156/files/vickn-colorful-rainbow-clouds-art-print-whitebg-8x10.jpg?v=1782398751&crop=region&crop_left=272&crop_top=242&crop_width=255&crop_height=310&art=1	[{"vendor":"society6","url":"https://society6.com/products/colorful-rainbow-clouds_art-print?variant=48777959440628","price":30.0,"currency":"USD","framed":false,"w":8,"h":10,"label":"No Frame / X-Small 8\" x 10\"","margin":1},{"vendor":"society6","url":"https://society6.com/products/colorful-rainbow-clouds_art-print?variant=48777959473396","price":40.0,"currency":"USD","framed":false,"w":10,"h":10,"label":"No Frame / Small 10\" x 10\"","margin":1},{"vendor":"society6","url":"https://society6.com/products/colorful-rainbow-clouds_art-print?variant=48777959506164","price":45.0,"currency":"USD","framed":false,"w":11,"h":14,"label":"No Frame / Small 11\" x 14\"","margin":1},{"vendor":"society6","url":"https://society6.com/products/colorful-rainbow-clouds_art-print?variant=48777959538932","price":50.0,"currency":"USD","framed":false,"w":13,"h":19,"label":"No Frame / Small 13\" x 19\"","margin":1},{"vendor":"society6","url":"https://society6.com/products/colorful-rainbow-clouds_art-print?variant=48777959571700","price":65.0,"currency":"USD","framed":false,"w":20,"h":20,"label":"No Frame / Medium 20\" x 20\"","margin":2},{"vendor":"society6","url":"https://society6.com/products/colorful-rainbow-clouds_art-print?variant=48777959604468","price":55.0,"currency":"USD","framed":false,"w":16,"h":20,"label":"No Frame / Medium 16\" x 20\"","margin":2},{"vendor":"society6","url":"https://society6.com/products/colorful-rainbow-clouds_art-print?variant=48777959637236","price":60.0,"currency":"USD","framed":false,"w":18,"h":24,"label":"No Frame / Medium 18\" x 24\"","margin":2},{"vendor":"society6","url":"https://society6.com/products/colorful-rainbow-clouds_art-print?variant=48777959670004","price":95.0,"currency":"USD","framed":false,"w":24,"h":36,"label":"No Frame / Large 24\" x 36\"","margin":2},{"vendor":"society6","url":"https://society6.com/products/colorful-rainbow-clouds_art-print?variant=48777959702772","price":125.0,"currency":"USD","framed":false,"w":30,"h":40,"label":"No Frame / X-Large 30\" x 40\"","margin":2}]
s6-summer-rain-storm	joystclaire	https://society6.com/products/summer-rain-storm_art-print	Summer Rain Storm	print	sky	https://cdn.shopify.com/s/files/1/0781/0282/3156/files/olivia-st-claire-summer-rain-storm-abstract-watercolor-painting-ultramarine-blue-grey-art-print-whitebg-8x10.jpg?v=1781870493&crop=region&crop_left=242&crop_top=270&crop_width=314&crop_height=253&art=1	[{"vendor":"society6","url":"https://society6.com/products/summer-rain-storm_art-print?variant=48743293386996","price":30.0,"currency":"USD","framed":false,"w":8,"h":10,"label":"No Frame / X-Small 8\" x 10\"","margin":1},{"vendor":"society6","url":"https://society6.com/products/summer-rain-storm_art-print?variant=48743293419764","price":45.0,"currency":"USD","framed":false,"w":11,"h":14,"label":"No Frame / Small 11\" x 14\"","margin":1},{"vendor":"society6","url":"https://society6.com/products/summer-rain-storm_art-print?variant=48743293452532","price":50.0,"currency":"USD","framed":false,"w":13,"h":19,"label":"No Frame / Small 13\" x 19\"","margin":1},{"vendor":"society6","url":"https://society6.com/products/summer-rain-storm_art-print?variant=48743293485300","price":55.0,"currency":"USD","framed":false,"w":16,"h":20,"label":"No Frame / Medium 16\" x 20\"","margin":2},{"vendor":"society6","url":"https://society6.com/products/summer-rain-storm_art-print?variant=48743293518068","price":60.0,"currency":"USD","framed":false,"w":18,"h":24,"label":"No Frame / Medium 18\" x 24\"","margin":2},{"vendor":"society6","url":"https://society6.com/products/summer-rain-storm_art-print?variant=48743293550836","price":95.0,"currency":"USD","framed":false,"w":24,"h":36,"label":"No Frame / Large 24\" x 36\"","margin":2},{"vendor":"society6","url":"https://society6.com/products/summer-rain-storm_art-print?variant=48743293583604","price":125.0,"currency":"USD","framed":false,"w":30,"h":40,"label":"No Frame / X-Large 30\" x 40\"","margin":2}]
s6-alone-ii8910844	hannahkemp	https://society6.com/products/alone-ii8910844_art-print	Alone II	print	sky	https://cdn.shopify.com/s/files/1/0781/0282/3156/files/hannah-kemp-alone-ii-art-print-whitebg-8x10.jpg?v=1781837158&crop=region&crop_left=242&crop_top=268&crop_width=315&crop_height=258&art=1	[{"vendor":"society6","url":"https://society6.com/products/alone-ii8910844_art-print?variant=48731996324084","price":30.0,"currency":"USD","framed":false,"w":8,"h":10,"label":"No Frame / X-Small 8\" x 10\"","margin":1},{"vendor":"society6","url":"https://society6.com/products/alone-ii8910844_art-print?variant=48731996356852","price":45.0,"currency":"USD","framed":false,"w":11,"h":14,"label":"No Frame / Small 11\" x 14\"","margin":1},{"vendor":"society6","url":"https://society6.com/products/alone-ii8910844_art-print?variant=48731996389620","price":50.0,"currency":"USD","framed":false,"w":13,"h":19,"label":"No Frame / Small 13\" x 19\"","margin":1},{"vendor":"society6","url":"https://society6.com/products/alone-ii8910844_art-print?variant=48731996422388","price":55.0,"currency":"USD","framed":false,"w":16,"h":20,"label":"No Frame / Medium 16\" x 20\"","margin":2},{"vendor":"society6","url":"https://society6.com/products/alone-ii8910844_art-print?variant=48731996455156","price":60.0,"currency":"USD","framed":false,"w":18,"h":24,"label":"No Frame / Medium 18\" x 24\"","margin":2},{"vendor":"society6","url":"https://society6.com/products/alone-ii8910844_art-print?variant=48731996487924","price":95.0,"currency":"USD","framed":false,"w":24,"h":36,"label":"No Frame / Large 24\" x 36\"","margin":2},{"vendor":"society6","url":"https://society6.com/products/alone-ii8910844_art-print?variant=48731996520692","price":125.0,"currency":"USD","framed":false,"w":30,"h":40,"label":"No Frame / X-Large 30\" x 40\"","margin":2}]
s6-blush-gray-blue-flowing-abstract-glow-up-1	elizabethschulz	https://society6.com/products/blush-gray-blue-flowing-abstract-glow-up-1_art-print	Glow Up I	print	sky	https://cdn.shopify.com/s/files/1/0781/0282/3156/files/elizabeth-karlson-blush-gray-blue-flowing-abstract-glow-up-1-art-print-whitebg-8x10.jpg?v=1781775767&crop=region&crop_left=242&crop_top=266&crop_width=316&crop_height=260&art=1	[{"vendor":"society6","url":"https://society6.com/products/blush-gray-blue-flowing-abstract-glow-up-1_art-print?variant=48714572562676","price":30.0,"currency":"USD","framed":false,"w":8,"h":10,"label":"No Frame / X-Small 8\" x 10\"","margin":1},{"vendor":"society6","url":"https://society6.com/products/blush-gray-blue-flowing-abstract-glow-up-1_art-print?variant=48714572595444","price":45.0,"currency":"USD","framed":false,"w":11,"h":14,"label":"No Frame / Small 11\" x 14\"","margin":1},{"vendor":"society6","url":"https://society6.com/products/blush-gray-blue-flowing-abstract-glow-up-1_art-print?variant=48714572628212","price":50.0,"currency":"USD","framed":false,"w":13,"h":19,"label":"No Frame / Small 13\" x 19\"","margin":1},{"vendor":"society6","url":"https://society6.com/products/blush-gray-blue-flowing-abstract-glow-up-1_art-print?variant=48714572660980","price":55.0,"currency":"USD","framed":false,"w":16,"h":20,"label":"No Frame / Medium 16\" x 20\"","margin":2},{"vendor":"society6","url":"https://society6.com/products/blush-gray-blue-flowing-abstract-glow-up-1_art-print?variant=48714572693748","price":60.0,"currency":"USD","framed":false,"w":18,"h":24,"label":"No Frame / Medium 18\" x 24\"","margin":2},{"vendor":"society6","url":"https://society6.com/products/blush-gray-blue-flowing-abstract-glow-up-1_art-print?variant=48714572726516","price":95.0,"currency":"USD","framed":false,"w":24,"h":36,"label":"No Frame / Large 24\" x 36\"","margin":2},{"vendor":"society6","url":"https://society6.com/products/blush-gray-blue-flowing-abstract-glow-up-1_art-print?variant=48714572759284","price":125.0,"currency":"USD","framed":false,"w":30,"h":40,"label":"No Frame / X-Large 30\" x 40\"","margin":2}]
s6-storm-clouds-12604745	aliciabock	https://society6.com/products/storm-clouds-12604745_art-print	Storm Clouds #1	print	sky	https://cdn.shopify.com/s/files/1/0781/0282/3156/files/alicia-bock-storm-clouds-1-art-print-whitebg-8x10.jpg?v=1781768887&crop=region&crop_left=246&crop_top=273&crop_width=309&crop_height=252&art=1	[{"vendor":"society6","url":"https://society6.com/products/storm-clouds-12604745_art-print?variant=48712604582132","price":30.0,"currency":"USD","framed":false,"w":8,"h":10,"label":"No Frame / X-Small 8\" x 10\"","margin":1},{"vendor":"society6","url":"https://society6.com/products/storm-clouds-12604745_art-print?variant=48712604614900","price":45.0,"currency":"USD","framed":false,"w":11,"h":14,"label":"No Frame / Small 11\" x 14\"","margin":1},{"vendor":"society6","url":"https://society6.com/products/storm-clouds-12604745_art-print?variant=48712604647668","price":50.0,"currency":"USD","framed":false,"w":13,"h":19,"label":"No Frame / Small 13\" x 19\"","margin":1},{"vendor":"society6","url":"https://society6.com/products/storm-clouds-12604745_art-print?variant=48712604680436","price":55.0,"currency":"USD","framed":false,"w":16,"h":20,"label":"No Frame / Medium 16\" x 20\"","margin":2},{"vendor":"society6","url":"https://society6.com/products/storm-clouds-12604745_art-print?variant=48712604713204","price":60.0,"currency":"USD","framed":false,"w":18,"h":24,"label":"No Frame / Medium 18\" x 24\"","margin":2},{"vendor":"society6","url":"https://society6.com/products/storm-clouds-12604745_art-print?variant=48712604745972","price":95.0,"currency":"USD","framed":false,"w":24,"h":36,"label":"No Frame / Large 24\" x 36\"","margin":2},{"vendor":"society6","url":"https://society6.com/products/storm-clouds-12604745_art-print?variant=48712604778740","price":125.0,"currency":"USD","framed":false,"w":30,"h":40,"label":"No Frame / X-Large 30\" x 40\"","margin":2}]
s6-explosive-relationship	richardvergez	https://society6.com/products/explosive-relationship_art-print	Explosive Relationship	print	sky	https://cdn.shopify.com/s/files/1/0781/0282/3156/files/richard-vergez-explosive-relationship-art-print-whitebg-8x10.jpg?v=1781756501&crop=region&crop_left=271&crop_top=230&crop_width=251&crop_height=334&art=1	[{"vendor":"society6","url":"https://society6.com/products/explosive-relationship_art-print?variant=48707083174132","price":30.0,"currency":"USD","framed":false,"w":8,"h":10,"label":"No Frame / X-Small 8\" x 10\"","margin":1},{"vendor":"society6","url":"https://society6.com/products/explosive-relationship_art-print?variant=48707083206900","price":45.0,"currency":"USD","framed":false,"w":11,"h":14,"label":"No Frame / Small 11\" x 14\"","margin":1},{"vendor":"society6","url":"https://society6.com/products/explosive-relationship_art-print?variant=48707083239668","price":50.0,"currency":"USD","framed":false,"w":13,"h":19,"label":"No Frame / Small 13\" x 19\"","margin":1},{"vendor":"society6","url":"https://society6.com/products/explosive-relationship_art-print?variant=48707083272436","price":55.0,"currency":"USD","framed":false,"w":16,"h":20,"label":"No Frame / Medium 16\" x 20\"","margin":2},{"vendor":"society6","url":"https://society6.com/products/explosive-relationship_art-print?variant=48707083305204","price":60.0,"currency":"USD","framed":false,"w":18,"h":24,"label":"No Frame / Medium 18\" x 24\"","margin":2},{"vendor":"society6","url":"https://society6.com/products/explosive-relationship_art-print?variant=48707083337972","price":95.0,"currency":"USD","framed":false,"w":24,"h":36,"label":"No Frame / Large 24\" x 36\"","margin":2},{"vendor":"society6","url":"https://society6.com/products/explosive-relationship_art-print?variant=48707083370740","price":125.0,"currency":"USD","framed":false,"w":30,"h":40,"label":"No Frame / X-Large 30\" x 40\"","margin":2}]
s6-joshua-tree-parc-national	jsebouvi	https://society6.com/products/joshua-tree-parc-national_art-print	Joshua Tree Parc National	photo	sky	https://cdn.shopify.com/s/files/1/0781/0282/3156/files/sebastien-bouvier-joshua-tree-parc-national-art-print-whitebg-8x10.jpg?v=1781748699&crop=region&crop_left=272&crop_top=242&crop_width=255&crop_height=310&art=1	[{"vendor":"society6","url":"https://society6.com/products/joshua-tree-parc-national_art-print?variant=48704769196276","price":30.0,"currency":"USD","framed":false,"w":8,"h":10,"label":"No Frame / X-Small 8\" x 10\"","margin":1},{"vendor":"society6","url":"https://society6.com/products/joshua-tree-parc-national_art-print?variant=48704769229044","price":45.0,"currency":"USD","framed":false,"w":11,"h":14,"label":"No Frame / Small 11\" x 14\"","margin":1},{"vendor":"society6","url":"https://society6.com/products/joshua-tree-parc-national_art-print?variant=48704769261812","price":50.0,"currency":"USD","framed":false,"w":13,"h":19,"label":"No Frame / Small 13\" x 19\"","margin":1},{"vendor":"society6","url":"https://society6.com/products/joshua-tree-parc-national_art-print?variant=48704769294580","price":55.0,"currency":"USD","framed":false,"w":16,"h":20,"label":"No Frame / Medium 16\" x 20\"","margin":2},{"vendor":"society6","url":"https://society6.com/products/joshua-tree-parc-national_art-print?variant=48704769327348","price":60.0,"currency":"USD","framed":false,"w":18,"h":24,"label":"No Frame / Medium 18\" x 24\"","margin":2},{"vendor":"society6","url":"https://society6.com/products/joshua-tree-parc-national_art-print?variant=48704769360116","price":95.0,"currency":"USD","framed":false,"w":24,"h":36,"label":"No Frame / Large 24\" x 36\"","margin":2},{"vendor":"society6","url":"https://society6.com/products/joshua-tree-parc-national_art-print?variant=48704769392884","price":125.0,"currency":"USD","framed":false,"w":30,"h":40,"label":"No Frame / X-Large 30\" x 40\"","margin":2}]
s6-skate5246071	eyepoetry	https://society6.com/products/skate5246071_art-print	Air	photo	black and white	https://cdn.shopify.com/s/files/1/0781/0282/3156/files/eye-poetry-photography-air-skateboarding-at-venice-art-print-whitebg-8x10.jpg?v=1778878846&crop=region&crop_left=272&crop_top=340&crop_width=255&crop_height=212&art=1	[{"vendor":"society6","url":"https://society6.com/products/skate5246071_art-print?variant=48234738057460","price":30.0,"currency":"USD","framed":false,"w":8,"h":10,"label":"No Frame / X-Small 8\" x 10\"","margin":1},{"vendor":"society6","url":"https://society6.com/products/skate5246071_art-print?variant=48234738090228","price":45.0,"currency":"USD","framed":false,"w":11,"h":14,"label":"No Frame / Small 11\" x 14\"","margin":1},{"vendor":"society6","url":"https://society6.com/products/skate5246071_art-print?variant=48234738122996","price":50.0,"currency":"USD","framed":false,"w":13,"h":19,"label":"No Frame / Small 13\" x 19\"","margin":1},{"vendor":"society6","url":"https://society6.com/products/skate5246071_art-print?variant=48234738155764","price":55.0,"currency":"USD","framed":false,"w":16,"h":20,"label":"No Frame / Medium 16\" x 20\"","margin":2},{"vendor":"society6","url":"https://society6.com/products/skate5246071_art-print?variant=48234738188532","price":60.0,"currency":"USD","framed":false,"w":18,"h":24,"label":"No Frame / Medium 18\" x 24\"","margin":2},{"vendor":"society6","url":"https://society6.com/products/skate5246071_art-print?variant=48234738221300","price":95.0,"currency":"USD","framed":false,"w":24,"h":36,"label":"No Frame / Large 24\" x 36\"","margin":2},{"vendor":"society6","url":"https://society6.com/products/skate5246071_art-print?variant=48234738254068","price":125.0,"currency":"USD","framed":false,"w":30,"h":40,"label":"No Frame / X-Large 30\" x 40\"","margin":2}]
s6-stillness-in-motion-abstract-cranes-in-blue	cityart7	https://society6.com/products/stillness-in-motion-abstract-cranes-in-blue_art-print	Stillness in Motion	print	black and white	https://cdn.shopify.com/s/files/1/0781/0282/3156/files/city-art-stillness-in-motion-abstract-cranes-in-blue-art-print-whitebg-8x10.jpg?v=1781689303&crop=region&crop_left=274&crop_top=242&crop_width=253&crop_height=310&art=1	[{"vendor":"society6","url":"https://society6.com/products/stillness-in-motion-abstract-cranes-in-blue_art-print?variant=48686448050420","price":30.0,"currency":"USD","framed":false,"w":8,"h":10,"label":"No Frame / X-Small 8\" x 10\"","margin":1},{"vendor":"society6","url":"https://society6.com/products/stillness-in-motion-abstract-cranes-in-blue_art-print?variant=48686448083188","price":45.0,"currency":"USD","framed":false,"w":11,"h":14,"label":"No Frame / Small 11\" x 14\"","margin":1},{"vendor":"society6","url":"https://society6.com/products/stillness-in-motion-abstract-cranes-in-blue_art-print?variant=48686448115956","price":50.0,"currency":"USD","framed":false,"w":13,"h":19,"label":"No Frame / Small 13\" x 19\"","margin":1},{"vendor":"society6","url":"https://society6.com/products/stillness-in-motion-abstract-cranes-in-blue_art-print?variant=48686448148724","price":55.0,"currency":"USD","framed":false,"w":16,"h":20,"label":"No Frame / Medium 16\" x 20\"","margin":2},{"vendor":"society6","url":"https://society6.com/products/stillness-in-motion-abstract-cranes-in-blue_art-print?variant=48686448181492","price":60.0,"currency":"USD","framed":false,"w":18,"h":24,"label":"No Frame / Medium 18\" x 24\"","margin":2},{"vendor":"society6","url":"https://society6.com/products/stillness-in-motion-abstract-cranes-in-blue_art-print?variant=48686448214260","price":95.0,"currency":"USD","framed":false,"w":24,"h":36,"label":"No Frame / Large 24\" x 36\"","margin":2},{"vendor":"society6","url":"https://society6.com/products/stillness-in-motion-abstract-cranes-in-blue_art-print?variant=48686448247028","price":125.0,"currency":"USD","framed":false,"w":30,"h":40,"label":"No Frame / X-Large 30\" x 40\"","margin":2}]
s6-steady-as-she-goes-aircraft-coming-in-for-an	nine57	https://society6.com/products/steady-as-she-goes-aircraft-coming-in-for-an-island-landing-black-and-white-photography-photographs_art-print	Steady As She Goes	photo	black and white	https://cdn.shopify.com/s/files/1/0781/0282/3156/files/astrid-arkhangelsky-steady-as-she-goes-aircraft-coming-in-for-an-island-landing-black-and-white-photography-photographs-art-print-whitebg-8x10.jpg?v=1781468217&crop=region&crop_left=274&crop_top=242&crop_width=253&crop_height=310&art=1	[{"vendor":"society6","url":"https://society6.com/products/steady-as-she-goes-aircraft-coming-in-for-an-island-landing-black-and-white-photography-photographs_art-print?variant=48620002214132","price":30.0,"currency":"USD","framed":false,"w":8,"h":10,"label":"No Frame / X-Small 8\" x 10\"","margin":1},{"vendor":"society6","url":"https://society6.com/products/steady-as-she-goes-aircraft-coming-in-for-an-island-landing-black-and-white-photography-photographs_art-print?variant=48620002246900","price":40.0,"currency":"USD","framed":false,"w":10,"h":10,"label":"No Frame / Small 10\" x 10\"","margin":1},{"vendor":"society6","url":"https://society6.com/products/steady-as-she-goes-aircraft-coming-in-for-an-island-landing-black-and-white-photography-photographs_art-print?variant=48620002279668","price":45.0,"currency":"USD","framed":false,"w":11,"h":14,"label":"No Frame / Small 11\" x 14\"","margin":1},{"vendor":"society6","url":"https://society6.com/products/steady-as-she-goes-aircraft-coming-in-for-an-island-landing-black-and-white-photography-photographs_art-print?variant=48620002312436","price":50.0,"currency":"USD","framed":false,"w":13,"h":19,"label":"No Frame / Small 13\" x 19\"","margin":1},{"vendor":"society6","url":"https://society6.com/products/steady-as-she-goes-aircraft-coming-in-for-an-island-landing-black-and-white-photography-photographs_art-print?variant=48620002345204","price":65.0,"currency":"USD","framed":false,"w":20,"h":20,"label":"No Frame / Medium 20\" x 20\"","margin":2},{"vendor":"society6","url":"https://society6.com/products/steady-as-she-goes-aircraft-coming-in-for-an-island-landing-black-and-white-photography-photographs_art-print?variant=48620002377972","price":55.0,"currency":"USD","framed":false,"w":16,"h":20,"label":"No Frame / Medium 16\" x 20\"","margin":2},{"vendor":"society6","url":"https://society6.com/products/steady-as-she-goes-aircraft-coming-in-for-an-island-landing-black-and-white-photography-photographs_art-print?variant=48620002410740","price":60.0,"currency":"USD","framed":false,"w":18,"h":24,"label":"No Frame / Medium 18\" x 24\"","margin":2},{"vendor":"society6","url":"https://society6.com/products/steady-as-she-goes-aircraft-coming-in-for-an-island-landing-black-and-white-photography-photographs_art-print?variant=48620002443508","price":95.0,"currency":"USD","framed":false,"w":24,"h":36,"label":"No Frame / Large 24\" x 36\"","margin":2},{"vendor":"society6","url":"https://society6.com/products/steady-as-she-goes-aircraft-coming-in-for-an-island-landing-black-and-white-photography-photographs_art-print?variant=48620002476276","price":125.0,"currency":"USD","framed":false,"w":30,"h":40,"label":"No Frame / X-Large 30\" x 40\"","margin":2}]
s6-black-butterflies8858094	thindesign	https://society6.com/products/black-butterflies8858094_art-print	Black Butterflies	print	black and white	https://cdn.shopify.com/s/files/1/0781/0282/3156/files/thingdesign-black-butterflies-art-print-whitebg-8x10.jpg?v=1779066731&crop=region&crop_left=272&crop_top=242&crop_width=255&crop_height=310&art=1	[{"vendor":"society6","url":"https://society6.com/products/black-butterflies8858094_art-print?variant=48286142398708","price":30.0,"currency":"USD","framed":false,"w":8,"h":10,"label":"No Frame / X-Small 8\" x 10\"","margin":1},{"vendor":"society6","url":"https://society6.com/products/black-butterflies8858094_art-print?variant=48286142431476","price":45.0,"currency":"USD","framed":false,"w":11,"h":14,"label":"No Frame / Small 11\" x 14\"","margin":1},{"vendor":"society6","url":"https://society6.com/products/black-butterflies8858094_art-print?variant=48286142464244","price":50.0,"currency":"USD","framed":false,"w":13,"h":19,"label":"No Frame / Small 13\" x 19\"","margin":1},{"vendor":"society6","url":"https://society6.com/products/black-butterflies8858094_art-print?variant=48286142497012","price":55.0,"currency":"USD","framed":false,"w":16,"h":20,"label":"No Frame / Medium 16\" x 20\"","margin":2},{"vendor":"society6","url":"https://society6.com/products/black-butterflies8858094_art-print?variant=48286142529780","price":60.0,"currency":"USD","framed":false,"w":18,"h":24,"label":"No Frame / Medium 18\" x 24\"","margin":2},{"vendor":"society6","url":"https://society6.com/products/black-butterflies8858094_art-print?variant=48286142562548","price":95.0,"currency":"USD","framed":false,"w":24,"h":36,"label":"No Frame / Large 24\" x 36\"","margin":2},{"vendor":"society6","url":"https://society6.com/products/black-butterflies8858094_art-print?variant=48286142595316","price":125.0,"currency":"USD","framed":false,"w":30,"h":40,"label":"No Frame / X-Large 30\" x 40\"","margin":2}]
s6-possible-certainties	brainpicker	https://society6.com/products/possible-certainties_art-print	Possible Certainties	photo	landscape	https://cdn.shopify.com/s/files/1/0781/0282/3156/files/maria-popova-possible-certainties-art-print-whitebg-8x10.jpg?v=1781718814&crop=region&crop_left=272&crop_top=242&crop_width=255&crop_height=315&art=1	[{"vendor":"society6","url":"https://society6.com/products/possible-certainties_art-print?variant=48695100375284","price":30.0,"currency":"USD","framed":false,"w":8,"h":10,"label":"No Frame / X-Small 8\" x 10\"","margin":1},{"vendor":"society6","url":"https://society6.com/products/possible-certainties_art-print?variant=48695100408052","price":45.0,"currency":"USD","framed":false,"w":11,"h":14,"label":"No Frame / Small 11\" x 14\"","margin":1},{"vendor":"society6","url":"https://society6.com/products/possible-certainties_art-print?variant=48695100440820","price":50.0,"currency":"USD","framed":false,"w":13,"h":19,"label":"No Frame / Small 13\" x 19\"","margin":1},{"vendor":"society6","url":"https://society6.com/products/possible-certainties_art-print?variant=48695100473588","price":55.0,"currency":"USD","framed":false,"w":16,"h":20,"label":"No Frame / Medium 16\" x 20\"","margin":2},{"vendor":"society6","url":"https://society6.com/products/possible-certainties_art-print?variant=48695100506356","price":60.0,"currency":"USD","framed":false,"w":18,"h":24,"label":"No Frame / Medium 18\" x 24\"","margin":2},{"vendor":"society6","url":"https://society6.com/products/possible-certainties_art-print?variant=48695100539124","price":95.0,"currency":"USD","framed":false,"w":24,"h":36,"label":"No Frame / Large 24\" x 36\"","margin":2},{"vendor":"society6","url":"https://society6.com/products/possible-certainties_art-print?variant=48695100571892","price":125.0,"currency":"USD","framed":false,"w":30,"h":40,"label":"No Frame / X-Large 30\" x 40\"","margin":2}]
s6-joshua-tree4804115	underthepalms	https://society6.com/products/joshua-tree4804115_art-print	Joshua Tree	photo	landscape	https://cdn.shopify.com/s/files/1/0781/0282/3156/files/under-the-palms-joshua-tree-xxxi-art-print-whitebg-8x10.jpg?v=1779182601&crop=region&crop_left=243&crop_top=270&crop_width=315&crop_height=256&art=1	[{"vendor":"society6","url":"https://society6.com/products/joshua-tree4804115_art-print?variant=48298854351092","price":30.0,"currency":"USD","framed":false,"w":8,"h":10,"label":"No Frame / X-Small 8\" x 10\"","margin":1},{"vendor":"society6","url":"https://society6.com/products/joshua-tree4804115_art-print?variant=48298854383860","price":45.0,"currency":"USD","framed":false,"w":11,"h":14,"label":"No Frame / Small 11\" x 14\"","margin":1},{"vendor":"society6","url":"https://society6.com/products/joshua-tree4804115_art-print?variant=48298854416628","price":50.0,"currency":"USD","framed":false,"w":13,"h":19,"label":"No Frame / Small 13\" x 19\"","margin":1},{"vendor":"society6","url":"https://society6.com/products/joshua-tree4804115_art-print?variant=48298854449396","price":55.0,"currency":"USD","framed":false,"w":16,"h":20,"label":"No Frame / Medium 16\" x 20\"","margin":2},{"vendor":"society6","url":"https://society6.com/products/joshua-tree4804115_art-print?variant=48298854482164","price":60.0,"currency":"USD","framed":false,"w":18,"h":24,"label":"No Frame / Medium 18\" x 24\"","margin":2},{"vendor":"society6","url":"https://society6.com/products/joshua-tree4804115_art-print?variant=48298854514932","price":95.0,"currency":"USD","framed":false,"w":24,"h":36,"label":"No Frame / Large 24\" x 36\"","margin":2},{"vendor":"society6","url":"https://society6.com/products/joshua-tree4804115_art-print?variant=48298854547700","price":125.0,"currency":"USD","framed":false,"w":30,"h":40,"label":"No Frame / X-Large 30\" x 40\"","margin":2}]
s6-surfing-in-the-ocean-2	andreas12	https://society6.com/products/surfing-in-the-ocean-2_art-print	Surfing in the Ocean 2	photo	landscape	https://cdn.shopify.com/s/files/1/0781/0282/3156/files/andreas12-surfing-in-the-ocean-2-art-print-whitebg-8x10.jpg?v=1781763135&crop=region&crop_left=272&crop_top=242&crop_width=255&crop_height=311&art=1	[{"vendor":"society6","url":"https://society6.com/products/surfing-in-the-ocean-2_art-print?variant=48710258819316","price":30.0,"currency":"USD","framed":false,"w":8,"h":10,"label":"No Frame / X-Small 8\" x 10\"","margin":1},{"vendor":"society6","url":"https://society6.com/products/surfing-in-the-ocean-2_art-print?variant=48710258852084","price":45.0,"currency":"USD","framed":false,"w":11,"h":14,"label":"No Frame / Small 11\" x 14\"","margin":1},{"vendor":"society6","url":"https://society6.com/products/surfing-in-the-ocean-2_art-print?variant=48710258884852","price":50.0,"currency":"USD","framed":false,"w":13,"h":19,"label":"No Frame / Small 13\" x 19\"","margin":1},{"vendor":"society6","url":"https://society6.com/products/surfing-in-the-ocean-2_art-print?variant=48710258917620","price":55.0,"currency":"USD","framed":false,"w":16,"h":20,"label":"No Frame / Medium 16\" x 20\"","margin":2},{"vendor":"society6","url":"https://society6.com/products/surfing-in-the-ocean-2_art-print?variant=48710258950388","price":60.0,"currency":"USD","framed":false,"w":18,"h":24,"label":"No Frame / Medium 18\" x 24\"","margin":2},{"vendor":"society6","url":"https://society6.com/products/surfing-in-the-ocean-2_art-print?variant=48710258983156","price":95.0,"currency":"USD","framed":false,"w":24,"h":36,"label":"No Frame / Large 24\" x 36\"","margin":2},{"vendor":"society6","url":"https://society6.com/products/surfing-in-the-ocean-2_art-print?variant=48710259015924","price":125.0,"currency":"USD","framed":false,"w":30,"h":40,"label":"No Frame / X-Large 30\" x 40\"","margin":2}]
s6-aerial-beach-photography-ocean-print-colorfu	ingz	https://society6.com/products/aerial-beach-photography-ocean-print-colorful-beach-umbrellas-sea-travel-photography_art-print	Pastel Beach Umbrellas	photo	landscape	https://cdn.shopify.com/s/files/1/0781/0282/3156/files/ingrid-beddoes-aerial-beach-photography-pastel-ocean-colorful-beach-umbrellas-sea-travel-photography-art-print-whitebg-8x10.jpg?v=1779015903&crop=region&crop_left=274&crop_top=242&crop_width=253&crop_height=310&art=1	[{"vendor":"society6","url":"https://society6.com/products/aerial-beach-photography-ocean-print-colorful-beach-umbrellas-sea-travel-photography_art-print?variant=48272049406196","price":30.0,"currency":"USD","framed":false,"w":8,"h":10,"label":"No Frame / X-Small 8\" x 10\"","margin":1},{"vendor":"society6","url":"https://society6.com/products/aerial-beach-photography-ocean-print-colorful-beach-umbrellas-sea-travel-photography_art-print?variant=48272049438964","price":45.0,"currency":"USD","framed":false,"w":11,"h":14,"label":"No Frame / Small 11\" x 14\"","margin":1},{"vendor":"society6","url":"https://society6.com/products/aerial-beach-photography-ocean-print-colorful-beach-umbrellas-sea-travel-photography_art-print?variant=48272049471732","price":50.0,"currency":"USD","framed":false,"w":13,"h":19,"label":"No Frame / Small 13\" x 19\"","margin":1},{"vendor":"society6","url":"https://society6.com/products/aerial-beach-photography-ocean-print-colorful-beach-umbrellas-sea-travel-photography_art-print?variant=48272049504500","price":55.0,"currency":"USD","framed":false,"w":16,"h":20,"label":"No Frame / Medium 16\" x 20\"","margin":2},{"vendor":"society6","url":"https://society6.com/products/aerial-beach-photography-ocean-print-colorful-beach-umbrellas-sea-travel-photography_art-print?variant=48272049537268","price":60.0,"currency":"USD","framed":false,"w":18,"h":24,"label":"No Frame / Medium 18\" x 24\"","margin":2},{"vendor":"society6","url":"https://society6.com/products/aerial-beach-photography-ocean-print-colorful-beach-umbrellas-sea-travel-photography_art-print?variant=48272049570036","price":95.0,"currency":"USD","framed":false,"w":24,"h":36,"label":"No Frame / Large 24\" x 36\"","margin":2},{"vendor":"society6","url":"https://society6.com/products/aerial-beach-photography-ocean-print-colorful-beach-umbrellas-sea-travel-photography_art-print?variant=48272049602804","price":125.0,"currency":"USD","framed":false,"w":30,"h":40,"label":"No Frame / X-Large 30\" x 40\"","margin":2}]
s6-foggy-forest-creek	kevinruss	https://society6.com/products/foggy-forest-creek_art-print	Foggy Forest Creek	photo	landscape	https://cdn.shopify.com/s/files/1/0781/0282/3156/files/kevin-russ-foggy-forest-creek-art-print-whitebg-8x10.jpg?v=1778814467&crop=region&crop_left=245&crop_top=270&crop_width=310&crop_height=256&art=1	[{"vendor":"society6","url":"https://society6.com/products/foggy-forest-creek_art-print?variant=48227911565556","price":30.0,"currency":"USD","framed":false,"w":8,"h":10,"label":"No Frame / X-Small 8\" x 10\"","margin":1},{"vendor":"society6","url":"https://society6.com/products/foggy-forest-creek_art-print?variant=48227911598324","price":45.0,"currency":"USD","framed":false,"w":11,"h":14,"label":"No Frame / Small 11\" x 14\"","margin":1},{"vendor":"society6","url":"https://society6.com/products/foggy-forest-creek_art-print?variant=48227911631092","price":50.0,"currency":"USD","framed":false,"w":13,"h":19,"label":"No Frame / Small 13\" x 19\"","margin":1},{"vendor":"society6","url":"https://society6.com/products/foggy-forest-creek_art-print?variant=48227911663860","price":55.0,"currency":"USD","framed":false,"w":16,"h":20,"label":"No Frame / Medium 16\" x 20\"","margin":2},{"vendor":"society6","url":"https://society6.com/products/foggy-forest-creek_art-print?variant=48227911696628","price":60.0,"currency":"USD","framed":false,"w":18,"h":24,"label":"No Frame / Medium 18\" x 24\"","margin":2},{"vendor":"society6","url":"https://society6.com/products/foggy-forest-creek_art-print?variant=48227911729396","price":95.0,"currency":"USD","framed":false,"w":24,"h":36,"label":"No Frame / Large 24\" x 36\"","margin":2},{"vendor":"society6","url":"https://society6.com/products/foggy-forest-creek_art-print?variant=48227911762164","price":125.0,"currency":"USD","framed":false,"w":30,"h":40,"label":"No Frame / X-Large 30\" x 40\"","margin":2}]
s6-the-road-to-the-snowies	delmundo	https://society6.com/products/the-road-to-the-snowies_art-print	The Road to The Snowies	photo	landscape	https://cdn.shopify.com/s/files/1/0781/0282/3156/files/del-mundo-imagery-the-road-to-the-snowies-art-print-whitebg-8x10.jpg?v=1782333874&crop=region&crop_left=242&crop_top=270&crop_width=316&crop_height=256&art=1	[{"vendor":"society6","url":"https://society6.com/products/the-road-to-the-snowies_art-print?variant=48769510703348","price":30.0,"currency":"USD","framed":false,"w":8,"h":10,"label":"No Frame / X-Small 8\" x 10\"","margin":1},{"vendor":"society6","url":"https://society6.com/products/the-road-to-the-snowies_art-print?variant=48769510736116","price":45.0,"currency":"USD","framed":false,"w":11,"h":14,"label":"No Frame / Small 11\" x 14\"","margin":1},{"vendor":"society6","url":"https://society6.com/products/the-road-to-the-snowies_art-print?variant=48769510768884","price":50.0,"currency":"USD","framed":false,"w":13,"h":19,"label":"No Frame / Small 13\" x 19\"","margin":1},{"vendor":"society6","url":"https://society6.com/products/the-road-to-the-snowies_art-print?variant=48769510801652","price":55.0,"currency":"USD","framed":false,"w":16,"h":20,"label":"No Frame / Medium 16\" x 20\"","margin":2},{"vendor":"society6","url":"https://society6.com/products/the-road-to-the-snowies_art-print?variant=48769510834420","price":60.0,"currency":"USD","framed":false,"w":18,"h":24,"label":"No Frame / Medium 18\" x 24\"","margin":2},{"vendor":"society6","url":"https://society6.com/products/the-road-to-the-snowies_art-print?variant=48769510867188","price":95.0,"currency":"USD","framed":false,"w":24,"h":36,"label":"No Frame / Large 24\" x 36\"","margin":2},{"vendor":"society6","url":"https://society6.com/products/the-road-to-the-snowies_art-print?variant=48769510899956","price":125.0,"currency":"USD","framed":false,"w":30,"h":40,"label":"No Frame / X-Large 30\" x 40\"","margin":2}]
s6-le-jardin-secret-turquoise-wooden-door-in-ma	raisazwart	https://society6.com/products/le-jardin-secret-turquoise-wooden-door-in-marrakech-colorful-travel-photograph-wanderlust_art-print	Le Jardin Secret	print	film	https://cdn.shopify.com/s/files/1/0781/0282/3156/files/raisazwart-le-jardin-secret-turquoise-wooden-door-in-marrakech-colorful-travel-photograph-wanderlust-art-print-whitebg-8x10.jpg?v=1781756696&crop=region&crop_left=272&crop_top=244&crop_width=255&crop_height=308&art=1	[{"vendor":"society6","url":"https://society6.com/products/le-jardin-secret-turquoise-wooden-door-in-marrakech-colorful-travel-photograph-wanderlust_art-print?variant=48707160637684","price":30.0,"currency":"USD","framed":false,"w":8,"h":10,"label":"No Frame / X-Small 8\" x 10\"","margin":1},{"vendor":"society6","url":"https://society6.com/products/le-jardin-secret-turquoise-wooden-door-in-marrakech-colorful-travel-photograph-wanderlust_art-print?variant=48707160670452","price":45.0,"currency":"USD","framed":false,"w":11,"h":14,"label":"No Frame / Small 11\" x 14\"","margin":1},{"vendor":"society6","url":"https://society6.com/products/le-jardin-secret-turquoise-wooden-door-in-marrakech-colorful-travel-photograph-wanderlust_art-print?variant=48707160703220","price":50.0,"currency":"USD","framed":false,"w":13,"h":19,"label":"No Frame / Small 13\" x 19\"","margin":1},{"vendor":"society6","url":"https://society6.com/products/le-jardin-secret-turquoise-wooden-door-in-marrakech-colorful-travel-photograph-wanderlust_art-print?variant=48707160735988","price":55.0,"currency":"USD","framed":false,"w":16,"h":20,"label":"No Frame / Medium 16\" x 20\"","margin":2},{"vendor":"society6","url":"https://society6.com/products/le-jardin-secret-turquoise-wooden-door-in-marrakech-colorful-travel-photograph-wanderlust_art-print?variant=48707160768756","price":60.0,"currency":"USD","framed":false,"w":18,"h":24,"label":"No Frame / Medium 18\" x 24\"","margin":2},{"vendor":"society6","url":"https://society6.com/products/le-jardin-secret-turquoise-wooden-door-in-marrakech-colorful-travel-photograph-wanderlust_art-print?variant=48707160801524","price":95.0,"currency":"USD","framed":false,"w":24,"h":36,"label":"No Frame / Large 24\" x 36\"","margin":2},{"vendor":"society6","url":"https://society6.com/products/le-jardin-secret-turquoise-wooden-door-in-marrakech-colorful-travel-photograph-wanderlust_art-print?variant=48707160834292","price":125.0,"currency":"USD","framed":false,"w":30,"h":40,"label":"No Frame / X-Large 30\" x 40\"","margin":2}]
s6-aerial-view-of-soccer-field-in-mexico-city	orbonalija	https://society6.com/products/aerial-view-of-soccer-field-in-mexico-city_art-print	Mexico City Pitch	photo	film	https://cdn.shopify.com/s/files/1/0781/0282/3156/files/orbon-alija-aerial-view-of-soccer-field-in-mexico-city-art-print-whitebg-8x10.jpg?v=1781756667&crop=region&crop_left=272&crop_top=242&crop_width=255&crop_height=310&art=1	[{"vendor":"society6","url":"https://society6.com/products/aerial-view-of-soccer-field-in-mexico-city_art-print?variant=48707136979188","price":30.0,"currency":"USD","framed":false,"w":8,"h":10,"label":"No Frame / X-Small 8\" x 10\"","margin":1},{"vendor":"society6","url":"https://society6.com/products/aerial-view-of-soccer-field-in-mexico-city_art-print?variant=48707137011956","price":45.0,"currency":"USD","framed":false,"w":11,"h":14,"label":"No Frame / Small 11\" x 14\"","margin":1},{"vendor":"society6","url":"https://society6.com/products/aerial-view-of-soccer-field-in-mexico-city_art-print?variant=48707137044724","price":50.0,"currency":"USD","framed":false,"w":13,"h":19,"label":"No Frame / Small 13\" x 19\"","margin":1},{"vendor":"society6","url":"https://society6.com/products/aerial-view-of-soccer-field-in-mexico-city_art-print?variant=48707137077492","price":55.0,"currency":"USD","framed":false,"w":16,"h":20,"label":"No Frame / Medium 16\" x 20\"","margin":2},{"vendor":"society6","url":"https://society6.com/products/aerial-view-of-soccer-field-in-mexico-city_art-print?variant=48707137110260","price":60.0,"currency":"USD","framed":false,"w":18,"h":24,"label":"No Frame / Medium 18\" x 24\"","margin":2},{"vendor":"society6","url":"https://society6.com/products/aerial-view-of-soccer-field-in-mexico-city_art-print?variant=48707137143028","price":95.0,"currency":"USD","framed":false,"w":24,"h":36,"label":"No Frame / Large 24\" x 36\"","margin":2},{"vendor":"society6","url":"https://society6.com/products/aerial-view-of-soccer-field-in-mexico-city_art-print?variant=48707137175796","price":125.0,"currency":"USD","framed":false,"w":30,"h":40,"label":"No Frame / X-Large 30\" x 40\"","margin":2}]
s6-soho-new-york-city-architecture-photography	annbphoto	https://society6.com/products/soho-new-york-city-architecture-photography_art-print	SoHo Facade	photo	film	https://cdn.shopify.com/s/files/1/0781/0282/3156/files/ann-hudec-soho-new-york-city-architecture-photography-art-print-whitebg-8x10.jpg?v=1779056869&crop=region&crop_left=272&crop_top=242&crop_width=255&crop_height=314&art=1	[{"vendor":"society6","url":"https://society6.com/products/soho-new-york-city-architecture-photography_art-print?variant=48283469906164","price":30.0,"currency":"USD","framed":false,"w":8,"h":10,"label":"No Frame / X-Small 8\" x 10\"","margin":1},{"vendor":"society6","url":"https://society6.com/products/soho-new-york-city-architecture-photography_art-print?variant=48283469938932","price":45.0,"currency":"USD","framed":false,"w":11,"h":14,"label":"No Frame / Small 11\" x 14\"","margin":1},{"vendor":"society6","url":"https://society6.com/products/soho-new-york-city-architecture-photography_art-print?variant=48283469971700","price":50.0,"currency":"USD","framed":false,"w":13,"h":19,"label":"No Frame / Small 13\" x 19\"","margin":1},{"vendor":"society6","url":"https://society6.com/products/soho-new-york-city-architecture-photography_art-print?variant=48283470004468","price":55.0,"currency":"USD","framed":false,"w":16,"h":20,"label":"No Frame / Medium 16\" x 20\"","margin":2},{"vendor":"society6","url":"https://society6.com/products/soho-new-york-city-architecture-photography_art-print?variant=48283470037236","price":60.0,"currency":"USD","framed":false,"w":18,"h":24,"label":"No Frame / Medium 18\" x 24\"","margin":2},{"vendor":"society6","url":"https://society6.com/products/soho-new-york-city-architecture-photography_art-print?variant=48283470070004","price":95.0,"currency":"USD","framed":false,"w":24,"h":36,"label":"No Frame / Large 24\" x 36\"","margin":2},{"vendor":"society6","url":"https://society6.com/products/soho-new-york-city-architecture-photography_art-print?variant=48283470102772","price":125.0,"currency":"USD","framed":false,"w":30,"h":40,"label":"No Frame / X-Large 30\" x 40\"","margin":2}]
s6-abstract-portrait-106913561	dada22	https://society6.com/products/abstract-portrait-106913561_art-print	Abstract Portrait 10	print	film	https://cdn.shopify.com/s/files/1/0781/0282/3156/files/dada22-abstract-portrait-10-art-print-whitebg-8x10.jpg?v=1779010149&crop=region&crop_left=274&crop_top=242&crop_width=252&crop_height=310&art=1	[{"vendor":"society6","url":"https://society6.com/products/abstract-portrait-106913561_art-print?variant=48270405992692","price":30.0,"currency":"USD","framed":false,"w":8,"h":10,"label":"No Frame / X-Small 8\" x 10\"","margin":1},{"vendor":"society6","url":"https://society6.com/products/abstract-portrait-106913561_art-print?variant=48270406025460","price":45.0,"currency":"USD","framed":false,"w":11,"h":14,"label":"No Frame / Small 11\" x 14\"","margin":1},{"vendor":"society6","url":"https://society6.com/products/abstract-portrait-106913561_art-print?variant=48270406058228","price":50.0,"currency":"USD","framed":false,"w":13,"h":19,"label":"No Frame / Small 13\" x 19\"","margin":1},{"vendor":"society6","url":"https://society6.com/products/abstract-portrait-106913561_art-print?variant=48270406090996","price":55.0,"currency":"USD","framed":false,"w":16,"h":20,"label":"No Frame / Medium 16\" x 20\"","margin":2},{"vendor":"society6","url":"https://society6.com/products/abstract-portrait-106913561_art-print?variant=48270406123764","price":60.0,"currency":"USD","framed":false,"w":18,"h":24,"label":"No Frame / Medium 18\" x 24\"","margin":2},{"vendor":"society6","url":"https://society6.com/products/abstract-portrait-106913561_art-print?variant=48270406156532","price":95.0,"currency":"USD","framed":false,"w":24,"h":36,"label":"No Frame / Large 24\" x 36\"","margin":2},{"vendor":"society6","url":"https://society6.com/products/abstract-portrait-106913561_art-print?variant=48270406189300","price":125.0,"currency":"USD","framed":false,"w":30,"h":40,"label":"No Frame / X-Large 30\" x 40\"","margin":2}]
s6-vintage-brooklyn-new-york-photography	eyepoetry	https://society6.com/products/vintage-brooklyn-new-york-photography_art-print	Meet Me In Brooklyn NYC	photo	film	https://cdn.shopify.com/s/files/1/0781/0282/3156/files/eye-poetry-photography-meet-me-in-brooklyn-nyc-art-print-whitebg-8x10.jpg?v=1778970481&crop=region&crop_left=272&crop_top=244&crop_width=255&crop_height=308&art=1	[{"vendor":"society6","url":"https://society6.com/products/vintage-brooklyn-new-york-photography_art-print?variant=48259403546868","price":30.0,"currency":"USD","framed":false,"w":8,"h":10,"label":"No Frame / X-Small 8\" x 10\"","margin":1},{"vendor":"society6","url":"https://society6.com/products/vintage-brooklyn-new-york-photography_art-print?variant=48259403579636","price":45.0,"currency":"USD","framed":false,"w":11,"h":14,"label":"No Frame / Small 11\" x 14\"","margin":1},{"vendor":"society6","url":"https://society6.com/products/vintage-brooklyn-new-york-photography_art-print?variant=48259403612404","price":50.0,"currency":"USD","framed":false,"w":13,"h":19,"label":"No Frame / Small 13\" x 19\"","margin":1},{"vendor":"society6","url":"https://society6.com/products/vintage-brooklyn-new-york-photography_art-print?variant=48259403645172","price":55.0,"currency":"USD","framed":false,"w":16,"h":20,"label":"No Frame / Medium 16\" x 20\"","margin":2},{"vendor":"society6","url":"https://society6.com/products/vintage-brooklyn-new-york-photography_art-print?variant=48259403677940","price":60.0,"currency":"USD","framed":false,"w":18,"h":24,"label":"No Frame / Medium 18\" x 24\"","margin":2},{"vendor":"society6","url":"https://society6.com/products/vintage-brooklyn-new-york-photography_art-print?variant=48259403710708","price":95.0,"currency":"USD","framed":false,"w":24,"h":36,"label":"No Frame / Large 24\" x 36\"","margin":2},{"vendor":"society6","url":"https://society6.com/products/vintage-brooklyn-new-york-photography_art-print?variant=48259403743476","price":125.0,"currency":"USD","framed":false,"w":30,"h":40,"label":"No Frame / X-Large 30\" x 40\"","margin":2}]
s6-pink-palm-springs-on-film	bethanyyoung	https://society6.com/products/pink-palm-springs-on-film_art-print	Pink Palm Springs on Film	photo	film	https://cdn.shopify.com/s/files/1/0781/0282/3156/files/bethany-young-photography-pink-palm-springs-on-film-art-print-whitebg-8x10.jpg?v=1778878609&crop=region&crop_left=272&crop_top=243&crop_width=255&crop_height=309&art=1	[{"vendor":"society6","url":"https://society6.com/products/pink-palm-springs-on-film_art-print?variant=48234682220788","price":30.0,"currency":"USD","framed":false,"w":8,"h":10,"label":"No Frame / X-Small 8\" x 10\"","margin":1},{"vendor":"society6","url":"https://society6.com/products/pink-palm-springs-on-film_art-print?variant=48234682253556","price":45.0,"currency":"USD","framed":false,"w":11,"h":14,"label":"No Frame / Small 11\" x 14\"","margin":1},{"vendor":"society6","url":"https://society6.com/products/pink-palm-springs-on-film_art-print?variant=48234682286324","price":50.0,"currency":"USD","framed":false,"w":13,"h":19,"label":"No Frame / Small 13\" x 19\"","margin":1},{"vendor":"society6","url":"https://society6.com/products/pink-palm-springs-on-film_art-print?variant=48234682319092","price":55.0,"currency":"USD","framed":false,"w":16,"h":20,"label":"No Frame / Medium 16\" x 20\"","margin":2},{"vendor":"society6","url":"https://society6.com/products/pink-palm-springs-on-film_art-print?variant=48234682351860","price":60.0,"currency":"USD","framed":false,"w":18,"h":24,"label":"No Frame / Medium 18\" x 24\"","margin":2},{"vendor":"society6","url":"https://society6.com/products/pink-palm-springs-on-film_art-print?variant=48234682384628","price":95.0,"currency":"USD","framed":false,"w":24,"h":36,"label":"No Frame / Large 24\" x 36\"","margin":2},{"vendor":"society6","url":"https://society6.com/products/pink-palm-springs-on-film_art-print?variant=48234682417396","price":125.0,"currency":"USD","framed":false,"w":30,"h":40,"label":"No Frame / X-Large 30\" x 40\"","margin":2}]
s6-muralla-roja-blue-and-pink-geometric-walls	raisazwart	https://society6.com/products/muralla-roja-blue-and-pink-geometric-walls_art-print	Muralla Roja	print	film	https://cdn.shopify.com/s/files/1/0781/0282/3156/files/raisazwart-muralla-roja-blue-and-pink-geo-art-print-whitebg-8x10.jpg?v=1778869254&crop=region&crop_left=245&crop_top=269&crop_width=311&crop_height=256&art=1	[{"vendor":"society6","url":"https://society6.com/products/muralla-roja-blue-and-pink-geometric-walls_art-print?variant=48232459829492","price":30.0,"currency":"USD","framed":false,"w":8,"h":10,"label":"No Frame / X-Small 8\" x 10\"","margin":1},{"vendor":"society6","url":"https://society6.com/products/muralla-roja-blue-and-pink-geometric-walls_art-print?variant=48232459862260","price":45.0,"currency":"USD","framed":false,"w":11,"h":14,"label":"No Frame / Small 11\" x 14\"","margin":1},{"vendor":"society6","url":"https://society6.com/products/muralla-roja-blue-and-pink-geometric-walls_art-print?variant=48232459895028","price":50.0,"currency":"USD","framed":false,"w":13,"h":19,"label":"No Frame / Small 13\" x 19\"","margin":1},{"vendor":"society6","url":"https://society6.com/products/muralla-roja-blue-and-pink-geometric-walls_art-print?variant=48232459927796","price":55.0,"currency":"USD","framed":false,"w":16,"h":20,"label":"No Frame / Medium 16\" x 20\"","margin":2},{"vendor":"society6","url":"https://society6.com/products/muralla-roja-blue-and-pink-geometric-walls_art-print?variant=48232459960564","price":60.0,"currency":"USD","framed":false,"w":18,"h":24,"label":"No Frame / Medium 18\" x 24\"","margin":2},{"vendor":"society6","url":"https://society6.com/products/muralla-roja-blue-and-pink-geometric-walls_art-print?variant=48232459993332","price":95.0,"currency":"USD","framed":false,"w":24,"h":36,"label":"No Frame / Large 24\" x 36\"","margin":2},{"vendor":"society6","url":"https://society6.com/products/muralla-roja-blue-and-pink-geometric-walls_art-print?variant=48232460026100","price":125.0,"currency":"USD","framed":false,"w":30,"h":40,"label":"No Frame / X-Large 30\" x 40\"","margin":2}]
s6-red-and-green-the-san-miguel-de-allende-mexi	raisazwart	https://society6.com/products/red-and-green-the-san-miguel-de-allende-mexico-door-collection-travel-photography-print_art-print	San Miguel Door	photo	film	https://cdn.shopify.com/s/files/1/0781/0282/3156/files/raisazwart-red-and-green-the-san-miguel-art-print-whitebg-8x10.jpg?v=1778869225&crop=region&crop_left=272&crop_top=242&crop_width=255&crop_height=310&art=1	[{"vendor":"society6","url":"https://society6.com/products/red-and-green-the-san-miguel-de-allende-mexico-door-collection-travel-photography-print_art-print?variant=48232452391156","price":30.0,"currency":"USD","framed":false,"w":8,"h":10,"label":"No Frame / X-Small 8\" x 10\"","margin":1},{"vendor":"society6","url":"https://society6.com/products/red-and-green-the-san-miguel-de-allende-mexico-door-collection-travel-photography-print_art-print?variant=48232452423924","price":45.0,"currency":"USD","framed":false,"w":11,"h":14,"label":"No Frame / Small 11\" x 14\"","margin":1},{"vendor":"society6","url":"https://society6.com/products/red-and-green-the-san-miguel-de-allende-mexico-door-collection-travel-photography-print_art-print?variant=48232452456692","price":50.0,"currency":"USD","framed":false,"w":13,"h":19,"label":"No Frame / Small 13\" x 19\"","margin":1},{"vendor":"society6","url":"https://society6.com/products/red-and-green-the-san-miguel-de-allende-mexico-door-collection-travel-photography-print_art-print?variant=48232452489460","price":55.0,"currency":"USD","framed":false,"w":16,"h":20,"label":"No Frame / Medium 16\" x 20\"","margin":2},{"vendor":"society6","url":"https://society6.com/products/red-and-green-the-san-miguel-de-allende-mexico-door-collection-travel-photography-print_art-print?variant=48232452522228","price":60.0,"currency":"USD","framed":false,"w":18,"h":24,"label":"No Frame / Medium 18\" x 24\"","margin":2},{"vendor":"society6","url":"https://society6.com/products/red-and-green-the-san-miguel-de-allende-mexico-door-collection-travel-photography-print_art-print?variant=48232452554996","price":95.0,"currency":"USD","framed":false,"w":24,"h":36,"label":"No Frame / Large 24\" x 36\"","margin":2},{"vendor":"society6","url":"https://society6.com/products/red-and-green-the-san-miguel-de-allende-mexico-door-collection-travel-photography-print_art-print?variant=48232452587764","price":125.0,"currency":"USD","framed":false,"w":30,"h":40,"label":"No Frame / X-Large 30\" x 40\"","margin":2}]
s6-medicine-bow-peak8980386	delmundo	https://society6.com/products/medicine-bow-peak8980386_art-print	Medicine Bow Peak	photo	film	https://cdn.shopify.com/s/files/1/0781/0282/3156/files/del-mundo-imagery-medicine-bow-peak-art-print-whitebg-8x10.jpg?v=1782333976&crop=region&crop_left=242&crop_top=270&crop_width=316&crop_height=256&art=1	[{"vendor":"society6","url":"https://society6.com/products/medicine-bow-peak8980386_art-print?variant=48769527644404","price":30.0,"currency":"USD","framed":false,"w":8,"h":10,"label":"No Frame / X-Small 8\" x 10\"","margin":1},{"vendor":"society6","url":"https://society6.com/products/medicine-bow-peak8980386_art-print?variant=48769527677172","price":45.0,"currency":"USD","framed":false,"w":11,"h":14,"label":"No Frame / Small 11\" x 14\"","margin":1},{"vendor":"society6","url":"https://society6.com/products/medicine-bow-peak8980386_art-print?variant=48769527709940","price":50.0,"currency":"USD","framed":false,"w":13,"h":19,"label":"No Frame / Small 13\" x 19\"","margin":1},{"vendor":"society6","url":"https://society6.com/products/medicine-bow-peak8980386_art-print?variant=48769527742708","price":55.0,"currency":"USD","framed":false,"w":16,"h":20,"label":"No Frame / Medium 16\" x 20\"","margin":2},{"vendor":"society6","url":"https://society6.com/products/medicine-bow-peak8980386_art-print?variant=48769527775476","price":60.0,"currency":"USD","framed":false,"w":18,"h":24,"label":"No Frame / Medium 18\" x 24\"","margin":2},{"vendor":"society6","url":"https://society6.com/products/medicine-bow-peak8980386_art-print?variant=48769527808244","price":95.0,"currency":"USD","framed":false,"w":24,"h":36,"label":"No Frame / Large 24\" x 36\"","margin":2},{"vendor":"society6","url":"https://society6.com/products/medicine-bow-peak8980386_art-print?variant=48769527841012","price":125.0,"currency":"USD","framed":false,"w":30,"h":40,"label":"No Frame / X-Large 30\" x 40\"","margin":2}]
s6-ocean-moon-on-film8980063	bethanyyoung	https://society6.com/products/ocean-moon-on-film8980063_art-print	Ocean Moon on Film	photo	film	https://cdn.shopify.com/s/files/1/0781/0282/3156/files/bethany-young-photography-ocean-moon-on-film-i-art-print-whitebg-8x10.jpg?v=1782329071&crop=region&crop_left=272&crop_top=242&crop_width=255&crop_height=310&art=1	[{"vendor":"society6","url":"https://society6.com/products/ocean-moon-on-film8980063_art-print?variant=48768858783988","price":30.0,"currency":"USD","framed":false,"w":8,"h":10,"label":"No Frame / X-Small 8\" x 10\"","margin":1},{"vendor":"society6","url":"https://society6.com/products/ocean-moon-on-film8980063_art-print?variant=48768858816756","price":45.0,"currency":"USD","framed":false,"w":11,"h":14,"label":"No Frame / Small 11\" x 14\"","margin":1},{"vendor":"society6","url":"https://society6.com/products/ocean-moon-on-film8980063_art-print?variant=48768858849524","price":50.0,"currency":"USD","framed":false,"w":13,"h":19,"label":"No Frame / Small 13\" x 19\"","margin":1},{"vendor":"society6","url":"https://society6.com/products/ocean-moon-on-film8980063_art-print?variant=48768858882292","price":55.0,"currency":"USD","framed":false,"w":16,"h":20,"label":"No Frame / Medium 16\" x 20\"","margin":2},{"vendor":"society6","url":"https://society6.com/products/ocean-moon-on-film8980063_art-print?variant=48768858915060","price":60.0,"currency":"USD","framed":false,"w":18,"h":24,"label":"No Frame / Medium 18\" x 24\"","margin":2},{"vendor":"society6","url":"https://society6.com/products/ocean-moon-on-film8980063_art-print?variant=48768858947828","price":95.0,"currency":"USD","framed":false,"w":24,"h":36,"label":"No Frame / Large 24\" x 36\"","margin":2},{"vendor":"society6","url":"https://society6.com/products/ocean-moon-on-film8980063_art-print?variant=48768858980596","price":125.0,"currency":"USD","framed":false,"w":30,"h":40,"label":"No Frame / X-Large 30\" x 40\"","margin":2}]
